bloque,canal,alpha,grad_medio,abs_grad_medio,desvio_grad
0,509,0.010457,-0.00000078,0.00000791,0.00001179
0,508,0.010491,0.00000045,0.00000732,0.00001006
0,510,0.010574,0.00000033,0.00000946,0.00001344
0,511,0.010604,0.00000013,0.00001003,0.00001507
0,507,0.010848,-0.00000103,0.00000734,0.00001101
0,506,0.010885,-0.00000044,0.00001100,0.00001557
0,505,0.011283,0.00000125,0.00001067,0.00001424
0,503,0.011309,0.00000032,0.00000877,0.00001195
0,499,0.011323,0.00000121,0.00001348,0.00002309
0,502,0.011461,-0.00000043,0.00000804,0.00001239
0,501,0.011462,0.00000037,0.00001554,0.00002210
0,504,0.011476,0.00000041,0.00001043,0.00001621
0,500,0.011607,-0.00000091,0.00001500,0.00002428
0,498,0.011782,-0.00000169,0.00000872,0.00001716
0,494,0.012147,-0.00000084,0.00000481,0.00000679
0,496,0.012180,0.00000079,0.00001134,0.00001637
0,497,0.012207,0.00000054,0.00001036,0.00001442
0,495,0.012382,-0.00000114,0.00001004,0.00001493
0,490,0.012383,-0.00000119,0.00001032,0.00001397
0,492,0.012401,0.00000024,0.00000577,0.00000781
0,487,0.012496,0.00000057,0.00000641,0.00000959
0,493,0.012652,0.00000108,0.00000737,0.00001116
0,488,0.012721,-0.00000005,0.00000667,0.00001098
0,491,0.012782,0.00000013,0.00000874,0.00001204
0,486,0.012867,-0.00000115,0.00001228,0.00001989
0,489,0.013191,0.00000055,0.00001083,0.00001686
0,485,0.013282,0.00000065,0.00001155,0.00001660
0,481,0.013285,-0.00000008,0.00000706,0.00001025
0,483,0.013313,-0.00000160,0.00001830,0.00003135
0,479,0.013646,-0.00000239,0.00001202,0.00001630
0,484,0.013653,-0.00000190,0.00001643,0.00002240
0,482,0.013756,0.00000070,0.00000890,0.00001332
0,480,0.013883,0.00000046,0.00000549,0.00000760
0,475,0.013901,0.00000157,0.00001111,0.00001786
0,478,0.013945,-0.00000002,0.00000683,0.00001076
0,477,0.014353,-0.00000069,0.00001449,0.00002173
0,476,0.014501,-0.00000051,0.00001732,0.00002433
0,474,0.014514,-0.00000333,0.00001749,0.00002396
0,472,0.014605,0.00000095,0.00001134,0.00001590
0,471,0.014825,-0.00000105,0.00001367,0.00001918
0,473,0.014866,0.00000179,0.00001891,0.00003269
0,469,0.015102,-0.00000381,0.00001625,0.00002367
0,470,0.015134,0.00000002,0.00001139,0.00001605
0,466,0.015311,-0.00000003,0.00000713,0.00001138
0,468,0.015458,0.00000060,0.00000625,0.00000870
0,467,0.015733,-0.00000106,0.00001119,0.00001534
0,465,0.015759,-0.00000057,0.00000525,0.00000796
0,464,0.015839,0.00000213,0.00002480,0.00003590
0,461,0.015927,-0.00000169,0.00001636,0.00002447
0,463,0.016257,-0.00000028,0.00001793,0.00002644
0,462,0.016378,0.00000032,0.00001069,0.00001713
0,457,0.016770,-0.00000077,0.00000779,0.00001120
0,460,0.016780,0.00000388,0.00001846,0.00002581
0,459,0.016898,-0.00000072,0.00001396,0.00001963
0,456,0.017006,-0.00000137,0.00001851,0.00003023
0,458,0.017113,-0.00000118,0.00000948,0.00001417
0,453,0.017260,0.00000437,0.00002021,0.00003120
0,455,0.017336,-0.00000002,0.00001746,0.00002447
0,454,0.017350,-0.00000232,0.00001877,0.00002667
0,452,0.017717,-0.00000049,0.00000649,0.00000954
0,449,0.017795,0.00000095,0.00001250,0.00001799
0,451,0.017902,0.00000003,0.00000795,0.00001140
0,448,0.018089,0.00000109,0.00000654,0.00000975
0,445,0.018530,0.00000030,0.00000592,0.00000838
0,450,0.018653,-0.00000099,0.00002543,0.00003709
0,446,0.018669,-0.00000127,0.00001662,0.00002471
0,447,0.018736,0.00000055,0.00000817,0.00001169
0,444,0.018750,0.00000028,0.00000987,0.00001427
0,441,0.019175,-0.00000064,0.00001674,0.00002473
0,442,0.019285,0.00000290,0.00001515,0.00002841
0,440,0.019323,-0.00000218,0.00001286,0.00001736
0,443,0.019353,-0.00000110,0.00001102,0.00001527
0,439,0.019523,-0.00002452,0.00008761,0.00014402
0,438,0.019658,-0.00000011,0.00001907,0.00003148
0,434,0.020269,0.00000134,0.00001548,0.00002728
0,436,0.020554,0.00000461,0.00001752,0.00002594
0,433,0.020648,-0.00000015,0.00001404,0.00002063
0,437,0.020712,-0.00000027,0.00001611,0.00002372
0,435,0.020910,0.00000039,0.00000528,0.00000760
0,432,0.021338,-0.00000136,0.00001222,0.00002162
0,430,0.021457,-0.00000372,0.00002600,0.00003650
0,431,0.021972,-0.00000152,0.00001378,0.00001938
0,428,0.022029,0.00000154,0.00001886,0.00002803
0,429,0.022121,-0.00000029,0.00001394,0.00001837
0,427,0.022430,0.00000100,0.00002272,0.00003390
0,425,0.022729,-0.00000124,0.00001999,0.00002981
0,424,0.022778,-0.00000031,0.00001249,0.00001795
0,426,0.022791,-0.00000083,0.00002182,0.00003273
0,423,0.023236,0.00000028,0.00001962,0.00002842
0,420,0.023383,-0.00000176,0.00001024,0.00001551
0,422,0.023526,0.00000350,0.00002031,0.00003088
0,421,0.023693,-0.00000106,0.00002187,0.00003117
0,415,0.024048,0.00000300,0.00002864,0.00004386
0,419,0.024050,-0.00000076,0.00001675,0.00002511
0,417,0.024227,-0.00000038,0.00000822,0.00001283
0,418,0.024319,-0.00000136,0.00002041,0.00003271
0,416,0.024431,-0.00000016,0.00001050,0.00001477
0,411,0.024506,-0.00000216,0.00002365,0.00003272
0,413,0.024810,-0.00000017,0.00001472,0.00002324
0,414,0.024953,-0.00000145,0.00002306,0.00003410
0,412,0.025060,0.00000195,0.00001688,0.00002450
0,407,0.025448,-0.00000048,0.00002369,0.00003649
0,410,0.025630,0.00000011,0.00001675,0.00002335
0,406,0.026226,-0.00000035,0.00000979,0.00001317
0,409,0.026499,0.00000195,0.00002808,0.00004309
0,405,0.026621,0.00000052,0.00001435,0.00002100
0,408,0.027035,0.00000151,0.00001162,0.00001673
0,403,0.027221,0.00000017,0.00001428,0.00002053
0,404,0.027333,-0.00000004,0.00000918,0.00001426
0,399,0.027561,-0.00000128,0.00001676,0.00002470
0,402,0.027592,-0.00000163,0.00001921,0.00002832
0,397,0.028448,0.00000142,0.00001627,0.00002196
0,396,0.028474,0.00000044,0.00001045,0.00001517
0,401,0.028552,-0.00000287,0.00004395,0.00006637
0,400,0.029287,-0.00000441,0.00003420,0.00005003
0,395,0.029591,-0.00000105,0.00001955,0.00002692
0,398,0.029756,0.00000277,0.00002349,0.00003310
0,390,0.030020,0.00000252,0.00002324,0.00003379
0,394,0.030322,-0.00000049,0.00003537,0.00005861
0,392,0.030394,0.00000038,0.00003305,0.00005169
0,393,0.030445,-0.00000416,0.00003185,0.00004297
0,389,0.030749,-0.00000337,0.00003127,0.00004780
0,387,0.030928,-0.00000020,0.00001654,0.00002604
0,388,0.031255,0.00000313,0.00002049,0.00002967
0,384,0.031838,-0.00000022,0.00002696,0.00003813
0,391,0.032046,-0.00000231,0.00001267,0.00001796
0,386,0.032149,-0.00000017,0.00002720,0.00004144
0,382,0.032306,0.00000310,0.00004813,0.00006644
0,383,0.032460,0.00000006,0.00000914,0.00001488
0,385,0.032581,0.00000385,0.00003240,0.00004482
0,379,0.033187,-0.00000420,0.00004863,0.00006694
0,381,0.033206,0.00000555,0.00002103,0.00003316
0,378,0.033532,0.00000640,0.00003526,0.00004816
0,380,0.033570,0.00000042,0.00002817,0.00004093
0,375,0.034619,0.00000360,0.00002917,0.00004383
0,376,0.035390,-0.00000062,0.00002166,0.00003175
0,373,0.035394,0.00000006,0.00002618,0.00003930
0,377,0.035488,-0.00000645,0.00002715,0.00003756
0,374,0.035597,-0.00000038,0.00003025,0.00004242
0,370,0.036319,0.00000018,0.00001973,0.00002944
0,371,0.036386,0.00000225,0.00001883,0.00002677
0,372,0.036775,-0.00000087,0.00003254,0.00004712
0,369,0.036976,-0.00000134,0.00003593,0.00006558
0,368,0.037040,-0.00000111,0.00002937,0.00004146
0,366,0.037862,0.00000237,0.00003906,0.00005695
0,363,0.038452,0.00000141,0.00001865,0.00002934
0,365,0.038459,-0.00000007,0.00003587,0.00005945
0,367,0.038602,0.00000428,0.00003024,0.00004439
0,364,0.038696,0.00000138,0.00001532,0.00002184
0,361,0.039321,-0.00000663,0.00003252,0.00004693
0,362,0.039669,0.00000346,0.00004535,0.00006462
0,358,0.040526,-0.00000104,0.00003884,0.00005181
0,355,0.041013,-0.00000210,0.00003279,0.00005093
0,359,0.041275,-0.00000001,0.00002574,0.00003580
0,360,0.041442,-0.00000042,0.00003705,0.00005374
0,357,0.041941,0.00000060,0.00003434,0.00004736
0,356,0.042600,-0.00000045,0.00003520,0.00005053
0,352,0.042872,0.00000044,0.00002713,0.00004016
0,354,0.042892,0.00000271,0.00002324,0.00003373
0,353,0.043347,0.00000789,0.00003194,0.00004421
0,347,0.043808,-0.00000746,0.00006182,0.00008871
0,350,0.043838,0.00000038,0.00002795,0.00004033
0,349,0.044290,-0.00000164,0.00003511,0.00004661
0,351,0.044868,0.00000448,0.00004676,0.00006659
0,345,0.044984,0.00000682,0.00005298,0.00008401
0,344,0.045187,-0.00000720,0.00003362,0.00004697
0,348,0.045317,-0.00000811,0.00006170,0.00010007
0,342,0.045636,-0.00000205,0.00003846,0.00006104
0,346,0.046469,0.00000135,0.00003515,0.00005052
0,343,0.046535,0.00000530,0.00006396,0.00009163
0,340,0.046776,0.00000443,0.00003735,0.00005319
0,338,0.047017,-0.00000423,0.00005578,0.00007864
0,341,0.047666,0.00000776,0.00004126,0.00005521
0,339,0.048572,-0.00000029,0.00002060,0.00002996
0,336,0.049527,0.00000331,0.00004195,0.00006267
0,337,0.049939,0.00000212,0.00004992,0.00007285
0,335,0.050719,0.00000236,0.00002060,0.00002853
0,334,0.050830,-0.00000313,0.00002433,0.00003579
0,332,0.050900,0.00000303,0.00004755,0.00007226
0,331,0.050997,-0.00000074,0.00002467,0.00003734
0,333,0.051147,-0.00000465,0.00003359,0.00004555
0,330,0.052164,0.00000374,0.00003662,0.00005428
0,326,0.052291,-0.00000272,0.00007179,0.00010426
0,327,0.053658,0.00000000,0.00005219,0.00007860
0,328,0.054330,-0.00000433,0.00012588,0.00019522
0,329,0.054876,-0.00000406,0.00002360,0.00003491
0,323,0.055072,0.00000565,0.00008188,0.00011887
0,322,0.055552,0.00000575,0.00006068,0.00009122
0,324,0.055740,0.00000495,0.00007403,0.00010295
0,325,0.055934,-0.00001119,0.00006543,0.00010989
0,320,0.056249,0.00000113,0.00002662,0.00003806
0,318,0.056493,0.00000129,0.00004292,0.00006074
0,321,0.056756,0.00000158,0.00003006,0.00004202
0,319,0.058466,-0.00000236,0.00009230,0.00015943
0,316,0.058655,0.00000102,0.00004409,0.00007181
0,317,0.058806,0.00000299,0.00004055,0.00005616
0,313,0.059875,0.00000454,0.00005196,0.00008111
0,314,0.060540,-0.00000414,0.00007217,0.00010571
0,315,0.060703,-0.00002886,0.00009752,0.00013505
0,309,0.061881,-0.00000377,0.00008150,0.00011594
0,310,0.062464,-0.00000063,0.00005581,0.00008084
0,311,0.062532,0.00000296,0.00005545,0.00007935
0,308,0.063560,-0.00000011,0.00002410,0.00003962
0,312,0.063588,-0.00000023,0.00002145,0.00003183
0,307,0.064453,0.00000661,0.00006557,0.00009075
0,306,0.064791,-0.00000253,0.00005823,0.00010039
0,305,0.064862,0.00000115,0.00003623,0.00004959
0,300,0.067344,-0.00000182,0.00003151,0.00004236
0,304,0.067495,-0.00000029,0.00004291,0.00007643
0,303,0.067637,0.00000044,0.00007736,0.00011773
0,299,0.068133,-0.00000113,0.00005341,0.00007707
0,301,0.068464,0.00000019,0.00005636,0.00008419
0,302,0.069622,0.00000746,0.00004455,0.00006888
0,295,0.070632,-0.00000011,0.00006214,0.00009327
0,293,0.070872,-0.00000468,0.00006027,0.00009672
0,298,0.071049,0.00000197,0.00005372,0.00009812
0,297,0.071283,-0.00001764,0.00007958,0.00014525
0,288,0.072179,-0.00001248,0.00005624,0.00007803
0,291,0.072432,-0.00000067,0.00003588,0.00005177
0,294,0.072640,0.00000154,0.00002692,0.00003905
0,296,0.073940,0.00001008,0.00009140,0.00016246
0,292,0.074139,0.00000091,0.00004851,0.00006947
0,289,0.074489,0.00001294,0.00007055,0.00010403
0,290,0.075119,0.00000346,0.00005586,0.00007971
0,285,0.075853,0.00002100,0.00009088,0.00012238
0,286,0.078178,-0.00000268,0.00003106,0.00004294
0,283,0.078534,-0.00000720,0.00004220,0.00006167
0,287,0.078593,0.00000349,0.00003769,0.00005303
0,284,0.079074,-0.00001580,0.00005910,0.00008806
0,280,0.079467,0.00000204,0.00007757,0.00013514
0,282,0.080099,-0.00000923,0.00011451,0.00016673
0,279,0.080218,-0.00000168,0.00005289,0.00007148
0,281,0.082298,0.00001086,0.00007156,0.00010167
0,277,0.082479,0.00000371,0.00005076,0.00007468
0,273,0.084334,0.00000707,0.00005867,0.00008140
0,278,0.084906,0.00000858,0.00005124,0.00009836
0,275,0.086159,-0.00000701,0.00006208,0.00008481
0,272,0.086665,-0.00001288,0.00009321,0.00014381
0,274,0.087776,-0.00000574,0.00008118,0.00012132
0,276,0.087980,0.00000362,0.00009376,0.00013937
0,270,0.088683,-0.00000456,0.00005941,0.00008113
0,268,0.089641,0.00000015,0.00015600,0.00023576
0,267,0.090077,-0.00000121,0.00006842,0.00009218
0,271,0.090268,0.00000452,0.00006390,0.00009799
0,269,0.090775,0.00001781,0.00009900,0.00015063
0,265,0.091153,-0.00000226,0.00008623,0.00012186
0,264,0.092411,-0.00000089,0.00006722,0.00009374
0,266,0.093517,-0.00000128,0.00003951,0.00005875
0,262,0.094938,0.00000666,0.00005274,0.00007110
0,263,0.096194,-0.00000165,0.00004067,0.00006357
0,258,0.097993,0.00000451,0.00009168,0.00014490
0,261,0.098400,-0.00000847,0.00010699,0.00015471
0,260,0.099053,-0.00000904,0.00013129,0.00019155
0,259,0.099261,-0.00000298,0.00006376,0.00010021
0,257,0.101909,0.00000376,0.00012767,0.00019475
0,255,0.102337,-0.00001359,0.00012400,0.00017263
0,253,0.103388,-0.00000350,0.00007477,0.00011205
0,254,0.103558,0.00000127,0.00009546,0.00013991
0,256,0.104362,-0.00000888,0.00007807,0.00012363
0,245,0.106164,-0.00000667,0.00006148,0.00010364
0,252,0.106301,0.00000503,0.00007414,0.00010612
0,251,0.106314,0.00001948,0.00012499,0.00017873
0,249,0.107136,0.00000229,0.00010809,0.00015940
0,250,0.107174,-0.00000209,0.00004904,0.00006218
0,247,0.110139,0.00000259,0.00006153,0.00008591
0,248,0.110460,0.00001445,0.00011124,0.00015696
0,246,0.110550,-0.00000476,0.00006280,0.00008726
0,244,0.111051,0.00000065,0.00009481,0.00014008
0,243,0.113014,-0.00000664,0.00007984,0.00011047
0,241,0.115542,-0.00000470,0.00005460,0.00007756
0,237,0.116919,-0.00002778,0.00013275,0.00021870
0,240,0.118159,0.00000887,0.00012312,0.00019515
0,242,0.119282,-0.00000555,0.00008238,0.00011356
0,236,0.119480,-0.00002023,0.00020363,0.00029475
0,239,0.120553,-0.00000985,0.00008317,0.00011271
0,238,0.120909,-0.00000180,0.00008898,0.00013786
0,235,0.121261,0.00002322,0.00016073,0.00025139
0,234,0.122117,0.00000285,0.00004685,0.00007320
0,232,0.124249,0.00000213,0.00003554,0.00004957
0,233,0.125772,0.00000351,0.00007877,0.00010889
0,231,0.126134,0.00000014,0.00011945,0.00016675
0,228,0.126396,-0.00001437,0.00012183,0.00021487
0,229,0.127767,0.00000477,0.00006866,0.00009649
0,230,0.128130,0.00000348,0.00004501,0.00006043
0,227,0.129727,0.00002922,0.00016776,0.00023642
0,226,0.133324,-0.00000203,0.00007372,0.00011169
0,222,0.134613,0.00000111,0.00008562,0.00013422
0,225,0.134638,-0.00001510,0.00009131,0.00012657
0,224,0.134712,0.00001367,0.00009207,0.00013003
0,223,0.135426,0.00001269,0.00015808,0.00023710
0,220,0.138573,0.00000449,0.00006852,0.00009861
0,221,0.139539,-0.00000433,0.00007097,0.00010272
0,218,0.139869,-0.00000593,0.00013301,0.00018901
0,219,0.144561,-0.00000698,0.00008697,0.00012661
0,214,0.145204,0.00000699,0.00009090,0.00012333
0,215,0.145850,0.00000338,0.00007628,0.00010855
0,213,0.146673,-0.00001273,0.00008528,0.00011552
0,217,0.147300,0.00001687,0.00014726,0.00021965
0,216,0.147762,0.00002200,0.00013897,0.00019142
0,212,0.150435,0.00000188,0.00012340,0.00016966
0,210,0.151888,0.00000171,0.00005097,0.00006741
0,211,0.152460,-0.00001809,0.00008028,0.00012565
0,209,0.154330,-0.00001535,0.00013166,0.00019892
0,208,0.154500,-0.00000529,0.00004641,0.00006261
0,201,0.158543,0.00000363,0.00019728,0.00029404
0,206,0.160031,0.00000480,0.00007427,0.00010483
0,204,0.160965,-0.00002027,0.00020562,0.00028615
0,207,0.161084,-0.00001366,0.00018247,0.00025673
0,203,0.161162,-0.00000275,0.00011447,0.00016254
0,202,0.162076,0.00000096,0.00016464,0.00024658
0,200,0.162722,0.00001780,0.00011466,0.00015982
0,205,0.164839,0.00000567,0.00019039,0.00026250
0,197,0.169778,0.00001825,0.00010447,0.00013773
0,198,0.172365,-0.00000710,0.00019857,0.00029331
0,199,0.173381,0.00002472,0.00011518,0.00016716
0,196,0.174669,0.00000158,0.00008186,0.00011449
0,194,0.175560,0.00001133,0.00005607,0.00008162
0,195,0.177168,0.00002180,0.00010995,0.00016025
0,192,0.179355,-0.00000239,0.00013808,0.00019983
0,191,0.180391,-0.00001118,0.00009221,0.00012854
0,190,0.180774,0.00000952,0.00005963,0.00008298
0,193,0.182252,0.00001270,0.00036636,0.00058960
0,189,0.183331,-0.00000551,0.00008300,0.00011972
0,188,0.183420,-0.00002072,0.00021000,0.00029438
0,186,0.187846,-0.00000249,0.00013093,0.00020929
0,187,0.190218,-0.00000241,0.00016452,0.00023376
0,185,0.190893,0.00000733,0.00014818,0.00028449
0,183,0.191523,0.00001473,0.00015138,0.00022093
0,184,0.192770,-0.00001348,0.00008969,0.00012774
0,182,0.195358,-0.00000518,0.00011233,0.00016074
0,176,0.198537,-0.00003258,0.00027031,0.00040292
0,181,0.202725,0.00000723,0.00025463,0.00041069
0,179,0.204199,-0.00001012,0.00012980,0.00018658
0,177,0.204902,0.00000583,0.00011672,0.00016357
0,178,0.205264,-0.00000994,0.00027204,0.00043626
0,180,0.209401,-0.00000222,0.00011582,0.00015455
0,172,0.211410,0.00003037,0.00019277,0.00032277
0,175,0.211864,0.00001212,0.00015337,0.00022022
0,174,0.213508,-0.00003677,0.00016954,0.00023482
0,173,0.214310,0.00000897,0.00006697,0.00011204
0,171,0.215872,0.00001691,0.00017419,0.00024047
0,170,0.217060,0.00002453,0.00027407,0.00041713
0,169,0.222274,-0.00000159,0.00008095,0.00012063
0,168,0.223015,0.00002631,0.00026119,0.00036343
0,166,0.225232,0.00000081,0.00009780,0.00013154
0,165,0.226276,-0.00001825,0.00023359,0.00031227
0,167,0.227696,-0.00000504,0.00013337,0.00018147
0,163,0.232658,-0.00003385,0.00020708,0.00034661
0,159,0.234682,-0.00001742,0.00013639,0.00021155
0,164,0.236486,0.00001085,0.00009076,0.00012285
0,160,0.236577,0.00000446,0.00010870,0.00015360
0,162,0.237534,0.00002948,0.00020246,0.00030307
0,161,0.238719,-0.00000052,0.00015942,0.00021541
0,158,0.246448,-0.00000667,0.00011120,0.00015364
0,156,0.246620,0.00000798,0.00028890,0.00045717
0,155,0.248415,-0.00002235,0.00021364,0.00032591
0,154,0.252556,0.00003442,0.00026887,0.00039018
0,157,0.253311,-0.00002462,0.00014420,0.00021101
0,153,0.254588,-0.00001155,0.00025208,0.00035698
0,151,0.255669,-0.00001515,0.00014273,0.00021282
0,150,0.257122,0.00001657,0.00014862,0.00022865
0,152,0.257723,-0.00000073,0.00011798,0.00016564
0,148,0.262256,0.00001438,0.00034095,0.00049804
0,147,0.268311,-0.00000081,0.00014256,0.00019656
0,149,0.268640,-0.00000338,0.00016804,0.00028642
0,146,0.271129,-0.00000640,0.00015388,0.00021778
0,142,0.273929,0.00003202,0.00022379,0.00032580
0,143,0.276828,0.00000427,0.00011629,0.00016373
0,145,0.276849,0.00005850,0.00031068,0.00045855
0,141,0.277098,-0.00000411,0.00016928,0.00025406
0,144,0.279415,0.00000849,0.00014010,0.00022176
0,136,0.289861,0.00003125,0.00013687,0.00019865
0,139,0.291313,0.00001218,0.00012996,0.00019241
0,140,0.295072,-0.00002663,0.00038203,0.00054165
0,138,0.295570,0.00000470,0.00010322,0.00014401
0,135,0.297413,0.00003231,0.00029770,0.00045590
0,133,0.298093,0.00003666,0.00044696,0.00061255
0,134,0.300449,0.00005488,0.00034337,0.00049357
0,137,0.303915,-0.00000232,0.00014986,0.00022070
0,132,0.305261,-0.00001067,0.00021349,0.00034640
0,128,0.310608,-0.00000757,0.00014689,0.00021841
0,130,0.310932,-0.00000101,0.00017797,0.00025524
0,127,0.311020,0.00000937,0.00016508,0.00022879
0,131,0.312227,-0.00004772,0.00033807,0.00049644
0,129,0.312417,-0.00000096,0.00043903,0.00069108
0,125,0.321740,-0.00000430,0.00042140,0.00057812
0,126,0.323691,-0.00001153,0.00014787,0.00021014
0,124,0.329737,-0.00001116,0.00016445,0.00023150
0,123,0.335085,0.00000687,0.00036301,0.00063249
0,122,0.335761,0.00001311,0.00014730,0.00022348
0,121,0.338390,0.00003008,0.00024563,0.00037426
0,120,0.341225,-0.00001720,0.00029418,0.00043681
0,118,0.341866,0.00003041,0.00022522,0.00031675
0,117,0.342056,-0.00001504,0.00011790,0.00019457
0,119,0.342155,-0.00005379,0.00037371,0.00054386
0,116,0.352669,0.00002016,0.00026242,0.00039596
0,114,0.355639,-0.00000750,0.00010935,0.00015598
0,115,0.359572,-0.00000500,0.00036908,0.00054229
0,112,0.359717,-0.00000657,0.00019086,0.00027058
0,110,0.369402,-0.00000646,0.00024529,0.00033061
0,111,0.371193,0.00000768,0.00022316,0.00031538
0,108,0.373482,-0.00002914,0.00030391,0.00040603
0,113,0.375486,0.00001900,0.00056738,0.00079739
0,107,0.377226,-0.00000729,0.00025282,0.00034333
0,106,0.382918,0.00000187,0.00014696,0.00020882
0,105,0.384992,-0.00000548,0.00025102,0.00035469
0,109,0.386651,0.00000207,0.00023225,0.00030805
0,104,0.389133,0.00001859,0.00013306,0.00017868
0,103,0.395444,0.00001394,0.00011951,0.00017766
0,102,0.397868,0.00004427,0.00035020,0.00052734
0,101,0.398084,0.00002061,0.00019151,0.00029160
0,100,0.407027,0.00006087,0.00036602,0.00056035
0,98,0.410300,-0.00000751,0.00024585,0.00034367
0,99,0.412937,0.00001542,0.00034417,0.00046380
0,96,0.417169,0.00004543,0.00028841,0.00042199
0,97,0.420509,-0.00001782,0.00030146,0.00041465
0,94,0.421546,-0.00002410,0.00045176,0.00064575
0,95,0.429874,0.00004559,0.00040032,0.00056308
0,93,0.431011,0.00007956,0.00027416,0.00036123
0,92,0.436971,0.00007730,0.00055753,0.00075551
0,91,0.440416,0.00001202,0.00037756,0.00054604
0,89,0.441149,-0.00000337,0.00016737,0.00023199
0,90,0.444333,-0.00001321,0.00030967,0.00044774
0,88,0.454924,0.00004979,0.00028571,0.00039585
0,86,0.459040,-0.00001452,0.00022401,0.00032836
0,87,0.462495,0.00005604,0.00048397,0.00066069
0,83,0.465028,0.00001016,0.00016401,0.00023604
0,84,0.469840,-0.00001236,0.00041600,0.00061843
0,82,0.476238,-0.00003379,0.00037469,0.00056682
0,81,0.476490,-0.00001804,0.00031439,0.00043890
0,85,0.476917,-0.00002052,0.00059156,0.00086350
0,79,0.485364,0.00004032,0.00030163,0.00042296
0,80,0.485651,-0.00004917,0.00036166,0.00051090
0,76,0.489883,0.00006416,0.00044582,0.00060978
0,78,0.495365,0.00013908,0.00042535,0.00056724
0,77,0.503308,0.00009062,0.00059812,0.00086037
0,75,0.504264,-0.00006805,0.00030926,0.00044547
0,73,0.514907,-0.00000975,0.00055680,0.00077924
0,71,0.519939,-0.00005749,0.00033407,0.00045511
0,70,0.522446,-0.00005282,0.00035728,0.00053787
0,74,0.522789,0.00004766,0.00054074,0.00077757
0,72,0.526429,0.00007794,0.00093427,0.00128216
0,69,0.532029,0.00000072,0.00038648,0.00056513
0,68,0.545942,-0.00000852,0.00048544,0.00066720
0,67,0.546526,-0.00001186,0.00044793,0.00066242
0,66,0.547968,0.00005318,0.00045388,0.00065678
0,64,0.553759,-0.00010094,0.00069988,0.00095076
0,65,0.555565,0.00003796,0.00020744,0.00029099
0,63,0.562120,0.00009051,0.00039377,0.00056403
0,62,0.569298,-0.00003046,0.00028033,0.00040368
0,61,0.574458,-0.00000935,0.00036730,0.00056041
0,60,0.574489,0.00008895,0.00105968,0.00156466
0,58,0.582568,-0.00001209,0.00042343,0.00060338
0,59,0.583552,0.00011283,0.00077542,0.00110943
0,57,0.592559,-0.00000822,0.00049864,0.00074001
0,56,0.602033,0.00001697,0.00051107,0.00073145
0,55,0.606417,-0.00002711,0.00038661,0.00055153
0,53,0.613284,0.00001128,0.00027549,0.00045001
0,54,0.614107,-0.00019266,0.00115382,0.00158256
0,51,0.617232,-0.00004553,0.00042763,0.00065422
0,52,0.620696,-0.00002649,0.00062143,0.00091259
0,50,0.626795,-0.00005063,0.00049510,0.00067915
0,49,0.635323,-0.00001747,0.00060855,0.00100145
0,47,0.643558,0.00002283,0.00019396,0.00028257
0,48,0.644420,-0.00001312,0.00039366,0.00055965
0,46,0.652715,-0.00004722,0.00139683,0.00185659
0,45,0.654421,0.00006147,0.00072495,0.00111499
0,44,0.666323,-0.00002468,0.00052923,0.00079989
0,43,0.673696,-0.00016745,0.00055439,0.00078584
0,42,0.676995,0.00003136,0.00047440,0.00065944
0,41,0.681515,-0.00003767,0.00076367,0.00111482
0,40,0.684155,0.00001640,0.00059930,0.00082349
0,38,0.700671,-0.00003701,0.00059578,0.00086045
0,39,0.701348,-0.00000961,0.00059753,0.00081000
0,37,0.711424,0.00003412,0.00046194,0.00065508
0,36,0.712817,0.00001580,0.00071053,0.00109788
0,35,0.723404,0.00007651,0.00060435,0.00082724
0,34,0.731464,0.00001003,0.00043309,0.00060143
0,33,0.737342,-0.00013254,0.00084952,0.00123013
0,32,0.741077,-0.00001229,0.00046573,0.00069305
0,31,0.746204,-0.00004124,0.00107988,0.00165987
0,30,0.752244,0.00002633,0.00053884,0.00073606
0,29,0.765020,0.00015140,0.00064221,0.00116297
0,28,0.767846,-0.00001976,0.00056412,0.00084503
0,27,0.780400,0.00001314,0.00084530,0.00131512
0,26,0.785953,-0.00003783,0.00049734,0.00069092
0,25,0.789036,0.00001777,0.00025534,0.00036825
0,24,0.796313,0.00005356,0.00057069,0.00088855
0,23,0.808271,0.00020560,0.00111644,0.00152191
0,22,0.810466,-0.00000491,0.00036668,0.00049725
0,21,0.817491,0.00005970,0.00036450,0.00054492
0,20,0.831820,-0.00019316,0.00194403,0.00258396
0,19,0.839194,-0.00003027,0.00095863,0.00139751
0,18,0.844617,0.00004758,0.00060961,0.00086003
0,17,0.846896,0.00005713,0.00065100,0.00098265
0,16,0.858858,-0.00008614,0.00101758,0.00144184
0,15,0.868675,-0.00020073,0.00249225,0.00329180
0,14,0.873583,-0.00004393,0.00051192,0.00075036
0,13,0.878638,-0.00003413,0.00041060,0.00061610
0,12,0.890640,0.00009507,0.00061306,0.00088403
0,11,0.903315,0.00020063,0.00203956,0.00301601
0,10,0.905673,0.00036316,0.00119939,0.00184301
0,9,0.914614,-0.00022036,0.00090822,0.00198296
0,8,0.924065,0.00001403,0.00023379,0.00038811
0,7,0.933621,0.00001731,0.00087039,0.00135316
0,6,0.942463,0.00006675,0.00071797,0.00110815
0,5,0.952814,-0.00001516,0.00049878,0.00090071
0,4,0.960877,0.00004208,0.00038049,0.00061293
0,3,0.970293,-0.00000790,0.00038742,0.00061746
0,2,0.980398,-0.00012476,0.00101448,0.00142905
0,1,0.989930,-0.00001134,0.00016630,0.00026488
0,0,0.999882,-0.00000026,0.00000336,0.00000587
1,511,0.010482,0.00000072,0.00000735,0.00001032
1,510,0.010528,0.00000072,0.00000864,0.00001374
1,509,0.010550,0.00000015,0.00000445,0.00000685
1,508,0.010794,0.00000014,0.00000274,0.00000373
1,505,0.010872,-0.00000016,0.00000480,0.00000673
1,507,0.010921,0.00000008,0.00000220,0.00000320
1,504,0.010989,-0.00000015,0.00000569,0.00000831
1,506,0.011000,0.00000025,0.00000216,0.00000299
1,500,0.011249,-0.00000003,0.00000204,0.00000281
1,501,0.011269,0.00000002,0.00000223,0.00000336
1,502,0.011471,0.00000001,0.00000222,0.00000320
1,499,0.011622,-0.00000145,0.00000722,0.00001017
1,503,0.011701,-0.00000030,0.00000324,0.00000453
1,497,0.011946,0.00000011,0.00000610,0.00000929
1,495,0.012014,0.00000069,0.00000533,0.00000822
1,496,0.012140,-0.00000016,0.00000719,0.00001058
1,493,0.012202,0.00000014,0.00000344,0.00000488
1,498,0.012226,0.00000017,0.00000471,0.00000674
1,494,0.012236,-0.00000084,0.00000460,0.00000653
1,490,0.012248,0.00000038,0.00000387,0.00000575
1,491,0.012589,-0.00000066,0.00000703,0.00001103
1,489,0.012609,-0.00000142,0.00000612,0.00000880
1,488,0.012910,-0.00000011,0.00000220,0.00000377
1,492,0.012932,-0.00000006,0.00000447,0.00000651
1,486,0.013001,0.00000027,0.00000676,0.00000936
1,484,0.013050,0.00000020,0.00000470,0.00000641
1,487,0.013350,-0.00000136,0.00000640,0.00000950
1,481,0.013451,0.00000090,0.00000653,0.00000975
1,479,0.013680,-0.00000006,0.00000494,0.00000690
1,482,0.013686,0.00000025,0.00000403,0.00000584
1,483,0.013780,0.00000006,0.00000318,0.00000459
1,480,0.013825,-0.00000030,0.00000519,0.00000735
1,478,0.013852,-0.00000336,0.00001045,0.00002236
1,485,0.013866,0.00000014,0.00000801,0.00001147
1,477,0.014004,-0.00000015,0.00000397,0.00000644
1,472,0.014118,-0.00000095,0.00000648,0.00000959
1,474,0.014149,-0.00000078,0.00000337,0.00000630
1,470,0.014169,0.00000123,0.00000651,0.00000948
1,475,0.014339,-0.00000052,0.00000558,0.00000790
1,473,0.014461,0.00000010,0.00000473,0.00000612
1,476,0.014810,0.00000025,0.00000719,0.00001019
1,468,0.015083,0.00000006,0.00000316,0.00000467
1,469,0.015157,0.00000024,0.00000746,0.00001080
1,471,0.015362,-0.00000088,0.00000647,0.00000946
1,467,0.015511,0.00000006,0.00000609,0.00000860
1,466,0.015581,0.00000030,0.00001066,0.00001496
1,464,0.015705,0.00000033,0.00000408,0.00000583
1,465,0.015844,0.00000008,0.00000369,0.00000495
1,463,0.015903,0.00000028,0.00000393,0.00000534
1,461,0.016252,-0.00000075,0.00001302,0.00001892
1,462,0.016492,0.00000088,0.00000655,0.00000955
1,459,0.016682,0.00000167,0.00001206,0.00001734
1,458,0.016695,0.00000036,0.00000952,0.00001428
1,460,0.016825,-0.00000087,0.00000944,0.00001339
1,455,0.016919,-0.00000081,0.00000723,0.00000990
1,456,0.017001,-0.00000055,0.00000578,0.00000996
1,454,0.017211,0.00000048,0.00000638,0.00000892
1,451,0.017536,-0.00000024,0.00000602,0.00000954
1,452,0.017650,-0.00000035,0.00000976,0.00001452
1,457,0.017727,-0.00000002,0.00000749,0.00001123
1,450,0.017987,0.00000056,0.00000894,0.00001249
1,453,0.018059,-0.00000022,0.00000768,0.00001123
1,448,0.018066,-0.00000152,0.00001366,0.00001975
1,447,0.018524,0.00000003,0.00000548,0.00000853
1,449,0.018622,-0.00000018,0.00000918,0.00001474
1,446,0.018714,0.00000077,0.00000613,0.00000896
1,445,0.018794,0.00000025,0.00000681,0.00000952
1,441,0.019125,0.00000101,0.00000545,0.00000821
1,442,0.019268,0.00000115,0.00000929,0.00001332
1,440,0.019275,-0.00000079,0.00000820,0.00001283
1,444,0.019323,0.00000098,0.00001134,0.00001699
1,443,0.019378,-0.00000082,0.00000633,0.00000986
1,439,0.020002,-0.00000133,0.00001053,0.00001513
1,438,0.020134,-0.00000056,0.00000841,0.00001217
1,436,0.020606,-0.00000127,0.00001264,0.00001756
1,431,0.020639,0.00000014,0.00000679,0.00001048
1,432,0.020692,0.00000278,0.00001565,0.00002121
1,434,0.020734,0.00000038,0.00000729,0.00001027
1,437,0.020858,-0.00000154,0.00000586,0.00000834
1,435,0.020893,-0.00000075,0.00000621,0.00000895
1,433,0.021388,-0.00000036,0.00000393,0.00000545
1,430,0.021455,-0.00000061,0.00000880,0.00001286
1,427,0.021534,-0.00000074,0.00000413,0.00000615
1,428,0.021986,0.00000059,0.00000970,0.00001443
1,429,0.022076,0.00000003,0.00000754,0.00001026
1,426,0.022449,0.00000310,0.00001285,0.00001774
1,425,0.022727,0.00000082,0.00000918,0.00001316
1,424,0.022765,-0.00000084,0.00000829,0.00001459
1,423,0.022944,0.00000058,0.00000701,0.00000981
1,421,0.023016,0.00000101,0.00000807,0.00001130
1,420,0.023252,-0.00000020,0.00000593,0.00000833
1,419,0.023470,0.00000204,0.00002487,0.00004118
1,422,0.023525,0.00000090,0.00000758,0.00001089
1,418,0.023707,-0.00000026,0.00000608,0.00000884
1,417,0.023770,-0.00000050,0.00000669,0.00000927
1,412,0.024369,-0.00000009,0.00000755,0.00001111
1,415,0.024414,0.00000041,0.00000564,0.00000836
1,416,0.024612,0.00000002,0.00000634,0.00000876
1,413,0.024875,0.00000188,0.00001142,0.00001947
1,414,0.025000,-0.00000239,0.00001929,0.00002829
1,411,0.025432,-0.00000050,0.00000939,0.00001392
1,408,0.025751,-0.00000279,0.00001141,0.00001532
1,410,0.025765,-0.00000098,0.00001148,0.00001682
1,409,0.025835,-0.00000044,0.00000589,0.00000816
1,407,0.026567,-0.00000190,0.00001299,0.00001936
1,405,0.026894,-0.00000150,0.00000848,0.00001180
1,401,0.027292,-0.00000074,0.00001017,0.00001571
1,403,0.027439,0.00000024,0.00001235,0.00001837
1,406,0.027552,-0.00000038,0.00000439,0.00000607
1,402,0.027776,0.00000027,0.00000889,0.00001293
1,404,0.027860,-0.00000108,0.00000643,0.00000971
1,395,0.028695,0.00000060,0.00000839,0.00001153
1,396,0.028789,0.00000036,0.00001260,0.00001769
1,399,0.028941,-0.00000036,0.00000799,0.00001156
1,397,0.028952,-0.00000069,0.00001054,0.00001532
1,400,0.029446,-0.00000046,0.00000877,0.00001281
1,398,0.029587,-0.00000062,0.00000962,0.00001505
1,391,0.029628,0.00000048,0.00001162,0.00001794
1,392,0.029956,0.00000043,0.00000874,0.00001290
1,394,0.030044,-0.00000085,0.00002501,0.00004372
1,393,0.030426,-0.00000079,0.00001628,0.00002424
1,390,0.030845,0.00000010,0.00000559,0.00000815
1,389,0.031099,0.00000163,0.00001913,0.00002669
1,388,0.031491,0.00000048,0.00000782,0.00001103
1,386,0.031581,0.00000382,0.00001780,0.00002946
1,387,0.031610,-0.00000028,0.00001077,0.00001896
1,383,0.032130,-0.00000015,0.00001014,0.00001418
1,385,0.032457,-0.00000066,0.00001450,0.00002206
1,380,0.032516,0.00000083,0.00001539,0.00002319
1,384,0.032901,0.00000135,0.00001789,0.00002485
1,382,0.033696,-0.00000224,0.00001983,0.00002707
1,378,0.033788,0.00000019,0.00000993,0.00001506
1,375,0.033920,0.00000129,0.00001074,0.00001587
1,379,0.034047,0.00000271,0.00001322,0.00001795
1,376,0.034236,-0.00000091,0.00000741,0.00001137
1,381,0.034656,0.00000018,0.00001354,0.00001922
1,377,0.034785,0.00000035,0.00001189,0.00001809
1,374,0.034800,0.00000073,0.00001757,0.00002426
1,369,0.036357,0.00000079,0.00000790,0.00001118
1,371,0.036529,0.00000029,0.00001165,0.00001639
1,373,0.036682,0.00000020,0.00001015,0.00001414
1,372,0.036807,-0.00000001,0.00000960,0.00001423
1,368,0.037155,-0.00000078,0.00001252,0.00001880
1,370,0.037633,-0.00000018,0.00002033,0.00002866
1,367,0.037895,0.00000025,0.00000932,0.00001327
1,366,0.039086,0.00000156,0.00001088,0.00001516
1,365,0.039319,0.00000281,0.00002491,0.00003920
1,364,0.039541,-0.00000003,0.00000800,0.00001289
1,363,0.039888,0.00000126,0.00002059,0.00002847
1,360,0.040006,0.00000206,0.00001996,0.00003283
1,361,0.040036,0.00000120,0.00001739,0.00002703
1,362,0.040039,-0.00000205,0.00002302,0.00003644
1,359,0.040903,0.00000531,0.00002486,0.00003496
1,357,0.040978,-0.00000053,0.00000867,0.00001231
1,358,0.041579,0.00000089,0.00001758,0.00002573
1,354,0.042152,-0.00000186,0.00001644,0.00002328
1,353,0.042161,-0.00000069,0.00000987,0.00001476
1,355,0.042955,0.00000050,0.00000875,0.00001355
1,352,0.043139,0.00000308,0.00001683,0.00002480
1,350,0.043778,0.00000169,0.00001293,0.00001852
1,356,0.043895,-0.00000422,0.00002162,0.00002970
1,351,0.044518,-0.00000116,0.00003185,0.00005065
1,348,0.045248,0.00000136,0.00001812,0.00002697
1,346,0.045574,-0.00000036,0.00002380,0.00003923
1,349,0.045709,-0.00000068,0.00001302,0.00001811
1,344,0.046258,0.00000021,0.00001880,0.00002644
1,347,0.046511,-0.00000331,0.00001797,0.00002902
1,345,0.046977,-0.00000022,0.00001666,0.00002568
1,342,0.047789,0.00000032,0.00000849,0.00001208
1,343,0.048190,0.00000093,0.00001207,0.00001684
1,339,0.048376,0.00000293,0.00001905,0.00002701
1,341,0.048582,-0.00000045,0.00001803,0.00002673
1,338,0.048912,-0.00000139,0.00001531,0.00002330
1,336,0.049266,0.00000001,0.00000872,0.00001230
1,335,0.049592,0.00000057,0.00001801,0.00002591
1,340,0.049623,0.00000097,0.00002461,0.00003551
1,332,0.049675,0.00000140,0.00001327,0.00002027
1,337,0.049955,-0.00000312,0.00002177,0.00003809
1,334,0.050177,0.00000024,0.00001402,0.00001924
1,333,0.050930,-0.00000164,0.00001321,0.00002086
1,331,0.051286,0.00000100,0.00001527,0.00002145
1,328,0.051692,-0.00000142,0.00001809,0.00002550
1,330,0.052187,0.00000037,0.00001545,0.00002140
1,329,0.052407,-0.00000164,0.00002024,0.00002762
1,327,0.052535,-0.00000016,0.00002117,0.00002981
1,326,0.053459,-0.00000222,0.00001624,0.00002296
1,324,0.054671,-0.00000199,0.00001758,0.00002496
1,325,0.055225,0.00000112,0.00002101,0.00003073
1,323,0.055269,-0.00000247,0.00002111,0.00002988
1,322,0.056209,-0.00000071,0.00001295,0.00001775
1,321,0.056851,-0.00000042,0.00002017,0.00002968
1,316,0.057874,-0.00000250,0.00001663,0.00002270
1,319,0.058040,0.00000077,0.00002364,0.00003586
1,318,0.059325,0.00000257,0.00002149,0.00002922
1,317,0.059500,0.00000010,0.00002096,0.00003163
1,320,0.059686,-0.00000083,0.00002611,0.00004075
1,314,0.060093,0.00000021,0.00003397,0.00004648
1,313,0.060934,-0.00000070,0.00002022,0.00003037
1,315,0.061126,-0.00000056,0.00002228,0.00003154
1,310,0.061384,-0.00000048,0.00001875,0.00002643
1,312,0.062258,-0.00000026,0.00002712,0.00003846
1,309,0.063036,-0.00000477,0.00002214,0.00002970
1,311,0.063146,0.00000507,0.00003344,0.00004628
1,304,0.063792,0.00000057,0.00002184,0.00003132
1,308,0.064534,-0.00000298,0.00002592,0.00003585
1,307,0.065390,-0.00000431,0.00002828,0.00003833
1,306,0.065425,0.00000332,0.00001742,0.00002582
1,305,0.066517,-0.00000049,0.00002229,0.00003195
1,302,0.067526,0.00000106,0.00002070,0.00002868
1,303,0.068289,0.00000218,0.00001975,0.00002889
1,300,0.068331,-0.00000221,0.00002242,0.00003192
1,301,0.068477,-0.00000118,0.00001904,0.00002651
1,298,0.068845,0.00000089,0.00001943,0.00002967
1,299,0.068951,0.00000243,0.00001270,0.00001861
1,296,0.070244,0.00000159,0.00001816,0.00002442
1,295,0.071780,0.00000063,0.00001833,0.00002598
1,294,0.071833,-0.00000162,0.00002159,0.00003000
1,293,0.072304,-0.00000361,0.00002233,0.00003252
1,292,0.072461,-0.00000134,0.00002776,0.00004089
1,297,0.072898,-0.00000754,0.00002971,0.00005579
1,291,0.075003,0.00000431,0.00002332,0.00003390
1,290,0.075065,0.00000708,0.00003543,0.00005027
1,289,0.075466,-0.00000013,0.00001931,0.00003057
1,288,0.076386,-0.00000145,0.00003789,0.00005799
1,287,0.076493,-0.00000349,0.00002178,0.00003105
1,284,0.077599,0.00000081,0.00001803,0.00002510
1,286,0.079112,-0.00000015,0.00002628,0.00003916
1,285,0.079257,-0.00000688,0.00003177,0.00004391
1,283,0.079848,0.00000153,0.00002694,0.00003831
1,282,0.080285,-0.00000109,0.00002505,0.00003654
1,277,0.081855,0.00000410,0.00003155,0.00004314
1,280,0.081973,-0.00000669,0.00007060,0.00011376
1,281,0.082485,-0.00000591,0.00005028,0.00007735
1,278,0.083524,0.00000614,0.00004070,0.00006341
1,279,0.084016,-0.00000477,0.00002315,0.00003486
1,275,0.084107,0.00000021,0.00002769,0.00003895
1,276,0.085485,-0.00000628,0.00004752,0.00006800
1,274,0.085500,-0.00000532,0.00005352,0.00007914
1,270,0.085549,-0.00000291,0.00003037,0.00004120
1,273,0.086923,-0.00000054,0.00002359,0.00003427
1,272,0.089756,0.00000560,0.00006394,0.00009550
1,271,0.090772,-0.00000709,0.00002616,0.00003797
1,269,0.091290,-0.00000534,0.00005681,0.00007760
1,268,0.091335,-0.00000398,0.00003921,0.00005301
1,267,0.092507,-0.00000330,0.00003906,0.00005414
1,263,0.093369,-0.00000035,0.00002412,0.00003337
1,266,0.093886,0.00000267,0.00002783,0.00003975
1,264,0.094012,-0.00000446,0.00003491,0.00004950
1,265,0.095293,-0.00000193,0.00004485,0.00006614
1,262,0.098980,0.00000479,0.00002410,0.00003340
1,258,0.099278,0.00000141,0.00001486,0.00002116
1,260,0.099820,-0.00000086,0.00003827,0.00005799
1,257,0.099839,-0.00000300,0.00002769,0.00003913
1,261,0.100161,-0.00000496,0.00004483,0.00006570
1,255,0.101472,0.00000058,0.00006995,0.00009873
1,259,0.102750,0.00000211,0.00004971,0.00006807
1,252,0.102866,-0.00000017,0.00002055,0.00003020
1,256,0.103835,0.00000051,0.00004317,0.00006766
1,254,0.104610,-0.00000017,0.00002923,0.00004235
1,253,0.107473,-0.00000973,0.00006634,0.00010122
1,248,0.108369,-0.00000062,0.00002483,0.00003645
1,250,0.108543,-0.00000069,0.00005960,0.00009245
1,249,0.108935,0.00000133,0.00004465,0.00006460
1,251,0.109121,0.00000065,0.00002378,0.00003638
1,246,0.109531,-0.00000383,0.00003592,0.00004936
1,247,0.111423,-0.00001044,0.00003893,0.00006273
1,245,0.111743,0.00000158,0.00003768,0.00005801
1,241,0.113151,0.00000519,0.00003187,0.00004545
1,244,0.115151,-0.00000718,0.00005559,0.00007715
1,243,0.115161,-0.00000357,0.00004980,0.00007297
1,242,0.115813,-0.00000449,0.00004066,0.00006414
1,240,0.116630,0.00000344,0.00003670,0.00005364
1,239,0.117527,-0.00000055,0.00005690,0.00008061
1,236,0.118289,0.00000832,0.00006601,0.00009066
1,238,0.120680,-0.00000044,0.00004267,0.00006253
1,233,0.122516,-0.00000552,0.00003609,0.00005739
1,235,0.122778,0.00000783,0.00006921,0.00009232
1,234,0.124341,-0.00000232,0.00003243,0.00004708
1,237,0.125069,-0.00000586,0.00006692,0.00009629
1,231,0.127831,-0.00000216,0.00003566,0.00004950
1,232,0.130063,0.00000079,0.00003241,0.00004368
1,226,0.130347,-0.00000087,0.00004396,0.00006849
1,228,0.130463,-0.00000812,0.00009026,0.00012859
1,230,0.130665,0.00000364,0.00005089,0.00006928
1,227,0.131298,0.00000243,0.00007500,0.00011279
1,229,0.131628,0.00000050,0.00005328,0.00008140
1,225,0.133983,0.00000266,0.00007195,0.00010757
1,224,0.134342,-0.00000701,0.00004069,0.00005820
1,221,0.137705,-0.00000103,0.00003934,0.00005728
1,222,0.137846,0.00000801,0.00007846,0.00011346
1,220,0.139248,-0.00000588,0.00004753,0.00006250
1,223,0.141111,0.00000168,0.00002979,0.00004673
1,219,0.142223,-0.00000677,0.00006997,0.00010292
1,215,0.144413,0.00001004,0.00005694,0.00008251
1,217,0.144644,0.00000053,0.00007196,0.00010575
1,218,0.144762,-0.00001195,0.00008394,0.00013550
1,216,0.148282,0.00000335,0.00004395,0.00006031
1,210,0.148428,-0.00000541,0.00006285,0.00008896
1,214,0.151111,-0.00000811,0.00004927,0.00007339
1,213,0.151900,-0.00000016,0.00007269,0.00010818
1,211,0.152496,-0.00000252,0.00005449,0.00008309
1,212,0.152855,-0.00000518,0.00005953,0.00009018
1,209,0.153180,-0.00000040,0.00003329,0.00004646
1,208,0.154504,0.00000021,0.00005741,0.00008402
1,204,0.157368,0.00000087,0.00005215,0.00007084
1,206,0.158097,-0.00000096,0.00005338,0.00007764
1,207,0.159447,-0.00001771,0.00008115,0.00011817
1,205,0.160869,-0.00000632,0.00008298,0.00011971
1,203,0.161017,-0.00000106,0.00004150,0.00005974
1,201,0.165338,-0.00000993,0.00008157,0.00012169
1,199,0.167045,-0.00001086,0.00005188,0.00007136
1,202,0.167446,0.00000456,0.00006544,0.00008650
1,200,0.168894,0.00000399,0.00007192,0.00009807
1,198,0.170791,0.00001344,0.00005348,0.00007382
1,196,0.170809,0.00000263,0.00004271,0.00005781
1,194,0.170958,0.00000403,0.00005242,0.00008369
1,197,0.176172,-0.00000130,0.00004292,0.00006161
1,195,0.176807,0.00000085,0.00004547,0.00006687
1,193,0.179801,-0.00000962,0.00005730,0.00008012
1,191,0.182066,-0.00001515,0.00006286,0.00009205
1,187,0.182520,-0.00001393,0.00006638,0.00008973
1,189,0.184054,0.00000050,0.00008212,0.00012702
1,192,0.184251,0.00001025,0.00008679,0.00014479
1,190,0.184326,-0.00000531,0.00005288,0.00007339
1,188,0.186258,-0.00000128,0.00005462,0.00009142
1,183,0.191841,0.00000134,0.00008456,0.00011420
1,186,0.192085,-0.00000202,0.00007784,0.00010504
1,185,0.193312,0.00002649,0.00011683,0.00017013
1,184,0.193866,0.00000256,0.00005836,0.00008410
1,182,0.198933,-0.00001563,0.00008526,0.00011563
1,179,0.199319,-0.00000410,0.00008094,0.00012518
1,180,0.199703,0.00000182,0.00004625,0.00006705
1,181,0.203212,-0.00000668,0.00009353,0.00014318
1,176,0.203740,0.00000818,0.00010420,0.00014642
1,178,0.208577,-0.00000000,0.00004820,0.00006726
1,175,0.208840,-0.00000419,0.00008574,0.00013649
1,172,0.210455,0.00000364,0.00007392,0.00010953
1,174,0.210879,-0.00000110,0.00004406,0.00007025
1,177,0.214147,0.00000338,0.00006278,0.00009759
1,173,0.214874,-0.00000956,0.00009283,0.00012821
1,170,0.217763,0.00001537,0.00013977,0.00021927
1,169,0.218043,-0.00000204,0.00009033,0.00012830
1,171,0.218321,0.00000626,0.00006609,0.00009013
1,167,0.224498,0.00000363,0.00004915,0.00006955
1,168,0.226014,-0.00000854,0.00009979,0.00015094
1,165,0.226903,0.00000105,0.00004088,0.00005786
1,166,0.228615,0.00000186,0.00007351,0.00011668
1,161,0.233926,-0.00000077,0.00005121,0.00007332
1,162,0.233941,-0.00000362,0.00006643,0.00009013
1,164,0.234344,0.00000685,0.00008825,0.00012153
1,163,0.234851,0.00001229,0.00004770,0.00006916
1,160,0.240743,0.00000160,0.00004642,0.00006871
1,159,0.240749,0.00000552,0.00007758,0.00010834
1,158,0.245156,-0.00000224,0.00006332,0.00008586
1,156,0.245866,-0.00000147,0.00009804,0.00013687
1,152,0.246136,-0.00000096,0.00005973,0.00008310
1,155,0.248932,-0.00000033,0.00007784,0.00011307
1,153,0.249042,-0.00000820,0.00005960,0.00009963
1,157,0.249071,-0.00001292,0.00008986,0.00012220
1,154,0.251584,-0.00000874,0.00010316,0.00015419
1,150,0.255338,0.00000677,0.00007275,0.00010982
1,151,0.261702,0.00000860,0.00009251,0.00012448
1,148,0.262535,0.00000453,0.00006758,0.00009581
1,149,0.266609,0.00002096,0.00021328,0.00035457
1,144,0.268493,-0.00000604,0.00008894,0.00012471
1,143,0.270872,-0.00000913,0.00009276,0.00013951
1,146,0.271487,0.00000465,0.00008613,0.00012189
1,145,0.272908,0.00000058,0.00008390,0.00012672
1,147,0.275342,0.00001559,0.00011344,0.00016207
1,142,0.280353,0.00001065,0.00020789,0.00030712
1,141,0.281649,0.00000393,0.00006682,0.00009018
1,140,0.282639,0.00001137,0.00014161,0.00022228
1,138,0.283290,-0.00000529,0.00006444,0.00009494
1,139,0.283820,-0.00001033,0.00008714,0.00013223
1,136,0.290994,-0.00000944,0.00010147,0.00014193
1,137,0.291604,-0.00000576,0.00008719,0.00011979
1,135,0.301332,-0.00001024,0.00023161,0.00037863
1,133,0.305762,-0.00000879,0.00015281,0.00022090
1,131,0.305812,0.00001093,0.00010268,0.00014520
1,134,0.308012,-0.00002085,0.00009782,0.00013589
1,130,0.308841,0.00001468,0.00007643,0.00011781
1,132,0.312421,0.00004557,0.00018271,0.00028065
1,129,0.313551,0.00000954,0.00011860,0.00017395
1,126,0.321609,-0.00000523,0.00018041,0.00024897
1,127,0.322172,0.00000302,0.00005052,0.00007287
1,128,0.322259,-0.00000389,0.00010072,0.00014420
1,124,0.324383,-0.00000954,0.00010705,0.00014683
1,123,0.324816,-0.00000198,0.00007243,0.00010134
1,125,0.328344,-0.00001934,0.00009558,0.00013660
1,122,0.329455,0.00000802,0.00009618,0.00013930
1,121,0.336739,-0.00000265,0.00012497,0.00018293
1,118,0.339984,0.00000943,0.00009198,0.00014330
1,120,0.340111,-0.00001081,0.00009297,0.00012556
1,119,0.342640,0.00000847,0.00006588,0.00009209
1,117,0.345320,-0.00001975,0.00018042,0.00025263
1,115,0.357954,-0.00000546,0.00008471,0.00012514
1,116,0.358803,-0.00000451,0.00015473,0.00020878
1,114,0.360563,-0.00000031,0.00006034,0.00008277
1,113,0.361740,-0.00001068,0.00012702,0.00018498
1,112,0.367278,-0.00000819,0.00012086,0.00017808
1,108,0.370063,0.00000194,0.00007977,0.00011276
1,111,0.371470,0.00000311,0.00009752,0.00014894
1,110,0.375881,0.00000996,0.00014238,0.00019607
1,106,0.380359,-0.00001356,0.00014624,0.00021037
1,109,0.381034,-0.00000634,0.00019963,0.00030529
1,107,0.388887,0.00000741,0.00010284,0.00014920
1,105,0.389705,0.00001974,0.00012979,0.00020402
1,104,0.394604,-0.00002231,0.00008679,0.00012734
1,100,0.400961,-0.00002640,0.00016150,0.00022829
1,101,0.402540,-0.00002115,0.00017793,0.00026288
1,102,0.405368,0.00000322,0.00019460,0.00028123
1,103,0.406225,0.00000484,0.00016680,0.00024126
1,97,0.415581,0.00001409,0.00007720,0.00010393
1,99,0.416165,-0.00002038,0.00023331,0.00033224
1,98,0.419103,0.00010429,0.00039464,0.00059151
1,96,0.421875,-0.00000078,0.00006860,0.00009474
1,95,0.423960,0.00004043,0.00026273,0.00037680
1,92,0.429745,0.00001319,0.00011780,0.00016415
1,94,0.432631,-0.00002036,0.00026156,0.00036569
1,93,0.436991,0.00001200,0.00022560,0.00033570
1,90,0.439609,0.00002028,0.00014210,0.00019909
1,91,0.439787,-0.00001943,0.00025142,0.00035261
1,89,0.449008,-0.00001478,0.00008753,0.00012241
1,87,0.452702,0.00000790,0.00014534,0.00019022
1,88,0.454500,0.00000114,0.00013171,0.00020017
1,86,0.463240,0.00000591,0.00028652,0.00043447
1,84,0.465216,-0.00000172,0.00011396,0.00017632
1,83,0.466753,0.00000631,0.00014068,0.00019315
1,85,0.469783,-0.00006547,0.00036802,0.00051800
1,82,0.471834,0.00001757,0.00013137,0.00018360
1,81,0.480698,-0.00000183,0.00015984,0.00023128
1,80,0.485607,0.00000342,0.00015892,0.00021387
1,79,0.485798,-0.00002366,0.00020145,0.00027372
1,78,0.489922,0.00002039,0.00016357,0.00023095
1,76,0.497371,-0.00001735,0.00019841,0.00028883
1,77,0.504365,0.00005050,0.00046513,0.00062251
1,75,0.506975,0.00002417,0.00013661,0.00019718
1,73,0.512072,-0.00001713,0.00014248,0.00021560
1,74,0.514261,0.00001921,0.00016570,0.00024849
1,71,0.520108,0.00002141,0.00011086,0.00016728
1,72,0.521013,0.00002421,0.00021174,0.00028621
1,69,0.530004,-0.00000476,0.00017746,0.00026004
1,70,0.530871,-0.00003286,0.00026470,0.00038034
1,68,0.540677,-0.00001862,0.00026312,0.00034811
1,67,0.541035,-0.00004683,0.00020737,0.00029743
1,66,0.550667,-0.00001878,0.00015549,0.00024640
1,65,0.559904,-0.00000006,0.00017662,0.00024780
1,64,0.564171,-0.00002919,0.00039429,0.00057374
1,63,0.568562,-0.00001374,0.00026902,0.00037169
1,62,0.570967,-0.00002283,0.00025651,0.00034480
1,61,0.573753,-0.00001004,0.00012470,0.00017508
1,60,0.580725,0.00000705,0.00008728,0.00012834
1,59,0.589844,-0.00003662,0.00024933,0.00034321
1,57,0.597247,-0.00006271,0.00030478,0.00048515
1,58,0.603011,0.00007623,0.00035737,0.00061042
1,55,0.606083,-0.00002915,0.00022510,0.00031475
1,56,0.611246,0.00002451,0.00023929,0.00035842
1,53,0.616317,-0.00005156,0.00027316,0.00038338
1,54,0.620351,-0.00006244,0.00059566,0.00086418
1,52,0.623080,-0.00001894,0.00027749,0.00041760
1,51,0.625032,-0.00000736,0.00020087,0.00028851
1,50,0.634938,0.00002545,0.00021247,0.00031145
1,49,0.641455,-0.00000634,0.00046790,0.00065888
1,48,0.649743,0.00000978,0.00018603,0.00029229
1,47,0.654767,0.00000005,0.00015648,0.00021200
1,46,0.660680,0.00001377,0.00028489,0.00041051
1,45,0.662917,-0.00001195,0.00022647,0.00031891
1,44,0.672238,-0.00001728,0.00036030,0.00054177
1,43,0.675432,-0.00003476,0.00031109,0.00048225
1,41,0.681920,0.00002244,0.00025209,0.00036172
1,42,0.686065,-0.00000923,0.00029385,0.00039430
1,40,0.693867,0.00000208,0.00021089,0.00032629
1,39,0.700754,-0.00001340,0.00062898,0.00091237
1,38,0.702456,0.00000038,0.00023913,0.00034000
1,37,0.712053,0.00000148,0.00053614,0.00071793
1,36,0.719659,-0.00000352,0.00021679,0.00031387
1,35,0.722123,0.00004579,0.00076352,0.00113300
1,34,0.733211,0.00007484,0.00028387,0.00047563
1,33,0.735583,0.00004972,0.00042004,0.00060326
1,32,0.746595,-0.00000962,0.00029996,0.00042529
1,31,0.755806,-0.00002843,0.00040399,0.00054263
1,30,0.760705,-0.00000515,0.00036713,0.00053064
1,29,0.767108,0.00002303,0.00043942,0.00062545
1,28,0.771324,-0.00003389,0.00029668,0.00042259
1,27,0.777921,0.00007282,0.00054929,0.00079138
1,26,0.786784,0.00004188,0.00042754,0.00064943
1,24,0.799816,0.00006512,0.00047349,0.00072089
1,25,0.800395,0.00045438,0.00167319,0.00221230
1,23,0.805035,-0.00009332,0.00051100,0.00073210
1,22,0.813275,-0.00010567,0.00060655,0.00081108
1,21,0.823067,0.00003721,0.00052078,0.00075244
1,20,0.823891,0.00000816,0.00019666,0.00031227
1,19,0.838253,-0.00005327,0.00023471,0.00031572
1,18,0.842360,-0.00003620,0.00054390,0.00078750
1,17,0.852001,0.00001999,0.00031320,0.00051817
1,16,0.859101,-0.00000627,0.00030626,0.00045533
1,15,0.868099,-0.00007530,0.00036758,0.00052272
1,14,0.876136,0.00003591,0.00045376,0.00065549
1,13,0.885465,0.00002481,0.00048074,0.00078104
1,12,0.892789,0.00001350,0.00060153,0.00092046
1,11,0.900836,0.00011549,0.00071453,0.00106968
1,10,0.910242,0.00002768,0.00098482,0.00161283
1,9,0.918297,0.00005329,0.00110832,0.00155373
1,8,0.928580,0.00005761,0.00080989,0.00122020
1,7,0.934148,0.00004551,0.00042254,0.00065079
1,6,0.943034,-0.00001115,0.00021051,0.00031871
1,5,0.952182,0.00003105,0.00037756,0.00056733
1,4,0.961885,-0.00002618,0.00041788,0.00065840
1,3,0.971650,-0.00009345,0.00062328,0.00096875
1,2,0.980295,-0.00001356,0.00015265,0.00023816
1,1,0.989882,0.00000022,0.00022389,0.00034414
1,0,0.999882,0.00000112,0.00001255,0.00002030
2,511,0.010498,0.00000019,0.00000517,0.00000717
2,509,0.010753,-0.00000053,0.00000287,0.00000425
2,510,0.010792,-0.00000109,0.00000515,0.00000792
2,507,0.010817,0.00000007,0.00000220,0.00000335
2,508,0.010882,-0.00000035,0.00000430,0.00000632
2,506,0.010974,-0.00000004,0.00000127,0.00000188
2,504,0.011051,0.00000011,0.00000310,0.00000445
2,505,0.011176,0.00000001,0.00000286,0.00000405
2,502,0.011193,0.00000020,0.00000163,0.00000218
2,503,0.011386,0.00000068,0.00000361,0.00000527
2,498,0.011611,0.00000016,0.00000206,0.00000275
2,499,0.011732,0.00000013,0.00000289,0.00000397
2,500,0.011794,-0.00000025,0.00000391,0.00000550
2,501,0.011834,-0.00000017,0.00000196,0.00000263
2,495,0.011842,0.00000021,0.00000366,0.00000547
2,492,0.011967,0.00000065,0.00000323,0.00000450
2,496,0.012035,0.00000010,0.00000486,0.00000667
2,497,0.012036,-0.00000034,0.00000739,0.00001011
2,491,0.012279,-0.00000009,0.00000374,0.00000539
2,493,0.012331,0.00000027,0.00000302,0.00000446
2,489,0.012341,-0.00000025,0.00000248,0.00000348
2,494,0.012405,-0.00000028,0.00000303,0.00000422
2,488,0.012683,-0.00000011,0.00000271,0.00000418
2,487,0.012791,0.00000015,0.00000375,0.00000520
2,490,0.012795,0.00000037,0.00000184,0.00000251
2,486,0.012882,-0.00000020,0.00000559,0.00000828
2,481,0.012978,0.00000041,0.00000327,0.00000471
2,484,0.013012,0.00000003,0.00000410,0.00000615
2,483,0.013078,0.00000029,0.00000420,0.00000595
2,485,0.013092,-0.00000051,0.00000221,0.00000330
2,482,0.013524,0.00000170,0.00000652,0.00001140
2,478,0.013635,0.00000034,0.00000444,0.00000602
2,480,0.013738,0.00000011,0.00000218,0.00000323
2,479,0.013970,-0.00000010,0.00000190,0.00000261
2,477,0.014086,-0.00000032,0.00000164,0.00000237
2,474,0.014286,-0.00000016,0.00001047,0.00001391
2,476,0.014326,-0.00000028,0.00000280,0.00000407
2,473,0.014373,-0.00000085,0.00000793,0.00001138
2,475,0.014411,-0.00000023,0.00000183,0.00000276
2,469,0.014731,-0.00000006,0.00000417,0.00000567
2,472,0.014899,0.00000044,0.00000353,0.00000504
2,471,0.015210,0.00000001,0.00000317,0.00000466
2,470,0.015286,-0.00000025,0.00000373,0.00000527
2,468,0.015294,-0.00000004,0.00000369,0.00000535
2,465,0.015401,-0.00000034,0.00000676,0.00000971
2,466,0.015447,-0.00000082,0.00000517,0.00000787
2,463,0.015590,0.00000005,0.00000337,0.00000488
2,467,0.015974,0.00000021,0.00000642,0.00000928
2,464,0.016203,0.00000008,0.00000536,0.00000822
2,462,0.016264,0.00000082,0.00000558,0.00000810
2,461,0.016519,-0.00000011,0.00000392,0.00000581
2,460,0.016808,-0.00000033,0.00000407,0.00000653
2,459,0.016911,-0.00000150,0.00000870,0.00001254
2,458,0.017018,-0.00000002,0.00000983,0.00001358
2,455,0.017138,0.00000018,0.00000645,0.00000928
2,457,0.017179,-0.00000137,0.00000545,0.00000818
2,454,0.017239,0.00000002,0.00000376,0.00000507
2,453,0.017334,0.00000030,0.00000613,0.00000898
2,456,0.017474,-0.00000007,0.00000483,0.00000721
2,452,0.017498,0.00000008,0.00000317,0.00000474
2,451,0.017717,-0.00000064,0.00000357,0.00000510
2,448,0.017935,-0.00000009,0.00000444,0.00000606
2,450,0.018056,0.00000195,0.00000892,0.00001183
2,449,0.018317,-0.00000001,0.00000374,0.00000570
2,447,0.018836,0.00000142,0.00000381,0.00000556
2,443,0.019013,0.00000089,0.00000568,0.00001019
2,446,0.019161,0.00000118,0.00001195,0.00002293
2,445,0.019267,-0.00000027,0.00000437,0.00000615
2,442,0.019493,0.00000065,0.00000603,0.00000968
2,444,0.019639,-0.00000182,0.00001141,0.00002808
2,441,0.019654,-0.00000006,0.00000468,0.00000646
2,437,0.019899,0.00000006,0.00000305,0.00000411
2,439,0.019968,0.00000080,0.00000533,0.00000739
2,438,0.020021,0.00000095,0.00000710,0.00000987
2,440,0.020317,-0.00000049,0.00000487,0.00000692
2,430,0.020706,-0.00000014,0.00000472,0.00000687
2,434,0.020777,0.00000082,0.00000446,0.00000603
2,435,0.020969,0.00000134,0.00000953,0.00001288
2,432,0.021101,0.00000079,0.00000553,0.00000858
2,433,0.021133,0.00000027,0.00000350,0.00000501
2,429,0.021268,0.00000058,0.00000497,0.00000680
2,436,0.021417,-0.00000039,0.00000785,0.00001140
2,431,0.021837,0.00000013,0.00000509,0.00000747
2,428,0.022057,-0.00000037,0.00001146,0.00001617
2,424,0.022221,-0.00000057,0.00000364,0.00000495
2,427,0.022534,0.00000123,0.00000513,0.00000721
2,423,0.022884,-0.00000090,0.00000648,0.00000940
2,425,0.022894,0.00000038,0.00000403,0.00000580
2,420,0.023109,0.00000046,0.00000354,0.00000511
2,421,0.023182,0.00000149,0.00001000,0.00001635
2,426,0.023485,-0.00000020,0.00000637,0.00000929
2,422,0.023532,0.00000037,0.00000429,0.00000585
2,418,0.023548,0.00000057,0.00000326,0.00000481
2,417,0.024007,0.00000101,0.00000523,0.00000733
2,419,0.024262,-0.00000042,0.00000696,0.00000993
2,416,0.024561,-0.00000044,0.00000310,0.00000445
2,415,0.024742,-0.00000022,0.00000320,0.00000456
2,411,0.025202,0.00000012,0.00000704,0.00001017
2,408,0.025298,-0.00000004,0.00000596,0.00000847
2,414,0.025329,0.00000070,0.00001000,0.00001370
2,410,0.025394,-0.00000025,0.00000496,0.00000763
2,407,0.025472,0.00000034,0.00000509,0.00000670
2,409,0.026121,0.00000041,0.00000584,0.00000780
2,412,0.026178,0.00000072,0.00000453,0.00000667
2,413,0.026195,-0.00000059,0.00000865,0.00001308
2,406,0.026378,-0.00000020,0.00000394,0.00000545
2,405,0.026436,0.00000004,0.00000461,0.00000615
2,402,0.026879,-0.00000068,0.00000527,0.00000752
2,404,0.027241,0.00000001,0.00000479,0.00000707
2,400,0.027305,-0.00000014,0.00000804,0.00001244
2,403,0.027454,-0.00000006,0.00000417,0.00000581
2,399,0.028004,0.00000038,0.00000552,0.00000768
2,401,0.028768,-0.00000068,0.00000939,0.00001375
2,396,0.029009,0.00000061,0.00000892,0.00001348
2,398,0.029170,-0.00000000,0.00000505,0.00000749
2,395,0.029224,0.00000167,0.00000934,0.00001325
2,394,0.029464,0.00000018,0.00000892,0.00001217
2,397,0.029505,-0.00000108,0.00000970,0.00001260
2,393,0.029653,-0.00000028,0.00000575,0.00000786
2,389,0.030185,0.00000120,0.00000988,0.00001375
2,391,0.030386,-0.00000083,0.00000826,0.00001187
2,390,0.030771,0.00000279,0.00001219,0.00001952
2,392,0.031247,-0.00000126,0.00000898,0.00001266
2,386,0.031813,-0.00000094,0.00001011,0.00001447
2,387,0.031891,0.00000011,0.00000641,0.00000961
2,388,0.031960,0.00000017,0.00000637,0.00000987
2,382,0.032183,-0.00000020,0.00001227,0.00001749
2,383,0.032369,0.00000021,0.00001019,0.00001462
2,385,0.032539,-0.00000117,0.00002295,0.00003320
2,380,0.033589,0.00000085,0.00001083,0.00001465
2,384,0.033677,0.00000073,0.00001602,0.00002140
2,376,0.033697,0.00000070,0.00000657,0.00000946
2,379,0.033790,0.00000196,0.00001568,0.00002127
2,378,0.034042,-0.00000093,0.00001019,0.00001529
2,381,0.034179,-0.00000011,0.00000865,0.00001288
2,377,0.034305,-0.00000048,0.00000831,0.00001254
2,374,0.035061,0.00000011,0.00000754,0.00001146
2,369,0.035986,0.00000005,0.00001538,0.00002182
2,368,0.036194,0.00000261,0.00000943,0.00001472
2,375,0.036294,-0.00000028,0.00000879,0.00001329
2,371,0.036311,0.00000041,0.00000680,0.00000922
2,373,0.036483,0.00000141,0.00001074,0.00001619
2,372,0.036492,0.00000006,0.00001738,0.00002356
2,370,0.036769,0.00000094,0.00001412,0.00002195
2,367,0.037246,-0.00000218,0.00001354,0.00002277
2,365,0.037315,-0.00000031,0.00000945,0.00001782
2,366,0.038381,-0.00000219,0.00001886,0.00002773
2,360,0.038784,0.00000304,0.00002059,0.00002974
2,363,0.038898,0.00000047,0.00000773,0.00001111
2,364,0.039391,0.00000065,0.00000869,0.00001204
2,361,0.039941,0.00000084,0.00000616,0.00000843
2,362,0.040019,0.00000033,0.00001932,0.00002680
2,358,0.040916,-0.00000005,0.00001327,0.00001895
2,359,0.041040,-0.00000130,0.00000820,0.00001196
2,357,0.041335,0.00000124,0.00001042,0.00001658
2,355,0.042041,0.00000013,0.00000521,0.00000708
2,354,0.042176,0.00000132,0.00000837,0.00001179
2,356,0.042211,0.00000020,0.00000662,0.00000965
2,351,0.042858,0.00000087,0.00001576,0.00002484
2,352,0.043198,0.00000203,0.00001750,0.00002357
2,350,0.043542,-0.00000011,0.00001455,0.00002151
2,353,0.043586,-0.00000020,0.00001129,0.00001605
2,348,0.044324,0.00000009,0.00002962,0.00004456
2,347,0.045634,0.00000229,0.00001662,0.00002247
2,346,0.045812,0.00000132,0.00001430,0.00002119
2,349,0.046074,0.00000066,0.00000867,0.00001251
2,345,0.046161,0.00000124,0.00001602,0.00002548
2,341,0.046512,0.00000085,0.00001041,0.00001669
2,343,0.046629,0.00000036,0.00000844,0.00001147
2,342,0.047165,0.00000003,0.00000877,0.00001331
2,344,0.047281,-0.00000023,0.00000709,0.00001077
2,340,0.048674,-0.00000140,0.00001833,0.00002512
2,335,0.049077,-0.00000393,0.00002415,0.00003834
2,332,0.049565,-0.00000068,0.00001108,0.00001560
2,336,0.049719,0.00000059,0.00000738,0.00001033
2,334,0.049722,0.00000013,0.00000775,0.00001038
2,337,0.049787,0.00000065,0.00001370,0.00001864
2,338,0.049794,-0.00000021,0.00001086,0.00001693
2,339,0.050141,-0.00000002,0.00001773,0.00002611
2,333,0.051309,-0.00000081,0.00001979,0.00002769
2,329,0.052303,0.00000091,0.00001050,0.00001496
2,328,0.053036,-0.00000032,0.00002246,0.00003305
2,331,0.053328,0.00000112,0.00000820,0.00001166
2,324,0.053398,-0.00000004,0.00001335,0.00001900
2,326,0.053656,-0.00000078,0.00000887,0.00001223
2,330,0.053867,-0.00000086,0.00001089,0.00001516
2,327,0.055456,0.00000255,0.00001704,0.00002823
2,319,0.055736,0.00000120,0.00000893,0.00001264
2,322,0.055817,0.00000091,0.00000932,0.00001256
2,320,0.055978,0.00000030,0.00001313,0.00001839
2,325,0.055981,0.00000020,0.00001214,0.00001725
2,323,0.056037,0.00000031,0.00001962,0.00002786
2,321,0.056651,-0.00000129,0.00001287,0.00001957
2,318,0.058635,0.00000273,0.00002408,0.00004070
2,317,0.059084,-0.00000051,0.00001082,0.00001564
2,315,0.059437,-0.00000523,0.00004289,0.00006162
2,316,0.059929,-0.00000216,0.00003263,0.00005597
2,314,0.060026,-0.00000287,0.00002060,0.00002935
2,309,0.060086,0.00000251,0.00002267,0.00003304
2,313,0.061337,-0.00000082,0.00001029,0.00001410
2,312,0.062225,0.00000040,0.00001064,0.00001556
2,311,0.062953,0.00000502,0.00004525,0.00006708
2,310,0.064182,-0.00000196,0.00000892,0.00001256
2,308,0.064296,-0.00000020,0.00001638,0.00002327
2,303,0.064382,0.00000138,0.00001929,0.00002725
2,301,0.064761,0.00000374,0.00002608,0.00004677
2,305,0.065427,0.00000034,0.00003288,0.00004930
2,307,0.066156,0.00000089,0.00002119,0.00003061
2,306,0.066401,0.00000107,0.00001086,0.00001590
2,302,0.067840,-0.00000015,0.00001120,0.00001693
2,304,0.067889,-0.00000167,0.00003419,0.00005308
2,298,0.068905,-0.00000085,0.00001169,0.00001619
2,300,0.068924,-0.00000034,0.00002348,0.00003204
2,295,0.070099,0.00000071,0.00002045,0.00002836
2,297,0.070241,0.00000033,0.00001288,0.00001858
2,299,0.071340,0.00000147,0.00001590,0.00002223
2,296,0.071677,-0.00000205,0.00002023,0.00002669
2,294,0.072127,-0.00000072,0.00000979,0.00001395
2,292,0.073372,-0.00000111,0.00001334,0.00001807
2,293,0.074123,0.00000444,0.00002614,0.00003569
2,289,0.075185,-0.00000125,0.00001773,0.00002568
2,291,0.075243,-0.00000515,0.00002697,0.00003674
2,290,0.075364,-0.00000005,0.00002289,0.00003189
2,288,0.075694,-0.00000012,0.00001859,0.00002691
2,287,0.075967,0.00000085,0.00001668,0.00002406
2,285,0.077544,0.00000113,0.00001646,0.00002367
2,283,0.078165,-0.00000053,0.00001608,0.00002338
2,286,0.078283,0.00000148,0.00001626,0.00002564
2,284,0.078474,-0.00000234,0.00002846,0.00004576
2,282,0.079823,-0.00000065,0.00003221,0.00004762
2,281,0.081843,0.00000093,0.00002653,0.00003772
2,275,0.082352,0.00000169,0.00001877,0.00002672
2,279,0.083349,-0.00000143,0.00003392,0.00005060
2,280,0.083937,-0.00000504,0.00003161,0.00004164
2,278,0.084014,-0.00000227,0.00003169,0.00005540
2,277,0.084612,0.00000678,0.00002980,0.00004550
2,274,0.085625,-0.00000178,0.00004463,0.00006912
2,270,0.087664,-0.00000259,0.00002413,0.00003756
2,272,0.087681,-0.00000187,0.00001364,0.00001907
2,276,0.087828,0.00000073,0.00001357,0.00001944
2,273,0.089333,-0.00000666,0.00003461,0.00004997
2,271,0.090767,0.00000852,0.00002761,0.00003762
2,269,0.090949,0.00001872,0.00005987,0.00008817
2,265,0.091887,0.00000126,0.00002236,0.00003088
2,267,0.092684,0.00000105,0.00003088,0.00004226
2,264,0.093657,-0.00000291,0.00003200,0.00005257
2,268,0.093842,-0.00000114,0.00003623,0.00005293
2,266,0.093954,0.00000147,0.00001695,0.00002384
2,261,0.094125,-0.00000219,0.00002723,0.00004221
2,263,0.094491,-0.00000477,0.00003265,0.00006005
2,262,0.096959,0.00000075,0.00001132,0.00001607
2,259,0.097251,0.00000141,0.00002230,0.00003275
2,260,0.097840,-0.00000189,0.00001487,0.00002149
2,258,0.099722,-0.00000448,0.00002096,0.00003242
2,255,0.100670,-0.00000004,0.00003122,0.00004655
2,253,0.102409,-0.00000100,0.00001778,0.00002632
2,257,0.102639,-0.00000207,0.00001574,0.00002106
2,252,0.103591,-0.00000169,0.00003198,0.00004571
2,256,0.104018,0.00000227,0.00002616,0.00003729
2,251,0.105608,0.00000028,0.00001844,0.00002695
2,254,0.106779,0.00000085,0.00002517,0.00003652
2,250,0.107358,0.00000249,0.00001682,0.00002308
2,246,0.107953,-0.00000349,0.00001965,0.00002698
2,249,0.108260,-0.00000398,0.00003339,0.00004790
2,248,0.108902,-0.00000194,0.00003537,0.00005236
2,245,0.111335,-0.00000085,0.00001652,0.00002781
2,247,0.112780,0.00000298,0.00003379,0.00004813
2,243,0.114029,-0.00000062,0.00002463,0.00003383
2,242,0.116632,0.00000633,0.00004110,0.00005803
2,241,0.116862,-0.00000022,0.00001678,0.00002489
2,244,0.116900,-0.00000350,0.00002651,0.00004194
2,239,0.118741,-0.00000139,0.00004047,0.00005799
2,235,0.119349,-0.00000797,0.00005105,0.00007037
2,236,0.119842,0.00000123,0.00004190,0.00007583
2,238,0.121442,-0.00000017,0.00002614,0.00003678
2,240,0.121558,-0.00001069,0.00006365,0.00008509
2,237,0.122258,0.00000096,0.00002432,0.00003613
2,231,0.123965,-0.00000168,0.00003395,0.00004884
2,234,0.125297,-0.00000244,0.00003438,0.00004959
2,232,0.125741,0.00000148,0.00001658,0.00002340
2,230,0.125966,0.00000254,0.00003223,0.00004642
2,233,0.127109,-0.00000252,0.00004137,0.00005780
2,225,0.129089,0.00000008,0.00004143,0.00005591
2,228,0.131064,-0.00000066,0.00001560,0.00002130
2,229,0.131091,0.00000129,0.00002454,0.00003375
2,226,0.132746,0.00000249,0.00002742,0.00004275
2,227,0.134331,-0.00001782,0.00007525,0.00010331
2,224,0.135343,0.00000208,0.00001746,0.00002609
2,223,0.135858,0.00000209,0.00002072,0.00003076
2,221,0.136269,0.00000351,0.00003069,0.00004355
2,222,0.136587,-0.00000033,0.00004204,0.00005826
2,220,0.138511,0.00000595,0.00003685,0.00004919
2,218,0.139807,0.00000290,0.00002222,0.00002939
2,219,0.140596,0.00000196,0.00007331,0.00011505
2,217,0.143568,0.00000005,0.00003964,0.00005535
2,216,0.143764,0.00000441,0.00003146,0.00004493
2,215,0.145084,0.00000228,0.00003159,0.00004375
2,214,0.146111,-0.00000230,0.00002839,0.00004018
2,211,0.149313,0.00000236,0.00003324,0.00004888
2,213,0.149745,-0.00000179,0.00002561,0.00003952
2,212,0.150321,-0.00001494,0.00005880,0.00008133
2,208,0.152924,-0.00000032,0.00005113,0.00007552
2,207,0.155288,0.00000080,0.00004025,0.00005722
2,206,0.155655,-0.00000122,0.00002094,0.00002888
2,210,0.157538,0.00000320,0.00006039,0.00008702
2,209,0.158050,-0.00000087,0.00006026,0.00008060
2,202,0.158899,-0.00000280,0.00004011,0.00005679
2,203,0.161219,-0.00000489,0.00002325,0.00003348
2,205,0.161287,-0.00000101,0.00003866,0.00005865
2,204,0.162341,-0.00000113,0.00002345,0.00003178
2,198,0.162837,-0.00000127,0.00004752,0.00007508
2,200,0.166455,-0.00000377,0.00005295,0.00007116
2,199,0.168309,-0.00001244,0.00004962,0.00006726
2,201,0.168656,0.00001056,0.00005941,0.00008226
2,197,0.171399,0.00000042,0.00002835,0.00003845
2,196,0.171690,0.00000014,0.00001979,0.00002850
2,195,0.174489,0.00000079,0.00002574,0.00003722
2,193,0.176314,0.00000047,0.00003047,0.00004514
2,194,0.181811,-0.00000011,0.00006649,0.00009818
2,192,0.182865,0.00000122,0.00003447,0.00005298
2,188,0.184638,0.00000148,0.00003463,0.00004861
2,191,0.184829,-0.00000366,0.00002660,0.00005008
2,189,0.185506,0.00000448,0.00003078,0.00004361
2,190,0.186329,0.00000416,0.00002955,0.00005119
2,187,0.187054,0.00000976,0.00006739,0.00010369
2,185,0.188983,0.00000409,0.00003814,0.00006379
2,186,0.189305,-0.00000729,0.00004914,0.00006912
2,182,0.193776,-0.00000411,0.00004624,0.00006967
2,183,0.194579,0.00000238,0.00004350,0.00006160
2,181,0.198003,0.00002127,0.00008565,0.00013364
2,184,0.200173,-0.00001645,0.00008801,0.00011719
2,179,0.201935,0.00000275,0.00011245,0.00016251
2,178,0.202112,0.00000474,0.00002378,0.00003570
2,175,0.204340,0.00000471,0.00006332,0.00008837
2,180,0.204382,-0.00000864,0.00007685,0.00010846
2,177,0.204573,-0.00000831,0.00006270,0.00010191
2,174,0.208074,0.00000408,0.00002827,0.00004022
2,176,0.212422,-0.00000871,0.00006807,0.00009362
2,173,0.215623,0.00000483,0.00004305,0.00006080
2,171,0.216894,0.00000124,0.00002366,0.00003315
2,169,0.217235,-0.00000474,0.00006564,0.00009496
2,172,0.217880,0.00000272,0.00005230,0.00008098
2,170,0.223326,-0.00000726,0.00005234,0.00010767
2,166,0.225426,0.00000143,0.00002977,0.00004605
2,167,0.226301,0.00000510,0.00005066,0.00006765
2,168,0.227090,-0.00001013,0.00008606,0.00012104
2,163,0.228805,0.00000014,0.00006343,0.00009295
2,162,0.233067,-0.00000108,0.00002800,0.00004108
2,161,0.233183,0.00000559,0.00004888,0.00007461
2,164,0.235493,-0.00000368,0.00003730,0.00005528
2,165,0.239616,0.00000055,0.00009814,0.00014669
2,160,0.241326,-0.00000643,0.00006287,0.00008427
2,158,0.241695,0.00000057,0.00004816,0.00006738
2,159,0.247896,0.00001197,0.00014605,0.00021301
2,157,0.248432,-0.00000450,0.00010792,0.00015402
2,155,0.248906,-0.00000600,0.00004279,0.00006231
2,156,0.249302,-0.00000255,0.00005515,0.00008309
2,152,0.254538,0.00000109,0.00004283,0.00006095
2,153,0.255161,0.00000252,0.00005852,0.00008148
2,154,0.255233,-0.00000761,0.00005308,0.00008015
2,151,0.257415,0.00000655,0.00009713,0.00013258
2,150,0.263421,0.00000487,0.00008312,0.00012639
2,148,0.265463,-0.00000349,0.00007970,0.00011686
2,149,0.265840,-0.00000400,0.00007678,0.00013542
2,146,0.268782,-0.00001367,0.00010786,0.00015690
2,147,0.272116,0.00000377,0.00005618,0.00008169
2,144,0.275762,0.00000054,0.00007392,0.00010396
2,142,0.279313,-0.00000831,0.00012853,0.00022010
2,141,0.279793,0.00001003,0.00007512,0.00010930
2,143,0.280142,0.00000269,0.00004665,0.00006304
2,145,0.285692,0.00000574,0.00008787,0.00013510
2,140,0.286588,0.00000014,0.00009782,0.00013629
2,139,0.286678,0.00001644,0.00008339,0.00018095
2,138,0.290370,0.00000103,0.00005942,0.00008845
2,136,0.292755,-0.00000223,0.00005830,0.00008412
2,137,0.295708,0.00000390,0.00013145,0.00018858
2,134,0.297126,-0.00001041,0.00007434,0.00011910
2,135,0.300172,0.00001956,0.00019006,0.00026211
2,133,0.303890,-0.00000439,0.00010393,0.00014737
2,130,0.305634,0.00000481,0.00007661,0.00010332
2,132,0.305744,0.00001591,0.00010332,0.00015027
2,131,0.310440,0.00000384,0.00012674,0.00019849
2,128,0.310538,0.00000139,0.00005738,0.00008369
2,129,0.317930,-0.00002952,0.00013116,0.00019425
2,127,0.324476,0.00000117,0.00005428,0.00007499
2,124,0.324721,0.00000054,0.00008646,0.00011596
2,126,0.324871,0.00001519,0.00011708,0.00016068
2,125,0.327745,-0.00000573,0.00010875,0.00017492
2,122,0.332594,-0.00000413,0.00011375,0.00020423
2,123,0.335285,0.00000168,0.00011291,0.00018786
2,121,0.336890,0.00000399,0.00009425,0.00013159
2,120,0.344438,0.00000427,0.00010143,0.00013506
2,118,0.344817,0.00001206,0.00009526,0.00013098
2,119,0.347047,0.00000235,0.00007950,0.00011662
2,116,0.349492,-0.00000162,0.00005938,0.00007972
2,117,0.349773,0.00000644,0.00006331,0.00008486
2,114,0.359457,-0.00000097,0.00008144,0.00012147
2,113,0.361425,0.00000270,0.00006979,0.00009321
2,115,0.361445,-0.00000374,0.00009849,0.00014132
2,112,0.367129,0.00000475,0.00017346,0.00025122
2,109,0.372324,-0.00001009,0.00007341,0.00009833
2,110,0.373010,0.00001840,0.00016314,0.00022901
2,108,0.373735,-0.00001736,0.00006924,0.00009679
2,111,0.374911,0.00000164,0.00008703,0.00012724
2,107,0.383416,-0.00002001,0.00006912,0.00009881
2,104,0.387146,0.00000837,0.00008162,0.00011609
2,106,0.387807,0.00000491,0.00004930,0.00008226
2,103,0.393084,0.00000803,0.00010074,0.00014433
2,105,0.393523,0.00000843,0.00009106,0.00013124
2,100,0.397933,-0.00001350,0.00008310,0.00012072
2,101,0.398979,-0.00001150,0.00012558,0.00017514
2,102,0.399992,-0.00003784,0.00027730,0.00044280
2,98,0.408912,0.00003213,0.00036748,0.00052257
2,99,0.412532,-0.00000310,0.00012652,0.00018839
2,96,0.420887,0.00001144,0.00007286,0.00010778
2,97,0.422328,-0.00000468,0.00015478,0.00021489
2,95,0.429518,-0.00003473,0.00016791,0.00032590
2,94,0.431881,-0.00000954,0.00012069,0.00019314
2,93,0.438242,0.00000800,0.00008749,0.00012817
2,90,0.440337,-0.00001708,0.00017309,0.00028031
2,92,0.441472,0.00000589,0.00011292,0.00015806
2,91,0.444660,-0.00002380,0.00023359,0.00033990
2,89,0.448132,0.00002524,0.00021527,0.00030353
2,88,0.455851,-0.00001805,0.00016693,0.00021688
2,87,0.456054,-0.00001542,0.00011909,0.00016090
2,84,0.466731,-0.00000219,0.00012088,0.00016937
2,86,0.467964,-0.00000119,0.00010297,0.00014764
2,85,0.468786,0.00000744,0.00016351,0.00022449
2,81,0.479729,0.00001421,0.00010939,0.00018600
2,82,0.481631,0.00002063,0.00018172,0.00027618
2,79,0.484229,0.00000161,0.00010263,0.00014209
2,83,0.486722,-0.00002941,0.00028390,0.00043843
2,80,0.489032,-0.00001244,0.00020925,0.00032955
2,78,0.491140,0.00000185,0.00007832,0.00011022
2,77,0.499897,0.00000796,0.00014470,0.00020891
2,74,0.503058,0.00000351,0.00012355,0.00019048
2,76,0.503301,0.00001902,0.00018414,0.00026125
2,75,0.508270,-0.00001290,0.00011407,0.00015528
2,73,0.523051,-0.00000612,0.00012597,0.00018089
2,70,0.529352,-0.00000006,0.00008888,0.00013072
2,72,0.529408,0.00002711,0.00020435,0.00026962
2,71,0.532339,0.00000212,0.00021645,0.00030472
2,69,0.536430,-0.00002014,0.00015577,0.00021194
2,68,0.540725,0.00001191,0.00029981,0.00040808
2,67,0.543123,0.00001379,0.00024565,0.00042354
2,66,0.550477,0.00000228,0.00010472,0.00015265
2,65,0.560008,-0.00001034,0.00025155,0.00037638
2,63,0.561669,-0.00000511,0.00009530,0.00014096
2,64,0.568305,0.00000386,0.00019390,0.00027101
2,62,0.569061,0.00002049,0.00018416,0.00026934
2,61,0.580832,-0.00002245,0.00040508,0.00055083
2,60,0.581521,0.00000417,0.00016422,0.00022651
2,59,0.583804,-0.00000881,0.00011125,0.00016009
2,58,0.590345,0.00000842,0.00023488,0.00032103
2,56,0.598072,-0.00001298,0.00010121,0.00015111
2,57,0.599268,0.00001493,0.00017508,0.00024315
2,54,0.608597,0.00001612,0.00015617,0.00020686
2,55,0.609303,-0.00003178,0.00021808,0.00032692
2,53,0.620084,0.00000278,0.00013631,0.00020643
2,52,0.623760,-0.00005983,0.00026400,0.00038543
2,50,0.627828,-0.00001342,0.00011040,0.00016085
2,51,0.640417,0.00000640,0.00021484,0.00031297
2,49,0.644250,-0.00000588,0.00015861,0.00022704
2,48,0.645268,-0.00000801,0.00014057,0.00019237
2,47,0.650979,0.00001162,0.00006794,0.00009511
2,46,0.656602,0.00001218,0.00012070,0.00017635
2,44,0.666620,-0.00000657,0.00017061,0.00024387
2,45,0.667614,-0.00001998,0.00014013,0.00019542
2,43,0.674737,-0.00002293,0.00037239,0.00048755
2,42,0.677571,-0.00003052,0.00030627,0.00041547
2,41,0.690635,0.00000283,0.00017399,0.00025473
2,40,0.697655,-0.00004333,0.00017556,0.00025387
2,39,0.699036,-0.00000536,0.00032052,0.00043768
2,38,0.708052,0.00002817,0.00028259,0.00039420
2,37,0.716005,0.00003324,0.00023317,0.00034182
2,36,0.726244,0.00007627,0.00024128,0.00037502
2,34,0.727798,0.00001409,0.00014162,0.00022006
2,35,0.728348,0.00006435,0.00034637,0.00048340
2,33,0.742083,-0.00005896,0.00031904,0.00044239
2,32,0.742583,0.00000530,0.00015373,0.00023297
2,31,0.749649,-0.00000806,0.00017570,0.00025174
2,30,0.758840,-0.00000984,0.00028855,0.00044462
2,29,0.767335,0.00003653,0.00022517,0.00030772
2,28,0.773226,-0.00000397,0.00016721,0.00024511
2,27,0.778894,0.00001002,0.00026152,0.00041505
2,26,0.788017,-0.00000122,0.00033252,0.00060593
2,25,0.788919,0.00000587,0.00014573,0.00020949
2,24,0.799253,0.00001307,0.00024203,0.00034425
2,23,0.803121,-0.00002278,0.00014981,0.00020715
2,22,0.815695,-0.00000780,0.00044702,0.00067004
2,21,0.820116,0.00000398,0.00044877,0.00069995
2,20,0.830577,-0.00000580,0.00019797,0.00028492
2,19,0.840480,-0.00000226,0.00024624,0.00035420
2,18,0.848286,0.00021933,0.00080908,0.00111039
2,17,0.855543,0.00021798,0.00086867,0.00122370
2,16,0.864064,-0.00003964,0.00035862,0.00049330
2,15,0.871189,0.00017270,0.00100895,0.00140276
2,14,0.878494,0.00005093,0.00072280,0.00106520
2,13,0.883947,0.00001385,0.00020575,0.00035299
2,12,0.892981,0.00003876,0.00036583,0.00052149
2,11,0.900040,0.00001308,0.00013696,0.00020126
2,10,0.911182,0.00009203,0.00133605,0.00188157
2,9,0.916101,-0.00000325,0.00019646,0.00030828
2,8,0.926540,-0.00022559,0.00113549,0.00223828
2,7,0.933677,0.00000364,0.00019134,0.00028871
2,6,0.944379,0.00002157,0.00018266,0.00028677
2,5,0.952499,0.00007590,0.00039125,0.00078696
2,4,0.961743,-0.00002729,0.00020629,0.00035242
2,3,0.972089,-0.00011774,0.00079461,0.00150377
2,2,0.980554,0.00002810,0.00017420,0.00041445
2,1,0.990025,0.00001172,0.00012857,0.00019655
2,0,0.999881,-0.00000082,0.00000709,0.00001472
3,510,0.010256,0.00000004,0.00000174,0.00000249
3,511,0.010459,0.00000040,0.00000188,0.00000261
3,507,0.010677,0.00000003,0.00000131,0.00000177
3,509,0.010709,0.00000119,0.00000436,0.00000640
3,505,0.010791,0.00000010,0.00000106,0.00000147
3,503,0.011092,0.00000002,0.00000430,0.00000565
3,506,0.011134,-0.00000020,0.00000088,0.00000132
3,504,0.011231,-0.00000038,0.00000306,0.00000433
3,508,0.011258,-0.00000005,0.00000196,0.00000292
3,502,0.011348,-0.00000010,0.00000096,0.00000137
3,500,0.011491,0.00000024,0.00000164,0.00000282
3,501,0.011631,-0.00000004,0.00000128,0.00000179
3,497,0.011863,-0.00000006,0.00000220,0.00000303
3,495,0.011881,0.00000023,0.00000238,0.00000338
3,499,0.011974,-0.00000060,0.00000600,0.00000854
3,491,0.011978,-0.00000002,0.00000113,0.00000161
3,498,0.012035,0.00000020,0.00000248,0.00000358
3,492,0.012159,0.00000004,0.00000186,0.00000257
3,496,0.012161,-0.00000013,0.00000193,0.00000263
3,490,0.012423,-0.00000021,0.00000240,0.00000339
3,493,0.012430,0.00000027,0.00000173,0.00000249
3,485,0.012689,-0.00000037,0.00000237,0.00000328
3,489,0.012730,0.00000006,0.00000357,0.00000495
3,487,0.012734,-0.00000029,0.00000234,0.00000355
3,494,0.012758,0.00000009,0.00000172,0.00000247
3,488,0.012791,-0.00000011,0.00000093,0.00000137
3,484,0.013083,-0.00000018,0.00000095,0.00000143
3,479,0.013313,0.00000024,0.00000195,0.00000283
3,486,0.013554,-0.00000008,0.00000178,0.00000250
3,483,0.013641,0.00000008,0.00000316,0.00000457
3,481,0.013707,-0.00000007,0.00000178,0.00000235
3,478,0.013787,0.00000007,0.00000346,0.00000477
3,480,0.013801,0.00000177,0.00000724,0.00001214
3,482,0.013844,-0.00000016,0.00000147,0.00000209
3,477,0.014028,0.00000017,0.00000081,0.00000111
3,476,0.014256,-0.00000004,0.00000126,0.00000183
3,475,0.014456,0.00000004,0.00000239,0.00000458
3,473,0.014581,-0.00000021,0.00000312,0.00000441
3,474,0.014635,0.00000008,0.00000576,0.00000948
3,471,0.014808,0.00000251,0.00001142,0.00001602
3,469,0.014995,-0.00000015,0.00000154,0.00000210
3,472,0.015002,-0.00000022,0.00000347,0.00000492
3,468,0.015355,-0.00000036,0.00000281,0.00000393
3,470,0.015369,0.00000033,0.00000378,0.00000533
3,463,0.015570,-0.00000042,0.00000197,0.00000307
3,467,0.015622,0.00000011,0.00000347,0.00000498
3,466,0.015699,0.00000031,0.00000310,0.00000446
3,465,0.015889,-0.00000086,0.00000567,0.00000735
3,464,0.015972,-0.00000008,0.00000812,0.00001207
3,460,0.016273,-0.00000006,0.00000176,0.00000256
3,459,0.016351,0.00000059,0.00000371,0.00000498
3,461,0.016401,-0.00000067,0.00000667,0.00000983
3,462,0.016421,0.00000010,0.00000226,0.00000329
3,457,0.016577,-0.00000015,0.00000319,0.00000478
3,456,0.017114,0.00000001,0.00000332,0.00000473
3,458,0.017144,0.00000157,0.00001464,0.00001954
3,455,0.017403,-0.00000018,0.00000217,0.00000310
3,454,0.017564,-0.00000036,0.00000250,0.00000375
3,453,0.017623,0.00000038,0.00000209,0.00000313
3,451,0.017691,-0.00000007,0.00000126,0.00000181
3,452,0.017924,0.00000047,0.00000496,0.00000627
3,450,0.018060,0.00000074,0.00000408,0.00000569
3,449,0.018108,-0.00000052,0.00000562,0.00000799
3,448,0.018168,-0.00000025,0.00000403,0.00000575
3,447,0.018279,-0.00000006,0.00000185,0.00000263
3,446,0.018762,0.00000007,0.00000180,0.00000245
3,445,0.018799,0.00000030,0.00000273,0.00000447
3,442,0.019084,0.00000035,0.00000328,0.00000437
3,443,0.019206,-0.00000050,0.00000572,0.00000781
3,444,0.019232,0.00000034,0.00000693,0.00000973
3,439,0.019512,-0.00000013,0.00000587,0.00000950
3,441,0.019845,-0.00000042,0.00000710,0.00001000
3,437,0.019903,0.00000011,0.00000175,0.00000270
3,438,0.019963,0.00000099,0.00000366,0.00000505
3,440,0.019990,0.00000058,0.00000483,0.00000628
3,432,0.020521,0.00000055,0.00000372,0.00000546
3,435,0.020551,-0.00000019,0.00000291,0.00000420
3,436,0.020664,0.00000347,0.00001114,0.00001686
3,434,0.020890,-0.00000031,0.00000454,0.00000633
3,433,0.020917,-0.00000006,0.00000424,0.00000682
3,430,0.020946,-0.00000027,0.00000359,0.00000526
3,431,0.021525,-0.00000004,0.00000174,0.00000242
3,428,0.021662,0.00000055,0.00000490,0.00000674
3,424,0.021856,0.00000027,0.00000317,0.00000465
3,429,0.021863,-0.00000025,0.00000257,0.00000435
3,425,0.022069,-0.00000022,0.00000287,0.00000399
3,427,0.022129,0.00000043,0.00000357,0.00000553
3,426,0.022232,0.00000103,0.00000282,0.00000407
3,423,0.022567,-0.00000001,0.00000264,0.00000358
3,421,0.023290,-0.00000024,0.00000346,0.00000502
3,422,0.023463,-0.00000053,0.00000845,0.00001243
3,420,0.023636,-0.00000016,0.00000314,0.00000435
3,416,0.023744,0.00000029,0.00000179,0.00000256
3,418,0.023798,-0.00000043,0.00000340,0.00000527
3,417,0.023847,0.00000012,0.00000197,0.00000293
3,419,0.023864,-0.00000014,0.00000931,0.00001290
3,413,0.024536,-0.00000022,0.00000288,0.00000413
3,415,0.024761,-0.00000024,0.00000326,0.00000482
3,414,0.025100,-0.00000042,0.00000727,0.00001091
3,412,0.025161,-0.00000066,0.00000593,0.00000905
3,411,0.025469,0.00000044,0.00000377,0.00000527
3,410,0.025509,-0.00000057,0.00000426,0.00000600
3,409,0.025721,-0.00000086,0.00000460,0.00000640
3,408,0.025885,0.00000006,0.00000288,0.00000430
3,407,0.026239,0.00000041,0.00001472,0.00001997
3,406,0.027112,0.00000000,0.00000362,0.00000514
3,404,0.027324,0.00000037,0.00000594,0.00000837
3,405,0.027455,0.00000011,0.00000555,0.00000798
3,400,0.027665,0.00000076,0.00000863,0.00001438
3,403,0.027802,0.00000057,0.00000504,0.00000726
3,402,0.027816,0.00000130,0.00000805,0.00001182
3,401,0.027963,0.00000036,0.00000392,0.00000550
3,396,0.028578,-0.00000010,0.00000410,0.00000575
3,397,0.028670,0.00000061,0.00000565,0.00000793
3,399,0.028684,-0.00000113,0.00000815,0.00001119
3,398,0.029589,-0.00000050,0.00000350,0.00000492
3,392,0.029996,-0.00000007,0.00000565,0.00000828
3,393,0.030073,0.00000001,0.00000448,0.00000642
3,394,0.030168,-0.00000030,0.00000347,0.00000494
3,389,0.030429,-0.00000181,0.00001050,0.00001607
3,395,0.030510,-0.00000008,0.00000483,0.00000676
3,390,0.030513,0.00000055,0.00000472,0.00000626
3,391,0.030882,0.00000129,0.00000610,0.00001081
3,387,0.031370,0.00000001,0.00000254,0.00000358
3,386,0.031564,-0.00000139,0.00001027,0.00001433
3,383,0.032005,-0.00000056,0.00000886,0.00001201
3,388,0.032089,0.00000056,0.00000584,0.00000845
3,384,0.032111,-0.00000027,0.00000340,0.00000522
3,385,0.032338,-0.00000028,0.00001036,0.00001480
3,382,0.032644,-0.00000018,0.00000562,0.00000774
3,380,0.032948,0.00000184,0.00000620,0.00000818
3,377,0.033071,0.00000086,0.00001074,0.00001510
3,381,0.033316,0.00000046,0.00000505,0.00000702
3,378,0.034080,-0.00000053,0.00000623,0.00000870
3,375,0.034471,0.00000110,0.00000800,0.00001068
3,379,0.034538,0.00000062,0.00001483,0.00002124
3,376,0.035293,-0.00000125,0.00001101,0.00001556
3,373,0.035366,0.00000166,0.00000699,0.00000967
3,374,0.035685,0.00000023,0.00000636,0.00000898
3,372,0.036193,-0.00000044,0.00001086,0.00001476
3,371,0.036208,-0.00000027,0.00000351,0.00000482
3,368,0.036863,-0.00000127,0.00001237,0.00001723
3,367,0.036867,0.00000034,0.00000875,0.00001250
3,365,0.037157,-0.00000025,0.00000395,0.00000580
3,370,0.037237,-0.00000004,0.00001115,0.00001643
3,369,0.037470,0.00000008,0.00000761,0.00001307
3,366,0.037572,-0.00000019,0.00001160,0.00001523
3,364,0.037631,-0.00000028,0.00000380,0.00000517
3,362,0.038990,0.00000501,0.00001760,0.00002388
3,361,0.039816,0.00000094,0.00000824,0.00001149
3,360,0.039876,0.00000007,0.00000460,0.00000671
3,363,0.039928,0.00000123,0.00001283,0.00001826
3,359,0.040461,-0.00000105,0.00001105,0.00001441
3,356,0.041255,0.00000035,0.00000635,0.00000847
3,358,0.041270,0.00000009,0.00000317,0.00000430
3,355,0.041336,0.00000024,0.00000542,0.00000756
3,354,0.041761,0.00000072,0.00000790,0.00001106
3,357,0.042049,-0.00000008,0.00000367,0.00000626
3,353,0.042607,-0.00000023,0.00000315,0.00000437
3,349,0.042997,0.00000038,0.00000756,0.00001107
3,351,0.043005,-0.00000050,0.00000957,0.00001472
3,352,0.043543,0.00000062,0.00000519,0.00000733
3,348,0.044562,-0.00000009,0.00001246,0.00001767
3,347,0.044578,0.00000013,0.00000455,0.00000644
3,350,0.044835,0.00000023,0.00000592,0.00001053
3,346,0.045343,-0.00000051,0.00000690,0.00001030
3,342,0.045621,0.00000086,0.00000700,0.00000948
3,343,0.045817,0.00000003,0.00001368,0.00001832
3,341,0.046637,0.00000366,0.00001545,0.00002390
3,345,0.046827,-0.00000459,0.00001316,0.00002266
3,344,0.047713,0.00000041,0.00000353,0.00000486
3,340,0.048608,0.00000148,0.00001244,0.00001849
3,339,0.048686,0.00000017,0.00000540,0.00000814
3,338,0.048897,0.00000091,0.00000617,0.00000867
3,336,0.049580,0.00000016,0.00000457,0.00000628
3,334,0.049975,-0.00000052,0.00000658,0.00000943
3,335,0.050254,0.00000392,0.00001302,0.00001884
3,332,0.050706,0.00000095,0.00001186,0.00001717
3,337,0.050922,0.00000136,0.00000807,0.00001085
3,333,0.051671,-0.00000009,0.00000547,0.00000836
3,331,0.051755,0.00000004,0.00000506,0.00000742
3,329,0.052561,-0.00000031,0.00000406,0.00000595
3,330,0.052604,0.00000109,0.00000943,0.00001321
3,327,0.052883,0.00000009,0.00001178,0.00001760
3,326,0.052982,0.00000046,0.00000607,0.00000895
3,328,0.054213,-0.00000231,0.00001716,0.00002319
3,323,0.055364,0.00000049,0.00000485,0.00000741
3,325,0.055409,0.00000013,0.00001495,0.00001966
3,321,0.056891,0.00000046,0.00000871,0.00001208
3,319,0.057127,-0.00000199,0.00001573,0.00002090
3,324,0.057152,-0.00000337,0.00001310,0.00002037
3,320,0.057333,0.00000133,0.00001716,0.00002303
3,322,0.057363,-0.00000041,0.00000529,0.00000736
3,317,0.058441,-0.00000105,0.00000873,0.00001365
3,313,0.059212,-0.00000043,0.00001638,0.00002228
3,318,0.059271,-0.00001396,0.00005031,0.00007221
3,315,0.059810,-0.00000091,0.00001316,0.00001751
3,316,0.060381,0.00000189,0.00001104,0.00001651
3,311,0.061525,0.00000016,0.00001111,0.00001665
3,314,0.062214,-0.00000098,0.00001093,0.00001632
3,312,0.062520,0.00000009,0.00000669,0.00000908
3,310,0.063283,0.00000081,0.00000950,0.00001305
3,309,0.063615,-0.00000069,0.00001573,0.00002693
3,305,0.064163,-0.00000002,0.00000717,0.00001032
3,307,0.064830,0.00000002,0.00001208,0.00001608
3,308,0.064947,0.00000001,0.00000771,0.00001220
3,306,0.065255,0.00000154,0.00000780,0.00001134
3,304,0.066031,-0.00000037,0.00003680,0.00004774
3,302,0.067001,0.00000099,0.00001312,0.00001813
3,301,0.068032,-0.00000893,0.00010899,0.00014765
3,300,0.068057,0.00000185,0.00001433,0.00001978
3,298,0.068111,0.00000063,0.00000493,0.00000774
3,299,0.068824,-0.00000009,0.00000821,0.00001160
3,303,0.069531,-0.00000054,0.00001002,0.00001402
3,297,0.071289,-0.00000105,0.00001496,0.00002072
3,296,0.071713,-0.00000044,0.00000799,0.00001130
3,295,0.072109,-0.00000050,0.00000845,0.00001102
3,294,0.072228,0.00000027,0.00001058,0.00001439
3,293,0.072531,0.00000598,0.00002363,0.00003310
3,290,0.072776,0.00000198,0.00000956,0.00001408
3,292,0.073286,-0.00000046,0.00001220,0.00001737
3,291,0.074508,-0.00000008,0.00000999,0.00001406
3,286,0.075016,-0.00000066,0.00001637,0.00002275
3,288,0.075755,0.00000090,0.00001134,0.00001556
3,285,0.076463,-0.00000102,0.00001081,0.00001600
3,289,0.077433,0.00000103,0.00001338,0.00002060
3,287,0.078489,-0.00000050,0.00000810,0.00001117
3,284,0.079654,-0.00000006,0.00001322,0.00001996
3,283,0.079944,0.00000057,0.00001654,0.00002501
3,281,0.081458,0.00000004,0.00001102,0.00001625
3,282,0.082417,-0.00000051,0.00000774,0.00001121
3,280,0.083126,0.00000048,0.00001777,0.00002804
3,276,0.083689,-0.00000085,0.00000975,0.00001433
3,277,0.084400,-0.00000037,0.00001350,0.00001846
3,275,0.084631,0.00000026,0.00001434,0.00002066
3,279,0.085231,0.00000511,0.00003973,0.00005828
3,278,0.086937,-0.00000086,0.00001589,0.00002272
3,273,0.087251,-0.00000324,0.00002093,0.00002957
3,270,0.087814,0.00000065,0.00001662,0.00002248
3,271,0.087922,-0.00000108,0.00001733,0.00002419
3,272,0.087960,0.00000205,0.00002560,0.00003467
3,269,0.088382,-0.00000530,0.00003287,0.00004858
3,274,0.088827,0.00000070,0.00004024,0.00005714
3,268,0.090243,0.00000259,0.00002095,0.00002816
3,266,0.091998,0.00000176,0.00001346,0.00001929
3,267,0.093136,-0.00000264,0.00002956,0.00004061
3,265,0.093765,-0.00000031,0.00001027,0.00001427
3,261,0.095161,0.00000377,0.00002770,0.00004850
3,263,0.095946,-0.00000166,0.00001059,0.00001751
3,262,0.096428,0.00000089,0.00002217,0.00003209
3,260,0.096725,-0.00000111,0.00001864,0.00002725
3,259,0.096744,-0.00000007,0.00001103,0.00001723
3,264,0.097093,0.00000197,0.00001442,0.00002152
3,258,0.099584,-0.00000111,0.00001567,0.00002111
3,253,0.100870,0.00000115,0.00000679,0.00000968
3,257,0.101158,-0.00000157,0.00002366,0.00003511
3,255,0.103455,-0.00000123,0.00002510,0.00003394
3,256,0.104490,-0.00000104,0.00001314,0.00001827
3,252,0.105761,-0.00000061,0.00001960,0.00002930
3,251,0.106433,0.00000096,0.00000875,0.00001443
3,254,0.107857,-0.00000159,0.00001092,0.00001656
3,250,0.107923,-0.00000233,0.00001445,0.00001907
3,248,0.108252,-0.00000002,0.00001333,0.00001972
3,245,0.109098,0.00000006,0.00001438,0.00002125
3,249,0.109703,-0.00000005,0.00001737,0.00002537
3,244,0.110394,0.00000115,0.00001136,0.00001598
3,246,0.111674,-0.00000184,0.00001665,0.00002523
3,247,0.111933,0.00000037,0.00002043,0.00002886
3,242,0.112042,0.00000041,0.00001057,0.00001447
3,243,0.114386,-0.00000198,0.00001572,0.00002234
3,240,0.116735,0.00000304,0.00003743,0.00005190
3,241,0.117142,0.00000071,0.00001521,0.00002087
3,237,0.117559,-0.00000163,0.00001673,0.00002435
3,236,0.118794,-0.00000201,0.00001691,0.00002506
3,235,0.120124,-0.00000039,0.00001781,0.00002623
3,239,0.121621,-0.00000442,0.00002556,0.00003500
3,238,0.122114,0.00000147,0.00002305,0.00003699
3,232,0.124253,-0.00000178,0.00003131,0.00004276
3,233,0.124785,-0.00000085,0.00004215,0.00005838
3,234,0.125188,-0.00000090,0.00000967,0.00001353
3,228,0.126899,-0.00000083,0.00001615,0.00002426
3,231,0.127185,-0.00000176,0.00001822,0.00002579
3,229,0.127698,-0.00000076,0.00002904,0.00004324
3,230,0.128263,-0.00000274,0.00001835,0.00003027
3,227,0.129452,0.00000018,0.00001502,0.00002037
3,224,0.133713,-0.00000088,0.00001887,0.00002952
3,225,0.133941,-0.00000284,0.00002074,0.00003068
3,226,0.134108,-0.00000058,0.00003059,0.00004804
3,222,0.136301,-0.00000233,0.00002582,0.00003628
3,223,0.136377,-0.00000184,0.00001381,0.00001858
3,217,0.138753,0.00000768,0.00002753,0.00003863
3,220,0.138807,0.00000130,0.00001661,0.00002432
3,219,0.140260,0.00000080,0.00002612,0.00004312
3,218,0.141029,-0.00000063,0.00003216,0.00004505
3,221,0.141876,-0.00000166,0.00002027,0.00002705
3,216,0.144118,-0.00000109,0.00001451,0.00002000
3,215,0.146183,0.00000389,0.00002427,0.00003730
3,212,0.147621,0.00000258,0.00002103,0.00003309
3,211,0.149253,0.00000303,0.00005495,0.00007841
3,213,0.149754,0.00000151,0.00001080,0.00001592
3,214,0.150777,-0.00000255,0.00001809,0.00002899
3,209,0.151939,0.00000138,0.00002466,0.00003564
3,210,0.153202,0.00000824,0.00005165,0.00008838
3,207,0.153366,-0.00000229,0.00005584,0.00007711
3,206,0.158459,-0.00000313,0.00004185,0.00006209
3,208,0.160101,0.00000637,0.00004057,0.00005719
3,205,0.160352,0.00000237,0.00002603,0.00003542
3,202,0.162702,-0.00000245,0.00002447,0.00003910
3,204,0.164319,-0.00000063,0.00003637,0.00005172
3,199,0.164648,-0.00000250,0.00001828,0.00002676
3,201,0.165617,0.00000900,0.00004735,0.00006988
3,203,0.166014,-0.00000084,0.00001449,0.00002036
3,197,0.167215,0.00000272,0.00001990,0.00002984
3,200,0.168526,0.00000006,0.00002069,0.00002814
3,198,0.170683,-0.00000057,0.00004568,0.00006031
3,194,0.172461,0.00000255,0.00002483,0.00003346
3,196,0.174785,0.00000972,0.00006123,0.00007994
3,195,0.176625,-0.00000209,0.00003524,0.00005149
3,193,0.178915,0.00001083,0.00004978,0.00007004
3,192,0.179346,0.00000199,0.00006456,0.00009056
3,191,0.180015,0.00000165,0.00001516,0.00002105
3,187,0.181727,-0.00001635,0.00006028,0.00008507
3,189,0.182689,0.00000069,0.00001556,0.00002044
3,186,0.184136,-0.00000195,0.00002217,0.00002999
3,188,0.188321,0.00000100,0.00003089,0.00005021
3,185,0.188533,0.00000811,0.00007085,0.00010056
3,190,0.189043,0.00000048,0.00003227,0.00004581
3,184,0.192289,0.00000284,0.00003173,0.00004897
3,182,0.193829,0.00000284,0.00003499,0.00004839
3,181,0.195102,0.00000655,0.00003818,0.00005623
3,183,0.198069,0.00000215,0.00006661,0.00009835
3,179,0.200077,-0.00000010,0.00002349,0.00003269
3,178,0.201457,-0.00000078,0.00004057,0.00005949
3,180,0.201859,-0.00000129,0.00002296,0.00003247
3,177,0.203662,-0.00000127,0.00003996,0.00005887
3,176,0.204535,0.00000231,0.00001951,0.00002832
3,175,0.209943,0.00000254,0.00001920,0.00002787
3,173,0.210148,-0.00000376,0.00002540,0.00004158
3,174,0.211771,-0.00000205,0.00003519,0.00004682
3,172,0.213525,0.00000222,0.00002730,0.00004213
3,169,0.215247,-0.00000442,0.00005094,0.00006978
3,171,0.216586,-0.00003537,0.00011007,0.00015587
3,166,0.218794,0.00000157,0.00001574,0.00002132
3,170,0.219631,-0.00000881,0.00003424,0.00009903
3,168,0.223248,0.00000094,0.00001328,0.00002275
3,167,0.226072,-0.00000210,0.00003521,0.00005041
3,165,0.228435,-0.00000264,0.00003563,0.00005216
3,164,0.229120,0.00000032,0.00002183,0.00002950
3,163,0.233367,0.00000192,0.00003904,0.00005212
3,162,0.233816,-0.00000551,0.00007868,0.00011322
3,161,0.235567,-0.00000114,0.00003706,0.00007372
3,159,0.237703,0.00000267,0.00002880,0.00004729
3,160,0.239095,-0.00000094,0.00004393,0.00006171
3,158,0.240378,0.00000517,0.00003200,0.00004542
3,157,0.248238,-0.00000528,0.00007043,0.00011525
3,156,0.250087,-0.00000786,0.00006104,0.00009312
3,151,0.250263,-0.00000710,0.00004867,0.00006642
3,155,0.251344,0.00000142,0.00005008,0.00006910
3,154,0.251841,0.00000034,0.00004003,0.00005905
3,153,0.256005,0.00000790,0.00003244,0.00004593
3,152,0.261822,-0.00000544,0.00004884,0.00006890
3,149,0.264551,-0.00000171,0.00008995,0.00012259
3,150,0.264591,0.00002366,0.00006651,0.00012778
3,148,0.264622,-0.00000631,0.00003929,0.00005579
3,147,0.267158,-0.00000149,0.00003079,0.00005210
3,146,0.269785,0.00000441,0.00002372,0.00003282
3,145,0.271061,-0.00000009,0.00002023,0.00003120
3,144,0.277683,0.00000309,0.00002823,0.00003637
3,143,0.278848,-0.00000910,0.00004809,0.00006632
3,142,0.282939,-0.00000080,0.00003277,0.00004267
3,140,0.285618,-0.00000133,0.00004173,0.00005839
3,141,0.286801,-0.00000050,0.00006024,0.00008178
3,139,0.289974,0.00001542,0.00008270,0.00011179
3,137,0.293879,-0.00000697,0.00004496,0.00006864
3,138,0.294220,0.00000015,0.00004043,0.00005747
3,135,0.295632,-0.00000086,0.00007738,0.00010701
3,136,0.297379,-0.00000154,0.00004690,0.00006198
3,133,0.302897,-0.00000172,0.00004949,0.00006717
3,131,0.308127,-0.00000127,0.00002821,0.00004091
3,134,0.308918,-0.00000118,0.00005624,0.00007695
3,132,0.309703,-0.00000505,0.00008170,0.00011629
3,129,0.310855,0.00000074,0.00003635,0.00004907
3,130,0.311160,-0.00000182,0.00002713,0.00004422
3,126,0.313241,-0.00000264,0.00003280,0.00004376
3,128,0.318960,-0.00000079,0.00005020,0.00007307
3,124,0.320759,0.00000220,0.00006220,0.00008593
3,127,0.321244,-0.00000484,0.00003138,0.00004449
3,125,0.321757,0.00000252,0.00006101,0.00009493
3,123,0.327559,-0.00000497,0.00004198,0.00005946
3,120,0.331548,0.00000589,0.00006192,0.00009021
3,122,0.333845,0.00000114,0.00004351,0.00006295
3,121,0.340323,0.00000109,0.00002587,0.00003742
3,119,0.341930,0.00000487,0.00006056,0.00008275
3,118,0.347323,0.00000205,0.00008779,0.00012962
3,117,0.353992,-0.00000121,0.00004808,0.00006629
3,116,0.356210,-0.00000176,0.00007455,0.00011294
3,115,0.360548,0.00004008,0.00014773,0.00019673
3,114,0.360651,0.00000482,0.00007685,0.00011507
3,113,0.363852,0.00001259,0.00006257,0.00010217
3,112,0.368146,-0.00000150,0.00004135,0.00005884
3,110,0.371276,0.00000089,0.00003200,0.00004413
3,111,0.375198,-0.00000600,0.00006031,0.00008374
3,106,0.380074,-0.00000280,0.00003140,0.00004230
3,105,0.380804,-0.00000475,0.00003511,0.00004626
3,107,0.381500,-0.00000413,0.00005723,0.00008342
3,108,0.382293,0.00000187,0.00010903,0.00015622
3,109,0.382691,-0.00001353,0.00006745,0.00009015
3,104,0.392143,0.00000306,0.00003310,0.00005166
3,103,0.398114,-0.00000407,0.00002812,0.00004051
3,101,0.401959,0.00000663,0.00004681,0.00006519
3,102,0.402693,-0.00000178,0.00007950,0.00010711
3,100,0.407510,-0.00000240,0.00005427,0.00008876
3,99,0.412688,-0.00002434,0.00014430,0.00021454
3,98,0.413363,-0.00003934,0.00011301,0.00018531
3,97,0.414286,0.00000117,0.00006955,0.00010673
3,96,0.423120,0.00000399,0.00003318,0.00004404
3,95,0.425653,0.00000840,0.00008811,0.00013402
3,94,0.433319,0.00005118,0.00042403,0.00055156
3,93,0.436240,0.00000911,0.00007136,0.00010319
3,91,0.439594,-0.00000220,0.00012481,0.00017941
3,90,0.442910,0.00000467,0.00004049,0.00006092
3,88,0.450941,-0.00000427,0.00005493,0.00007596
3,92,0.451031,0.00001064,0.00014990,0.00019857
3,89,0.455005,0.00007262,0.00048280,0.00070350
3,87,0.456755,0.00000417,0.00005434,0.00007413
3,86,0.460398,0.00000525,0.00008391,0.00012089
3,83,0.466685,-0.00000180,0.00006183,0.00008196
3,84,0.469482,0.00000720,0.00004459,0.00006138
3,82,0.471706,-0.00001759,0.00019856,0.00027983
3,85,0.476326,-0.00016430,0.00055535,0.00075910
3,81,0.477322,-0.00000161,0.00009448,0.00014212
3,80,0.483679,0.00000591,0.00006798,0.00009469
3,77,0.493302,-0.00000869,0.00012216,0.00016498
3,76,0.494880,0.00001669,0.00014998,0.00020501
3,79,0.496311,-0.00002697,0.00014069,0.00019272
3,78,0.499727,-0.00000020,0.00008777,0.00013357
3,74,0.504951,0.00000266,0.00004097,0.00006155
3,75,0.515211,0.00000560,0.00010115,0.00013586
3,72,0.521205,0.00000720,0.00025543,0.00034236
3,71,0.524139,-0.00000195,0.00005517,0.00008293
3,73,0.525451,-0.00001993,0.00012170,0.00017624
3,70,0.528995,0.00001951,0.00015802,0.00020969
3,68,0.532546,0.00000195,0.00009028,0.00012382
3,69,0.532913,0.00000222,0.00009571,0.00013939
3,66,0.547863,0.00000092,0.00010171,0.00014290
3,67,0.548075,0.00000724,0.00007192,0.00010027
3,65,0.557254,0.00000286,0.00011392,0.00015655
3,63,0.561937,0.00000058,0.00011514,0.00017340
3,64,0.562295,-0.00001871,0.00006217,0.00024542
3,62,0.569800,-0.00001403,0.00007862,0.00011012
3,61,0.576760,0.00000412,0.00008362,0.00012256
3,57,0.586893,-0.00008240,0.00033317,0.00046061
3,60,0.588071,0.00007525,0.00046301,0.00065206
3,59,0.592902,0.00002461,0.00017272,0.00025204
3,58,0.594340,-0.00000155,0.00046855,0.00066391
3,56,0.607273,0.00003259,0.00018908,0.00025434
3,54,0.609062,0.00001109,0.00029993,0.00040814
3,55,0.609689,-0.00001222,0.00019645,0.00027480
3,53,0.618025,0.00000074,0.00018795,0.00026684
3,52,0.622996,-0.00000567,0.00008471,0.00011983
3,51,0.626033,0.00001288,0.00013908,0.00020188
3,49,0.636064,0.00000994,0.00007521,0.00010001
3,50,0.639822,-0.00000806,0.00019879,0.00026474
3,48,0.641202,0.00000715,0.00004736,0.00006575
3,47,0.657543,0.00003506,0.00024683,0.00033161
3,45,0.658627,0.00000418,0.00008129,0.00012664
3,46,0.659006,-0.00000824,0.00012831,0.00017450
3,44,0.671001,0.00000999,0.00011268,0.00017646
3,43,0.675502,0.00000072,0.00005697,0.00008688
3,42,0.684780,0.00000402,0.00059989,0.00080894
3,41,0.688407,-0.00000221,0.00013578,0.00019289
3,40,0.691118,0.00000450,0.00009629,0.00013585
3,39,0.701307,-0.00002113,0.00031576,0.00044854
3,38,0.706823,-0.00000603,0.00012235,0.00018441
3,37,0.712045,-0.00000739,0.00011021,0.00015407
3,36,0.716549,0.00002492,0.00018316,0.00028636
3,35,0.722280,0.00000145,0.00011995,0.00017881
3,34,0.734454,0.00017062,0.00046062,0.00058924
3,33,0.735994,-0.00001329,0.00026162,0.00038054
3,32,0.743182,0.00000463,0.00017879,0.00026191
3,31,0.754572,-0.00004436,0.00043557,0.00058557
3,30,0.761350,-0.00008930,0.00032335,0.00051816
3,29,0.764626,-0.00000150,0.00033717,0.00046092
3,28,0.771449,-0.00001417,0.00009988,0.00013443
3,27,0.776329,0.00000518,0.00010574,0.00016952
3,26,0.790127,0.00003116,0.00022784,0.00039929
3,25,0.794509,-0.00000615,0.00012185,0.00017623
3,24,0.802341,0.00007927,0.00045948,0.00063989
3,23,0.808621,-0.00012667,0.00041021,0.00055157
3,22,0.812103,-0.00001345,0.00007341,0.00011422
3,21,0.823161,0.00001292,0.00014342,0.00020540
3,20,0.831340,0.00000351,0.00009413,0.00014350
3,19,0.838259,-0.00003854,0.00016917,0.00026362
3,18,0.847045,-0.00001854,0.00012806,0.00018777
3,16,0.861343,-0.00000229,0.00010625,0.00014721
3,17,0.866963,-0.00166192,0.00602421,0.00832073
3,15,0.869898,-0.00006136,0.00053002,0.00090278
3,14,0.876045,-0.00000421,0.00011258,0.00017859
3,13,0.886428,-0.00003485,0.00050704,0.00099880
3,12,0.893822,0.00001418,0.00028235,0.00045119
3,11,0.900237,-0.00000287,0.00015368,0.00021873
3,10,0.907558,-0.00001377,0.00019783,0.00030190
3,9,0.919571,-0.00003249,0.00028791,0.00043719
3,8,0.927233,-0.00006651,0.00031934,0.00047390
3,7,0.936853,-0.00012347,0.00077170,0.00134519
3,6,0.945094,0.00001724,0.00036288,0.00051014
3,5,0.954319,-0.00000543,0.00084432,0.00193500
3,4,0.961877,0.00033091,0.00249324,0.00402445
3,3,0.971301,0.00000240,0.00010203,0.00018242
3,2,0.981031,0.00009328,0.00043706,0.00083130
3,1,0.989991,0.00033199,0.00086148,0.00170323
3,0,0.999884,-0.00000034,0.00000152,0.00000258
4,510,0.010351,0.00000002,0.00000301,0.00000435
4,511,0.010505,-0.00000010,0.00000063,0.00000090
4,508,0.010673,0.00000006,0.00000082,0.00000136
4,509,0.010678,-0.00000002,0.00000162,0.00000258
4,505,0.010715,0.00000000,0.00000151,0.00000205
4,506,0.010914,-0.00000005,0.00000087,0.00000120
4,504,0.010975,-0.00000002,0.00000086,0.00000128
4,503,0.011011,-0.00000011,0.00000168,0.00000217
4,502,0.011085,0.00000009,0.00000314,0.00000418
4,507,0.011112,-0.00000023,0.00000105,0.00000149
4,501,0.011212,-0.00000021,0.00000192,0.00000362
4,498,0.011323,-0.00000004,0.00000070,0.00000102
4,499,0.011408,0.00000010,0.00000174,0.00000235
4,493,0.011688,0.00000007,0.00000071,0.00000107
4,497,0.011787,0.00000001,0.00000119,0.00000163
4,494,0.011936,0.00000001,0.00000144,0.00000199
4,495,0.011951,-0.00000012,0.00000130,0.00000207
4,500,0.011988,0.00000024,0.00000105,0.00000140
4,496,0.012118,-0.00000002,0.00000119,0.00000165
4,492,0.012293,0.00000024,0.00000164,0.00000215
4,490,0.012602,0.00000003,0.00000080,0.00000118
4,491,0.012639,0.00000008,0.00000195,0.00000262
4,487,0.012777,0.00000004,0.00000148,0.00000198
4,489,0.012815,-0.00000092,0.00000668,0.00001145
4,488,0.013034,-0.00000011,0.00000079,0.00000124
4,483,0.013066,0.00000213,0.00001256,0.00001817
4,484,0.013239,0.00000051,0.00000286,0.00000386
4,485,0.013240,0.00000006,0.00000115,0.00000154
4,486,0.013402,0.00000026,0.00000303,0.00000442
4,479,0.013434,0.00000005,0.00000040,0.00000058
4,482,0.013553,-0.00000015,0.00000066,0.00000102
4,481,0.013600,-0.00000034,0.00000152,0.00000211
4,480,0.013658,0.00000012,0.00000098,0.00000142
4,477,0.014048,0.00000073,0.00000256,0.00000367
4,478,0.014153,0.00000008,0.00000235,0.00000332
4,475,0.014480,0.00000007,0.00000138,0.00000203
4,474,0.014524,-0.00000037,0.00000131,0.00000199
4,473,0.014535,-0.00000008,0.00000100,0.00000140
4,476,0.014639,0.00000014,0.00000363,0.00000515
4,471,0.014988,-0.00000009,0.00000149,0.00000205
4,472,0.014990,-0.00000007,0.00000031,0.00000045
4,468,0.015105,0.00000006,0.00000205,0.00000282
4,470,0.015315,0.00000012,0.00000329,0.00000504
4,466,0.015389,-0.00000005,0.00000086,0.00000131
4,465,0.015414,0.00000026,0.00000116,0.00000161
4,469,0.015529,-0.00000001,0.00000258,0.00000393
4,467,0.015642,0.00000014,0.00000106,0.00000155
4,463,0.015855,-0.00000044,0.00000201,0.00000284
4,462,0.015871,-0.00000006,0.00000165,0.00000234
4,464,0.015938,-0.00000015,0.00000182,0.00000253
4,459,0.016318,-0.00000083,0.00000727,0.00001169
4,461,0.016346,-0.00000024,0.00000435,0.00000582
4,460,0.016383,0.00000024,0.00000151,0.00000229
4,458,0.016553,0.00000058,0.00000265,0.00000364
4,457,0.016754,0.00000016,0.00000406,0.00000634
4,456,0.016864,-0.00000013,0.00000072,0.00000113
4,455,0.016888,-0.00000010,0.00000149,0.00000212
4,453,0.016953,-0.00000008,0.00000197,0.00000273
4,452,0.017283,-0.00000017,0.00000273,0.00000378
4,450,0.017300,-0.00000025,0.00000394,0.00000509
4,448,0.017926,0.00000009,0.00000175,0.00000290
4,451,0.017959,-0.00000042,0.00000580,0.00000805
4,449,0.018021,-0.00000028,0.00000138,0.00000209
4,454,0.018030,-0.00000068,0.00000435,0.00000724
4,446,0.018354,0.00000036,0.00000339,0.00000450
4,447,0.018452,0.00000007,0.00000149,0.00000294
4,445,0.018456,-0.00000065,0.00000628,0.00000852
4,444,0.018662,0.00000015,0.00000281,0.00000376
4,443,0.018916,-0.00000033,0.00000403,0.00000563
4,441,0.019230,0.00000045,0.00000178,0.00000316
4,439,0.019515,-0.00000006,0.00000105,0.00000154
4,442,0.019787,0.00000041,0.00000494,0.00000727
4,440,0.019848,0.00000003,0.00000195,0.00000293
4,438,0.019938,0.00000040,0.00000623,0.00000951
4,437,0.020284,-0.00000006,0.00000058,0.00000088
4,433,0.020489,0.00000302,0.00001936,0.00002712
4,435,0.020608,0.00000018,0.00000290,0.00000421
4,436,0.020807,-0.00000007,0.00000546,0.00000717
4,432,0.020962,0.00000013,0.00000208,0.00000288
4,434,0.021061,0.00000006,0.00000203,0.00000392
4,431,0.021441,-0.00000010,0.00000229,0.00000353
4,427,0.021816,0.00000000,0.00000621,0.00000799
4,430,0.021834,-0.00000005,0.00000499,0.00001034
4,429,0.022010,-0.00000005,0.00000588,0.00000812
4,426,0.022160,0.00000004,0.00000153,0.00000223
4,428,0.022348,0.00000051,0.00000437,0.00000676
4,425,0.022453,0.00000017,0.00000091,0.00000119
4,423,0.022717,-0.00000044,0.00000201,0.00000283
4,422,0.022943,-0.00000025,0.00000193,0.00000312
4,421,0.023132,-0.00000036,0.00000200,0.00000286
4,424,0.023255,-0.00000029,0.00000109,0.00000160
4,420,0.023309,0.00000074,0.00000448,0.00000618
4,419,0.023402,-0.00000001,0.00000118,0.00000179
4,416,0.024089,0.00000017,0.00000396,0.00000815
4,418,0.024143,0.00000013,0.00000599,0.00000832
4,417,0.024598,-0.00000023,0.00000253,0.00000356
4,412,0.024795,-0.00000001,0.00000171,0.00000250
4,414,0.025046,0.00000109,0.00001205,0.00001671
4,415,0.025349,0.00000121,0.00000739,0.00001188
4,410,0.025376,0.00000028,0.00000152,0.00000202
4,413,0.025405,0.00000093,0.00000358,0.00000489
4,411,0.025712,-0.00000011,0.00000145,0.00000215
4,409,0.025723,0.00000050,0.00000683,0.00000978
4,408,0.026454,0.00000022,0.00000194,0.00000278
4,406,0.026903,-0.00000002,0.00000187,0.00000314
4,407,0.027061,0.00000075,0.00000649,0.00001047
4,400,0.027359,0.00000083,0.00000678,0.00000927
4,405,0.027483,0.00000034,0.00000368,0.00000564
4,402,0.027554,0.00000015,0.00000730,0.00001014
4,403,0.027777,-0.00000032,0.00000676,0.00001304
4,404,0.027823,-0.00000290,0.00001865,0.00002465
4,398,0.027912,0.00000023,0.00000351,0.00000517
4,397,0.028073,0.00000013,0.00000316,0.00000528
4,401,0.028373,0.00000008,0.00000140,0.00000239
4,395,0.028397,0.00000007,0.00000261,0.00000347
4,399,0.028465,0.00000036,0.00000517,0.00000717
4,393,0.029340,-0.00000047,0.00000324,0.00000475
4,392,0.029387,-0.00000007,0.00000253,0.00000354
4,396,0.029632,-0.00000039,0.00000254,0.00000356
4,394,0.030198,-0.00000014,0.00000222,0.00000556
4,391,0.030683,-0.00000031,0.00000281,0.00000440
4,390,0.030790,0.00000033,0.00000263,0.00000362
4,387,0.031162,-0.00000017,0.00000393,0.00000833
4,388,0.031227,0.00000013,0.00000471,0.00000721
4,386,0.031528,-0.00000120,0.00001067,0.00001606
4,389,0.031815,-0.00000027,0.00000337,0.00000502
4,385,0.032052,-0.00000515,0.00006096,0.00007968
4,384,0.032230,-0.00000032,0.00000295,0.00000417
4,383,0.032974,-0.00000044,0.00000254,0.00000357
4,379,0.033838,0.00000034,0.00000236,0.00000327
4,377,0.034103,-0.00000007,0.00000252,0.00000409
4,380,0.034137,0.00000000,0.00000320,0.00000539
4,382,0.034291,0.00000113,0.00000712,0.00000975
4,378,0.034294,-0.00000020,0.00000189,0.00000281
4,381,0.034592,0.00000055,0.00000439,0.00000603
4,376,0.035321,0.00000022,0.00000202,0.00000272
4,374,0.035681,0.00000004,0.00000232,0.00000355
4,375,0.035760,0.00000061,0.00000359,0.00000511
4,372,0.036042,-0.00000054,0.00000299,0.00000423
4,371,0.036051,0.00000057,0.00000519,0.00000727
4,373,0.036099,-0.00000006,0.00000788,0.00001251
4,370,0.036359,0.00000030,0.00000223,0.00000354
4,368,0.037549,0.00000025,0.00000546,0.00001120
4,367,0.037724,-0.00000030,0.00000415,0.00000589
4,369,0.037728,-0.00000026,0.00000371,0.00000494
4,365,0.038161,-0.00000027,0.00000315,0.00000494
4,366,0.038753,-0.00000011,0.00000303,0.00000433
4,364,0.038999,-0.00000012,0.00000531,0.00000863
4,363,0.039116,0.00000090,0.00000797,0.00001175
4,360,0.039253,0.00000012,0.00000443,0.00000591
4,362,0.039823,0.00000023,0.00000366,0.00000645
4,357,0.039868,0.00000029,0.00000417,0.00000562
4,361,0.039925,0.00000003,0.00000149,0.00000216
4,356,0.040898,0.00000101,0.00000433,0.00000571
4,359,0.040956,-0.00000108,0.00000312,0.00000468
4,358,0.041351,-0.00000049,0.00000339,0.00000504
4,353,0.041491,-0.00000018,0.00000264,0.00000375
4,354,0.041930,-0.00000087,0.00000820,0.00001138
4,355,0.042645,-0.00000076,0.00000409,0.00000575
4,352,0.043019,0.00000033,0.00000509,0.00000708
4,350,0.043451,-0.00000186,0.00000713,0.00001475
4,348,0.043716,-0.00000014,0.00000581,0.00000800
4,349,0.044091,0.00000005,0.00000152,0.00000232
4,351,0.044129,-0.00000041,0.00000323,0.00000433
4,346,0.044662,-0.00000547,0.00004095,0.00006259
4,347,0.044787,-0.00000065,0.00000421,0.00000587
4,345,0.045049,0.00000006,0.00000698,0.00001248
4,344,0.045697,0.00000024,0.00000419,0.00000561
4,342,0.045775,0.00000139,0.00000626,0.00000913
4,340,0.046571,-0.00000054,0.00001120,0.00001764
4,343,0.047388,-0.00000004,0.00000372,0.00000595
4,341,0.048154,0.00000053,0.00000260,0.00000387
4,339,0.048540,0.00000021,0.00000435,0.00000596
4,338,0.048761,-0.00000013,0.00000391,0.00000561
4,337,0.048874,0.00000006,0.00000421,0.00000586
4,334,0.050441,-0.00000507,0.00003599,0.00005627
4,335,0.051003,0.00000082,0.00001231,0.00002087
4,336,0.051096,-0.00000287,0.00001456,0.00002280
4,328,0.051123,0.00000769,0.00006115,0.00008301
4,333,0.051170,-0.00000075,0.00000577,0.00000800
4,330,0.051504,-0.00000012,0.00000468,0.00000827
4,332,0.051605,0.00000102,0.00000757,0.00001092
4,331,0.051848,0.00000019,0.00000744,0.00001122
4,327,0.053845,-0.00000764,0.00004556,0.00007381
4,326,0.054053,0.00000043,0.00000738,0.00000965
4,329,0.054233,0.00000064,0.00000701,0.00001156
4,323,0.054482,-0.00000008,0.00000261,0.00000435
4,325,0.055310,0.00000016,0.00001334,0.00001842
4,324,0.055363,-0.00000028,0.00000382,0.00000542
4,322,0.055395,-0.00000016,0.00000457,0.00000608
4,321,0.056277,0.00000028,0.00000504,0.00000736
4,318,0.057220,-0.00000054,0.00000460,0.00000679
4,317,0.057651,-0.00000024,0.00000266,0.00000382
4,320,0.057987,0.00000105,0.00000545,0.00000735
4,315,0.058152,-0.00000044,0.00000605,0.00000818
4,316,0.058430,-0.00000203,0.00000892,0.00001193
4,319,0.058841,0.00000051,0.00000772,0.00001107
4,311,0.060487,-0.00000014,0.00000377,0.00000641
4,312,0.061613,0.00000020,0.00000541,0.00000756
4,313,0.061671,-0.00000000,0.00000329,0.00000491
4,314,0.062000,-0.00000023,0.00000301,0.00000450
4,310,0.063357,-0.00000174,0.00000639,0.00001020
4,307,0.063791,-0.00000015,0.00000459,0.00000669
4,309,0.063948,-0.00000046,0.00000751,0.00001076
4,308,0.063993,0.00000051,0.00000545,0.00000746
4,305,0.064541,0.00000076,0.00005248,0.00007486
4,304,0.065019,-0.00000050,0.00000420,0.00000673
4,306,0.065143,0.00000011,0.00000651,0.00000951
4,302,0.066904,-0.00000093,0.00000460,0.00000654
4,300,0.068801,0.00000455,0.00002260,0.00003682
4,298,0.068820,-0.00000069,0.00000494,0.00000765
4,303,0.069425,0.00000050,0.00001355,0.00002000
4,301,0.069473,-0.00004228,0.00029064,0.00039315
4,295,0.069711,0.00000042,0.00000666,0.00000910
4,297,0.070151,0.00000027,0.00000313,0.00000495
4,296,0.071235,0.00000302,0.00000883,0.00001221
4,299,0.071695,-0.00002069,0.00016747,0.00026178
4,293,0.071766,0.00000043,0.00000671,0.00001016
4,294,0.072557,0.00000073,0.00000636,0.00001024
4,292,0.072695,-0.00000014,0.00000945,0.00001410
4,290,0.073825,0.00000073,0.00000517,0.00000730
4,291,0.074212,-0.00000048,0.00000248,0.00000420
4,288,0.075739,0.00000006,0.00001203,0.00001674
4,289,0.076215,0.00000003,0.00001131,0.00001588
4,281,0.076521,0.00000007,0.00003970,0.00005332
4,286,0.077692,-0.00000008,0.00002190,0.00003011
4,287,0.077693,-0.00000015,0.00000512,0.00000705
4,285,0.077989,-0.00000008,0.00000584,0.00000842
4,283,0.079237,0.00000092,0.00001539,0.00002200
4,282,0.079342,0.00000075,0.00000692,0.00001003
4,279,0.079555,0.00000350,0.00001621,0.00002283
4,284,0.079565,-0.00000109,0.00001120,0.00001653
4,278,0.080656,0.00000436,0.00003846,0.00006090
4,280,0.082738,0.00000031,0.00001134,0.00001620
4,276,0.083791,0.00000076,0.00000621,0.00000914
4,274,0.084464,0.00001486,0.00010585,0.00014242
4,275,0.084597,0.00000201,0.00001525,0.00002038
4,277,0.086186,0.00000202,0.00001659,0.00002320
4,273,0.086796,0.00000746,0.00004243,0.00005643
4,272,0.087566,0.00000045,0.00000602,0.00000913
4,270,0.089452,-0.00000095,0.00001014,0.00001348
4,267,0.090348,-0.00000061,0.00000666,0.00000987
4,271,0.090456,0.00000095,0.00000733,0.00001011
4,268,0.090616,-0.00000016,0.00002225,0.00003250
4,266,0.090648,0.00000005,0.00000567,0.00000785
4,269,0.091078,-0.00000016,0.00000618,0.00000939
4,261,0.091379,0.00000011,0.00000537,0.00000742
4,265,0.092351,-0.00000009,0.00001136,0.00001577
4,262,0.094436,-0.00000306,0.00002670,0.00003723
4,264,0.095506,0.00000034,0.00000537,0.00000818
4,263,0.096003,-0.00000026,0.00000459,0.00000613
4,260,0.098305,-0.00000090,0.00000426,0.00000627
4,259,0.098587,-0.00000989,0.00003067,0.00004299
4,258,0.099566,0.00000212,0.00001345,0.00002098
4,257,0.101067,0.00000180,0.00000797,0.00001027
4,255,0.101107,-0.00000138,0.00000943,0.00001289
4,254,0.101220,-0.00000041,0.00000544,0.00000782
4,256,0.102196,0.00000126,0.00000668,0.00000895
4,252,0.104059,-0.00000397,0.00001401,0.00002108
4,250,0.104885,0.00000029,0.00000665,0.00000944
4,253,0.106858,-0.00000237,0.00005308,0.00008054
4,251,0.107558,0.00000011,0.00000415,0.00000578
4,247,0.108177,0.00000102,0.00000661,0.00001312
4,249,0.108804,-0.00000009,0.00001220,0.00001787
4,245,0.109326,-0.00001023,0.00003612,0.00004806
4,246,0.110057,0.00000126,0.00001493,0.00002274
4,248,0.110865,0.00000165,0.00001533,0.00002328
4,241,0.112681,-0.00000035,0.00000880,0.00001179
4,244,0.113317,0.00000021,0.00001205,0.00001714
4,242,0.114390,-0.00000364,0.00009050,0.00012573
4,243,0.115995,0.00000052,0.00001259,0.00001865
4,237,0.116368,0.00000097,0.00000866,0.00001294
4,240,0.116501,-0.00000274,0.00000773,0.00001382
4,239,0.118544,-0.00000095,0.00000356,0.00000573
4,238,0.118679,0.00000068,0.00003001,0.00003912
4,235,0.120678,-0.00000129,0.00000722,0.00001109
4,236,0.121246,-0.00000033,0.00000717,0.00001149
4,234,0.122548,-0.00000078,0.00000742,0.00001078
4,231,0.124547,0.00000079,0.00000870,0.00001188
4,232,0.125248,0.00000021,0.00000926,0.00001340
4,233,0.125800,0.00000164,0.00001263,0.00001715
4,228,0.129682,0.00000096,0.00001012,0.00001404
4,230,0.129708,0.00000850,0.00004723,0.00006061
4,225,0.130333,0.00000013,0.00003874,0.00005540
4,229,0.131012,-0.00000218,0.00002058,0.00003191
4,226,0.132369,0.00001290,0.00004535,0.00006521
4,223,0.134078,0.00000171,0.00000793,0.00001072
4,227,0.134101,0.00000836,0.00002884,0.00004310
4,224,0.138280,-0.00000463,0.00001613,0.00002711
4,220,0.139688,0.00000040,0.00000451,0.00000672
4,222,0.140213,-0.00002757,0.00014264,0.00022552
4,221,0.140263,-0.00000079,0.00001719,0.00002711
4,219,0.142997,0.00000064,0.00001170,0.00001739
4,218,0.143000,-0.00000006,0.00000370,0.00000514
4,214,0.143653,0.00000488,0.00002786,0.00005619
4,216,0.147193,0.00000908,0.00004689,0.00006875
4,217,0.147319,-0.00000763,0.00007928,0.00013526
4,215,0.147749,-0.00001906,0.00005547,0.00012098
4,212,0.149006,-0.00000073,0.00002183,0.00003079
4,213,0.150647,-0.00007565,0.00040530,0.00054504
4,208,0.152646,-0.00000079,0.00001024,0.00001493
4,210,0.153224,0.00000210,0.00001540,0.00002724
4,211,0.153679,0.00000027,0.00005142,0.00007193
4,209,0.153926,0.00000041,0.00002123,0.00002923
4,206,0.154447,0.00000089,0.00005250,0.00007409
4,205,0.157237,0.00000039,0.00001493,0.00002202
4,207,0.159238,-0.00000152,0.00003118,0.00004335
4,203,0.161711,-0.00000141,0.00000857,0.00001154
4,204,0.162933,0.00000148,0.00003658,0.00007915
4,202,0.165247,-0.00000520,0.00006718,0.00013336
4,201,0.165542,0.00000361,0.00003734,0.00005097
4,200,0.167175,0.00000190,0.00007432,0.00010395
4,197,0.167657,0.00000014,0.00002687,0.00003609
4,198,0.168233,-0.00000622,0.00004367,0.00006225
4,196,0.171328,-0.00000086,0.00003362,0.00004878
4,199,0.172015,0.00000534,0.00003123,0.00004563
4,195,0.173344,0.00000087,0.00001024,0.00001597
4,194,0.173815,0.00000286,0.00001489,0.00002432
4,193,0.175527,0.00000006,0.00000833,0.00001236
4,190,0.180834,-0.00000038,0.00000740,0.00001148
4,192,0.182124,-0.00000009,0.00001206,0.00001725
4,191,0.182164,-0.00000014,0.00001174,0.00001683
4,189,0.185220,0.00000341,0.00003311,0.00005084
4,188,0.186676,-0.00001399,0.00011671,0.00031301
4,186,0.189268,-0.00000530,0.00002539,0.00003694
4,182,0.190474,0.00000634,0.00002604,0.00004847
4,187,0.190697,0.00002564,0.00012131,0.00016692
4,183,0.193695,0.00000241,0.00001325,0.00001838
4,185,0.193805,0.00000079,0.00002953,0.00004192
4,180,0.194058,-0.00000013,0.00001559,0.00002179
4,184,0.194689,0.00000149,0.00002454,0.00003310
4,181,0.194972,-0.00000212,0.00007646,0.00010581
4,179,0.201010,0.00000144,0.00001556,0.00002299
4,178,0.201955,0.00000094,0.00001414,0.00001883
4,177,0.204008,0.00000064,0.00001806,0.00002483
4,175,0.205738,-0.00000054,0.00000827,0.00001209
4,174,0.207430,-0.00000049,0.00001442,0.00002080
4,176,0.207975,-0.00000517,0.00010447,0.00017320
4,172,0.209775,0.00000101,0.00001222,0.00001957
4,173,0.212836,-0.00000009,0.00002059,0.00002896
4,170,0.215264,0.00000067,0.00001284,0.00001793
4,171,0.218836,-0.00000494,0.00003017,0.00004543
4,167,0.220101,-0.00000206,0.00002356,0.00003225
4,168,0.220733,0.00001586,0.00007175,0.00010229
4,169,0.221691,-0.00000060,0.00002856,0.00003901
4,166,0.227814,-0.00000462,0.00001935,0.00003233
4,163,0.229869,0.00000257,0.00001711,0.00002401
4,160,0.231921,0.00000022,0.00000858,0.00001453
4,165,0.232255,-0.00000821,0.00003036,0.00004538
4,161,0.232727,0.00000716,0.00003265,0.00004702
4,164,0.233754,-0.00000579,0.00004196,0.00005488
4,162,0.236048,0.00000041,0.00002010,0.00002844
4,155,0.239983,0.00000210,0.00001512,0.00002164
4,157,0.242309,-0.00000009,0.00002132,0.00002849
4,158,0.243808,0.00000061,0.00001771,0.00002469
4,159,0.245423,-0.00000744,0.00007868,0.00010303
4,156,0.248997,-0.00000013,0.00001467,0.00002041
4,153,0.254862,-0.00000320,0.00001757,0.00002386
4,148,0.257176,0.00000909,0.00008259,0.00011678
4,152,0.257854,-0.00000278,0.00005335,0.00007169
4,154,0.257858,0.00000448,0.00001744,0.00002318
4,150,0.258711,0.00000229,0.00001059,0.00001577
4,151,0.265386,0.00001769,0.00035808,0.00048376
4,147,0.266340,0.00001054,0.00006429,0.00009108
4,149,0.266504,0.00000839,0.00003995,0.00005907
4,146,0.269033,0.00000160,0.00001354,0.00001956
4,144,0.271796,-0.00000161,0.00002887,0.00003916
4,145,0.274588,-0.00001992,0.00006129,0.00009579
4,142,0.274892,-0.00000019,0.00001108,0.00001540
4,143,0.275259,0.00000073,0.00002223,0.00003910
4,141,0.285003,-0.00009627,0.00068943,0.00108612
4,140,0.285006,-0.00000330,0.00001378,0.00002287
4,139,0.287042,-0.00000271,0.00010552,0.00015743
4,138,0.288124,0.00000036,0.00002172,0.00002941
4,136,0.292897,0.00000235,0.00001811,0.00002635
4,134,0.294447,0.00000252,0.00001209,0.00001761
4,137,0.294685,0.00000139,0.00003774,0.00005336
4,133,0.303735,-0.00000013,0.00001645,0.00002388
4,132,0.305868,-0.00000415,0.00003671,0.00004908
4,129,0.307314,0.00000302,0.00002213,0.00003028
4,135,0.308196,-0.00000145,0.00011076,0.00015111
4,130,0.309130,0.00000095,0.00002132,0.00002894
4,131,0.310924,-0.00000309,0.00003383,0.00006438
4,128,0.312828,-0.00000162,0.00002783,0.00004234
4,126,0.321129,-0.00000660,0.00003306,0.00004545
4,125,0.325170,-0.00000459,0.00004888,0.00007721
4,127,0.327323,0.00000090,0.00004343,0.00006655
4,123,0.330158,-0.00000136,0.00001730,0.00002326
4,122,0.330509,0.00000258,0.00002505,0.00003410
4,124,0.333618,0.00001534,0.00009913,0.00013559
4,120,0.336962,-0.00000077,0.00003016,0.00005077
4,119,0.340282,0.00000240,0.00003237,0.00004622
4,121,0.340633,0.00001386,0.00014990,0.00020935
4,117,0.348943,-0.00000004,0.00002367,0.00003337
4,118,0.349118,0.00000844,0.00004073,0.00006157
4,116,0.355399,0.00000024,0.00002809,0.00003822
4,115,0.356109,-0.00014053,0.00049444,0.00090146
4,114,0.356122,-0.00000364,0.00005058,0.00007726
4,113,0.360566,-0.00001831,0.00017517,0.00023657
4,112,0.361631,-0.00000138,0.00001423,0.00001912
4,111,0.364581,-0.00000130,0.00002129,0.00003036
4,110,0.367543,0.00001319,0.00004590,0.00006538
4,109,0.375847,-0.00000009,0.00010183,0.00014279
4,108,0.381245,-0.00000287,0.00003638,0.00004739
4,107,0.381772,0.00000073,0.00005503,0.00007360
4,106,0.383769,-0.00000184,0.00004606,0.00022944
4,104,0.386746,0.00000053,0.00001528,0.00002112
4,105,0.388728,-0.00000101,0.00001309,0.00001907
4,103,0.390536,-0.00000152,0.00001701,0.00002733
4,102,0.400362,-0.00000314,0.00007736,0.00010624
4,101,0.401549,-0.00000536,0.00003437,0.00005008
4,100,0.404273,0.00001072,0.00006709,0.00010286
4,98,0.406970,-0.00001084,0.00003628,0.00004836
4,99,0.409306,-0.00000191,0.00003075,0.00004870
4,97,0.411804,-0.00000376,0.00002120,0.00002979
4,96,0.418986,-0.00000158,0.00001478,0.00002133
4,95,0.422809,0.00000480,0.00002077,0.00003030
4,94,0.429390,-0.00000986,0.00003676,0.00005856
4,92,0.433893,-0.00000488,0.00003870,0.00005414
4,93,0.434728,0.00000365,0.00002413,0.00003324
4,91,0.437413,-0.00000101,0.00008217,0.00011963
4,90,0.443803,0.00000316,0.00001974,0.00002702
4,89,0.447203,-0.00000211,0.00002980,0.00004020
4,87,0.449236,-0.00000261,0.00001916,0.00002706
4,88,0.455299,-0.00001789,0.00013176,0.00018262
4,86,0.459046,0.00000377,0.00003713,0.00005042
4,84,0.462802,-0.00000052,0.00001597,0.00002314
4,85,0.464126,0.00000711,0.00005522,0.00007435
4,83,0.473338,0.00000165,0.00003846,0.00005218
4,81,0.475923,-0.00000258,0.00002496,0.00003714
4,82,0.476788,-0.00000250,0.00003625,0.00004800
4,79,0.483694,-0.00000178,0.00008294,0.00012487
4,80,0.491212,0.00001659,0.00009323,0.00014985
4,78,0.492163,0.00000079,0.00003095,0.00004101
4,77,0.493183,0.00000539,0.00002383,0.00003079
4,76,0.500600,-0.00000769,0.00009021,0.00012846
4,75,0.507572,0.00000453,0.00003401,0.00004595
4,74,0.511160,-0.00000201,0.00003034,0.00004163
4,72,0.516515,-0.00000224,0.00005389,0.00008349
4,73,0.520643,0.00001338,0.00005676,0.00013128
4,70,0.523740,0.00000493,0.00004605,0.00006700
4,71,0.525331,-0.00000019,0.00008214,0.00011164
4,69,0.531451,0.00000413,0.00006456,0.00008883
4,67,0.540096,0.00000298,0.00002643,0.00003948
4,68,0.540156,0.00003151,0.00022674,0.00029227
4,66,0.553253,-0.00000441,0.00003104,0.00004307
4,65,0.553612,0.00000840,0.00004901,0.00006715
4,64,0.562134,0.00000282,0.00005488,0.00007922
4,61,0.563306,0.00002983,0.00014752,0.00020829
4,62,0.567056,-0.00000113,0.00003954,0.00005503
4,63,0.571471,-0.00002110,0.00025948,0.00036826
4,60,0.572943,0.00000500,0.00004063,0.00005772
4,59,0.586768,0.00000780,0.00015523,0.00022253
4,58,0.593016,-0.00000008,0.00005158,0.00007469
4,57,0.594775,-0.00001232,0.00008432,0.00011508
4,56,0.600597,0.00000892,0.00007468,0.00011317
4,54,0.604389,0.00000153,0.00003548,0.00005187
4,55,0.611441,-0.00001189,0.00016682,0.00027988
4,53,0.622146,0.00000228,0.00013283,0.00017972
4,51,0.623978,0.00000440,0.00006588,0.00009216
4,52,0.625595,-0.00000656,0.00005911,0.00008540
4,50,0.635964,-0.00000947,0.00004493,0.00006116
4,49,0.640531,0.00000141,0.00005202,0.00007963
4,48,0.646148,-0.00000465,0.00021498,0.00034023
4,46,0.651361,0.00003481,0.00011359,0.00015554
4,47,0.651769,-0.00000559,0.00002530,0.00003526
4,45,0.661292,0.00000635,0.00005967,0.00008571
4,44,0.669489,0.00000152,0.00009136,0.00011860
4,43,0.677341,0.00000149,0.00007445,0.00010364
4,42,0.679914,-0.00000231,0.00085984,0.00117577
4,41,0.687409,-0.00005095,0.00073993,0.00098010
4,40,0.692818,0.00000321,0.00007262,0.00012090
4,39,0.699040,0.00000026,0.00011240,0.00015021
4,38,0.701049,0.00000666,0.00004292,0.00005679
4,37,0.711410,0.00000385,0.00004252,0.00007422
4,36,0.715582,0.00016016,0.00477261,0.00649945
4,35,0.730066,-0.00000472,0.00008434,0.00012240
4,34,0.736309,0.00018909,0.00320944,0.00440220
4,33,0.740176,0.00000249,0.00012010,0.00016760
4,32,0.746544,0.00001350,0.00005911,0.00008397
4,31,0.753834,0.00001264,0.00017893,0.00026193
4,30,0.759449,-0.00002067,0.00007252,0.00010435
4,29,0.764297,0.00001194,0.00013098,0.00019193
4,28,0.768057,-0.00000805,0.00006561,0.00009180
4,27,0.775662,-0.00000059,0.00009253,0.00013148
4,26,0.789905,-0.00002474,0.00021301,0.00030762
4,25,0.795587,-0.00000763,0.00037710,0.00062021
4,24,0.800332,-0.00000074,0.00008610,0.00013564
4,23,0.811132,0.00006733,0.00088368,0.00116463
4,22,0.813132,-0.00001156,0.00005275,0.00016569
4,21,0.821250,0.00000065,0.00003538,0.00006100
4,20,0.832071,-0.00001303,0.00014431,0.00022388
4,19,0.846094,-0.00048019,0.00139562,0.00206058
4,18,0.846703,0.00007417,0.00041045,0.00054259
4,17,0.855807,-0.00001223,0.00017027,0.00032344
4,16,0.861628,-0.00002903,0.00023490,0.00034402
4,15,0.869356,-0.00001860,0.00014885,0.00021061
4,14,0.875977,0.00000052,0.00004612,0.00007025
4,13,0.883609,0.00006154,0.00021226,0.00027882
4,12,0.893047,0.00001142,0.00012316,0.00017438
4,11,0.900100,-0.00001236,0.00008898,0.00016895
4,10,0.911025,0.00000866,0.00025506,0.00035844
4,9,0.920031,-0.00009140,0.00036857,0.00055210
4,8,0.926568,-0.00003593,0.00024985,0.00047377
4,7,0.935619,-0.00006790,0.00024250,0.00141654
4,6,0.943983,-0.00000176,0.00003691,0.00008598
4,5,0.954368,0.00000064,0.00005142,0.00008337
4,4,0.962588,0.00002786,0.00147828,0.00207268
4,3,0.970879,0.00004378,0.00023438,0.00062074
4,2,0.980168,-0.00000916,0.00007419,0.00011056
4,1,0.990091,0.00000296,0.00007577,0.00010795
4,0,0.999884,-0.00000026,0.00000465,0.00000723
