bloque,canal,alpha,grad_medio,abs_grad_medio,desvio_grad
0,509,0.029000,-0.00000071,0.00001637,0.00002321
0,511,0.029155,0.00000074,0.00001764,0.00002435
0,510,0.029312,-0.00000053,0.00001794,0.00002776
0,508,0.029350,0.00000132,0.00001209,0.00001780
0,507,0.030229,-0.00000229,0.00001505,0.00002168
0,506,0.030399,0.00000500,0.00002408,0.00004112
0,505,0.030523,-0.00000043,0.00001818,0.00002569
0,503,0.030816,0.00000185,0.00001400,0.00002045
0,501,0.030932,-0.00000503,0.00004842,0.00007504
0,499,0.031291,0.00000185,0.00002837,0.00003817
0,504,0.031320,0.00000403,0.00002130,0.00003050
0,500,0.031418,-0.00000141,0.00001708,0.00002384
0,502,0.031686,-0.00000189,0.00001261,0.00001728
0,496,0.032121,0.00000306,0.00002463,0.00003813
0,498,0.032403,0.00000032,0.00001738,0.00002748
0,494,0.032655,0.00000054,0.00001960,0.00002693
0,497,0.032735,0.00000066,0.00002114,0.00002794
0,492,0.032936,-0.00000125,0.00001132,0.00002349
0,493,0.033232,-0.00000083,0.00002363,0.00003102
0,487,0.033253,0.00000105,0.00001008,0.00001422
0,490,0.033337,0.00000088,0.00001143,0.00001592
0,495,0.033763,0.00000058,0.00002800,0.00004519
0,488,0.034099,-0.00000344,0.00001311,0.00002044
0,491,0.034199,-0.00000064,0.00001526,0.00002179
0,489,0.034344,0.00000574,0.00002058,0.00002889
0,486,0.034672,0.00000314,0.00002594,0.00003572
0,483,0.034690,-0.00001264,0.00007365,0.00010777
0,485,0.035222,0.00000324,0.00002333,0.00003386
0,479,0.035373,-0.00000145,0.00002475,0.00003623
0,481,0.035438,-0.00000003,0.00001854,0.00002680
0,484,0.035737,-0.00000557,0.00003319,0.00004500
0,478,0.036042,-0.00000012,0.00001264,0.00001737
0,482,0.036094,-0.00000188,0.00002220,0.00003697
0,480,0.036461,-0.00000071,0.00001429,0.00002031
0,472,0.037383,0.00000191,0.00001238,0.00001687
0,476,0.037577,-0.00000140,0.00002313,0.00003318
0,475,0.037659,-0.00000004,0.00001869,0.00002706
0,474,0.037786,0.00000153,0.00002820,0.00004257
0,477,0.038004,-0.00000280,0.00003570,0.00005482
0,468,0.038264,0.00000467,0.00001742,0.00002555
0,471,0.038440,0.00000110,0.00002154,0.00003144
0,473,0.038440,0.00000079,0.00003759,0.00006839
0,469,0.038472,-0.00000126,0.00002564,0.00003892
0,466,0.038580,-0.00000023,0.00001130,0.00001703
0,470,0.038863,0.00000266,0.00002203,0.00003067
0,464,0.039144,0.00000314,0.00003748,0.00005213
0,467,0.039587,-0.00000256,0.00002381,0.00003267
0,463,0.040557,-0.00000200,0.00002934,0.00004151
0,465,0.040578,0.00000013,0.00000902,0.00001393
0,462,0.040894,0.00000333,0.00002006,0.00002732
0,461,0.040990,-0.00000203,0.00002711,0.00003912
0,460,0.041503,-0.00000055,0.00001936,0.00003004
0,457,0.041651,0.00000069,0.00001373,0.00002119
0,459,0.041854,-0.00000071,0.00002942,0.00003931
0,455,0.042545,0.00000383,0.00003054,0.00004491
0,453,0.042629,0.00000704,0.00003677,0.00005347
0,456,0.042891,-0.00000200,0.00003882,0.00005565
0,458,0.043021,0.00000132,0.00002037,0.00002957
0,449,0.043188,0.00000072,0.00002600,0.00004049
0,451,0.043309,0.00000054,0.00001387,0.00002063
0,454,0.043416,0.00000061,0.00002530,0.00003549
0,452,0.044272,-0.00000220,0.00001569,0.00002271
0,448,0.044298,-0.00000041,0.00001145,0.00001625
0,445,0.044537,-0.00000126,0.00001863,0.00002739
0,447,0.045420,-0.00000075,0.00001171,0.00001615
0,450,0.045592,0.00000976,0.00004835,0.00007625
0,446,0.045826,0.00000236,0.00002455,0.00003754
0,444,0.046242,-0.00000022,0.00001556,0.00002255
0,442,0.046262,0.00000533,0.00003353,0.00004783
0,439,0.046277,0.00000425,0.00016548,0.00031134
0,443,0.046756,-0.00000242,0.00001973,0.00002719
0,440,0.046893,0.00000152,0.00002210,0.00003158
0,441,0.047289,0.00000214,0.00002779,0.00004110
0,438,0.047702,0.00000014,0.00003047,0.00004492
0,434,0.048424,0.00000178,0.00002945,0.00004670
0,437,0.048427,0.00000032,0.00001999,0.00003086
0,435,0.048580,0.00000056,0.00000913,0.00001416
0,436,0.048805,0.00000039,0.00003792,0.00005462
0,433,0.049704,0.00000023,0.00002285,0.00003293
0,430,0.049818,0.00000727,0.00003950,0.00005645
0,432,0.050024,0.00000065,0.00002585,0.00003552
0,431,0.050565,0.00000157,0.00002293,0.00003554
0,428,0.050984,-0.00000020,0.00002973,0.00004272
0,426,0.051065,-0.00000090,0.00002369,0.00003187
0,429,0.051459,-0.00000023,0.00003129,0.00005065
0,425,0.051746,0.00000420,0.00002959,0.00004242
0,424,0.052270,-0.00000449,0.00002552,0.00004094
0,427,0.052288,-0.00000668,0.00003078,0.00004410
0,423,0.052886,-0.00000048,0.00003955,0.00006054
0,422,0.052915,-0.00000027,0.00004013,0.00005700
0,420,0.053228,0.00000132,0.00001937,0.00002954
0,415,0.053761,0.00000016,0.00004489,0.00006921
0,419,0.054073,-0.00000075,0.00002408,0.00003791
0,421,0.054562,-0.00000640,0.00004399,0.00007258
0,413,0.055316,-0.00000360,0.00002699,0.00003868
0,411,0.055676,0.00000025,0.00003883,0.00005390
0,417,0.055766,-0.00000018,0.00001452,0.00002084
0,418,0.056326,-0.00000391,0.00003573,0.00005109
0,407,0.056407,-0.00001022,0.00006833,0.00010864
0,414,0.056538,-0.00000146,0.00002265,0.00003359
0,416,0.056541,-0.00000179,0.00003004,0.00004131
0,412,0.057068,0.00000136,0.00002951,0.00004331
0,410,0.057986,0.00000110,0.00003661,0.00005695
0,409,0.057995,0.00000130,0.00005525,0.00008565
0,405,0.058883,0.00000399,0.00002510,0.00003798
0,406,0.059458,0.00000335,0.00002434,0.00003919
0,408,0.059599,0.00000092,0.00001719,0.00002613
0,403,0.059954,-0.00000062,0.00002336,0.00003529
0,404,0.059979,0.00000041,0.00000945,0.00001336
0,402,0.060647,0.00000264,0.00002980,0.00004697
0,399,0.061039,-0.00000040,0.00002594,0.00003680
0,401,0.061650,-0.00000634,0.00005928,0.00008871
0,397,0.063089,0.00000320,0.00002430,0.00003453
0,398,0.063367,-0.00000347,0.00004182,0.00006946
0,400,0.063524,-0.00000324,0.00005913,0.00008585
0,396,0.064165,-0.00000070,0.00002092,0.00003039
0,394,0.064294,0.00000493,0.00005118,0.00007235
0,395,0.064374,0.00000015,0.00003791,0.00005379
0,393,0.064937,-0.00000719,0.00004012,0.00005510
0,392,0.065671,0.00000330,0.00004156,0.00006898
0,390,0.065676,0.00000059,0.00004044,0.00006327
0,389,0.065692,-0.00000466,0.00005507,0.00008045
0,387,0.066693,0.00000316,0.00003420,0.00005139
0,391,0.067144,0.00000140,0.00003045,0.00004502
0,388,0.067399,0.00000017,0.00003660,0.00005385
0,383,0.067486,0.00000268,0.00001598,0.00002273
0,386,0.068024,-0.00000185,0.00004664,0.00007261
0,385,0.068070,0.00000355,0.00005180,0.00007299
0,384,0.068280,-0.00000437,0.00003820,0.00005638
0,382,0.068473,0.00000805,0.00006441,0.00009313
0,379,0.069029,0.00000070,0.00005424,0.00007330
0,381,0.069486,0.00000270,0.00002706,0.00003823
0,378,0.069904,0.00001070,0.00005020,0.00007222
0,380,0.070646,0.00000739,0.00004790,0.00006797
0,375,0.071308,0.00000731,0.00003895,0.00005324
0,376,0.072849,-0.00000249,0.00005782,0.00008338
0,374,0.072940,-0.00000800,0.00005338,0.00007539
0,373,0.072965,-0.00000107,0.00003455,0.00005466
0,377,0.073538,-0.00000382,0.00004017,0.00006118
0,371,0.073738,-0.00000132,0.00002832,0.00003912
0,370,0.074438,0.00000022,0.00002852,0.00004183
0,372,0.075346,-0.00000932,0.00005290,0.00007547
0,369,0.075734,0.00000140,0.00003639,0.00005483
0,368,0.076065,0.00000801,0.00004694,0.00006923
0,366,0.076574,0.00000955,0.00005469,0.00008099
0,367,0.077668,-0.00000456,0.00005729,0.00009097
0,361,0.078248,0.00000217,0.00005740,0.00008080
0,363,0.078362,-0.00000253,0.00002395,0.00003213
0,364,0.078387,-0.00000077,0.00002499,0.00003603
0,365,0.079130,0.00001133,0.00006303,0.00012566
0,362,0.079238,0.00000672,0.00007709,0.00010701
0,355,0.081700,-0.00000380,0.00004175,0.00005900
0,359,0.081863,-0.00000013,0.00003532,0.00005019
0,358,0.081880,-0.00000650,0.00005344,0.00007201
0,360,0.082291,-0.00000610,0.00007422,0.00011606
0,357,0.082503,-0.00000177,0.00004574,0.00006212
0,353,0.083300,0.00000025,0.00003201,0.00004319
0,354,0.083718,-0.00000664,0.00004049,0.00005975
0,356,0.084355,-0.00000324,0.00005679,0.00007825
0,352,0.084437,0.00000484,0.00004040,0.00006040
0,347,0.084772,-0.00000355,0.00006240,0.00008404
0,350,0.085364,0.00000282,0.00004297,0.00006536
0,349,0.086054,0.00000311,0.00004428,0.00006671
0,351,0.086212,-0.00000212,0.00006009,0.00009097
0,348,0.086492,-0.00000592,0.00006996,0.00010968
0,346,0.087157,-0.00000728,0.00003766,0.00005347
0,344,0.087557,0.00000416,0.00003938,0.00005554
0,345,0.087737,-0.00000431,0.00004675,0.00006589
0,343,0.087863,0.00000841,0.00007112,0.00009558
0,342,0.088220,-0.00000872,0.00004363,0.00007779
0,338,0.090941,-0.00001118,0.00004892,0.00007137
0,340,0.091842,0.00002115,0.00006454,0.00010702
0,339,0.091844,0.00000778,0.00003590,0.00005144
0,341,0.092317,0.00000678,0.00005543,0.00007875
0,336,0.093224,0.00000030,0.00004761,0.00007205
0,335,0.094276,-0.00000113,0.00002663,0.00004065
0,332,0.095414,-0.00000081,0.00006362,0.00008777
0,334,0.095746,-0.00000026,0.00003995,0.00005931
0,331,0.095761,-0.00000225,0.00003636,0.00005088
0,337,0.096237,0.00000493,0.00008735,0.00013583
0,333,0.096260,-0.00000801,0.00004644,0.00006721
0,330,0.096927,0.00000419,0.00005443,0.00008802
0,326,0.097415,-0.00000050,0.00005704,0.00008312
0,329,0.099523,0.00000187,0.00002668,0.00003717
0,328,0.099686,-0.00000524,0.00005345,0.00008015
0,325,0.100283,-0.00001425,0.00008855,0.00013956
0,327,0.100733,-0.00000540,0.00008022,0.00013292
0,322,0.101025,0.00001616,0.00008513,0.00012304
0,318,0.102349,0.00000407,0.00004487,0.00006065
0,324,0.102802,0.00002627,0.00013972,0.00021731
0,323,0.103042,-0.00000058,0.00015261,0.00023373
0,321,0.103932,0.00000623,0.00006688,0.00009069
0,320,0.104106,0.00000686,0.00004393,0.00006447
0,316,0.104843,0.00000674,0.00005992,0.00008440
0,317,0.105545,0.00000065,0.00005481,0.00007933
0,314,0.106567,-0.00000985,0.00008616,0.00013183
0,319,0.106707,-0.00000624,0.00006596,0.00009869
0,315,0.107413,-0.00001599,0.00009330,0.00013361
0,313,0.107847,0.00000110,0.00005634,0.00008451
0,310,0.109767,0.00000495,0.00007611,0.00010338
0,311,0.109891,-0.00000309,0.00004623,0.00006708
0,309,0.110904,0.00000402,0.00007802,0.00010720
0,308,0.110934,-0.00000205,0.00003599,0.00005133
0,312,0.111450,-0.00000123,0.00003113,0.00004405
0,306,0.112987,0.00000473,0.00004297,0.00006288
0,305,0.113738,0.00000237,0.00003869,0.00005437
0,307,0.115792,0.00000968,0.00007613,0.00012219
0,304,0.116235,0.00000909,0.00006586,0.00011474
0,303,0.116691,-0.00001404,0.00010758,0.00015196
0,299,0.117456,0.00000164,0.00008093,0.00011631
0,302,0.119037,-0.00002341,0.00006942,0.00010284
0,300,0.119378,-0.00000423,0.00006086,0.00008446
0,301,0.119886,-0.00000308,0.00005862,0.00008907
0,298,0.120346,-0.00000099,0.00006122,0.00009152
0,297,0.121556,-0.00000949,0.00009231,0.00014295
0,295,0.121781,0.00000538,0.00005574,0.00009330
0,293,0.123477,-0.00000248,0.00006633,0.00009484
0,289,0.123568,0.00000856,0.00005979,0.00009299
0,291,0.123707,0.00000008,0.00004950,0.00006665
0,292,0.124930,0.00001301,0.00005699,0.00008271
0,296,0.124990,0.00002284,0.00010789,0.00015039
0,288,0.125332,-0.00000916,0.00006396,0.00009163
0,294,0.126372,-0.00000138,0.00003708,0.00005961
0,290,0.128510,-0.00000194,0.00009257,0.00014929
0,285,0.129061,0.00002643,0.00012224,0.00016325
0,287,0.129511,-0.00000079,0.00004774,0.00006627
0,286,0.129749,-0.00000018,0.00005272,0.00007310
0,284,0.131718,0.00000112,0.00006762,0.00008990
0,283,0.131932,-0.00000645,0.00004466,0.00006225
0,280,0.132529,-0.00001872,0.00013165,0.00020514
0,282,0.133437,0.00000146,0.00007185,0.00010570
0,277,0.136093,0.00000297,0.00006034,0.00008975
0,279,0.136175,0.00000833,0.00006795,0.00009597
0,281,0.136623,0.00000874,0.00011839,0.00016766
0,278,0.138351,-0.00000302,0.00006117,0.00008896
0,273,0.138387,-0.00000224,0.00008426,0.00012274
0,275,0.139975,0.00000480,0.00004494,0.00006041
0,274,0.141111,-0.00001740,0.00008794,0.00013768
0,272,0.141213,-0.00001183,0.00009475,0.00015926
0,276,0.141579,0.00000978,0.00013418,0.00021991
0,270,0.143733,-0.00000186,0.00008513,0.00013342
0,268,0.143759,0.00002306,0.00013628,0.00021792
0,265,0.144395,0.00001859,0.00008659,0.00012031
0,271,0.144609,0.00000584,0.00009089,0.00012241
0,269,0.145486,-0.00000317,0.00010252,0.00015121
0,267,0.146035,0.00000781,0.00006194,0.00011259
0,264,0.146822,-0.00000211,0.00007703,0.00010840
0,266,0.149981,-0.00000439,0.00010579,0.00015988
0,262,0.151270,-0.00000319,0.00007786,0.00011028
0,263,0.152439,-0.00000184,0.00005243,0.00007769
0,261,0.153695,-0.00000212,0.00008064,0.00013491
0,258,0.153887,-0.00000943,0.00010496,0.00015047
0,260,0.154230,-0.00000203,0.00009073,0.00013750
0,257,0.156273,0.00000933,0.00009004,0.00013171
0,259,0.156305,-0.00000739,0.00005006,0.00007167
0,255,0.156914,-0.00001882,0.00019143,0.00027748
0,254,0.158649,-0.00001266,0.00014000,0.00019257
0,253,0.159071,-0.00001227,0.00006965,0.00009655
0,256,0.159715,-0.00000313,0.00007216,0.00010244
0,252,0.160428,0.00000688,0.00008637,0.00012146
0,245,0.161189,0.00000076,0.00004576,0.00006894
0,250,0.161662,0.00000467,0.00009229,0.00013099
0,251,0.161957,0.00000070,0.00012493,0.00017301
0,247,0.165301,0.00000253,0.00005955,0.00008553
0,246,0.165398,0.00001773,0.00007512,0.00011314
0,248,0.166687,-0.00000457,0.00010887,0.00016502
0,249,0.168039,-0.00000395,0.00011291,0.00016331
0,244,0.169197,0.00004427,0.00017625,0.00025429
0,243,0.170318,-0.00000900,0.00010017,0.00015215
0,241,0.172246,0.00000128,0.00008175,0.00012005
0,242,0.174596,0.00000583,0.00012956,0.00019109
0,240,0.175012,-0.00001019,0.00018651,0.00025945
0,237,0.176663,-0.00000864,0.00012082,0.00018148
0,238,0.176810,-0.00002393,0.00014620,0.00026387
0,235,0.178874,0.00001308,0.00016294,0.00027198
0,239,0.178963,0.00000070,0.00009365,0.00012618
0,236,0.179847,0.00000670,0.00020813,0.00029751
0,233,0.182054,0.00000424,0.00008366,0.00011263
0,234,0.183342,0.00000160,0.00006067,0.00009001
0,232,0.183429,-0.00002178,0.00006938,0.00009482
0,231,0.185346,-0.00006086,0.00026023,0.00038601
0,229,0.185632,-0.00000736,0.00007127,0.00011462
0,227,0.185702,0.00001507,0.00011416,0.00016000
0,230,0.185902,-0.00000464,0.00004842,0.00007870
0,228,0.186709,-0.00000904,0.00010325,0.00013823
0,226,0.187789,0.00000248,0.00007019,0.00009655
0,222,0.192825,-0.00000906,0.00008629,0.00012627
0,225,0.193488,0.00000305,0.00012966,0.00018549
0,223,0.193595,0.00001675,0.00013350,0.00018056
0,224,0.196619,0.00000612,0.00010405,0.00013971
0,221,0.198060,-0.00000705,0.00008789,0.00011665
0,220,0.198196,0.00000217,0.00012072,0.00017126
0,218,0.201448,-0.00000253,0.00016150,0.00023028
0,219,0.202031,-0.00002519,0.00017347,0.00025215
0,214,0.202174,-0.00001234,0.00010351,0.00015290
0,216,0.203528,0.00000253,0.00020983,0.00037928
0,215,0.204202,0.00002042,0.00008256,0.00011558
0,217,0.207041,0.00001344,0.00015209,0.00026036
0,213,0.207262,-0.00000616,0.00009722,0.00013587
0,212,0.208192,0.00000416,0.00009723,0.00015270
0,208,0.210023,-0.00000010,0.00007012,0.00009819
0,209,0.210132,-0.00000368,0.00011230,0.00015985
0,211,0.212250,-0.00001605,0.00013532,0.00019805
0,210,0.214423,0.00000354,0.00006555,0.00009574
0,206,0.215691,-0.00001873,0.00006221,0.00008500
0,201,0.216804,-0.00001637,0.00027970,0.00045051
0,204,0.218019,0.00001111,0.00017902,0.00027950
0,203,0.218765,0.00002168,0.00018191,0.00035252
0,205,0.219051,-0.00000960,0.00021663,0.00032414
0,207,0.220912,0.00002465,0.00024703,0.00039507
0,200,0.221254,0.00001969,0.00013468,0.00020205
0,202,0.223653,0.00000964,0.00018176,0.00025810
0,198,0.228212,0.00002984,0.00018510,0.00027515
0,195,0.228358,0.00000589,0.00009326,0.00014114
0,197,0.230328,-0.00000856,0.00008963,0.00012555
0,199,0.232581,0.00000842,0.00012128,0.00017734
0,194,0.234148,0.00000090,0.00008874,0.00013278
0,196,0.234358,-0.00000309,0.00013231,0.00019058
0,192,0.236279,-0.00000160,0.00010547,0.00015967
0,191,0.236326,-0.00000809,0.00006212,0.00008858
0,190,0.238248,-0.00000795,0.00007702,0.00010790
0,189,0.239218,0.00000889,0.00009673,0.00014255
0,193,0.239712,-0.00003268,0.00027729,0.00039334
0,188,0.241737,-0.00004606,0.00018110,0.00026198
0,186,0.246396,0.00001390,0.00014360,0.00020276
0,187,0.247007,-0.00000917,0.00017062,0.00023894
0,183,0.248381,-0.00000481,0.00019805,0.00028622
0,184,0.249249,0.00000213,0.00011030,0.00015258
0,185,0.249575,-0.00000931,0.00016974,0.00026303
0,182,0.253554,-0.00000045,0.00012633,0.00017004
0,176,0.256900,-0.00002665,0.00020788,0.00029287
0,181,0.257754,0.00002471,0.00016418,0.00024216
0,179,0.258672,-0.00000563,0.00014498,0.00020667
0,177,0.261717,0.00001494,0.00014474,0.00020547
0,178,0.262090,0.00005037,0.00025852,0.00043077
0,172,0.263634,-0.00000925,0.00014957,0.00022433
0,174,0.265356,-0.00001047,0.00012039,0.00017033
0,180,0.265450,-0.00001307,0.00016280,0.00025022
0,175,0.265806,0.00002382,0.00012222,0.00016327
0,171,0.270973,0.00000268,0.00015034,0.00021705
0,173,0.271659,0.00000585,0.00008796,0.00012852
0,169,0.273728,-0.00004414,0.00028395,0.00040583
0,168,0.275310,-0.00002705,0.00023946,0.00036040
0,170,0.275453,-0.00001702,0.00023634,0.00032963
0,166,0.279510,-0.00001108,0.00009597,0.00013654
0,165,0.280583,0.00003031,0.00033083,0.00048818
0,167,0.280611,0.00000704,0.00009493,0.00015531
0,164,0.282728,0.00000764,0.00009632,0.00012852
0,163,0.283916,0.00000079,0.00014717,0.00020745
0,159,0.285793,0.00000452,0.00009997,0.00014839
0,162,0.287747,-0.00002840,0.00021937,0.00031864
0,161,0.288645,-0.00000673,0.00011723,0.00016964
0,158,0.288744,0.00000673,0.00010597,0.00015151
0,160,0.289740,0.00000223,0.00010424,0.00016788
0,156,0.294509,-0.00004721,0.00031235,0.00044486
0,155,0.297552,0.00000212,0.00017025,0.00025182
0,157,0.300445,-0.00004941,0.00022206,0.00031974
0,152,0.300820,-0.00000937,0.00009939,0.00013921
0,154,0.301419,0.00002654,0.00022437,0.00029146
0,153,0.303313,0.00000335,0.00017229,0.00023825
0,150,0.305470,0.00002071,0.00016866,0.00023315
0,151,0.307801,0.00003769,0.00013223,0.00018860
0,148,0.309076,-0.00003589,0.00025592,0.00048872
0,149,0.309257,0.00000533,0.00011018,0.00015071
0,147,0.316008,-0.00002110,0.00018199,0.00027914
0,146,0.320339,-0.00002667,0.00025894,0.00047189
0,144,0.320485,-0.00001157,0.00009893,0.00014206
0,142,0.321966,0.00002258,0.00019891,0.00028447
0,145,0.321984,-0.00001401,0.00020526,0.00030114
0,143,0.324531,0.00000533,0.00014404,0.00021482
0,141,0.324929,0.00001255,0.00011597,0.00017535
0,140,0.333729,-0.00006380,0.00022307,0.00035024
0,138,0.334845,0.00000226,0.00008367,0.00013642
0,139,0.335365,0.00002596,0.00010884,0.00018174
0,136,0.336438,0.00000656,0.00012454,0.00018908
0,137,0.338581,-0.00000089,0.00009010,0.00012185
0,135,0.341225,0.00005549,0.00030324,0.00047827
0,133,0.341396,0.00007995,0.00044269,0.00069959
0,132,0.345501,0.00000601,0.00015052,0.00020796
0,134,0.347094,0.00003547,0.00028592,0.00043153
0,130,0.349069,-0.00000941,0.00011709,0.00017736
0,129,0.351990,-0.00002134,0.00037095,0.00053621
0,127,0.352311,-0.00001000,0.00010780,0.00015143
0,128,0.353302,0.00000355,0.00010385,0.00015395
0,131,0.354176,-0.00006038,0.00027275,0.00039768
0,125,0.357285,-0.00000458,0.00023019,0.00031166
0,126,0.357680,-0.00001190,0.00015776,0.00023008
0,124,0.366936,-0.00000288,0.00014644,0.00020826
0,123,0.370789,0.00003215,0.00029962,0.00048872
0,122,0.374579,-0.00000198,0.00019173,0.00027423
0,120,0.374706,-0.00000731,0.00022084,0.00029366
0,121,0.376205,0.00001763,0.00017196,0.00023263
0,118,0.378298,0.00005118,0.00027579,0.00041281
0,117,0.378762,0.00000187,0.00009627,0.00013844
0,116,0.379435,-0.00000544,0.00015806,0.00023358
0,119,0.380710,-0.00003548,0.00029447,0.00040647
0,112,0.387389,0.00000428,0.00010167,0.00014347
0,114,0.390882,0.00001033,0.00018675,0.00024985
0,115,0.394251,0.00000235,0.00031001,0.00041933
0,111,0.394681,0.00000604,0.00018705,0.00029143
0,110,0.399925,0.00000168,0.00016930,0.00025224
0,113,0.400517,0.00002913,0.00035547,0.00049532
0,109,0.402645,0.00000661,0.00010669,0.00014336
0,108,0.405260,0.00000295,0.00026318,0.00037413
0,107,0.406755,-0.00000455,0.00024626,0.00035112
0,105,0.411442,0.00001056,0.00024572,0.00033953
0,104,0.411567,-0.00000075,0.00007471,0.00009835
0,106,0.412139,0.00002685,0.00014718,0.00019973
0,103,0.419846,0.00000678,0.00007756,0.00010669
0,102,0.420410,-0.00002790,0.00019369,0.00026693
0,101,0.422883,-0.00000774,0.00017637,0.00026741
0,100,0.426149,-0.00003786,0.00025872,0.00036181
0,99,0.430396,0.00002035,0.00031840,0.00045719
0,98,0.431844,0.00002170,0.00021938,0.00032999
0,97,0.433976,-0.00002815,0.00017499,0.00025371
0,96,0.434135,0.00001603,0.00014942,0.00021785
0,94,0.435531,0.00003575,0.00028208,0.00038792
0,95,0.441415,0.00004809,0.00029228,0.00042330
0,93,0.448608,0.00007636,0.00029648,0.00042890
0,92,0.451168,0.00000545,0.00037095,0.00052418
0,91,0.455685,-0.00004261,0.00028755,0.00039030
0,89,0.456467,-0.00000431,0.00015763,0.00024369
0,90,0.458123,0.00003046,0.00021617,0.00035881
0,88,0.460992,0.00000495,0.00018181,0.00027988
0,86,0.466334,-0.00000538,0.00023184,0.00034234
0,87,0.468861,-0.00001205,0.00032114,0.00044241
0,83,0.477098,-0.00002324,0.00016646,0.00022535
0,84,0.478515,-0.00002469,0.00026350,0.00041601
0,82,0.480583,-0.00001774,0.00028961,0.00044839
0,81,0.482536,0.00001890,0.00015966,0.00023171
0,85,0.483182,-0.00005176,0.00048373,0.00069366
0,79,0.490200,0.00002039,0.00021834,0.00030113
0,78,0.491519,-0.00000950,0.00014856,0.00020326
0,80,0.492938,-0.00003116,0.00030157,0.00042349
0,76,0.494453,0.00001120,0.00035296,0.00049017
0,77,0.499863,0.00004921,0.00026881,0.00035948
0,75,0.503718,-0.00002719,0.00025723,0.00036113
0,74,0.512778,-0.00004925,0.00030120,0.00039869
0,73,0.513834,0.00001220,0.00026209,0.00040080
0,71,0.515761,-0.00003502,0.00027701,0.00036893
0,70,0.518476,0.00000359,0.00030040,0.00046757
0,72,0.519951,0.00011345,0.00094004,0.00131552
0,69,0.525007,0.00000915,0.00028322,0.00039036
0,66,0.533482,-0.00001518,0.00042078,0.00060523
0,68,0.533647,-0.00000062,0.00028894,0.00041168
0,67,0.535417,-0.00000743,0.00031867,0.00050096
0,64,0.539114,0.00005200,0.00042533,0.00060944
0,65,0.542620,0.00001805,0.00019601,0.00026546
0,63,0.544436,-0.00003131,0.00027301,0.00040763
0,62,0.549771,0.00008264,0.00026040,0.00047410
0,60,0.556861,0.00002799,0.00074509,0.00107354
0,61,0.557181,0.00001241,0.00031626,0.00045091
0,59,0.559929,0.00001201,0.00044146,0.00068313
0,58,0.565150,-0.00002104,0.00034679,0.00050853
0,56,0.573937,0.00001049,0.00027996,0.00039408
0,57,0.577193,0.00002139,0.00051393,0.00067166
0,55,0.580991,0.00001585,0.00025616,0.00037119
0,54,0.588225,-0.00010504,0.00080108,0.00111764
0,53,0.590131,-0.00000911,0.00018373,0.00038358
0,51,0.595581,-0.00000746,0.00026420,0.00040872
0,52,0.598426,0.00001385,0.00032638,0.00047053
0,50,0.598978,0.00000791,0.00023047,0.00035909
0,49,0.607223,0.00001353,0.00043814,0.00063906
0,48,0.608962,0.00000812,0.00027051,0.00039486
0,47,0.611574,0.00002016,0.00013286,0.00023864
0,46,0.619125,-0.00011821,0.00075538,0.00103017
0,45,0.621619,0.00000061,0.00040047,0.00060095
0,44,0.631685,-0.00000356,0.00045286,0.00064022
0,43,0.635722,-0.00003945,0.00030558,0.00042802
0,42,0.636675,0.00006061,0.00033243,0.00048912
0,41,0.642369,-0.00005455,0.00039863,0.00056647
0,40,0.648399,-0.00020050,0.00067808,0.00159649
0,38,0.656903,-0.00002918,0.00050603,0.00079668
0,39,0.659093,-0.00004360,0.00040558,0.00061024
0,37,0.664200,-0.00003532,0.00031313,0.00043835
0,36,0.672014,0.00000930,0.00059183,0.00081024
0,35,0.677238,0.00004943,0.00033803,0.00047319
0,34,0.685963,-0.00001918,0.00039914,0.00057073
0,33,0.689529,-0.00002140,0.00066536,0.00093478
0,31,0.695901,0.00000608,0.00054190,0.00079360
0,32,0.698359,-0.00009291,0.00045406,0.00065288
0,30,0.700257,0.00002684,0.00028081,0.00041182
0,29,0.712738,0.00001243,0.00033241,0.00049190
0,28,0.712968,0.00007190,0.00047421,0.00069387
0,27,0.725911,0.00001607,0.00025703,0.00036406
0,26,0.729413,0.00006423,0.00058489,0.00083001
0,25,0.734860,0.00006336,0.00027812,0.00047234
0,24,0.740742,0.00001384,0.00050739,0.00082896
0,23,0.751426,-0.00006756,0.00076023,0.00104450
0,22,0.755591,0.00000771,0.00027601,0.00040216
0,21,0.762866,0.00003488,0.00050804,0.00075624
0,20,0.772387,0.00002167,0.00097490,0.00138032
0,19,0.782153,0.00004623,0.00038731,0.00055159
0,18,0.787235,-0.00000203,0.00042179,0.00065318
0,17,0.792245,0.00014368,0.00068565,0.00098164
0,16,0.798138,0.00006112,0.00044864,0.00072328
0,15,0.809725,-0.00001544,0.00111269,0.00158134
0,14,0.816433,0.00000707,0.00036921,0.00053220
0,13,0.826154,-0.00001665,0.00044543,0.00065508
0,12,0.832967,0.00006084,0.00064194,0.00110486
0,11,0.848978,-0.00001862,0.00072530,0.00101114
0,10,0.853095,0.00006970,0.00075168,0.00111843
0,9,0.861231,-0.00001088,0.00094740,0.00147643
0,8,0.874487,0.00002265,0.00025760,0.00036384
0,7,0.884388,0.00001387,0.00097378,0.00147732
0,6,0.895056,0.00003913,0.00036126,0.00057041
0,5,0.911382,-0.00003164,0.00055253,0.00086475
0,4,0.923270,0.00027771,0.00112443,0.00160537
0,3,0.936532,0.00005768,0.00032049,0.00053740
0,2,0.953416,0.00013276,0.00135875,0.00191260
0,1,0.971613,0.00000395,0.00018933,0.00027981
0,0,0.999046,0.00000085,0.00001235,0.00002278
1,509,0.028633,-0.00000155,0.00001158,0.00001747
1,511,0.029391,-0.00000450,0.00002250,0.00003607
1,510,0.029656,0.00000064,0.00001088,0.00001546
1,508,0.029687,-0.00000046,0.00000585,0.00000849
1,505,0.029850,0.00000039,0.00001152,0.00001891
1,507,0.030219,-0.00000051,0.00000483,0.00000678
1,506,0.030294,0.00000007,0.00000563,0.00000972
1,504,0.030594,-0.00000085,0.00001051,0.00001494
1,501,0.031055,0.00000066,0.00000536,0.00000744
1,500,0.031079,-0.00000008,0.00000481,0.00000667
1,502,0.031389,0.00000011,0.00000747,0.00001049
1,503,0.031552,-0.00000024,0.00000657,0.00000997
1,499,0.031774,0.00000009,0.00001486,0.00002017
1,497,0.031911,-0.00000131,0.00001076,0.00001592
1,495,0.032106,-0.00000019,0.00000987,0.00001407
1,494,0.033017,-0.00000030,0.00001134,0.00001804
1,492,0.033202,0.00000017,0.00000865,0.00001296
1,493,0.033259,-0.00000150,0.00000947,0.00001355
1,498,0.033373,0.00000039,0.00001164,0.00001761
1,496,0.033375,-0.00000028,0.00001568,0.00002311
1,489,0.033585,-0.00000120,0.00001137,0.00001595
1,490,0.033611,-0.00000081,0.00000659,0.00000952
1,488,0.033906,-0.00000017,0.00000476,0.00000774
1,491,0.033924,-0.00000062,0.00001042,0.00001564
1,486,0.034786,-0.00000000,0.00001215,0.00001703
1,487,0.034837,-0.00000207,0.00001382,0.00002050
1,484,0.035026,-0.00000035,0.00000835,0.00001140
1,482,0.035550,0.00000019,0.00000554,0.00000786
1,485,0.035663,-0.00000039,0.00001428,0.00001982
1,483,0.035728,-0.00000025,0.00000881,0.00001230
1,481,0.035779,0.00000087,0.00001058,0.00001409
1,480,0.036096,0.00000026,0.00000964,0.00001488
1,478,0.036291,-0.00000603,0.00001733,0.00002920
1,474,0.036324,-0.00000099,0.00000618,0.00000886
1,477,0.036363,0.00000044,0.00000612,0.00000924
1,475,0.036631,-0.00000048,0.00001255,0.00001739
1,479,0.036704,-0.00000036,0.00001577,0.00002392
1,470,0.037113,0.00000413,0.00001690,0.00002568
1,472,0.037225,0.00000030,0.00000910,0.00001287
1,476,0.037507,-0.00000107,0.00001444,0.00002119
1,469,0.038063,-0.00000007,0.00001057,0.00001535
1,473,0.038212,0.00000038,0.00000636,0.00000889
1,471,0.039077,-0.00000090,0.00001334,0.00001871
1,468,0.039236,0.00000173,0.00000745,0.00001063
1,467,0.039544,-0.00000030,0.00001063,0.00001556
1,466,0.039867,-0.00000169,0.00001906,0.00002776
1,464,0.040290,-0.00000061,0.00001047,0.00001528
1,463,0.040440,0.00000081,0.00001043,0.00001416
1,465,0.040648,0.00000090,0.00001171,0.00001600
1,462,0.040690,-0.00000091,0.00000955,0.00001459
1,461,0.041175,-0.00000153,0.00001233,0.00001737
1,460,0.041478,0.00000256,0.00002221,0.00003879
1,458,0.041574,-0.00000139,0.00001443,0.00002579
1,459,0.041635,0.00000216,0.00001684,0.00002715
1,454,0.042175,-0.00000048,0.00001030,0.00001491
1,455,0.042232,0.00000136,0.00001327,0.00001923
1,456,0.042496,-0.00000007,0.00000843,0.00001179
1,450,0.042880,-0.00000156,0.00001293,0.00001925
1,457,0.043015,0.00000134,0.00001154,0.00001612
1,453,0.043487,-0.00000043,0.00001262,0.00001912
1,448,0.043511,-0.00000142,0.00001706,0.00002391
1,451,0.043527,0.00000128,0.00001317,0.00001932
1,452,0.044196,0.00000077,0.00002137,0.00003318
1,449,0.044325,-0.00000093,0.00000987,0.00001416
1,447,0.044371,-0.00000037,0.00000748,0.00001060
1,446,0.045230,0.00000226,0.00001165,0.00002987
1,441,0.045322,0.00000036,0.00001110,0.00001595
1,445,0.045530,-0.00000001,0.00001944,0.00003031
1,443,0.046012,-0.00000061,0.00001373,0.00002024
1,444,0.046457,0.00000043,0.00002388,0.00003497
1,442,0.046867,-0.00000048,0.00001571,0.00002267
1,440,0.047163,-0.00000118,0.00001299,0.00001855
1,439,0.047917,0.00000078,0.00001587,0.00002167
1,438,0.048040,0.00000097,0.00001830,0.00002665
1,432,0.048466,0.00000037,0.00002735,0.00003774
1,433,0.048812,-0.00000214,0.00001763,0.00002458
1,436,0.048905,0.00000139,0.00003140,0.00004392
1,437,0.048951,0.00000046,0.00000829,0.00001128
1,435,0.049001,-0.00000093,0.00001310,0.00001810
1,434,0.049073,0.00000064,0.00001121,0.00001651
1,430,0.049886,-0.00000148,0.00002156,0.00003448
1,427,0.050577,0.00000071,0.00000873,0.00001237
1,431,0.050922,-0.00000016,0.00001551,0.00002159
1,423,0.051803,0.00000152,0.00001296,0.00001858
1,428,0.051841,-0.00000298,0.00002268,0.00003250
1,429,0.052075,-0.00000433,0.00002263,0.00003143
1,426,0.052164,0.00000235,0.00002192,0.00003099
1,425,0.052186,-0.00000125,0.00001479,0.00002232
1,424,0.052462,0.00000034,0.00001046,0.00001488
1,417,0.053347,-0.00000067,0.00001151,0.00001670
1,422,0.053379,0.00000023,0.00001415,0.00002002
1,420,0.053980,-0.00000092,0.00001583,0.00002145
1,419,0.054032,-0.00000139,0.00003817,0.00006170
1,421,0.054035,-0.00000128,0.00001651,0.00002338
1,418,0.054769,-0.00000022,0.00001259,0.00001733
1,416,0.055265,-0.00000055,0.00000854,0.00001192
1,413,0.056141,0.00000553,0.00002728,0.00005004
1,415,0.056282,-0.00000005,0.00000765,0.00001214
1,414,0.056349,-0.00000496,0.00004252,0.00006029
1,411,0.057104,-0.00000086,0.00001998,0.00003036
1,412,0.057135,-0.00000198,0.00001281,0.00001729
1,410,0.057637,-0.00000065,0.00001837,0.00002636
1,409,0.057841,-0.00000093,0.00001138,0.00001551
1,408,0.058248,-0.00000006,0.00001698,0.00002515
1,407,0.058893,0.00000079,0.00002127,0.00003043
1,406,0.059621,-0.00000165,0.00001122,0.00001840
1,405,0.059844,0.00000018,0.00001278,0.00001763
1,404,0.060626,-0.00000124,0.00001052,0.00001479
1,403,0.060713,-0.00000016,0.00001766,0.00002516
1,402,0.060719,0.00000152,0.00001135,0.00001626
1,401,0.061260,0.00000063,0.00002038,0.00003004
1,397,0.062231,0.00000043,0.00001926,0.00002912
1,396,0.062368,-0.00000132,0.00002143,0.00003311
1,395,0.062788,-0.00000078,0.00001400,0.00001986
1,400,0.062907,0.00000202,0.00001829,0.00002733
1,398,0.063920,0.00000075,0.00001261,0.00001767
1,399,0.064000,-0.00000087,0.00002274,0.00003567
1,392,0.064127,0.00000028,0.00001441,0.00002040
1,391,0.064864,0.00000184,0.00002303,0.00003579
1,394,0.065334,-0.00000934,0.00004618,0.00006877
1,393,0.065538,-0.00000182,0.00001747,0.00002746
1,388,0.066261,-0.00000047,0.00001466,0.00002276
1,390,0.066410,0.00000380,0.00001756,0.00002741
1,383,0.066825,-0.00000165,0.00001468,0.00002241
1,386,0.067082,0.00000511,0.00003100,0.00004620
1,389,0.067265,-0.00000218,0.00002994,0.00004353
1,385,0.067933,-0.00000533,0.00002759,0.00003872
1,387,0.068523,0.00000302,0.00001422,0.00002541
1,384,0.069058,0.00000135,0.00001968,0.00002681
1,380,0.069177,0.00000165,0.00002187,0.00003359
1,382,0.070102,0.00000164,0.00002453,0.00003502
1,381,0.070441,0.00000070,0.00001680,0.00002421
1,379,0.070703,-0.00000123,0.00002610,0.00003804
1,378,0.070822,0.00000078,0.00001430,0.00002002
1,377,0.071287,-0.00000039,0.00002080,0.00003146
1,375,0.071650,-0.00000421,0.00003534,0.00005250
1,374,0.073216,0.00000196,0.00002010,0.00002803
1,376,0.073262,-0.00000018,0.00001097,0.00001505
1,369,0.074129,-0.00000062,0.00001667,0.00002486
1,371,0.074325,-0.00000007,0.00001149,0.00001602
1,373,0.074415,0.00000138,0.00001656,0.00002629
1,372,0.074792,0.00000231,0.00002098,0.00003196
1,366,0.075458,0.00000203,0.00001434,0.00002123
1,370,0.076183,0.00000210,0.00002843,0.00004205
1,368,0.076593,-0.00000118,0.00002633,0.00003983
1,367,0.077013,0.00000435,0.00001389,0.00001933
1,364,0.078465,0.00000115,0.00001050,0.00001543
1,365,0.078663,0.00000738,0.00003769,0.00005191
1,360,0.079483,-0.00000152,0.00002358,0.00003451
1,362,0.079503,-0.00000010,0.00002570,0.00003599
1,361,0.080076,-0.00000399,0.00002290,0.00003114
1,359,0.081054,-0.00000382,0.00003229,0.00004530
1,363,0.081440,-0.00000082,0.00003007,0.00004268
1,354,0.081595,-0.00000480,0.00002568,0.00003758
1,357,0.081898,-0.00000010,0.00001624,0.00002234
1,355,0.082181,-0.00000382,0.00001592,0.00002814
1,358,0.082626,0.00000109,0.00001795,0.00002742
1,353,0.083917,0.00000444,0.00002361,0.00003489
1,356,0.085892,-0.00000411,0.00002825,0.00004169
1,351,0.086173,-0.00000422,0.00004038,0.00005535
1,352,0.086391,-0.00000087,0.00001602,0.00002111
1,350,0.087302,0.00000304,0.00002487,0.00003502
1,346,0.087622,0.00000170,0.00002390,0.00003736
1,345,0.087850,-0.00000048,0.00001963,0.00003329
1,348,0.087952,0.00000254,0.00001958,0.00002858
1,349,0.087992,0.00000173,0.00001937,0.00002670
1,344,0.088427,-0.00000162,0.00002388,0.00003356
1,343,0.088443,0.00000215,0.00001306,0.00001891
1,347,0.089291,0.00000284,0.00003142,0.00004750
1,342,0.090031,0.00000070,0.00001464,0.00002173
1,336,0.090886,-0.00000064,0.00001588,0.00002436
1,341,0.091479,0.00000486,0.00003244,0.00004371
1,340,0.091908,-0.00000155,0.00002796,0.00004036
1,338,0.092003,0.00000091,0.00001514,0.00002142
1,339,0.092180,0.00000241,0.00002736,0.00003921
1,335,0.093404,0.00000228,0.00002483,0.00003472
1,337,0.093534,0.00000070,0.00002584,0.00004465
1,332,0.094013,0.00000233,0.00001413,0.00001962
1,330,0.095329,0.00000154,0.00001663,0.00002335
1,333,0.095953,0.00000236,0.00002813,0.00004215
1,334,0.096362,0.00000217,0.00002465,0.00003472
1,331,0.096815,-0.00000077,0.00002047,0.00002937
1,329,0.096981,0.00000361,0.00001667,0.00002311
1,328,0.097742,0.00000063,0.00003426,0.00005091
1,326,0.098467,0.00000055,0.00001958,0.00002885
1,327,0.099253,0.00000019,0.00002439,0.00003425
1,324,0.100822,-0.00000015,0.00001990,0.00002701
1,325,0.100939,0.00000065,0.00003370,0.00004654
1,322,0.101392,0.00000437,0.00002085,0.00002859
1,323,0.102669,-0.00000371,0.00004500,0.00006187
1,319,0.104295,-0.00000116,0.00002597,0.00003539
1,321,0.104448,-0.00000450,0.00004039,0.00005859
1,316,0.106347,-0.00000581,0.00001938,0.00002623
1,318,0.106713,0.00000312,0.00003805,0.00005741
1,320,0.106917,-0.00000421,0.00003166,0.00004811
1,312,0.107329,-0.00000511,0.00003853,0.00005588
1,314,0.107428,0.00000211,0.00003103,0.00004343
1,317,0.107460,-0.00000215,0.00004533,0.00006521
1,315,0.109852,-0.00000235,0.00003713,0.00005827
1,313,0.110942,0.00000207,0.00003806,0.00005964
1,309,0.111114,-0.00000093,0.00003435,0.00004651
1,304,0.111182,-0.00000019,0.00002652,0.00003822
1,311,0.111970,0.00000460,0.00004042,0.00005895
1,310,0.112577,-0.00000140,0.00003115,0.00004859
1,308,0.113311,-0.00000111,0.00002020,0.00002762
1,307,0.113764,-0.00000683,0.00004994,0.00007159
1,306,0.115429,0.00000095,0.00002189,0.00003194
1,305,0.115674,-0.00000293,0.00003019,0.00004126
1,300,0.116509,-0.00000483,0.00003085,0.00004672
1,302,0.116563,-0.00000307,0.00002430,0.00003351
1,301,0.117571,-0.00000216,0.00001494,0.00002064
1,303,0.117620,0.00000004,0.00004209,0.00006011
1,299,0.118577,0.00000220,0.00002200,0.00003322
1,298,0.120059,0.00000487,0.00002158,0.00003130
1,294,0.120609,0.00000227,0.00002062,0.00002838
1,297,0.121046,0.00000157,0.00002138,0.00003236
1,296,0.121221,0.00000010,0.00003608,0.00005129
1,295,0.122533,-0.00000041,0.00002342,0.00003440
1,292,0.122735,0.00000044,0.00001736,0.00002387
1,293,0.123637,0.00000027,0.00002863,0.00004172
1,291,0.125476,-0.00000040,0.00003702,0.00005200
1,289,0.126904,-0.00000189,0.00002735,0.00003802
1,290,0.128323,0.00000113,0.00005424,0.00008112
1,288,0.128788,-0.00000248,0.00005589,0.00008407
1,287,0.129387,-0.00000351,0.00002788,0.00003808
1,284,0.130831,-0.00000099,0.00002762,0.00003847
1,286,0.132439,-0.00000684,0.00005035,0.00007592
1,283,0.132848,0.00000091,0.00004533,0.00006436
1,285,0.132881,-0.00000665,0.00004724,0.00006956
1,281,0.134425,0.00000086,0.00007002,0.00010514
1,280,0.134778,-0.00001232,0.00012750,0.00020460
1,282,0.134996,0.00000225,0.00003187,0.00004947
1,278,0.135346,0.00000460,0.00005888,0.00008439
1,275,0.136847,-0.00000279,0.00002962,0.00004005
1,276,0.137657,-0.00000171,0.00004099,0.00005773
1,279,0.138584,-0.00000250,0.00002926,0.00004058
1,270,0.139259,0.00000094,0.00002700,0.00003872
1,277,0.139357,0.00000085,0.00004129,0.00005608
1,273,0.139414,0.00000111,0.00002212,0.00003185
1,274,0.141652,-0.00000853,0.00005073,0.00007167
1,271,0.143237,-0.00000022,0.00003572,0.00004941
1,272,0.144850,0.00000868,0.00005989,0.00008744
1,268,0.145426,-0.00000391,0.00004647,0.00006296
1,269,0.146950,0.00000189,0.00006816,0.00012450
1,267,0.147172,-0.00001700,0.00005345,0.00007495
1,266,0.148125,-0.00000237,0.00003136,0.00004308
1,264,0.148881,-0.00000625,0.00003244,0.00004545
1,263,0.149071,-0.00000101,0.00001633,0.00002290
1,262,0.150462,-0.00000391,0.00003696,0.00005530
1,258,0.152769,-0.00000463,0.00002395,0.00003248
1,265,0.153074,-0.00000340,0.00005415,0.00007495
1,261,0.153851,-0.00000243,0.00004059,0.00005501
1,257,0.154919,-0.00001100,0.00007603,0.00011546
1,260,0.156722,0.00000742,0.00006106,0.00010844
1,259,0.157584,0.00000921,0.00005097,0.00006935
1,255,0.158872,0.00001079,0.00007868,0.00010867
1,254,0.158987,0.00000059,0.00004790,0.00006754
1,252,0.159772,0.00000479,0.00002486,0.00003882
1,256,0.160241,-0.00000236,0.00003526,0.00005503
1,253,0.161183,-0.00000711,0.00007054,0.00010044
1,251,0.165107,-0.00000528,0.00003385,0.00004913
1,250,0.166634,-0.00001821,0.00005880,0.00009072
1,247,0.167301,0.00000555,0.00006029,0.00008910
1,249,0.167711,-0.00000307,0.00004049,0.00007426
1,248,0.168432,-0.00000033,0.00003354,0.00004744
1,246,0.168625,-0.00000375,0.00005338,0.00008037
1,243,0.169767,-0.00000334,0.00005367,0.00008039
1,245,0.169987,-0.00000136,0.00004002,0.00005450
1,244,0.170245,-0.00000272,0.00007259,0.00009620
1,241,0.172323,0.00000520,0.00003890,0.00005662
1,236,0.174500,0.00000567,0.00008848,0.00013062
1,242,0.174662,-0.00000262,0.00005233,0.00007907
1,239,0.176840,-0.00000782,0.00007734,0.00011726
1,240,0.176901,-0.00000571,0.00004596,0.00006998
1,233,0.178884,0.00000299,0.00006241,0.00009068
1,238,0.178891,-0.00000785,0.00005305,0.00007991
1,234,0.179829,-0.00000436,0.00003581,0.00004875
1,237,0.180004,-0.00000354,0.00007283,0.00013385
1,235,0.180197,0.00000939,0.00009080,0.00012298
1,231,0.184264,-0.00000348,0.00004422,0.00006497
1,232,0.184971,0.00000204,0.00003064,0.00004411
1,228,0.185467,0.00001019,0.00008033,0.00010808
1,229,0.188155,-0.00000913,0.00006106,0.00009022
1,226,0.189548,0.00000853,0.00006817,0.00009427
1,227,0.190742,0.00000152,0.00006579,0.00009712
1,225,0.191074,-0.00000787,0.00007952,0.00012680
1,230,0.191260,-0.00001090,0.00006371,0.00009800
1,222,0.192480,0.00000038,0.00006806,0.00010328
1,224,0.192531,-0.00000653,0.00003804,0.00005414
1,223,0.195045,0.00000534,0.00004203,0.00006038
1,221,0.195591,-0.00000357,0.00003673,0.00005445
1,220,0.199025,-0.00000004,0.00005861,0.00008091
1,219,0.199074,-0.00001121,0.00010261,0.00014753
1,217,0.200011,-0.00000390,0.00007577,0.00011187
1,215,0.201850,0.00000207,0.00004258,0.00006248
1,218,0.202645,-0.00000509,0.00006243,0.00009134
1,216,0.204106,0.00000767,0.00003893,0.00005422
1,211,0.206134,-0.00000261,0.00003943,0.00006371
1,213,0.207541,0.00000933,0.00004812,0.00006332
1,214,0.208345,0.00000016,0.00005074,0.00007674
1,210,0.211847,-0.00000401,0.00006941,0.00010382
1,209,0.212704,0.00000097,0.00005181,0.00007241
1,212,0.213012,-0.00000274,0.00005478,0.00008179
1,208,0.213253,-0.00001488,0.00007840,0.00012300
1,204,0.213872,-0.00000603,0.00004091,0.00005467
1,207,0.214192,-0.00000672,0.00007075,0.00010818
1,206,0.216137,-0.00000351,0.00007918,0.00011622
1,203,0.219106,0.00000493,0.00005805,0.00008328
1,205,0.220023,0.00000619,0.00008197,0.00011854
1,202,0.224252,0.00001613,0.00008399,0.00011637
1,199,0.224540,-0.00000161,0.00005737,0.00008206
1,201,0.225558,0.00000439,0.00007477,0.00011635
1,200,0.226542,0.00000976,0.00008304,0.00011502
1,196,0.228348,-0.00000531,0.00003987,0.00005528
1,194,0.229551,0.00000982,0.00006493,0.00008967
1,197,0.231302,0.00000657,0.00003917,0.00005632
1,198,0.231667,0.00000472,0.00007504,0.00011066
1,195,0.237700,-0.00000080,0.00003989,0.00005552
1,193,0.238382,0.00000504,0.00005995,0.00010471
1,190,0.239045,0.00000359,0.00004083,0.00005557
1,191,0.240424,-0.00001009,0.00007754,0.00011057
1,192,0.240543,0.00000197,0.00007970,0.00012496
1,187,0.242817,0.00000218,0.00006672,0.00009025
1,189,0.244037,-0.00002228,0.00009620,0.00013338
1,188,0.245200,0.00000344,0.00006671,0.00010019
1,184,0.248879,-0.00000765,0.00007411,0.00010865
1,185,0.249844,0.00000287,0.00008886,0.00014032
1,183,0.250985,0.00003224,0.00015376,0.00023124
1,186,0.253269,-0.00001790,0.00012124,0.00018639
1,182,0.256577,0.00000408,0.00007379,0.00010654
1,181,0.258205,-0.00001320,0.00012371,0.00016877
1,180,0.259243,0.00000255,0.00004408,0.00006422
1,179,0.261020,-0.00000412,0.00010110,0.00013930
1,178,0.261682,-0.00000480,0.00003731,0.00005283
1,176,0.262412,-0.00001581,0.00010800,0.00015788
1,175,0.263894,0.00002159,0.00014160,0.00021152
1,174,0.264639,0.00000169,0.00004921,0.00007895
1,177,0.268391,0.00000790,0.00009847,0.00014506
1,173,0.269119,0.00000971,0.00006031,0.00008849
1,172,0.269661,-0.00000852,0.00006398,0.00009605
1,171,0.272449,-0.00000632,0.00006363,0.00008751
1,170,0.272804,-0.00002699,0.00013736,0.00018235
1,169,0.274663,0.00000007,0.00010742,0.00014787
1,166,0.279392,0.00000120,0.00006053,0.00008451
1,167,0.280326,-0.00000610,0.00005340,0.00007307
1,168,0.280327,0.00000001,0.00006611,0.00009519
1,165,0.283817,-0.00000335,0.00003354,0.00004653
1,163,0.286535,0.00000283,0.00002637,0.00003693
1,161,0.286775,-0.00000453,0.00005242,0.00007580
1,160,0.287568,0.00000614,0.00005472,0.00007691
1,164,0.287646,0.00001401,0.00008177,0.00012419
1,162,0.290422,0.00001275,0.00010041,0.00016599
1,159,0.293719,0.00000733,0.00006992,0.00009597
1,158,0.294783,0.00001113,0.00009839,0.00015135
1,157,0.299417,-0.00001929,0.00008634,0.00011165
1,154,0.300109,-0.00000693,0.00008467,0.00012286
1,152,0.300592,0.00000208,0.00005959,0.00009029
1,155,0.300740,0.00000065,0.00005287,0.00008002
1,156,0.301148,-0.00001604,0.00010951,0.00017520
1,153,0.303232,0.00000501,0.00003636,0.00005158
1,150,0.308592,0.00000911,0.00008355,0.00013533
1,149,0.311280,0.00005924,0.00024927,0.00061011
1,151,0.311679,0.00001614,0.00011637,0.00016628
1,148,0.312714,-0.00000142,0.00005386,0.00007653
1,143,0.315904,0.00000217,0.00005175,0.00007407
1,146,0.319192,-0.00000942,0.00007157,0.00010521
1,147,0.320243,-0.00002585,0.00011163,0.00015700
1,144,0.321771,-0.00001562,0.00011220,0.00015773
1,145,0.322930,-0.00000026,0.00010968,0.00015011
1,142,0.323601,-0.00000685,0.00012375,0.00017290
1,141,0.328041,0.00000266,0.00006402,0.00010036
1,140,0.329084,0.00000579,0.00012344,0.00018519
1,139,0.331522,-0.00000827,0.00008642,0.00012019
1,136,0.334056,-0.00001580,0.00011256,0.00016199
1,138,0.334389,-0.00001034,0.00006793,0.00010286
1,135,0.341971,0.00001532,0.00014992,0.00020304
1,137,0.343539,0.00000019,0.00008386,0.00011331
1,133,0.348152,0.00001221,0.00011127,0.00015817
1,134,0.349568,0.00000450,0.00009479,0.00013884
1,130,0.350454,0.00001450,0.00008240,0.00012606
1,132,0.352134,0.00008880,0.00026734,0.00037174
1,129,0.354968,-0.00001136,0.00010197,0.00015272
1,131,0.355577,0.00000477,0.00007516,0.00010722
1,128,0.356353,0.00000128,0.00008833,0.00013091
1,127,0.357569,0.00000784,0.00005445,0.00007849
1,126,0.360012,0.00000056,0.00011702,0.00017563
1,124,0.360485,0.00000052,0.00012012,0.00016735
1,125,0.362368,-0.00001011,0.00006417,0.00009340
1,122,0.366131,-0.00000135,0.00006722,0.00009646
1,123,0.370043,-0.00000510,0.00012563,0.00018027
1,121,0.373175,0.00001962,0.00014711,0.00020358
1,119,0.374823,0.00001506,0.00010010,0.00018363
1,120,0.376449,-0.00000387,0.00006753,0.00010076
1,118,0.381141,0.00000918,0.00006332,0.00009370
1,117,0.381458,-0.00000485,0.00012846,0.00018280
1,116,0.383756,0.00000004,0.00009151,0.00012308
1,115,0.389084,0.00000166,0.00012863,0.00018676
1,113,0.392366,-0.00000312,0.00010328,0.00015097
1,111,0.393555,0.00000924,0.00009430,0.00017144
1,114,0.396886,0.00000206,0.00005180,0.00007241
1,110,0.399001,-0.00000808,0.00007742,0.00010954
1,112,0.399524,-0.00000897,0.00007825,0.00011036
1,109,0.400639,0.00000850,0.00009665,0.00013508
1,108,0.404182,-0.00000426,0.00010150,0.00013807
1,106,0.411105,-0.00000470,0.00012390,0.00017798
1,107,0.413075,-0.00000228,0.00008317,0.00012983
1,105,0.416125,-0.00001147,0.00012118,0.00021110
1,104,0.417500,-0.00000433,0.00008439,0.00012049
1,101,0.423421,0.00000579,0.00012317,0.00016521
1,102,0.423785,-0.00000401,0.00010727,0.00016511
1,103,0.425004,-0.00001277,0.00013967,0.00019509
1,100,0.427144,-0.00001665,0.00015968,0.00021556
1,98,0.434746,-0.00002636,0.00018932,0.00025735
1,99,0.437158,-0.00001138,0.00018492,0.00024849
1,96,0.437996,-0.00000158,0.00005364,0.00007743
1,97,0.439020,0.00000382,0.00006947,0.00010040
1,95,0.443500,-0.00000608,0.00022684,0.00032545
1,94,0.448650,-0.00002112,0.00017353,0.00025747
1,93,0.450068,0.00001602,0.00014561,0.00021817
1,91,0.452624,-0.00004682,0.00021427,0.00030277
1,92,0.453558,-0.00000068,0.00007744,0.00010669
1,90,0.456141,0.00000436,0.00009913,0.00013691
1,87,0.458021,0.00000499,0.00014932,0.00022077
1,89,0.462495,-0.00000481,0.00007725,0.00011096
1,88,0.468533,-0.00001800,0.00010220,0.00014741
1,86,0.473877,-0.00003798,0.00026001,0.00036807
1,83,0.474682,0.00003117,0.00012574,0.00018077
1,85,0.476152,-0.00001456,0.00015541,0.00021159
1,84,0.480833,-0.00001357,0.00010286,0.00013921
1,82,0.481699,-0.00000439,0.00011903,0.00016896
1,80,0.484307,0.00000905,0.00011474,0.00017627
1,81,0.484781,-0.00001189,0.00011856,0.00017132
1,78,0.494377,-0.00000223,0.00008702,0.00011639
1,79,0.495954,-0.00003000,0.00013156,0.00017577
1,76,0.499548,0.00001895,0.00017653,0.00025256
1,75,0.503214,0.00003405,0.00015538,0.00023172
1,77,0.506165,0.00008492,0.00058220,0.00095143
1,74,0.506977,0.00000919,0.00009482,0.00013613
1,73,0.511854,-0.00002190,0.00014618,0.00020113
1,72,0.517331,0.00001012,0.00012197,0.00016326
1,71,0.517593,-0.00000674,0.00009670,0.00017493
1,70,0.524106,0.00001457,0.00021082,0.00029977
1,69,0.524325,-0.00000103,0.00010121,0.00014208
1,68,0.528315,0.00001807,0.00012958,0.00019803
1,67,0.529734,0.00000147,0.00008109,0.00011020
1,66,0.538909,0.00000233,0.00013295,0.00019954
1,65,0.543973,0.00000725,0.00011934,0.00016757
1,64,0.549182,0.00000972,0.00019352,0.00026982
1,63,0.550637,0.00000105,0.00013559,0.00020021
1,62,0.554786,-0.00003248,0.00022500,0.00032617
1,60,0.557141,-0.00000088,0.00007098,0.00010022
1,61,0.559672,0.00000238,0.00016421,0.00023025
1,59,0.568070,-0.00002842,0.00013920,0.00018538
1,58,0.573925,-0.00000544,0.00020982,0.00029537
1,57,0.578527,-0.00002465,0.00019675,0.00029834
1,55,0.581894,-0.00000057,0.00019776,0.00028736
1,56,0.585002,0.00000742,0.00023518,0.00033949
1,53,0.592821,-0.00000408,0.00026943,0.00037830
1,52,0.595249,0.00002368,0.00021583,0.00030565
1,54,0.597209,-0.00009118,0.00036369,0.00051621
1,51,0.603090,-0.00001576,0.00010820,0.00014806
1,50,0.605602,0.00002248,0.00021518,0.00030572
1,49,0.609679,-0.00001624,0.00027360,0.00039015
1,48,0.618298,-0.00000414,0.00012823,0.00018898
1,47,0.624107,0.00000470,0.00014522,0.00020587
1,46,0.625118,0.00000311,0.00016723,0.00023861
1,45,0.628357,0.00001199,0.00016339,0.00023338
1,43,0.632869,0.00000736,0.00011678,0.00017163
1,44,0.637483,0.00001999,0.00027043,0.00040849
1,41,0.645759,-0.00000547,0.00016317,0.00024389
1,42,0.646514,0.00004686,0.00023934,0.00032706
1,40,0.647683,0.00002275,0.00013063,0.00018262
1,39,0.657733,0.00004587,0.00035241,0.00053654
1,38,0.667406,0.00003745,0.00025976,0.00037609
1,37,0.669823,-0.00003324,0.00028172,0.00045372
1,36,0.676787,-0.00000353,0.00015834,0.00024295
1,35,0.676808,0.00009327,0.00065180,0.00106625
1,34,0.683495,0.00009892,0.00023577,0.00044087
1,33,0.689315,-0.00005244,0.00044494,0.00061507
1,32,0.697244,0.00003188,0.00012604,0.00018973
1,31,0.701614,-0.00000416,0.00026567,0.00036806
1,30,0.709350,-0.00004078,0.00025643,0.00040542
1,28,0.717014,-0.00003630,0.00031127,0.00047380
1,29,0.718943,-0.00001696,0.00027796,0.00040449
1,27,0.727246,0.00002977,0.00032716,0.00044493
1,26,0.738310,0.00002326,0.00032923,0.00048805
1,25,0.743455,0.00014625,0.00076358,0.00101694
1,24,0.745592,0.00004796,0.00036846,0.00051910
1,23,0.749732,-0.00013107,0.00073220,0.00104761
1,22,0.759912,0.00007938,0.00047847,0.00068034
1,21,0.765115,0.00000399,0.00030418,0.00046810
1,20,0.770671,-0.00000085,0.00020431,0.00029686
1,19,0.781516,0.00002824,0.00025137,0.00035205
1,18,0.786788,0.00002023,0.00050601,0.00070845
1,17,0.791634,-0.00002233,0.00011744,0.00017253
1,16,0.799643,0.00001779,0.00021249,0.00029907
1,15,0.810404,-0.00001321,0.00024231,0.00036859
1,14,0.818045,-0.00002437,0.00020852,0.00029670
1,13,0.825336,-0.00007731,0.00067450,0.00093272
1,12,0.836361,0.00007350,0.00041858,0.00062168
1,11,0.849004,0.00019414,0.00081785,0.00118060
1,10,0.853596,0.00003102,0.00023137,0.00034514
1,9,0.865699,-0.00003938,0.00075124,0.00118660
1,8,0.876499,0.00004434,0.00040281,0.00059608
1,7,0.886058,0.00001054,0.00034053,0.00051281
1,6,0.896734,-0.00000102,0.00020259,0.00030074
1,5,0.909751,-0.00003331,0.00025068,0.00038846
1,4,0.923846,-0.00012124,0.00043448,0.00063658
1,3,0.938558,-0.00008245,0.00059246,0.00090926
1,2,0.952894,-0.00003853,0.00031935,0.00055320
1,1,0.971446,0.00005747,0.00025579,0.00041624
1,0,0.999066,-0.00000317,0.00002022,0.00009633
2,509,0.029591,0.00000060,0.00000525,0.00000910
2,511,0.029731,-0.00000059,0.00000674,0.00000972
2,508,0.029929,-0.00000038,0.00000815,0.00001163
2,506,0.029983,-0.00000016,0.00000323,0.00000460
2,510,0.030061,-0.00000060,0.00000487,0.00000682
2,507,0.030069,0.00000025,0.00000437,0.00000580
2,502,0.030340,-0.00000020,0.00000499,0.00000839
2,505,0.030968,-0.00000005,0.00000399,0.00000581
2,503,0.031170,0.00000079,0.00000927,0.00001290
2,504,0.031173,-0.00000011,0.00000642,0.00000905
2,498,0.031318,-0.00000029,0.00000532,0.00000746
2,500,0.031726,-0.00000111,0.00000653,0.00001032
2,499,0.031970,0.00000012,0.00000611,0.00000855
2,501,0.032024,0.00000048,0.00000384,0.00000561
2,495,0.032201,-0.00000173,0.00000840,0.00001231
2,497,0.032305,-0.00000061,0.00001118,0.00001608
2,496,0.032369,0.00000097,0.00000822,0.00001169
2,492,0.032606,-0.00000008,0.00000829,0.00001114
2,491,0.033258,0.00000099,0.00000791,0.00001104
2,494,0.033660,-0.00000097,0.00000427,0.00000623
2,493,0.033765,-0.00000077,0.00000606,0.00000933
2,487,0.033955,-0.00000087,0.00000813,0.00001219
2,485,0.034343,0.00000216,0.00000902,0.00001850
2,489,0.034353,0.00000025,0.00000469,0.00000709
2,481,0.034371,0.00000227,0.00001179,0.00001902
2,490,0.034483,0.00000034,0.00000404,0.00000557
2,484,0.034502,0.00000053,0.00000597,0.00000921
2,488,0.034618,0.00000052,0.00000449,0.00000685
2,486,0.034783,0.00000225,0.00001081,0.00001476
2,480,0.035052,0.00000002,0.00000346,0.00000516
2,483,0.035368,0.00000049,0.00001096,0.00001569
2,479,0.035567,-0.00000012,0.00000466,0.00000653
2,482,0.035580,0.00000022,0.00000809,0.00001150
2,478,0.036537,-0.00000041,0.00000596,0.00000954
2,477,0.037030,-0.00000024,0.00000350,0.00000514
2,474,0.037180,-0.00000044,0.00000719,0.00000995
2,473,0.037262,-0.00000023,0.00001619,0.00002169
2,475,0.037831,0.00000080,0.00000444,0.00000714
2,476,0.038330,0.00000026,0.00000512,0.00000756
2,472,0.038338,0.00000007,0.00000535,0.00000751
2,465,0.038346,0.00000107,0.00001219,0.00001946
2,469,0.038349,-0.00000053,0.00001113,0.00001722
2,471,0.038446,0.00000083,0.00000681,0.00000999
2,470,0.038879,0.00000007,0.00000680,0.00001070
2,466,0.039294,0.00000013,0.00000643,0.00000920
2,463,0.039726,-0.00000092,0.00000553,0.00000791
2,464,0.040239,-0.00000081,0.00000884,0.00001248
2,468,0.040306,-0.00000045,0.00000479,0.00000732
2,462,0.040535,0.00000106,0.00000943,0.00001325
2,467,0.040783,-0.00000010,0.00000998,0.00001546
2,461,0.041025,0.00000092,0.00000427,0.00000599
2,459,0.041621,-0.00000193,0.00001310,0.00001793
2,460,0.042117,0.00000082,0.00000588,0.00000801
2,458,0.042281,0.00000166,0.00002249,0.00003122
2,457,0.042360,-0.00000168,0.00001416,0.00002067
2,453,0.042396,-0.00000079,0.00000874,0.00001256
2,456,0.042615,-0.00000118,0.00001012,0.00001486
2,454,0.042842,-0.00000023,0.00000879,0.00001370
2,455,0.042892,-0.00000152,0.00001039,0.00001520
2,452,0.043124,-0.00000059,0.00000555,0.00000819
2,450,0.043763,-0.00000212,0.00001656,0.00002440
2,449,0.043995,-0.00000024,0.00000738,0.00001060
2,448,0.044497,0.00000392,0.00001649,0.00002338
2,451,0.044624,-0.00000059,0.00000587,0.00000894
2,446,0.044966,0.00000251,0.00001355,0.00002185
2,443,0.045756,-0.00000127,0.00000613,0.00000908
2,447,0.045767,0.00000097,0.00000511,0.00000754
2,444,0.046063,-0.00000124,0.00001891,0.00003120
2,445,0.046182,0.00000045,0.00000716,0.00001028
2,439,0.046419,-0.00000093,0.00001189,0.00001649
2,442,0.046718,-0.00000020,0.00000567,0.00000804
2,441,0.046727,0.00000115,0.00000906,0.00001305
2,437,0.047714,0.00000073,0.00000540,0.00000776
2,438,0.047993,-0.00000094,0.00001364,0.00001839
2,440,0.048534,0.00000135,0.00000636,0.00000926
2,429,0.048749,-0.00000002,0.00000900,0.00001261
2,436,0.048824,-0.00000136,0.00001585,0.00002532
2,435,0.049069,-0.00000001,0.00002026,0.00003101
2,430,0.049265,0.00000009,0.00001066,0.00001507
2,433,0.049367,-0.00000096,0.00000755,0.00001071
2,432,0.049697,0.00000009,0.00000857,0.00001187
2,434,0.050260,0.00000049,0.00000534,0.00000721
2,431,0.050746,0.00000076,0.00001012,0.00001514
2,428,0.050943,0.00000083,0.00001715,0.00002455
2,425,0.052076,0.00000063,0.00000594,0.00000888
2,424,0.052482,-0.00000062,0.00000855,0.00001278
2,423,0.052552,-0.00000030,0.00001192,0.00001741
2,427,0.052802,0.00000013,0.00000912,0.00001284
2,421,0.052922,0.00000271,0.00001504,0.00002812
2,426,0.053251,-0.00000245,0.00001029,0.00001454
2,420,0.053506,-0.00000130,0.00000985,0.00001470
2,422,0.054170,-0.00000067,0.00000678,0.00000951
2,417,0.054193,0.00000106,0.00000703,0.00001043
2,419,0.054275,-0.00000140,0.00002122,0.00003218
2,418,0.055065,0.00000028,0.00000642,0.00000956
2,414,0.055858,0.00000114,0.00001296,0.00001819
2,416,0.055877,0.00000026,0.00000571,0.00000889
2,415,0.056595,0.00000024,0.00000390,0.00000525
2,410,0.056984,0.00000042,0.00000722,0.00000980
2,407,0.057007,-0.00000075,0.00000644,0.00000886
2,408,0.057023,0.00000021,0.00000561,0.00000858
2,412,0.057099,-0.00000024,0.00000498,0.00000730
2,411,0.057306,0.00000051,0.00001234,0.00001863
2,406,0.058294,-0.00000061,0.00000663,0.00001000
2,413,0.058537,-0.00000397,0.00001282,0.00001821
2,409,0.058792,0.00000047,0.00000501,0.00000744
2,405,0.058820,0.00000079,0.00000631,0.00000893
2,400,0.059637,-0.00000005,0.00001360,0.00001931
2,402,0.060786,-0.00000051,0.00000853,0.00001189
2,403,0.061008,-0.00000469,0.00001959,0.00004545
2,399,0.061008,0.00000023,0.00001135,0.00001501
2,398,0.061567,0.00000135,0.00000669,0.00000954
2,401,0.061585,-0.00000198,0.00001594,0.00002688
2,404,0.062576,0.00000119,0.00001058,0.00001520
2,395,0.062969,-0.00000022,0.00001482,0.00002083
2,396,0.063362,-0.00000159,0.00002017,0.00002807
2,397,0.063664,-0.00000008,0.00002024,0.00002939
2,394,0.063997,0.00000156,0.00001555,0.00002346
2,393,0.064499,0.00000085,0.00000966,0.00001344
2,392,0.064751,-0.00000092,0.00000902,0.00001453
2,391,0.065130,-0.00000005,0.00000897,0.00001488
2,389,0.065364,0.00000201,0.00001920,0.00002582
2,386,0.066924,-0.00000032,0.00001417,0.00001962
2,382,0.067739,-0.00000092,0.00002099,0.00003035
2,388,0.067742,-0.00000010,0.00000737,0.00001052
2,387,0.067916,-0.00000190,0.00001258,0.00001979
2,390,0.067943,0.00000239,0.00002667,0.00004115
2,383,0.067954,-0.00000089,0.00002078,0.00002951
2,385,0.068431,-0.00000084,0.00002729,0.00003829
2,376,0.070159,0.00000025,0.00000874,0.00001276
2,380,0.070413,-0.00000028,0.00001946,0.00002838
2,381,0.070429,0.00000094,0.00001611,0.00002305
2,379,0.071028,-0.00000111,0.00002046,0.00002763
2,377,0.071134,0.00000004,0.00001519,0.00002571
2,384,0.071244,-0.00000025,0.00002288,0.00003535
2,374,0.071900,0.00000112,0.00002017,0.00002865
2,378,0.072323,-0.00000151,0.00001187,0.00001636
2,373,0.073447,-0.00000038,0.00000889,0.00001258
2,370,0.073655,-0.00000117,0.00001423,0.00002006
2,368,0.073831,0.00000176,0.00001277,0.00001848
2,369,0.073985,0.00000050,0.00001798,0.00002551
2,371,0.074857,0.00000126,0.00000940,0.00001293
2,372,0.074869,0.00000100,0.00001760,0.00002801
2,375,0.075015,0.00000031,0.00001588,0.00002172
2,367,0.076943,0.00000034,0.00002533,0.00003680
2,365,0.077185,-0.00000128,0.00001728,0.00002630
2,366,0.077443,-0.00000175,0.00001991,0.00002911
2,363,0.077814,-0.00000084,0.00001435,0.00002225
2,364,0.078509,0.00000050,0.00001193,0.00001652
2,360,0.079142,0.00000375,0.00002532,0.00003617
2,361,0.079490,0.00000052,0.00000940,0.00001355
2,359,0.079624,0.00000009,0.00001318,0.00001969
2,358,0.080608,0.00000043,0.00000825,0.00001175
2,357,0.082136,-0.00000087,0.00001829,0.00003104
2,362,0.082273,-0.00000186,0.00002677,0.00004018
2,353,0.083681,-0.00000055,0.00001519,0.00002202
2,354,0.083761,0.00000311,0.00001631,0.00002315
2,351,0.083835,0.00000012,0.00002845,0.00003871
2,355,0.084048,-0.00000030,0.00000883,0.00001301
2,352,0.084125,0.00000101,0.00001755,0.00002391
2,356,0.084218,0.00000041,0.00000720,0.00001057
2,348,0.086724,-0.00000423,0.00003550,0.00005155
2,350,0.086818,-0.00000445,0.00002216,0.00003296
2,349,0.086957,-0.00000038,0.00000984,0.00001382
2,347,0.087117,-0.00000134,0.00002117,0.00003095
2,345,0.089356,-0.00000069,0.00003015,0.00005172
2,344,0.089614,0.00000053,0.00000875,0.00001232
2,346,0.089905,0.00000133,0.00002158,0.00003266
2,342,0.090098,-0.00000051,0.00001062,0.00001534
2,343,0.090395,-0.00000190,0.00001947,0.00002744
2,341,0.090482,-0.00000502,0.00002507,0.00004093
2,340,0.091154,-0.00000039,0.00002236,0.00003144
2,335,0.093287,-0.00000129,0.00002024,0.00003326
2,334,0.093290,0.00000064,0.00000920,0.00001327
2,337,0.093619,0.00000178,0.00001469,0.00002241
2,338,0.094892,0.00000165,0.00001703,0.00002712
2,339,0.095283,-0.00000001,0.00002400,0.00003507
2,336,0.095400,0.00000180,0.00001117,0.00001560
2,331,0.095446,0.00000042,0.00000767,0.00001188
2,328,0.096595,0.00000030,0.00002546,0.00003517
2,333,0.096952,0.00000025,0.00002632,0.00003542
2,332,0.097644,-0.00000089,0.00001469,0.00002136
2,329,0.098363,0.00000307,0.00001348,0.00002274
2,327,0.098887,-0.00000093,0.00002112,0.00002963
2,330,0.099424,-0.00000279,0.00001568,0.00002563
2,324,0.099505,0.00000101,0.00002389,0.00003173
2,326,0.099784,0.00000284,0.00002302,0.00003150
2,323,0.100956,-0.00000466,0.00002201,0.00003188
2,325,0.101996,0.00000008,0.00001755,0.00002425
2,319,0.102099,0.00000028,0.00000984,0.00001447
2,322,0.102132,0.00000112,0.00001397,0.00002024
2,321,0.103894,-0.00000677,0.00002389,0.00003772
2,320,0.103938,0.00000204,0.00002489,0.00003439
2,318,0.104318,0.00000276,0.00001711,0.00002588
2,317,0.106097,-0.00000094,0.00001384,0.00002003
2,316,0.106180,-0.00000018,0.00001961,0.00002910
2,315,0.107058,0.00000486,0.00002965,0.00004184
2,314,0.107535,-0.00000355,0.00002088,0.00003021
2,309,0.107783,0.00000071,0.00003182,0.00004696
2,313,0.109775,-0.00000159,0.00001525,0.00002174
2,312,0.110992,0.00000091,0.00001509,0.00002058
2,311,0.111228,-0.00003234,0.00009711,0.00018422
2,310,0.112631,0.00000094,0.00001401,0.00002070
2,305,0.113378,0.00000399,0.00004104,0.00006173
2,307,0.114046,-0.00000457,0.00002823,0.00004010
2,308,0.115636,0.00000009,0.00001772,0.00002892
2,303,0.116139,0.00000174,0.00002730,0.00004179
2,304,0.116448,0.00000339,0.00003549,0.00005379
2,306,0.116554,-0.00000049,0.00001813,0.00002740
2,300,0.116939,0.00000224,0.00002271,0.00003207
2,301,0.118160,0.00000829,0.00004417,0.00007113
2,302,0.119159,0.00000023,0.00001022,0.00001477
2,297,0.119394,-0.00000228,0.00001987,0.00002755
2,298,0.120346,-0.00000042,0.00001421,0.00001901
2,295,0.120930,0.00000166,0.00002693,0.00003725
2,299,0.121408,0.00000664,0.00002330,0.00003141
2,294,0.121443,0.00000013,0.00001100,0.00001726
2,296,0.122712,-0.00000061,0.00001960,0.00003015
2,292,0.124712,-0.00000218,0.00001878,0.00002761
2,291,0.124805,0.00000192,0.00002605,0.00003475
2,289,0.126004,-0.00000118,0.00001235,0.00001734
2,290,0.126280,0.00000431,0.00004472,0.00006804
2,293,0.126289,0.00000012,0.00003717,0.00005419
2,288,0.128287,-0.00000310,0.00002196,0.00003012
2,286,0.128379,0.00000356,0.00002045,0.00003096
2,285,0.128455,0.00000149,0.00001695,0.00002452
2,287,0.129226,0.00000059,0.00002172,0.00003385
2,284,0.129341,-0.00000266,0.00003261,0.00005762
2,283,0.131706,0.00000089,0.00002123,0.00002876
2,282,0.132274,-0.00000241,0.00005308,0.00007705
2,281,0.133139,0.00000712,0.00003875,0.00005602
2,279,0.136129,0.00000592,0.00003879,0.00006522
2,280,0.136225,-0.00000448,0.00003924,0.00005616
2,275,0.136522,0.00000173,0.00002919,0.00004362
2,278,0.137223,0.00000187,0.00005103,0.00007699
2,274,0.138336,-0.00000024,0.00004594,0.00006204
2,277,0.139276,0.00000281,0.00004544,0.00006529
2,272,0.139633,0.00000168,0.00001487,0.00002036
2,276,0.141603,0.00000110,0.00002063,0.00002804
2,268,0.144329,-0.00000640,0.00004114,0.00005710
2,273,0.144405,-0.00000107,0.00003937,0.00006277
2,270,0.144537,0.00000184,0.00002168,0.00003202
2,271,0.145002,-0.00000111,0.00002977,0.00004102
2,269,0.145881,0.00000519,0.00005328,0.00007769
2,266,0.146503,0.00000123,0.00001660,0.00002473
2,267,0.146988,-0.00000344,0.00004858,0.00006499
2,265,0.147019,-0.00000087,0.00003240,0.00005138
2,264,0.148358,-0.00001218,0.00003414,0.00005126
2,263,0.148762,-0.00000377,0.00003503,0.00005949
2,262,0.149429,0.00000280,0.00001916,0.00002769
2,261,0.149655,-0.00000062,0.00003524,0.00005102
2,259,0.154480,-0.00000207,0.00001988,0.00002693
2,260,0.154539,-0.00000045,0.00002188,0.00002949
2,258,0.154764,-0.00000098,0.00002224,0.00003217
2,257,0.156525,-0.00000008,0.00002337,0.00003769
2,255,0.158706,0.00000087,0.00003195,0.00004846
2,254,0.160240,-0.00000074,0.00002144,0.00003102
2,256,0.160796,-0.00000299,0.00004036,0.00005497
2,246,0.161312,0.00000216,0.00002817,0.00004003
2,250,0.161931,-0.00000409,0.00002260,0.00003053
2,249,0.162910,0.00000292,0.00005116,0.00007013
2,252,0.163117,0.00000020,0.00003578,0.00005161
2,253,0.163938,-0.00000788,0.00003201,0.00004866
2,251,0.164351,-0.00000374,0.00003057,0.00004263
2,248,0.165854,0.00000103,0.00003406,0.00004800
2,247,0.166017,-0.00000014,0.00002215,0.00003007
2,245,0.166957,0.00000150,0.00002633,0.00003668
2,243,0.170439,-0.00000039,0.00002395,0.00003311
2,242,0.170741,0.00000010,0.00004902,0.00006914
2,244,0.174804,-0.00000183,0.00003604,0.00005923
2,241,0.175407,0.00000140,0.00001805,0.00003135
2,239,0.175837,0.00000067,0.00003043,0.00004308
2,235,0.177627,-0.00001389,0.00006423,0.00008635
2,237,0.178402,0.00000336,0.00003653,0.00005284
2,240,0.178905,-0.00001661,0.00007815,0.00010494
2,236,0.179853,-0.00000111,0.00003711,0.00005674
2,238,0.180915,-0.00000287,0.00002092,0.00003320
2,232,0.181673,-0.00000131,0.00001171,0.00001717
2,230,0.181932,0.00000454,0.00002937,0.00003998
2,233,0.182897,-0.00000469,0.00006372,0.00009415
2,234,0.185268,-0.00000030,0.00003957,0.00007228
2,231,0.185823,0.00000014,0.00003520,0.00004768
2,228,0.188024,-0.00000127,0.00002777,0.00003878
2,229,0.188060,-0.00000276,0.00004837,0.00007430
2,227,0.189594,-0.00000018,0.00004793,0.00006514
2,225,0.189639,-0.00000230,0.00005256,0.00006928
2,226,0.191958,-0.00000352,0.00003380,0.00004891
2,224,0.193435,0.00000011,0.00003499,0.00006638
2,223,0.194525,-0.00000020,0.00001826,0.00002754
2,222,0.195501,0.00000472,0.00003889,0.00005644
2,221,0.195994,0.00000281,0.00003445,0.00004856
2,220,0.196596,-0.00000544,0.00004420,0.00006779
2,218,0.198352,0.00000413,0.00002104,0.00002739
2,217,0.199835,0.00000035,0.00003389,0.00005456
2,219,0.201507,-0.00000239,0.00005660,0.00008275
2,216,0.201939,-0.00000335,0.00003090,0.00004454
2,214,0.202273,-0.00000221,0.00002441,0.00003357
2,215,0.203580,-0.00000550,0.00004091,0.00005470
2,213,0.207182,-0.00000335,0.00003258,0.00004833
2,208,0.207911,-0.00000388,0.00005510,0.00008338
2,211,0.208503,-0.00000054,0.00003024,0.00004123
2,212,0.209028,-0.00001028,0.00007137,0.00010008
2,206,0.212119,-0.00000365,0.00002994,0.00004444
2,207,0.212229,0.00000019,0.00004614,0.00006237
2,209,0.215803,-0.00000812,0.00005894,0.00008538
2,210,0.217509,0.00002051,0.00012152,0.00018191
2,205,0.218419,0.00000568,0.00004990,0.00007653
2,204,0.218986,-0.00000101,0.00003165,0.00005507
2,203,0.219638,-0.00000146,0.00002661,0.00003803
2,202,0.220051,0.00000282,0.00003134,0.00004420
2,198,0.223198,-0.00001152,0.00005041,0.00007418
2,200,0.223650,-0.00001755,0.00008000,0.00011690
2,199,0.226256,0.00000144,0.00005070,0.00007510
2,201,0.228574,0.00000637,0.00006407,0.00009485
2,197,0.229220,-0.00000214,0.00002780,0.00003881
2,196,0.230380,-0.00000145,0.00003129,0.00004578
2,195,0.230937,-0.00000119,0.00003106,0.00004600
2,191,0.237863,-0.00000368,0.00002472,0.00003335
2,194,0.238573,0.00000868,0.00006217,0.00009044
2,193,0.239227,-0.00000380,0.00004012,0.00005546
2,192,0.239264,-0.00000133,0.00003706,0.00005723
2,188,0.242175,0.00000325,0.00003363,0.00004596
2,187,0.243491,0.00000496,0.00005726,0.00008382
2,189,0.243500,-0.00000167,0.00004116,0.00005890
2,185,0.245209,-0.00000295,0.00002537,0.00003816
2,190,0.246993,-0.00000048,0.00003649,0.00005875
2,186,0.248666,0.00000139,0.00003417,0.00004718
2,182,0.250591,0.00000627,0.00004784,0.00006666
2,183,0.251050,-0.00000178,0.00007871,0.00012945
2,184,0.252438,-0.00000253,0.00006127,0.00008685
2,178,0.256124,0.00000640,0.00003752,0.00005455
2,177,0.256562,0.00000002,0.00004841,0.00006913
2,181,0.256574,-0.00000603,0.00010893,0.00015762
2,179,0.259591,0.00002231,0.00011091,0.00020172
2,180,0.262530,-0.00000368,0.00011896,0.00016271
2,175,0.262822,0.00001439,0.00007277,0.00010828
2,176,0.264760,-0.00000575,0.00005073,0.00007352
2,174,0.265846,-0.00000040,0.00003158,0.00004513
2,171,0.269418,0.00000181,0.00004306,0.00006500
2,172,0.269455,0.00000044,0.00003836,0.00006431
2,173,0.269697,0.00000167,0.00002786,0.00003787
2,169,0.273152,-0.00000137,0.00005450,0.00007635
2,167,0.275950,0.00000043,0.00004872,0.00006645
2,170,0.276371,-0.00001547,0.00008097,0.00011291
2,168,0.276745,0.00000487,0.00011208,0.00015994
2,166,0.278963,0.00000670,0.00003060,0.00004458
2,163,0.282602,-0.00000607,0.00007802,0.00011956
2,161,0.283762,0.00000425,0.00004083,0.00005985
2,164,0.284613,-0.00000107,0.00004608,0.00006726
2,162,0.285318,0.00000396,0.00003277,0.00004608
2,160,0.288422,-0.00000330,0.00004924,0.00006964
2,165,0.291007,-0.00000398,0.00007283,0.00011405
2,159,0.294247,0.00000772,0.00008290,0.00011692
2,158,0.294400,0.00000264,0.00003596,0.00005310
2,155,0.296638,0.00000051,0.00004262,0.00006331
2,157,0.300956,0.00000225,0.00008632,0.00012067
2,154,0.301766,-0.00000205,0.00004465,0.00006609
2,156,0.302607,-0.00000546,0.00004460,0.00006280
2,153,0.303419,0.00000078,0.00004111,0.00006065
2,152,0.305246,0.00000457,0.00005258,0.00007829
2,151,0.307678,0.00000293,0.00007816,0.00011386
2,150,0.312339,-0.00000787,0.00005686,0.00008380
2,148,0.313101,0.00000093,0.00004136,0.00005773
2,149,0.316183,-0.00000106,0.00008596,0.00013810
2,146,0.316406,0.00000842,0.00009408,0.00013710
2,147,0.317971,-0.00000790,0.00004814,0.00007094
2,144,0.319371,0.00000308,0.00005009,0.00006945
2,145,0.324743,-0.00000639,0.00008462,0.00012085
2,143,0.324929,-0.00000460,0.00003282,0.00004360
2,142,0.326108,-0.00000573,0.00014746,0.00023228
2,140,0.326517,-0.00000076,0.00006009,0.00008241
2,141,0.328624,0.00001238,0.00009300,0.00012361
2,139,0.331424,0.00000224,0.00004784,0.00007067
2,136,0.336520,0.00000611,0.00005525,0.00008680
2,138,0.338685,-0.00002313,0.00010608,0.00014298
2,137,0.339667,-0.00000184,0.00007360,0.00010216
2,135,0.343262,-0.00000968,0.00013189,0.00018244
2,133,0.344330,-0.00001393,0.00006691,0.00010481
2,134,0.345565,-0.00000143,0.00007903,0.00010999
2,132,0.347040,0.00001911,0.00010779,0.00014744
2,130,0.350008,0.00000298,0.00007996,0.00012723
2,128,0.350082,-0.00000104,0.00004678,0.00007160
2,131,0.353015,0.00000123,0.00008308,0.00012191
2,129,0.356916,-0.00001039,0.00007383,0.00010360
2,127,0.357853,0.00000617,0.00005617,0.00007549
2,126,0.359296,0.00000507,0.00015264,0.00024737
2,121,0.368266,-0.00000872,0.00005666,0.00008075
2,124,0.368376,0.00000740,0.00006228,0.00008589
2,123,0.368710,0.00000452,0.00008713,0.00015125
2,125,0.369989,-0.00000232,0.00012690,0.00020360
2,122,0.371125,0.00000834,0.00005283,0.00007249
2,120,0.372111,0.00000261,0.00006190,0.00009113
2,118,0.379383,-0.00000401,0.00009636,0.00013846
2,119,0.380301,-0.00000395,0.00005276,0.00008034
2,117,0.381975,-0.00000758,0.00007621,0.00010973
2,116,0.384951,0.00000074,0.00004445,0.00006005
2,113,0.389924,-0.00000150,0.00006640,0.00009633
2,114,0.390765,-0.00001570,0.00011739,0.00017899
2,115,0.391516,0.00000555,0.00007708,0.00010461
2,112,0.398213,-0.00002015,0.00009507,0.00015405
2,111,0.399832,-0.00000922,0.00005091,0.00008025
2,110,0.400764,0.00000270,0.00006829,0.00009156
2,109,0.401658,-0.00000665,0.00006186,0.00008320
2,108,0.407276,-0.00000705,0.00008779,0.00011700
2,107,0.409750,-0.00000516,0.00005013,0.00007527
2,106,0.413865,-0.00000985,0.00008786,0.00013097
2,104,0.413921,0.00000593,0.00004313,0.00005927
2,103,0.414634,0.00001191,0.00010893,0.00016714
2,105,0.420036,-0.00000143,0.00009649,0.00013945
2,100,0.420480,-0.00000443,0.00007725,0.00011091
2,101,0.421418,-0.00000897,0.00008076,0.00010950
2,102,0.426995,0.00000732,0.00008704,0.00012761
2,99,0.429008,-0.00001076,0.00012851,0.00019970
2,98,0.429110,-0.00000894,0.00017238,0.00023752
2,97,0.440976,0.00000080,0.00008175,0.00011234
2,96,0.441053,-0.00000632,0.00005456,0.00007659
2,94,0.442118,-0.00001128,0.00006513,0.00009385
2,95,0.448014,-0.00002071,0.00016483,0.00028541
2,93,0.449476,0.00001205,0.00005251,0.00007856
2,92,0.453897,-0.00000055,0.00010629,0.00014619
2,90,0.455497,-0.00000750,0.00014290,0.00021403
2,89,0.457306,-0.00002424,0.00014449,0.00021398
2,91,0.460777,-0.00006025,0.00026857,0.00035006
2,88,0.465543,0.00000213,0.00009704,0.00013582
2,87,0.466194,-0.00000085,0.00005730,0.00009428
2,86,0.468529,0.00000267,0.00006084,0.00008510
2,85,0.473469,0.00000335,0.00010844,0.00015956
2,84,0.474969,0.00001075,0.00010353,0.00014697
2,81,0.481298,0.00000117,0.00011652,0.00017193
2,82,0.484218,0.00000753,0.00010816,0.00015202
2,83,0.488544,-0.00000568,0.00026946,0.00037130
2,78,0.493357,0.00000161,0.00007686,0.00010954
2,80,0.493604,0.00000094,0.00011599,0.00017998
2,79,0.493610,-0.00001060,0.00007518,0.00011324
2,76,0.499898,0.00000428,0.00011402,0.00016787
2,77,0.504244,0.00000026,0.00014552,0.00019384
2,74,0.505622,-0.00000510,0.00007536,0.00012726
2,75,0.505880,0.00000316,0.00009706,0.00013442
2,70,0.520299,0.00000185,0.00004596,0.00007057
2,73,0.520465,0.00001772,0.00013760,0.00019416
2,72,0.521788,0.00000939,0.00010638,0.00016850
2,71,0.525675,-0.00000325,0.00016770,0.00024287
2,69,0.526876,-0.00000674,0.00014206,0.00019589
2,68,0.529299,0.00000282,0.00017230,0.00023228
2,67,0.532959,0.00001077,0.00011673,0.00021583
2,66,0.537552,-0.00000350,0.00007797,0.00011108
2,65,0.542650,-0.00001262,0.00009282,0.00013653
2,64,0.548339,0.00000970,0.00008899,0.00013096
2,63,0.550669,0.00000110,0.00004563,0.00006755
2,62,0.553691,0.00001280,0.00020351,0.00031193
2,60,0.559034,-0.00000257,0.00009665,0.00012842
2,59,0.562160,-0.00000911,0.00009984,0.00013879
2,61,0.563492,-0.00005680,0.00019934,0.00025599
2,58,0.571127,0.00001369,0.00015445,0.00021668
2,56,0.573388,0.00000213,0.00008673,0.00013428
2,57,0.575536,0.00001263,0.00014535,0.00020651
2,54,0.587209,0.00001321,0.00014774,0.00020172
2,55,0.587959,0.00009593,0.00023400,0.00055100
2,53,0.588409,0.00000179,0.00009466,0.00013895
2,52,0.598342,0.00000511,0.00015777,0.00025258
2,50,0.599401,-0.00001186,0.00009235,0.00013692
2,49,0.607993,0.00002039,0.00016360,0.00023623
2,51,0.608494,0.00001229,0.00016732,0.00023048
2,48,0.612639,0.00001017,0.00010996,0.00016408
2,47,0.615883,-0.00000022,0.00004838,0.00006598
2,46,0.622125,0.00000317,0.00009985,0.00013546
2,45,0.628657,-0.00000269,0.00008790,0.00012375
2,44,0.634695,-0.00000893,0.00009245,0.00014083
2,43,0.637470,-0.00002865,0.00013354,0.00018275
2,42,0.641702,-0.00003473,0.00017690,0.00024913
2,41,0.644974,0.00001198,0.00019006,0.00026510
2,40,0.658685,-0.00001502,0.00017156,0.00025546
2,39,0.662518,-0.00000339,0.00027147,0.00039449
2,38,0.665119,-0.00002731,0.00022536,0.00031232
2,37,0.669444,0.00005198,0.00019091,0.00032866
2,36,0.678184,0.00000362,0.00014180,0.00020043
2,35,0.683082,0.00003187,0.00020358,0.00028010
2,34,0.686671,-0.00002070,0.00016996,0.00026992
2,33,0.689942,0.00006148,0.00057314,0.00087827
2,31,0.699987,-0.00000494,0.00014739,0.00021885
2,32,0.700918,-0.00000076,0.00027458,0.00040487
2,30,0.706472,-0.00001149,0.00013701,0.00020666
2,29,0.713134,0.00000422,0.00011065,0.00015570
2,28,0.719976,-0.00000829,0.00014060,0.00021389
2,27,0.724058,0.00000342,0.00014268,0.00023247
2,26,0.733080,0.00000860,0.00008316,0.00011737
2,25,0.737240,-0.00000250,0.00011676,0.00016429
2,24,0.745118,0.00003154,0.00019727,0.00028757
2,23,0.750429,0.00000582,0.00011263,0.00015529
2,22,0.760693,-0.00001611,0.00027074,0.00040809
2,21,0.765132,-0.00000966,0.00041335,0.00068153
2,20,0.772066,0.00000811,0.00014485,0.00021768
2,19,0.781031,0.00002175,0.00025721,0.00037242
2,18,0.788375,0.00000393,0.00018763,0.00027161
2,17,0.797658,-0.00000233,0.00070025,0.00109462
2,16,0.803008,-0.00002836,0.00019133,0.00025613
2,15,0.812116,0.00006944,0.00069140,0.00095313
2,14,0.820913,-0.00001713,0.00020737,0.00033028
2,13,0.828301,0.00008454,0.00029862,0.00040498
2,12,0.836011,0.00003389,0.00012128,0.00019203
2,11,0.844636,0.00001329,0.00011110,0.00016552
2,10,0.857560,0.00018002,0.00107229,0.00138150
2,9,0.861686,0.00000836,0.00021844,0.00030166
2,8,0.874938,-0.00002507,0.00013391,0.00017982
2,7,0.885691,0.00001388,0.00015657,0.00023968
2,6,0.898214,-0.00000926,0.00020743,0.00030364
2,5,0.908710,-0.00000018,0.00014603,0.00021220
2,4,0.925048,0.00000981,0.00044639,0.00069519
2,3,0.937196,0.00000982,0.00017299,0.00031466
2,2,0.953788,0.00000040,0.00023692,0.00039627
2,1,0.971745,0.00004293,0.00021439,0.00036468
2,0,0.999051,0.00001065,0.00012567,0.00020656
3,510,0.029439,0.00000032,0.00000614,0.00000893
3,511,0.029464,-0.00000019,0.00000323,0.00000445
3,509,0.029603,0.00000041,0.00000651,0.00001068
3,507,0.029907,-0.00000050,0.00000425,0.00000630
3,508,0.030421,0.00000024,0.00000363,0.00000549
3,504,0.030530,0.00000006,0.00000292,0.00000425
3,503,0.030630,-0.00000055,0.00000866,0.00001165
3,505,0.030772,0.00000007,0.00000202,0.00000305
3,506,0.030803,0.00000033,0.00000384,0.00000578
3,502,0.030960,0.00000012,0.00000213,0.00000299
3,501,0.031146,-0.00000011,0.00000243,0.00000338
3,500,0.031814,0.00000055,0.00000492,0.00000736
3,499,0.032197,-0.00000088,0.00000977,0.00001511
3,497,0.032382,-0.00000031,0.00000557,0.00000772
3,498,0.032534,0.00000017,0.00000610,0.00000894
3,491,0.032782,0.00000074,0.00000507,0.00000763
3,495,0.033089,-0.00000005,0.00000268,0.00000388
3,493,0.033180,-0.00000085,0.00000360,0.00000469
3,492,0.033254,-0.00000026,0.00000456,0.00000644
3,496,0.033401,-0.00000007,0.00000545,0.00000758
3,494,0.033484,-0.00000002,0.00000351,0.00000527
3,487,0.034121,-0.00000018,0.00000306,0.00000441
3,490,0.034143,0.00000001,0.00000282,0.00000391
3,489,0.034386,-0.00000105,0.00000664,0.00000898
3,485,0.034517,-0.00000062,0.00000384,0.00000536
3,484,0.034678,-0.00000011,0.00000220,0.00000291
3,488,0.034698,0.00000031,0.00000249,0.00000362
3,486,0.035080,0.00000070,0.00000565,0.00000766
3,483,0.035400,-0.00000026,0.00000562,0.00000792
3,479,0.035494,0.00000046,0.00000479,0.00000716
3,482,0.035632,-0.00000012,0.00000361,0.00000548
3,480,0.035748,0.00000315,0.00001438,0.00002153
3,481,0.036243,-0.00000023,0.00000427,0.00000588
3,478,0.036510,0.00000052,0.00000692,0.00000980
3,477,0.036701,-0.00000002,0.00000143,0.00000191
3,475,0.036867,0.00000105,0.00000735,0.00001194
3,476,0.036906,0.00000004,0.00000394,0.00000760
3,472,0.037501,-0.00000001,0.00000351,0.00000474
3,471,0.037684,0.00000355,0.00001190,0.00001703
3,474,0.037724,-0.00000120,0.00000765,0.00001233
3,473,0.037918,0.00000005,0.00000812,0.00001251
3,470,0.038044,0.00000010,0.00000582,0.00000881
3,469,0.039064,0.00000132,0.00000862,0.00001190
3,468,0.039406,-0.00000068,0.00000498,0.00000721
3,464,0.039798,-0.00000311,0.00001506,0.00002220
3,465,0.039909,-0.00000084,0.00000860,0.00001146
3,467,0.040020,0.00000067,0.00000428,0.00000636
3,461,0.040040,-0.00000171,0.00000930,0.00001301
3,463,0.040058,-0.00000034,0.00000666,0.00001136
3,466,0.040095,-0.00000011,0.00000676,0.00000981
3,457,0.040646,0.00000013,0.00000546,0.00001323
3,459,0.041015,0.00000029,0.00000660,0.00000946
3,462,0.041437,-0.00000018,0.00000474,0.00000657
3,460,0.041652,0.00000065,0.00000310,0.00000528
3,458,0.042457,0.00000028,0.00001873,0.00002421
3,453,0.042743,-0.00000005,0.00000587,0.00000821
3,456,0.042979,0.00000010,0.00000380,0.00000540
3,455,0.043023,-0.00000004,0.00000439,0.00000609
3,450,0.043638,0.00000206,0.00000973,0.00001582
3,452,0.043685,0.00000078,0.00000657,0.00000946
3,451,0.043786,-0.00000002,0.00000254,0.00000379
3,454,0.043981,-0.00000032,0.00000474,0.00000727
3,449,0.044416,-0.00000041,0.00001008,0.00001344
3,448,0.045128,0.00000123,0.00000824,0.00001490
3,446,0.045155,-0.00000015,0.00000328,0.00000454
3,445,0.045233,0.00000045,0.00000455,0.00000656
3,447,0.045282,0.00000029,0.00000320,0.00000487
3,442,0.046157,0.00000066,0.00000632,0.00000892
3,443,0.046468,0.00000144,0.00001169,0.00001844
3,444,0.046666,0.00000107,0.00001065,0.00001549
3,441,0.046835,0.00000090,0.00001075,0.00001475
3,440,0.046985,0.00000048,0.00000649,0.00000877
3,439,0.047254,-0.00000116,0.00001601,0.00002975
3,438,0.047623,0.00000043,0.00000512,0.00000721
3,436,0.047719,0.00000058,0.00000590,0.00000866
3,432,0.047740,-0.00000024,0.00000402,0.00000570
3,437,0.048435,0.00000011,0.00000369,0.00000546
3,434,0.048859,-0.00000160,0.00000915,0.00001402
3,430,0.048892,0.00000015,0.00000615,0.00000825
3,435,0.049060,-0.00000061,0.00000627,0.00000857
3,431,0.049359,0.00000003,0.00000213,0.00000329
3,433,0.050014,-0.00000175,0.00000732,0.00001255
3,425,0.050865,0.00000120,0.00000486,0.00000679
3,427,0.050952,0.00000109,0.00000597,0.00000850
3,429,0.051045,-0.00000027,0.00000426,0.00000784
3,428,0.051049,-0.00000103,0.00000798,0.00001096
3,424,0.051424,0.00000094,0.00000602,0.00000845
3,426,0.051564,0.00000135,0.00000634,0.00000884
3,422,0.052474,-0.00000023,0.00001074,0.00001804
3,423,0.052789,-0.00000023,0.00000614,0.00000811
3,421,0.052886,-0.00000042,0.00000533,0.00000729
3,420,0.053010,-0.00000128,0.00000755,0.00001180
3,419,0.053673,-0.00000295,0.00001273,0.00001771
3,417,0.054930,0.00000064,0.00000476,0.00000704
3,415,0.055062,-0.00000059,0.00000340,0.00000473
3,416,0.055207,-0.00000030,0.00000305,0.00000416
3,418,0.055641,0.00000006,0.00000528,0.00000726
3,413,0.055915,-0.00000014,0.00000700,0.00000956
3,408,0.056791,-0.00000032,0.00000476,0.00000668
3,414,0.056897,0.00000132,0.00001528,0.00002153
3,410,0.057228,-0.00000005,0.00000515,0.00000721
3,412,0.057234,-0.00000116,0.00000551,0.00000788
3,409,0.057396,0.00000009,0.00000535,0.00000747
3,411,0.057940,0.00000086,0.00000921,0.00001492
3,407,0.058456,-0.00000006,0.00001895,0.00002660
3,406,0.059207,0.00000080,0.00000674,0.00000917
3,404,0.059854,0.00000012,0.00000539,0.00000744
3,400,0.060522,-0.00000117,0.00001245,0.00001828
3,401,0.060536,-0.00000067,0.00000449,0.00000668
3,402,0.060561,0.00000209,0.00000903,0.00001289
3,403,0.061098,0.00000032,0.00000782,0.00001230
3,405,0.061562,-0.00000096,0.00001034,0.00001470
3,396,0.061810,0.00000114,0.00000833,0.00001149
3,399,0.062195,-0.00000008,0.00000940,0.00001413
3,397,0.062785,0.00000072,0.00000820,0.00001188
3,395,0.063138,0.00000087,0.00000707,0.00001047
3,398,0.063254,0.00000038,0.00000307,0.00000424
3,393,0.063759,-0.00000105,0.00001192,0.00001796
3,390,0.064592,0.00000219,0.00000976,0.00001395
3,394,0.065186,-0.00000085,0.00000449,0.00000648
3,392,0.065335,0.00000111,0.00000851,0.00001138
3,391,0.065511,0.00000027,0.00000918,0.00001497
3,388,0.065809,0.00000163,0.00000815,0.00001196
3,389,0.065839,-0.00000162,0.00001838,0.00003015
3,385,0.066757,-0.00000119,0.00001340,0.00001838
3,387,0.067263,-0.00000054,0.00000747,0.00001006
3,386,0.067483,-0.00000035,0.00001977,0.00002784
3,383,0.067822,0.00000192,0.00001615,0.00002131
3,384,0.068745,-0.00000109,0.00000950,0.00001415
3,381,0.069080,-0.00000001,0.00000678,0.00000962
3,380,0.069601,-0.00000024,0.00001427,0.00002240
3,382,0.069970,0.00000014,0.00000583,0.00000825
3,377,0.070886,0.00000555,0.00002045,0.00002731
3,379,0.070981,-0.00000043,0.00002631,0.00004134
3,378,0.071546,0.00000016,0.00000849,0.00001253
3,375,0.071859,0.00000197,0.00001348,0.00002194
3,373,0.072526,-0.00000066,0.00000729,0.00001053
3,376,0.072785,0.00000069,0.00001579,0.00002156
3,371,0.073397,-0.00000181,0.00001084,0.00001441
3,374,0.073637,0.00000076,0.00000952,0.00001379
3,368,0.074135,0.00000025,0.00000932,0.00001435
3,372,0.074315,-0.00000115,0.00001293,0.00001691
3,370,0.075361,0.00000078,0.00002167,0.00003277
3,369,0.075528,0.00000109,0.00000745,0.00001137
3,367,0.076688,0.00000167,0.00001534,0.00002219
3,364,0.077184,-0.00000022,0.00000561,0.00000793
3,365,0.077823,-0.00000172,0.00000893,0.00001343
3,366,0.078142,-0.00000254,0.00001112,0.00001731
3,361,0.079333,-0.00000015,0.00000689,0.00001005
3,360,0.079637,-0.00000109,0.00000849,0.00001270
3,363,0.080147,0.00000138,0.00003736,0.00005168
3,362,0.080221,0.00000352,0.00002516,0.00003378
3,358,0.081171,0.00000045,0.00000982,0.00001462
3,359,0.081189,0.00000050,0.00002659,0.00003606
3,357,0.082037,-0.00000045,0.00000699,0.00001045
3,356,0.082243,0.00000171,0.00001337,0.00001940
3,355,0.082462,-0.00000158,0.00000936,0.00001305
3,354,0.082686,-0.00000033,0.00000885,0.00001290
3,353,0.082886,0.00000007,0.00000518,0.00000761
3,349,0.084092,-0.00000334,0.00001123,0.00001537
3,352,0.084422,0.00000078,0.00001072,0.00001436
3,347,0.085201,0.00000075,0.00000738,0.00001020
3,351,0.085869,-0.00000021,0.00001308,0.00001746
3,348,0.085978,-0.00000080,0.00001839,0.00002816
3,350,0.086380,0.00000083,0.00001061,0.00001475
3,346,0.088096,0.00000058,0.00000751,0.00001026
3,344,0.088722,-0.00000043,0.00000337,0.00000473
3,343,0.089152,0.00000019,0.00002067,0.00002965
3,345,0.089654,-0.00000268,0.00001077,0.00001649
3,342,0.089688,0.00000302,0.00001179,0.00001694
3,338,0.090634,-0.00000026,0.00000623,0.00001000
3,341,0.090847,-0.00000118,0.00001034,0.00001425
3,339,0.091381,-0.00000144,0.00001205,0.00001971
3,340,0.092377,0.00000192,0.00001467,0.00001966
3,337,0.093121,0.00000150,0.00001570,0.00002107
3,336,0.093496,-0.00000251,0.00001455,0.00001992
3,335,0.094533,-0.00000147,0.00000929,0.00001394
3,334,0.094647,-0.00000010,0.00001024,0.00001393
3,332,0.094955,0.00000717,0.00002532,0.00003886
3,333,0.095386,-0.00000025,0.00000904,0.00001408
3,331,0.096084,0.00000039,0.00001018,0.00001455
3,327,0.096552,-0.00000174,0.00001119,0.00001507
3,329,0.096862,-0.00000169,0.00000617,0.00000896
3,330,0.096941,-0.00000151,0.00002280,0.00003126
3,326,0.098270,0.00000161,0.00001124,0.00001551
3,328,0.099013,0.00000101,0.00002702,0.00003817
3,325,0.100683,0.00000099,0.00002044,0.00002827
3,323,0.101863,-0.00000027,0.00000827,0.00001143
3,321,0.102204,0.00000068,0.00001355,0.00001937
3,324,0.102508,-0.00000279,0.00002224,0.00003248
3,320,0.103698,0.00000122,0.00001714,0.00002423
3,319,0.104874,0.00000061,0.00001026,0.00001450
3,322,0.105581,0.00000026,0.00000628,0.00000855
3,317,0.105722,0.00000098,0.00001306,0.00001971
3,318,0.105892,-0.00001699,0.00008667,0.00012589
3,314,0.106325,-0.00000168,0.00001540,0.00002116
3,313,0.106998,-0.00000005,0.00001826,0.00002676
3,315,0.107967,-0.00000411,0.00002281,0.00003067
3,316,0.108295,0.00000145,0.00001611,0.00002416
3,311,0.108650,0.00000191,0.00001580,0.00002506
3,310,0.111944,-0.00000119,0.00001148,0.00001568
3,308,0.112052,0.00000129,0.00000757,0.00001087
3,309,0.113081,-0.00000456,0.00002284,0.00004130
3,306,0.113958,0.00000004,0.00000900,0.00001351
3,312,0.114088,-0.00000180,0.00001876,0.00002801
3,305,0.114227,-0.00000207,0.00000950,0.00001343
3,304,0.115931,-0.00000467,0.00003156,0.00004195
3,307,0.116126,-0.00000062,0.00000908,0.00001313
3,302,0.116403,-0.00000302,0.00002116,0.00003062
3,301,0.118193,-0.00000883,0.00013986,0.00020833
3,300,0.118650,0.00000146,0.00002662,0.00003733
3,303,0.118700,-0.00000178,0.00001460,0.00002108
3,299,0.119526,-0.00000258,0.00001921,0.00002653
3,298,0.119639,-0.00000057,0.00000669,0.00001017
3,297,0.121090,-0.00000283,0.00002339,0.00003479
3,296,0.122203,-0.00000048,0.00000856,0.00001206
3,293,0.123060,-0.00000038,0.00001325,0.00001846
3,294,0.124245,-0.00000071,0.00001401,0.00001909
3,292,0.124316,0.00000024,0.00001847,0.00003059
3,287,0.125682,0.00000139,0.00000806,0.00001118
3,291,0.126000,-0.00000341,0.00002532,0.00003824
3,295,0.126112,0.00000150,0.00001773,0.00002307
3,286,0.126863,0.00000041,0.00001762,0.00002597
3,290,0.127104,0.00000106,0.00001848,0.00002590
3,289,0.127250,-0.00000254,0.00001884,0.00003049
3,285,0.127682,-0.00000060,0.00001891,0.00002917
3,288,0.129640,0.00000106,0.00001654,0.00002293
3,284,0.131187,0.00000146,0.00001140,0.00001674
3,281,0.133562,0.00000140,0.00001216,0.00001895
3,283,0.133761,-0.00000245,0.00001454,0.00002106
3,282,0.134292,0.00000152,0.00001486,0.00002227
3,280,0.136603,0.00000048,0.00002744,0.00005458
3,277,0.137164,0.00000027,0.00000814,0.00001137
3,279,0.138226,0.00000140,0.00002373,0.00003380
3,278,0.138299,-0.00000207,0.00001252,0.00001793
3,275,0.139414,0.00000111,0.00001287,0.00001843
3,276,0.139861,0.00000095,0.00001199,0.00001642
3,274,0.140783,0.00000328,0.00004815,0.00007050
3,272,0.141631,0.00000377,0.00003027,0.00004804
3,273,0.141743,-0.00000486,0.00004148,0.00005803
3,270,0.141927,0.00000012,0.00001993,0.00003354
3,271,0.142678,0.00000137,0.00002497,0.00003496
3,269,0.144092,-0.00000670,0.00004083,0.00006248
3,268,0.144471,0.00000119,0.00002492,0.00003452
3,267,0.145881,-0.00000097,0.00002002,0.00002687
3,266,0.146823,0.00000056,0.00001165,0.00001569
3,265,0.149484,0.00000081,0.00001339,0.00001772
3,263,0.150011,0.00000030,0.00001340,0.00002027
3,261,0.150408,0.00000841,0.00005268,0.00008674
3,262,0.151354,0.00000723,0.00003090,0.00004227
3,264,0.151361,-0.00000064,0.00001029,0.00001467
3,258,0.153803,-0.00000065,0.00001329,0.00001873
3,260,0.154812,-0.00000832,0.00003408,0.00005387
3,257,0.155669,0.00000258,0.00002077,0.00003050
3,259,0.156416,-0.00000207,0.00002029,0.00002881
3,255,0.158469,0.00000017,0.00001332,0.00001890
3,253,0.159591,0.00000013,0.00001193,0.00001683
3,256,0.159616,0.00000168,0.00001314,0.00001777
3,251,0.162147,-0.00000264,0.00001124,0.00002102
3,254,0.164229,-0.00000438,0.00001768,0.00002901
3,252,0.164280,-0.00000699,0.00003639,0.00004957
3,248,0.164731,-0.00000064,0.00001557,0.00002131
3,250,0.165430,-0.00000116,0.00001437,0.00002148
3,246,0.166498,0.00000059,0.00002253,0.00003279
3,249,0.167052,0.00000051,0.00001301,0.00001860
3,245,0.167930,0.00000000,0.00002537,0.00003610
3,247,0.168328,0.00000218,0.00002769,0.00003841
3,244,0.168940,0.00000135,0.00001643,0.00002371
3,242,0.172163,-0.00000198,0.00001202,0.00001866
3,243,0.172438,-0.00000228,0.00002582,0.00003526
3,241,0.175328,-0.00000063,0.00001829,0.00002677
3,240,0.176538,-0.00000364,0.00004150,0.00005691
3,238,0.177804,-0.00000181,0.00002795,0.00004299
3,235,0.177819,-0.00000020,0.00000551,0.00000761
3,237,0.177957,-0.00000193,0.00001617,0.00002425
3,239,0.178843,-0.00000191,0.00003103,0.00004300
3,236,0.180863,-0.00000076,0.00001695,0.00002263
3,233,0.181139,-0.00000108,0.00002518,0.00003510
3,232,0.183016,0.00000192,0.00004443,0.00005986
3,234,0.184593,0.00000023,0.00001068,0.00001449
3,228,0.185114,0.00000137,0.00001967,0.00002911
3,231,0.187637,-0.00000163,0.00002173,0.00003094
3,227,0.189391,-0.00000286,0.00003528,0.00004935
3,229,0.189513,-0.00000370,0.00003696,0.00005297
3,225,0.190596,-0.00000031,0.00001352,0.00001966
3,230,0.191512,0.00000048,0.00001792,0.00002660
3,226,0.193169,-0.00000397,0.00002867,0.00003937
3,224,0.193932,0.00000298,0.00001950,0.00002727
3,222,0.194191,-0.00000006,0.00001607,0.00002190
3,223,0.196830,-0.00000051,0.00001626,0.00002227
3,218,0.198647,0.00000511,0.00002709,0.00003903
3,220,0.199087,-0.00000228,0.00003078,0.00005916
3,219,0.199560,0.00000226,0.00002365,0.00003337
3,217,0.200294,-0.00000351,0.00002392,0.00003427
3,216,0.202513,0.00000054,0.00001225,0.00001739
3,221,0.203007,-0.00000088,0.00001875,0.00002730
3,213,0.206131,-0.00000309,0.00001715,0.00002399
3,215,0.206639,0.00000317,0.00004720,0.00008852
3,212,0.207721,-0.00000215,0.00002043,0.00002847
3,214,0.208921,-0.00000061,0.00001668,0.00002226
3,211,0.208942,0.00000381,0.00004185,0.00006510
3,207,0.211045,-0.00000060,0.00004378,0.00006962
3,209,0.211701,0.00000766,0.00003045,0.00004292
3,210,0.211813,0.00000821,0.00004156,0.00007231
3,206,0.217244,-0.00000530,0.00003058,0.00004205
3,205,0.217690,-0.00000191,0.00001995,0.00002672
3,204,0.218165,-0.00000110,0.00001928,0.00002661
3,208,0.219924,0.00000316,0.00001896,0.00002755
3,202,0.220902,-0.00000558,0.00006406,0.00010285
3,203,0.222358,0.00000037,0.00001892,0.00002578
3,199,0.223262,-0.00000535,0.00003521,0.00005897
3,201,0.223267,0.00000958,0.00005828,0.00008733
3,197,0.225107,0.00000281,0.00001945,0.00002748
3,200,0.225113,0.00000128,0.00001974,0.00002750
3,194,0.229514,-0.00000203,0.00001379,0.00001990
3,198,0.230244,-0.00000320,0.00003831,0.00005082
3,196,0.231396,0.00001794,0.00006984,0.00009367
3,195,0.233949,0.00000064,0.00002343,0.00003314
3,192,0.238722,0.00000149,0.00004752,0.00006946
3,193,0.238923,0.00004602,0.00013540,0.00018712
3,191,0.239210,-0.00000134,0.00001731,0.00002445
3,190,0.239946,-0.00000136,0.00003788,0.00005287
3,187,0.242581,-0.00000481,0.00006259,0.00008850
3,189,0.243010,0.00000075,0.00002156,0.00003065
3,185,0.243137,-0.00000031,0.00004307,0.00006123
3,188,0.244291,-0.00000343,0.00002550,0.00003506
3,186,0.245460,-0.00000343,0.00003069,0.00004909
3,182,0.247576,0.00000143,0.00004249,0.00006069
3,184,0.248817,0.00000355,0.00002299,0.00003463
3,179,0.254920,0.00000393,0.00004586,0.00006382
3,178,0.255136,-0.00000141,0.00002262,0.00003500
3,183,0.255137,0.00000442,0.00013435,0.00022433
3,181,0.255335,0.00000170,0.00002697,0.00003765
3,180,0.258636,-0.00000387,0.00003092,0.00004709
3,177,0.262556,-0.00000297,0.00003546,0.00004835
3,176,0.263103,0.00000118,0.00001969,0.00002723
3,173,0.264849,0.00000087,0.00001976,0.00005454
3,175,0.265527,-0.00000255,0.00002543,0.00003576
3,171,0.268662,-0.00002296,0.00009562,0.00012622
3,174,0.269318,-0.00001076,0.00005247,0.00007018
3,172,0.271900,-0.00000273,0.00001857,0.00002578
3,169,0.272988,0.00000226,0.00004320,0.00005798
3,170,0.273605,0.00000470,0.00005463,0.00009416
3,168,0.273874,-0.00000287,0.00002406,0.00003324
3,167,0.276166,-0.00000311,0.00003026,0.00004053
3,166,0.276171,0.00000166,0.00001187,0.00001604
3,165,0.283052,-0.00000085,0.00003224,0.00004835
3,161,0.283276,-0.00000174,0.00002588,0.00004591
3,164,0.283373,-0.00000157,0.00001815,0.00002604
3,163,0.284799,-0.00000379,0.00003547,0.00004721
3,162,0.285689,0.00000191,0.00003000,0.00004248
3,159,0.291371,-0.00000041,0.00002258,0.00003615
3,160,0.293914,-0.00000181,0.00004057,0.00005620
3,158,0.295371,-0.00000819,0.00004040,0.00006236
3,156,0.298761,-0.00000364,0.00007427,0.00011285
3,157,0.300074,-0.00000233,0.00008721,0.00012937
3,154,0.301520,-0.00000027,0.00002241,0.00003032
3,155,0.301965,0.00000138,0.00003825,0.00005323
3,151,0.304039,0.00000121,0.00002938,0.00004092
3,153,0.305083,0.00001775,0.00004603,0.00007327
3,150,0.309886,0.00001138,0.00003528,0.00005897
3,152,0.310449,-0.00000165,0.00006660,0.00009716
3,149,0.312412,0.00000090,0.00007458,0.00010373
3,147,0.314545,-0.00000146,0.00003283,0.00004803
3,148,0.314609,-0.00000493,0.00004316,0.00005943
3,145,0.318716,-0.00000366,0.00002037,0.00003021
3,146,0.320463,0.00000036,0.00002839,0.00003943
3,143,0.322225,-0.00000967,0.00004537,0.00006217
3,144,0.323495,-0.00000119,0.00003012,0.00004371
3,140,0.323841,-0.00000090,0.00004823,0.00006595
3,142,0.328174,0.00000168,0.00003663,0.00005056
3,141,0.330272,0.00000378,0.00004154,0.00005875
3,138,0.332794,0.00000005,0.00002547,0.00003555
3,139,0.333640,0.00000887,0.00008903,0.00013122
3,137,0.335290,-0.00000155,0.00003221,0.00004661
3,135,0.340048,-0.00000838,0.00005944,0.00009151
3,136,0.341971,0.00000511,0.00006679,0.00009697
3,134,0.342473,-0.00000383,0.00003543,0.00004784
3,133,0.345318,-0.00001219,0.00008627,0.00012084
3,131,0.350828,-0.00000243,0.00002069,0.00002869
3,132,0.351535,0.00001032,0.00005247,0.00007127
3,130,0.353422,-0.00000046,0.00003729,0.00005811
3,128,0.355715,-0.00000061,0.00003026,0.00004173
3,129,0.356001,-0.00000206,0.00003949,0.00007503
3,127,0.358678,-0.00000096,0.00002321,0.00003235
3,126,0.359697,-0.00000020,0.00004403,0.00005967
3,125,0.362540,-0.00000653,0.00008201,0.00012411
3,124,0.364562,-0.00000054,0.00003700,0.00005409
3,123,0.366313,-0.00001179,0.00005215,0.00006910
3,122,0.366590,-0.00000064,0.00002779,0.00003802
3,120,0.370660,-0.00000424,0.00003511,0.00005034
3,121,0.372196,-0.00000011,0.00003409,0.00005021
3,118,0.378079,0.00000461,0.00003958,0.00005820
3,119,0.379765,-0.00000059,0.00004056,0.00005380
3,116,0.384406,-0.00000289,0.00004407,0.00006262
3,114,0.388533,0.00000141,0.00002855,0.00004120
3,117,0.391103,-0.00003694,0.00015871,0.00021978
3,115,0.392434,0.00001398,0.00009440,0.00014035
3,113,0.395688,-0.00000925,0.00007388,0.00011938
3,110,0.397426,-0.00000155,0.00002585,0.00003635
3,111,0.398791,-0.00000182,0.00005322,0.00007928
3,112,0.398821,-0.00000253,0.00006127,0.00008069
3,106,0.406516,0.00000323,0.00003856,0.00005505
3,107,0.407723,-0.00000219,0.00002794,0.00003977
3,105,0.409106,-0.00000414,0.00003185,0.00004372
3,108,0.409418,0.00000378,0.00005491,0.00008106
3,109,0.412605,-0.00001291,0.00009176,0.00013345
3,104,0.418128,-0.00000297,0.00002388,0.00003294
3,102,0.424623,0.00000716,0.00004220,0.00006631
3,101,0.425075,-0.00000528,0.00010012,0.00015147
3,99,0.426262,-0.00000131,0.00007709,0.00010551
3,103,0.427826,-0.00000287,0.00006043,0.00008431
3,100,0.428339,-0.00000233,0.00006287,0.00011296
3,98,0.429360,-0.00003508,0.00009825,0.00017021
3,97,0.436122,0.00000397,0.00009066,0.00013830
3,95,0.440509,-0.00000449,0.00006389,0.00009129
3,96,0.442739,0.00001593,0.00008115,0.00013573
3,94,0.447313,-0.00000443,0.00024102,0.00032135
3,93,0.452416,0.00000821,0.00004622,0.00006184
3,90,0.453770,0.00000111,0.00003594,0.00006243
3,88,0.458330,-0.00000458,0.00006526,0.00009222
3,92,0.459291,-0.00000707,0.00010157,0.00014237
3,91,0.460520,-0.00000202,0.00011189,0.00015912
3,89,0.464966,-0.00001618,0.00022790,0.00032110
3,86,0.467979,-0.00000545,0.00004885,0.00006906
3,87,0.470907,-0.00000157,0.00007992,0.00012103
3,85,0.474814,-0.00000533,0.00015468,0.00021271
3,84,0.475294,0.00000338,0.00003718,0.00005224
3,82,0.476980,0.00000868,0.00009965,0.00013928
3,83,0.480440,0.00000724,0.00008486,0.00011525
3,81,0.484392,-0.00000415,0.00006336,0.00010491
3,80,0.487831,0.00000006,0.00003624,0.00004855
3,76,0.492634,-0.00000118,0.00007484,0.00010935
3,79,0.494213,-0.00001000,0.00020121,0.00027642
3,77,0.499088,-0.00000388,0.00006779,0.00009291
3,78,0.499252,0.00000439,0.00009256,0.00013078
3,74,0.504992,0.00000142,0.00005965,0.00008484
3,75,0.510659,-0.00001261,0.00008499,0.00011854
3,73,0.511278,-0.00000376,0.00004947,0.00007245
3,72,0.516111,-0.00000424,0.00018497,0.00025722
3,71,0.518734,0.00000293,0.00005927,0.00008453
3,70,0.523928,0.00002052,0.00019482,0.00029390
3,68,0.525860,-0.00000966,0.00004309,0.00006662
3,69,0.528507,0.00001294,0.00005620,0.00007895
3,67,0.537040,0.00000078,0.00005522,0.00008341
3,66,0.538504,-0.00000629,0.00005632,0.00007986
3,65,0.542034,0.00000445,0.00007151,0.00009659
3,64,0.546512,0.00000090,0.00004393,0.00006459
3,63,0.549197,-0.00000226,0.00008374,0.00012410
3,62,0.555312,-0.00000092,0.00004363,0.00006125
3,61,0.559170,-0.00001349,0.00008175,0.00011579
3,57,0.569211,-0.00001684,0.00015361,0.00020691
3,59,0.570355,-0.00002252,0.00014797,0.00022803
3,60,0.571067,0.00003034,0.00023695,0.00033000
3,58,0.573210,-0.00001288,0.00022139,0.00030129
3,56,0.580353,0.00001418,0.00007836,0.00010928
3,54,0.586613,-0.00000661,0.00026467,0.00037059
3,55,0.588792,-0.00003101,0.00016104,0.00022388
3,53,0.591683,0.00000228,0.00007872,0.00011309
3,52,0.594656,-0.00000595,0.00004860,0.00006572
3,51,0.598351,0.00002095,0.00014907,0.00023924
3,50,0.605208,0.00000754,0.00022044,0.00031546
3,49,0.605662,0.00000706,0.00010524,0.00015040
3,48,0.612907,-0.00000715,0.00009991,0.00013855
3,47,0.618616,0.00000812,0.00005738,0.00007893
3,45,0.624449,-0.00000376,0.00009004,0.00013972
3,46,0.625608,-0.00000084,0.00016101,0.00021795
3,44,0.632056,0.00000283,0.00003550,0.00005166
3,43,0.636863,0.00000434,0.00004635,0.00006788
3,42,0.642106,0.00002233,0.00025094,0.00033509
3,41,0.645010,-0.00000769,0.00008570,0.00012500
3,40,0.650648,-0.00000755,0.00007187,0.00010208
3,39,0.661398,-0.00000221,0.00023326,0.00030691
3,38,0.664978,0.00000363,0.00007836,0.00011181
3,37,0.669953,0.00000321,0.00006011,0.00008885
3,36,0.672606,0.00000410,0.00006993,0.00010138
3,35,0.680272,-0.00000909,0.00009764,0.00014024
3,34,0.683400,0.00002332,0.00010618,0.00014078
3,33,0.689641,-0.00003772,0.00018738,0.00026221
3,32,0.692602,-0.00001926,0.00011837,0.00015457
3,31,0.703943,-0.00002395,0.00029289,0.00042592
3,30,0.708999,-0.00004017,0.00014948,0.00021993
3,29,0.712230,0.00000070,0.00016878,0.00023230
3,28,0.718193,0.00003085,0.00023547,0.00033792
3,27,0.722776,-0.00000504,0.00008289,0.00011486
3,26,0.734400,0.00001548,0.00016064,0.00027250
3,25,0.737209,0.00004352,0.00013075,0.00018440
3,24,0.744980,-0.00001635,0.00019138,0.00026221
3,23,0.752400,-0.00000309,0.00015597,0.00021619
3,22,0.757531,-0.00000807,0.00011546,0.00019367
3,21,0.765383,-0.00000239,0.00016014,0.00025005
3,20,0.772248,-0.00000388,0.00003982,0.00005563
3,19,0.780086,-0.00000351,0.00005026,0.00007760
3,18,0.788143,-0.00000764,0.00018921,0.00033160
3,16,0.804757,-0.00004774,0.00015076,0.00020191
3,17,0.807163,-0.00029625,0.00083579,0.00154503
3,15,0.808987,-0.00003450,0.00031701,0.00041893
3,14,0.819346,0.00001325,0.00015210,0.00020887
3,13,0.828540,0.00000995,0.00016159,0.00027189
3,12,0.836315,0.00003419,0.00019100,0.00033542
3,11,0.846549,0.00000705,0.00016410,0.00023300
3,10,0.853887,0.00002248,0.00019925,0.00028476
3,9,0.865370,-0.00002012,0.00007751,0.00010448
3,8,0.876796,-0.00005560,0.00033528,0.00045994
3,7,0.889327,-0.00002591,0.00015894,0.00054059
3,6,0.899705,-0.00001046,0.00064295,0.00087033
3,5,0.911742,0.00000511,0.00008706,0.00013503
3,4,0.923367,-0.00001746,0.00014117,0.00022937
3,3,0.938531,0.00001512,0.00012313,0.00019932
3,2,0.953915,-0.00002405,0.00099758,0.00185164
3,1,0.972147,0.00001173,0.00009699,0.00015115
3,0,0.999061,0.00000005,0.00000933,0.00001900
4,510,0.029240,-0.00000033,0.00000351,0.00000552
4,511,0.029277,-0.00000006,0.00000283,0.00000396
4,505,0.029681,0.00000061,0.00000201,0.00000304
4,509,0.029802,0.00000020,0.00000371,0.00000758
4,507,0.029915,-0.00000009,0.00000372,0.00000536
4,508,0.030059,-0.00000035,0.00000194,0.00000285
4,502,0.030314,0.00000030,0.00000903,0.00001483
4,506,0.030345,-0.00000019,0.00000240,0.00000324
4,501,0.030500,-0.00000014,0.00000279,0.00000436
4,504,0.030593,-0.00000007,0.00000196,0.00000291
4,503,0.031071,-0.00000115,0.00000440,0.00000656
4,499,0.031472,-0.00000033,0.00000255,0.00000343
4,498,0.031487,0.00000007,0.00000102,0.00000148
4,500,0.031829,-0.00000031,0.00000373,0.00000531
4,497,0.032131,-0.00000010,0.00000119,0.00000165
4,496,0.032131,0.00000001,0.00000224,0.00000304
4,494,0.032370,-0.00000037,0.00000263,0.00000382
4,495,0.032591,0.00000015,0.00000183,0.00000270
4,492,0.032637,-0.00000015,0.00000297,0.00000398
4,493,0.032775,-0.00000023,0.00000128,0.00000234
4,491,0.033271,-0.00000070,0.00000475,0.00000688
4,490,0.033918,0.00000001,0.00000240,0.00000322
4,487,0.034456,-0.00000009,0.00000164,0.00000228
4,483,0.034546,0.00000154,0.00001520,0.00002306
4,488,0.034587,-0.00000014,0.00000183,0.00000264
4,489,0.034631,0.00000063,0.00001221,0.00002024
4,484,0.034943,0.00000033,0.00000358,0.00000555
4,485,0.035189,0.00000066,0.00000493,0.00001099
4,486,0.035222,-0.00000042,0.00000720,0.00001086
4,481,0.035297,-0.00000016,0.00000299,0.00000428
4,482,0.035973,0.00000015,0.00000109,0.00000150
4,479,0.036065,0.00000004,0.00000075,0.00000112
4,480,0.036170,0.00000054,0.00000195,0.00000285
4,478,0.036471,-0.00000035,0.00000217,0.00000301
4,476,0.036589,0.00000028,0.00000189,0.00000312
4,477,0.036790,0.00000079,0.00000502,0.00000705
4,474,0.037142,-0.00000009,0.00000295,0.00000434
4,475,0.037299,-0.00000021,0.00000153,0.00000236
4,473,0.037876,0.00000018,0.00000211,0.00000346
4,472,0.038315,0.00000013,0.00000088,0.00000123
4,471,0.038553,-0.00000038,0.00000358,0.00000470
4,469,0.038571,-0.00000056,0.00001123,0.00001725
4,468,0.038674,0.00000008,0.00000390,0.00000540
4,470,0.039135,0.00000024,0.00000563,0.00000872
4,466,0.039293,0.00000011,0.00000158,0.00000264
4,467,0.039299,-0.00000015,0.00000145,0.00000201
4,463,0.039825,-0.00000104,0.00000501,0.00000717
4,465,0.040004,0.00000054,0.00000610,0.00000856
4,460,0.040082,0.00000003,0.00000341,0.00000499
4,464,0.040180,-0.00000151,0.00000990,0.00001408
4,461,0.040600,-0.00000053,0.00000734,0.00001017
4,462,0.040620,-0.00000037,0.00000170,0.00000234
4,459,0.040730,0.00000018,0.00000352,0.00000503
4,456,0.041882,0.00000017,0.00000113,0.00000193
4,452,0.041883,-0.00000123,0.00000581,0.00000770
4,458,0.041917,0.00000096,0.00000474,0.00000633
4,457,0.042220,0.00000007,0.00000734,0.00001009
4,455,0.042321,-0.00000006,0.00000152,0.00000253
4,450,0.042819,0.00000145,0.00000980,0.00001275
4,453,0.043157,0.00000016,0.00000180,0.00000259
4,451,0.043613,0.00000072,0.00000705,0.00001041
4,448,0.043735,-0.00000005,0.00000165,0.00000237
4,454,0.043929,-0.00000022,0.00000375,0.00000551
4,449,0.044048,-0.00000019,0.00000296,0.00000462
4,445,0.044455,-0.00000283,0.00001765,0.00002458
4,446,0.045252,-0.00000050,0.00000649,0.00000883
4,444,0.045638,-0.00000022,0.00000352,0.00000493
4,447,0.045856,-0.00000029,0.00000368,0.00001120
4,443,0.046570,-0.00000342,0.00001582,0.00002693
4,441,0.046704,-0.00000026,0.00000404,0.00000682
4,442,0.047131,0.00000086,0.00000799,0.00001152
4,438,0.047502,0.00000021,0.00000664,0.00000984
4,437,0.048013,-0.00000026,0.00000160,0.00000244
4,439,0.048013,0.00000026,0.00000288,0.00000523
4,440,0.048046,-0.00000036,0.00000186,0.00000264
4,433,0.048099,0.00000314,0.00002131,0.00003021
4,436,0.048232,-0.00000026,0.00000490,0.00000666
4,435,0.048618,0.00000011,0.00000414,0.00000600
4,432,0.048833,0.00000036,0.00000398,0.00000572
4,434,0.049007,-0.00000041,0.00000438,0.00000734
4,431,0.050217,-0.00000083,0.00000841,0.00001817
4,428,0.050312,-0.00000013,0.00000256,0.00000376
4,430,0.050517,0.00000108,0.00000960,0.00001337
4,429,0.051067,-0.00000036,0.00000935,0.00001307
4,427,0.051240,0.00000093,0.00001102,0.00001476
4,426,0.051283,-0.00000003,0.00000345,0.00000511
4,424,0.051897,-0.00000010,0.00000281,0.00000451
4,423,0.051981,-0.00000003,0.00000340,0.00000485
4,425,0.052200,0.00000013,0.00000166,0.00000236
4,422,0.052743,-0.00000004,0.00000423,0.00000699
4,419,0.052991,-0.00000008,0.00000197,0.00000286
4,421,0.053414,0.00000008,0.00000240,0.00000359
4,420,0.053851,-0.00000003,0.00001231,0.00001728
4,417,0.054509,-0.00000008,0.00000188,0.00000257
4,418,0.054569,-0.00000023,0.00001775,0.00002316
4,414,0.056349,-0.00000022,0.00001380,0.00001873
4,412,0.056420,0.00000041,0.00000404,0.00000614
4,416,0.056709,0.00000477,0.00001395,0.00002310
4,413,0.056825,0.00000227,0.00001146,0.00002088
4,411,0.057365,0.00000021,0.00000233,0.00000326
4,415,0.057501,0.00000106,0.00001271,0.00001800
4,410,0.057525,-0.00000004,0.00000334,0.00000449
4,409,0.057941,-0.00000147,0.00001347,0.00002195
4,406,0.058752,0.00000006,0.00000207,0.00000304
4,407,0.059233,0.00000101,0.00000538,0.00000901
4,408,0.059450,0.00000010,0.00000264,0.00000404
4,405,0.059864,0.00000021,0.00000330,0.00000475
4,402,0.060072,-0.00000072,0.00000622,0.00000843
4,404,0.061034,-0.00000589,0.00003341,0.00004780
4,400,0.061164,0.00000158,0.00001120,0.00001536
4,401,0.061262,0.00000035,0.00000289,0.00000633
4,403,0.061372,0.00000269,0.00000916,0.00001694
4,397,0.061587,-0.00000039,0.00000321,0.00000584
4,395,0.062377,-0.00000019,0.00000254,0.00000351
4,398,0.062986,-0.00000010,0.00000264,0.00000363
4,399,0.063436,0.00000101,0.00001112,0.00001440
4,393,0.063629,0.00000015,0.00000370,0.00000506
4,394,0.063762,-0.00000008,0.00000227,0.00000339
4,396,0.064006,-0.00000056,0.00000363,0.00000508
4,392,0.064019,0.00000017,0.00000453,0.00000625
4,390,0.065540,0.00000010,0.00000359,0.00000511
4,391,0.065849,-0.00000025,0.00000259,0.00000393
4,386,0.065928,0.00000058,0.00001419,0.00002088
4,388,0.066021,0.00000156,0.00000845,0.00001160
4,387,0.066883,0.00000004,0.00000419,0.00000698
4,383,0.067200,-0.00000009,0.00000782,0.00001100
4,384,0.067875,-0.00000066,0.00000413,0.00000562
4,389,0.067977,-0.00000126,0.00000697,0.00000996
4,385,0.068037,0.00000006,0.00009416,0.00012223
4,382,0.069786,0.00000134,0.00001094,0.00001527
4,380,0.069978,-0.00000020,0.00000287,0.00000396
4,378,0.071148,-0.00000010,0.00000349,0.00000522
4,379,0.071250,-0.00000062,0.00000964,0.00001387
4,381,0.071952,-0.00000017,0.00000575,0.00000806
4,377,0.071980,-0.00000067,0.00000434,0.00000638
4,371,0.072735,-0.00000059,0.00000424,0.00000582
4,376,0.073217,0.00000074,0.00000539,0.00000822
4,373,0.073410,-0.00000108,0.00001068,0.00001544
4,374,0.073669,0.00000042,0.00000312,0.00000451
4,370,0.073699,0.00000001,0.00000264,0.00000368
4,375,0.073822,-0.00000171,0.00000532,0.00000967
4,372,0.074083,-0.00000080,0.00000469,0.00000694
4,369,0.074959,0.00000045,0.00000638,0.00000928
4,368,0.076509,-0.00000051,0.00000878,0.00001357
4,367,0.076698,0.00000060,0.00001029,0.00001460
4,365,0.076835,0.00000047,0.00000430,0.00000700
4,363,0.077858,0.00000045,0.00001140,0.00001671
4,362,0.078363,0.00000026,0.00000550,0.00000804
4,366,0.078898,-0.00000083,0.00000494,0.00000656
4,364,0.078992,0.00000028,0.00001132,0.00001590
4,360,0.079215,-0.00000062,0.00000292,0.00000417
4,361,0.079378,-0.00000002,0.00000168,0.00000252
4,359,0.079724,-0.00000028,0.00000213,0.00000328
4,358,0.081703,-0.00000011,0.00000263,0.00000419
4,357,0.082066,-0.00000063,0.00000518,0.00000806
4,356,0.082549,-0.00000018,0.00000314,0.00000468
4,355,0.082886,-0.00000140,0.00000452,0.00000656
4,353,0.083462,-0.00000048,0.00000263,0.00000365
4,354,0.083522,-0.00000032,0.00001093,0.00001471
4,352,0.084486,0.00000024,0.00000986,0.00001321
4,350,0.084545,-0.00000180,0.00000766,0.00001062
4,351,0.084720,0.00000031,0.00000380,0.00000536
4,349,0.085945,-0.00000023,0.00000322,0.00000459
4,348,0.086466,0.00000005,0.00000702,0.00001009
4,342,0.087180,-0.00000002,0.00000367,0.00000558
4,345,0.087454,0.00000012,0.00000680,0.00001319
4,347,0.087847,-0.00000164,0.00001052,0.00001440
4,346,0.087937,0.00000467,0.00002739,0.00004366
4,344,0.088376,-0.00000072,0.00000593,0.00000798
4,340,0.089730,-0.00000090,0.00000940,0.00001651
4,343,0.089769,-0.00000036,0.00000794,0.00001203
4,341,0.090186,0.00000009,0.00000200,0.00000316
4,338,0.091715,-0.00000011,0.00000470,0.00000671
4,339,0.093230,-0.00000078,0.00000653,0.00000917
4,337,0.094085,-0.00000040,0.00000733,0.00000973
4,332,0.094403,0.00000199,0.00000974,0.00001498
4,334,0.094519,-0.00000678,0.00005435,0.00009374
4,333,0.094549,-0.00000151,0.00001048,0.00001489
4,336,0.094646,0.00000300,0.00001812,0.00002523
4,331,0.095118,0.00000001,0.00001071,0.00001516
4,335,0.095680,0.00000294,0.00002466,0.00003961
4,330,0.096736,-0.00000006,0.00000333,0.00000505
4,328,0.097082,0.00000441,0.00002317,0.00003160
4,327,0.098785,-0.00000911,0.00006764,0.00010003
4,326,0.099223,-0.00000039,0.00000595,0.00000774
4,329,0.099382,0.00000303,0.00001200,0.00001887
4,323,0.100583,-0.00000011,0.00000465,0.00000796
4,325,0.101239,-0.00000051,0.00001122,0.00001513
4,321,0.101690,-0.00000104,0.00000551,0.00000744
4,324,0.101736,-0.00000033,0.00000369,0.00000554
4,322,0.101853,0.00000085,0.00001200,0.00001686
4,317,0.103168,-0.00000073,0.00000301,0.00000458
4,320,0.104383,-0.00000013,0.00001199,0.00001650
4,316,0.104525,-0.00000053,0.00001139,0.00001723
4,318,0.105568,0.00000005,0.00001163,0.00001672
4,319,0.106703,-0.00000043,0.00000827,0.00001123
4,312,0.108609,0.00000056,0.00000533,0.00000763
4,315,0.108742,-0.00000082,0.00000652,0.00000869
4,311,0.108804,-0.00000094,0.00000457,0.00000779
4,314,0.109845,0.00000069,0.00000482,0.00000807
4,313,0.109885,-0.00000012,0.00000286,0.00000448
4,309,0.110751,-0.00000200,0.00001636,0.00002174
4,310,0.111606,-0.00000171,0.00000870,0.00001305
4,307,0.111648,-0.00000021,0.00001116,0.00001684
4,306,0.114054,0.00000015,0.00000777,0.00001513
4,304,0.114206,-0.00000056,0.00000836,0.00001168
4,305,0.114504,-0.00000175,0.00004761,0.00006470
4,308,0.114737,-0.00000009,0.00000600,0.00000881
4,302,0.115394,0.00000035,0.00000426,0.00000612
4,300,0.116137,0.00000174,0.00002338,0.00004010
4,297,0.117275,-0.00000027,0.00000389,0.00000586
4,301,0.119596,0.00000198,0.00038529,0.00049915
4,298,0.120175,-0.00000035,0.00000507,0.00000748
4,303,0.120285,-0.00000166,0.00002142,0.00002871
4,295,0.120433,-0.00000015,0.00000565,0.00000894
4,299,0.121737,-0.00003142,0.00021433,0.00031904
4,293,0.122076,0.00000052,0.00000759,0.00001158
4,296,0.123117,-0.00000122,0.00002186,0.00003025
4,294,0.123520,0.00000113,0.00000550,0.00000893
4,292,0.124488,-0.00000160,0.00001456,0.00002125
4,290,0.125985,0.00000150,0.00000875,0.00001278
4,291,0.127310,0.00000182,0.00000621,0.00000895
4,288,0.127631,-0.00000975,0.00003468,0.00005467
4,289,0.128321,-0.00000268,0.00001556,0.00002468
4,287,0.128688,0.00000019,0.00000652,0.00000910
4,281,0.129703,-0.00000198,0.00002137,0.00002975
4,286,0.130988,-0.00000350,0.00004162,0.00005770
4,279,0.131096,0.00000141,0.00000802,0.00001158
4,283,0.131188,0.00000098,0.00001176,0.00001810
4,284,0.131241,-0.00000080,0.00000476,0.00000671
4,285,0.131443,-0.00000136,0.00000851,0.00001255
4,278,0.133932,0.00000415,0.00003027,0.00004459
4,280,0.134663,-0.00000017,0.00001354,0.00001841
4,282,0.135871,-0.00000149,0.00000786,0.00001090
4,275,0.137303,0.00000188,0.00000740,0.00001118
4,274,0.137368,0.00000826,0.00010866,0.00014436
4,276,0.138102,0.00000121,0.00000525,0.00000766
4,277,0.140167,0.00000258,0.00003348,0.00004770
4,273,0.140539,-0.00000547,0.00005106,0.00007007
4,272,0.141192,-0.00000069,0.00000358,0.00000622
4,271,0.143728,-0.00000171,0.00001298,0.00001717
4,270,0.144175,-0.00000231,0.00001718,0.00002366
4,269,0.144570,-0.00000124,0.00001211,0.00001774
4,266,0.144700,0.00000053,0.00000567,0.00000901
4,267,0.144804,0.00000011,0.00000405,0.00000601
4,268,0.145343,-0.00000118,0.00004005,0.00005576
4,261,0.146370,0.00000007,0.00000627,0.00000911
4,265,0.147667,-0.00000081,0.00000911,0.00001281
4,263,0.148307,-0.00000002,0.00000583,0.00000846
4,264,0.149629,0.00000021,0.00000632,0.00000964
4,262,0.151466,-0.00001313,0.00005639,0.00008375
4,260,0.154789,-0.00000005,0.00000914,0.00001314
4,257,0.155014,0.00000008,0.00000303,0.00000434
4,258,0.155642,-0.00000018,0.00001686,0.00002363
4,259,0.156349,-0.00000113,0.00001329,0.00001914
4,255,0.156560,0.00000004,0.00001261,0.00001713
4,256,0.157663,0.00000036,0.00000862,0.00001278
4,254,0.160067,-0.00000075,0.00001179,0.00001608
4,252,0.160550,-0.00000144,0.00001898,0.00002496
4,253,0.160580,0.00000170,0.00002314,0.00003024
4,250,0.162656,0.00000082,0.00000360,0.00000506
4,247,0.164465,-0.00000002,0.00000598,0.00000871
4,251,0.165082,-0.00000073,0.00000619,0.00000908
4,245,0.166294,0.00000097,0.00006641,0.00009663
4,246,0.166993,-0.00000632,0.00002236,0.00002954
4,248,0.167440,0.00000015,0.00001627,0.00002220
4,249,0.167653,-0.00000160,0.00001069,0.00001414
4,242,0.170451,0.00000703,0.00009915,0.00013473
4,241,0.170876,0.00000014,0.00000821,0.00001149
4,244,0.170942,0.00000063,0.00001258,0.00001784
4,240,0.171583,-0.00000140,0.00001472,0.00002417
4,243,0.171803,0.00000090,0.00000909,0.00001317
4,237,0.175814,0.00000046,0.00000695,0.00001081
4,238,0.176802,0.00000114,0.00002251,0.00003104
4,239,0.178324,0.00000189,0.00001295,0.00001964
4,235,0.178788,0.00000199,0.00001202,0.00002560
4,236,0.179937,-0.00000029,0.00000585,0.00001010
4,234,0.180539,0.00000019,0.00001246,0.00002163
4,233,0.182143,0.00000195,0.00002336,0.00003617
4,232,0.182933,0.00000018,0.00000484,0.00000730
4,231,0.183541,0.00000105,0.00001395,0.00001856
4,228,0.187137,-0.00000076,0.00001032,0.00001511
4,230,0.187162,0.00000263,0.00002948,0.00004033
4,229,0.189593,-0.00000392,0.00002233,0.00003399
4,227,0.189804,0.00000706,0.00003516,0.00005722
4,226,0.189898,0.00000652,0.00002012,0.00003127
4,225,0.190082,-0.00000614,0.00005128,0.00007151
4,224,0.191056,-0.00000118,0.00000609,0.00000938
4,223,0.195952,-0.00000016,0.00001234,0.00001676
4,221,0.196709,-0.00000130,0.00001132,0.00001590
4,219,0.198117,-0.00000119,0.00000704,0.00000965
4,220,0.199943,0.00000108,0.00000753,0.00001195
4,222,0.200045,0.00002524,0.00037507,0.00054462
4,214,0.200324,-0.00000022,0.00001471,0.00002278
4,218,0.201148,-0.00000000,0.00000688,0.00000933
4,216,0.201908,0.00000058,0.00002275,0.00003094
4,215,0.204533,-0.00001687,0.00004643,0.00008764
4,212,0.206430,-0.00000146,0.00002525,0.00003475
4,217,0.206984,0.00000854,0.00011434,0.00016504
4,209,0.209436,-0.00000300,0.00002082,0.00003089
4,213,0.211490,-0.00003064,0.00045483,0.00066814
4,211,0.211574,-0.00000446,0.00005265,0.00007498
4,210,0.212330,0.00000109,0.00001292,0.00001880
4,208,0.212510,-0.00000154,0.00001361,0.00001804
4,205,0.215216,-0.00000019,0.00001146,0.00001729
4,206,0.216020,-0.00000581,0.00003022,0.00004677
4,207,0.218035,-0.00000125,0.00003598,0.00005036
4,204,0.218316,0.00000447,0.00001761,0.00002525
4,203,0.220841,-0.00000204,0.00001631,0.00002257
4,201,0.221607,0.00000629,0.00003772,0.00005007
4,202,0.223730,0.00000449,0.00006943,0.00014188
4,199,0.225492,0.00000178,0.00001436,0.00002198
4,200,0.225915,0.00000282,0.00003974,0.00005362
4,198,0.227834,0.00000248,0.00007006,0.00011457
4,197,0.228412,0.00000044,0.00002262,0.00003440
4,196,0.231280,0.00000233,0.00004195,0.00006307
4,193,0.231419,-0.00000072,0.00001516,0.00002200
4,194,0.232275,0.00000357,0.00001427,0.00002485
4,195,0.232502,-0.00000284,0.00001354,0.00001907
4,191,0.239137,0.00000008,0.00000754,0.00001055
4,190,0.240320,0.00000035,0.00000676,0.00000947
4,189,0.240759,0.00000155,0.00002453,0.00003746
4,192,0.242435,-0.00000134,0.00001178,0.00002300
4,188,0.243961,-0.00002035,0.00011065,0.00029844
4,186,0.245609,0.00000115,0.00001482,0.00001989
4,185,0.247630,-0.00000152,0.00001504,0.00002020
4,184,0.248240,-0.00000507,0.00002647,0.00003630
4,187,0.249707,0.00003864,0.00022566,0.00029993
4,183,0.249974,-0.00000044,0.00000835,0.00001150
4,182,0.250253,0.00000019,0.00002000,0.00003935
4,180,0.251560,0.00000011,0.00000468,0.00000669
4,181,0.253525,-0.00000063,0.00001908,0.00002742
4,179,0.257119,-0.00000103,0.00001600,0.00002174
4,178,0.257357,0.00000054,0.00000662,0.00000966
4,177,0.258922,-0.00000212,0.00001149,0.00001647
4,175,0.260748,-0.00000055,0.00000763,0.00001305
4,176,0.263414,-0.00000801,0.00005634,0.00007875
4,174,0.264515,0.00000049,0.00000952,0.00001399
4,173,0.267827,0.00000101,0.00001174,0.00002043
4,172,0.270098,0.00000238,0.00001174,0.00001799
4,170,0.270550,-0.00000495,0.00003749,0.00005346
4,169,0.271680,-0.00000301,0.00004947,0.00006536
4,168,0.272137,0.00001902,0.00008278,0.00011026
4,171,0.272609,-0.00000524,0.00002950,0.00004182
4,165,0.277835,0.00000218,0.00002422,0.00003435
4,167,0.278510,-0.00000006,0.00000984,0.00001534
4,166,0.281377,0.00000787,0.00005044,0.00007193
4,164,0.282917,-0.00000629,0.00004011,0.00005415
4,163,0.283515,-0.00000019,0.00001321,0.00001752
4,160,0.285493,0.00000160,0.00001779,0.00002620
4,162,0.285870,-0.00000094,0.00001009,0.00001558
4,161,0.286416,-0.00000069,0.00001453,0.00002041
4,158,0.291999,-0.00000234,0.00001294,0.00001876
4,159,0.294591,0.00000170,0.00001641,0.00002158
4,157,0.295794,-0.00000005,0.00002854,0.00003948
4,155,0.297308,0.00000077,0.00001357,0.00001990
4,156,0.299229,0.00000085,0.00001060,0.00001445
4,153,0.303112,-0.00000449,0.00003435,0.00004809
4,154,0.303991,-0.00000339,0.00002155,0.00003492
4,148,0.306173,0.00001053,0.00008215,0.00011790
4,152,0.306794,-0.00000637,0.00005013,0.00006724
4,150,0.307441,-0.00000115,0.00000846,0.00001239
4,151,0.310601,0.00002191,0.00016589,0.00021834
4,149,0.312581,0.00000323,0.00002085,0.00003133
4,146,0.315033,0.00000199,0.00001235,0.00001700
4,147,0.315434,-0.00000341,0.00001901,0.00002688
4,144,0.319674,0.00000038,0.00001050,0.00001436
4,145,0.321677,-0.00000281,0.00005020,0.00007527
4,143,0.323956,-0.00001024,0.00005782,0.00008218
4,142,0.326501,0.00000021,0.00003172,0.00004470
4,141,0.329768,0.00001141,0.00043830,0.00062434
4,140,0.331647,0.00000219,0.00001661,0.00002435
4,138,0.332872,0.00000364,0.00001762,0.00002399
4,139,0.332935,-0.00000719,0.00008979,0.00013309
4,134,0.339207,0.00000096,0.00001853,0.00002572
4,137,0.339620,0.00000432,0.00009355,0.00012985
4,136,0.341707,0.00000220,0.00004409,0.00006973
4,133,0.343384,0.00000115,0.00000920,0.00001282
4,132,0.346965,-0.00000072,0.00002244,0.00002956
4,135,0.347764,-0.00001680,0.00016439,0.00021550
4,131,0.351231,-0.00000323,0.00002547,0.00003729
4,130,0.351799,-0.00000097,0.00002294,0.00003287
4,129,0.352747,0.00000025,0.00001055,0.00001476
4,128,0.356372,-0.00000120,0.00002939,0.00004133
4,126,0.358054,0.00000304,0.00002880,0.00003936
4,127,0.359105,-0.00000303,0.00002363,0.00003681
4,125,0.361204,0.00000265,0.00002913,0.00003880
4,122,0.366082,-0.00000043,0.00002595,0.00003868
4,124,0.368468,0.00000997,0.00004807,0.00006954
4,123,0.369817,0.00000133,0.00002862,0.00004788
4,121,0.373468,0.00002664,0.00016673,0.00023818
4,120,0.374257,-0.00000094,0.00001046,0.00001502
4,119,0.374385,0.00000291,0.00002343,0.00003146
4,117,0.379708,0.00000002,0.00000723,0.00001032
4,118,0.380362,-0.00000056,0.00002276,0.00003557
4,116,0.386692,0.00000033,0.00002668,0.00004440
4,113,0.388173,0.00003331,0.00017841,0.00024848
4,115,0.389666,-0.00001441,0.00059666,0.00089359
4,114,0.389774,0.00000081,0.00003254,0.00004986
4,112,0.393474,0.00000137,0.00001164,0.00001651
4,110,0.394500,-0.00000147,0.00001674,0.00002401
4,109,0.400859,-0.00000822,0.00007374,0.00009661
4,111,0.401239,0.00000465,0.00004183,0.00008805
4,108,0.403954,-0.00000464,0.00003633,0.00005500
4,106,0.405678,0.00000163,0.00002086,0.00003565
4,107,0.406564,-0.00000053,0.00001139,0.00001658
4,105,0.409576,0.00000034,0.00003042,0.00004286
4,104,0.414863,0.00000110,0.00001288,0.00001710
4,103,0.417270,0.00000123,0.00001405,0.00002132
4,102,0.421655,-0.00000327,0.00004873,0.00006743
4,101,0.423009,-0.00000993,0.00004721,0.00006383
4,100,0.426669,0.00001611,0.00007167,0.00010272
4,99,0.431478,-0.00000190,0.00002906,0.00004220
4,98,0.431543,-0.00000569,0.00003089,0.00004117
4,97,0.434401,0.00000195,0.00003761,0.00005695
4,96,0.437334,-0.00000274,0.00002426,0.00003600
4,95,0.439379,0.00000110,0.00001749,0.00002509
4,92,0.446318,0.00000133,0.00003700,0.00005212
4,94,0.446346,-0.00000616,0.00003162,0.00006080
4,91,0.451773,-0.00000340,0.00005212,0.00007315
4,93,0.454157,0.00000185,0.00003212,0.00004508
4,90,0.456232,0.00000110,0.00001319,0.00002833
4,89,0.457870,-0.00000777,0.00003714,0.00005121
4,87,0.460181,0.00000014,0.00001387,0.00002087
4,88,0.466533,-0.00000431,0.00005667,0.00007900
4,86,0.470798,-0.00000488,0.00003367,0.00004560
4,84,0.473896,-0.00000305,0.00001455,0.00002178
4,85,0.474823,0.00000764,0.00006897,0.00009326
4,82,0.475524,-0.00000178,0.00002671,0.00003641
4,83,0.480019,0.00001041,0.00003201,0.00004433
4,81,0.483489,-0.00001442,0.00005691,0.00008319
4,79,0.488230,-0.00003551,0.00019381,0.00033898
4,80,0.490876,0.00001504,0.00009384,0.00012815
4,78,0.495371,0.00000459,0.00002495,0.00003361
4,77,0.499352,0.00000767,0.00005072,0.00006979
4,76,0.504173,-0.00000005,0.00005914,0.00009401
4,75,0.504607,0.00000185,0.00002002,0.00003188
4,74,0.508018,-0.00000662,0.00009742,0.00012881
4,73,0.515017,0.00000006,0.00003973,0.00007189
4,72,0.515968,0.00000150,0.00008877,0.00012177
4,71,0.520212,-0.00000265,0.00003042,0.00004384
4,70,0.520390,0.00000504,0.00003955,0.00005570
4,69,0.526467,-0.00000345,0.00004008,0.00005568
4,68,0.531827,0.00001290,0.00021111,0.00028139
4,67,0.531927,0.00000769,0.00001652,0.00004240
4,66,0.537194,0.00000219,0.00002195,0.00003056
4,65,0.539470,0.00000115,0.00002321,0.00003251
4,64,0.543877,0.00001022,0.00005989,0.00008490
4,62,0.551229,-0.00000205,0.00002357,0.00003521
4,61,0.553552,-0.00000065,0.00003624,0.00005185
4,63,0.556967,0.00004210,0.00025969,0.00035400
4,60,0.558898,-0.00000030,0.00003665,0.00005013
4,59,0.567382,0.00001285,0.00009607,0.00013678
4,58,0.570793,-0.00000499,0.00003929,0.00005524
4,57,0.571665,-0.00000213,0.00006994,0.00009818
4,56,0.577586,-0.00000850,0.00005836,0.00009051
4,55,0.584553,-0.00001725,0.00020713,0.00027762
4,54,0.584589,-0.00000071,0.00002385,0.00003612
4,53,0.588248,-0.00000471,0.00003648,0.00005457
4,52,0.594986,0.00000084,0.00007816,0.00010202
4,51,0.597871,-0.00000112,0.00005519,0.00008211
4,50,0.605588,0.00000144,0.00002891,0.00003974
4,49,0.609059,-0.00000193,0.00004619,0.00006190
4,48,0.615043,-0.00002019,0.00009589,0.00015537
4,47,0.619474,-0.00000727,0.00002033,0.00003286
4,46,0.619996,0.00000123,0.00004891,0.00006737
4,45,0.626634,0.00000522,0.00002468,0.00004670
4,44,0.630729,-0.00000107,0.00003343,0.00004643
4,43,0.636218,0.00000859,0.00006453,0.00009338
4,42,0.643606,0.00014971,0.00107248,0.00145204
4,40,0.649821,-0.00000337,0.00003452,0.00005106
4,41,0.654774,0.00000071,0.00061811,0.00086707
4,39,0.657651,0.00000728,0.00008662,0.00012675
4,38,0.660543,0.00000055,0.00002300,0.00003402
4,37,0.662777,0.00000295,0.00001501,0.00002328
4,36,0.673169,0.00033309,0.00568815,0.00767915
4,35,0.680765,-0.00000622,0.00006026,0.00008306
4,33,0.687315,-0.00000343,0.00012569,0.00017989
4,34,0.688713,0.00007758,0.00128593,0.00178872
4,32,0.696423,0.00000002,0.00004818,0.00006386
4,31,0.701989,0.00001409,0.00017024,0.00022035
4,30,0.707416,-0.00000328,0.00008148,0.00011536
4,29,0.710423,-0.00000691,0.00004785,0.00007012
4,28,0.718014,0.00000571,0.00005267,0.00007717
4,27,0.722963,-0.00000316,0.00004293,0.00005959
4,26,0.731420,0.00001333,0.00010563,0.00023862
4,25,0.740931,-0.00005912,0.00047338,0.00061857
4,24,0.741166,0.00000446,0.00005689,0.00008443
4,22,0.757335,-0.00000755,0.00008880,0.00021018
4,23,0.757737,0.00015831,0.00094187,0.00123733
4,21,0.764302,0.00001034,0.00011201,0.00015637
4,20,0.773924,0.00000543,0.00015461,0.00021522
4,19,0.788790,-0.00022115,0.00058916,0.00087535
4,18,0.789378,-0.00000650,0.00014201,0.00019554
4,16,0.801402,-0.00000064,0.00003950,0.00005936
4,17,0.805523,-0.00010221,0.00282069,0.00406568
4,15,0.812127,0.00000892,0.00009033,0.00013053
4,14,0.817839,0.00000038,0.00003889,0.00006077
4,13,0.828867,0.00002471,0.00020190,0.00028414
4,12,0.837278,0.00000081,0.00007811,0.00010982
4,11,0.845493,-0.00000211,0.00005099,0.00010418
4,10,0.856819,-0.00000256,0.00005710,0.00008272
4,9,0.865759,-0.00000603,0.00009724,0.00013283
4,8,0.875093,0.00006865,0.00024810,0.00034753
4,7,0.886448,0.00001022,0.00011624,0.00023294
4,6,0.898509,0.00000726,0.00006527,0.00009478
4,5,0.912196,0.00000598,0.00004931,0.00006785
4,4,0.924093,-0.00003998,0.00027425,0.00049414
4,3,0.939246,-0.00006191,0.00025527,0.00060382
4,2,0.953299,0.00001729,0.00014154,0.00022607
4,1,0.971891,-0.00004311,0.00126301,0.00255238
4,0,0.999029,-0.00001156,0.00003857,0.00007379
