eva: dataset 512001 bytes, 1000 windows, 13413381 params
eva: 900 windows to train on, 100 to validate
eva: alpha/gradient TRACE ACTIVE (EVA_ALPHA_TRACE)
eva: wread TRACE ACTIVE (EVA_WREAD_TRACE)
[eva] matmul on GPU: NVIDIA GeForce GTX 1650
  [trace step 1] block 0: fast=179 medium=199 slow=134 | mean_alpha=0.2155 | mean_|grad|=0.000053 (n=1)
  [trace step 1] block 1: fast=179 medium=199 slow=134 | mean_alpha=0.2155 | mean_|grad|=0.000037 (n=1)
  [trace step 1] block 2: fast=179 medium=199 slow=134 | mean_alpha=0.2155 | mean_|grad|=0.000028 (n=1)
  [trace step 1] block 3: fast=179 medium=199 slow=134 | mean_alpha=0.2155 | mean_|grad|=0.000022 (n=1)
  [trace step 1] block 4: fast=179 medium=199 slow=134 | mean_alpha=0.2155 | mean_|grad|=0.000020 (n=1)
  [trace step 2] block 0: fast=179 medium=199 slow=134 | mean_alpha=0.2155 | mean_|grad|=0.000051 (n=1)
  [trace step 2] block 1: fast=179 medium=199 slow=134 | mean_alpha=0.2155 | mean_|grad|=0.000031 (n=1)
  [trace step 2] block 2: fast=179 medium=199 slow=134 | mean_alpha=0.2155 | mean_|grad|=0.000028 (n=1)
  [trace step 2] block 3: fast=179 medium=199 slow=134 | mean_alpha=0.2155 | mean_|grad|=0.000022 (n=1)
  [trace step 2] block 4: fast=179 medium=199 slow=134 | mean_alpha=0.2155 | mean_|grad|=0.000024 (n=1)
  [trace step 3] block 0: fast=179 medium=199 slow=134 | mean_alpha=0.2155 | mean_|grad|=0.000060 (n=1)
  [trace step 3] block 1: fast=179 medium=199 slow=134 | mean_alpha=0.2155 | mean_|grad|=0.000034 (n=1)
  [trace step 3] block 2: fast=179 medium=199 slow=134 | mean_alpha=0.2155 | mean_|grad|=0.000028 (n=1)
  [trace step 3] block 3: fast=179 medium=199 slow=134 | mean_alpha=0.2155 | mean_|grad|=0.000021 (n=1)
  [trace step 3] block 4: fast=179 medium=199 slow=134 | mean_alpha=0.2155 | mean_|grad|=0.000021 (n=1)
  [trace step 4] block 0: fast=179 medium=199 slow=134 | mean_alpha=0.2155 | mean_|grad|=0.000050 (n=1)
  [trace step 4] block 1: fast=179 medium=199 slow=134 | mean_alpha=0.2155 | mean_|grad|=0.000032 (n=1)
  [trace step 4] block 2: fast=179 medium=199 slow=134 | mean_alpha=0.2155 | mean_|grad|=0.000027 (n=1)
  [trace step 4] block 3: fast=179 medium=199 slow=134 | mean_alpha=0.2155 | mean_|grad|=0.000022 (n=1)
  [trace step 4] block 4: fast=179 medium=199 slow=134 | mean_alpha=0.2155 | mean_|grad|=0.000021 (n=1)
  [trace step 5] block 0: fast=179 medium=199 slow=134 | mean_alpha=0.2155 | mean_|grad|=0.000047 (n=1)
  [trace step 5] block 1: fast=179 medium=199 slow=134 | mean_alpha=0.2155 | mean_|grad|=0.000035 (n=1)
  [trace step 5] block 2: fast=179 medium=199 slow=134 | mean_alpha=0.2155 | mean_|grad|=0.000029 (n=1)
  [trace step 5] block 3: fast=179 medium=199 slow=134 | mean_alpha=0.2155 | mean_|grad|=0.000023 (n=1)
  [trace step 5] block 4: fast=179 medium=199 slow=134 | mean_alpha=0.2155 | mean_|grad|=0.000022 (n=1)
  [trace step 6] block 0: fast=179 medium=199 slow=134 | mean_alpha=0.2155 | mean_|grad|=0.000049 (n=1)
  [trace step 6] block 1: fast=179 medium=199 slow=134 | mean_alpha=0.2155 | mean_|grad|=0.000034 (n=1)
  [trace step 6] block 2: fast=179 medium=199 slow=134 | mean_alpha=0.2155 | mean_|grad|=0.000026 (n=1)
  [trace step 6] block 3: fast=179 medium=199 slow=134 | mean_alpha=0.2155 | mean_|grad|=0.000024 (n=1)
  [trace step 6] block 4: fast=179 medium=199 slow=134 | mean_alpha=0.2155 | mean_|grad|=0.000021 (n=1)
  [trace step 7] block 0: fast=179 medium=199 slow=134 | mean_alpha=0.2155 | mean_|grad|=0.000051 (n=1)
  [trace step 7] block 1: fast=179 medium=199 slow=134 | mean_alpha=0.2155 | mean_|grad|=0.000033 (n=1)
  [trace step 7] block 2: fast=179 medium=199 slow=134 | mean_alpha=0.2155 | mean_|grad|=0.000027 (n=1)
  [trace step 7] block 3: fast=179 medium=199 slow=134 | mean_alpha=0.2155 | mean_|grad|=0.000021 (n=1)
  [trace step 7] block 4: fast=179 medium=199 slow=134 | mean_alpha=0.2155 | mean_|grad|=0.000022 (n=1)
  [trace step 8] block 0: fast=179 medium=199 slow=134 | mean_alpha=0.2155 | mean_|grad|=0.000055 (n=1)
  [trace step 8] block 1: fast=179 medium=199 slow=134 | mean_alpha=0.2155 | mean_|grad|=0.000029 (n=1)
  [trace step 8] block 2: fast=179 medium=199 slow=134 | mean_alpha=0.2155 | mean_|grad|=0.000026 (n=1)
  [trace step 8] block 3: fast=179 medium=199 slow=134 | mean_alpha=0.2155 | mean_|grad|=0.000027 (n=1)
  [trace step 8] block 4: fast=179 medium=199 slow=134 | mean_alpha=0.2155 | mean_|grad|=0.000020 (n=1)
  [trace step 9] block 0: fast=179 medium=199 slow=134 | mean_alpha=0.2155 | mean_|grad|=0.000048 (n=1)
  [trace step 9] block 1: fast=179 medium=199 slow=134 | mean_alpha=0.2155 | mean_|grad|=0.000031 (n=1)
  [trace step 9] block 2: fast=179 medium=199 slow=134 | mean_alpha=0.2155 | mean_|grad|=0.000028 (n=1)
  [trace step 9] block 3: fast=179 medium=199 slow=134 | mean_alpha=0.2155 | mean_|grad|=0.000021 (n=1)
  [trace step 9] block 4: fast=179 medium=199 slow=134 | mean_alpha=0.2155 | mean_|grad|=0.000023 (n=1)
  [trace step 10] block 0: fast=179 medium=199 slow=134 | mean_alpha=0.2155 | mean_|grad|=0.000056 (n=1)
  [trace step 10] block 1: fast=179 medium=199 slow=134 | mean_alpha=0.2155 | mean_|grad|=0.000034 (n=1)
  [trace step 10] block 2: fast=179 medium=199 slow=134 | mean_alpha=0.2155 | mean_|grad|=0.000026 (n=1)
  [trace step 10] block 3: fast=179 medium=199 slow=134 | mean_alpha=0.2155 | mean_|grad|=0.000025 (n=1)
  [trace step 10] block 4: fast=179 medium=199 slow=134 | mean_alpha=0.2155 | mean_|grad|=0.000023 (n=1)
  [trace step 11] block 0: fast=179 medium=199 slow=134 | mean_alpha=0.2155 | mean_|grad|=0.000050 (n=1)
  [trace step 11] block 1: fast=179 medium=199 slow=134 | mean_alpha=0.2155 | mean_|grad|=0.000038 (n=1)
  [trace step 11] block 2: fast=179 medium=199 slow=134 | mean_alpha=0.2155 | mean_|grad|=0.000028 (n=1)
  [trace step 11] block 3: fast=179 medium=199 slow=134 | mean_alpha=0.2155 | mean_|grad|=0.000023 (n=1)
  [trace step 11] block 4: fast=179 medium=199 slow=134 | mean_alpha=0.2155 | mean_|grad|=0.000021 (n=1)
  [trace step 12] block 0: fast=179 medium=199 slow=134 | mean_alpha=0.2155 | mean_|grad|=0.000058 (n=1)
  [trace step 12] block 1: fast=179 medium=199 slow=134 | mean_alpha=0.2155 | mean_|grad|=0.000034 (n=1)
  [trace step 12] block 2: fast=179 medium=199 slow=134 | mean_alpha=0.2155 | mean_|grad|=0.000027 (n=1)
  [trace step 12] block 3: fast=179 medium=199 slow=134 | mean_alpha=0.2155 | mean_|grad|=0.000023 (n=1)
  [trace step 12] block 4: fast=179 medium=199 slow=134 | mean_alpha=0.2155 | mean_|grad|=0.000019 (n=1)
  [trace step 13] block 0: fast=179 medium=199 slow=134 | mean_alpha=0.2155 | mean_|grad|=0.000049 (n=1)
  [trace step 13] block 1: fast=179 medium=199 slow=134 | mean_alpha=0.2155 | mean_|grad|=0.000038 (n=1)
  [trace step 13] block 2: fast=179 medium=199 slow=134 | mean_alpha=0.2155 | mean_|grad|=0.000031 (n=1)
  [trace step 13] block 3: fast=179 medium=199 slow=134 | mean_alpha=0.2155 | mean_|grad|=0.000023 (n=1)
  [trace step 13] block 4: fast=179 medium=199 slow=134 | mean_alpha=0.2155 | mean_|grad|=0.000022 (n=1)
  [trace step 14] block 0: fast=179 medium=199 slow=134 | mean_alpha=0.2155 | mean_|grad|=0.000050 (n=1)
  [trace step 14] block 1: fast=179 medium=199 slow=134 | mean_alpha=0.2155 | mean_|grad|=0.000035 (n=1)
  [trace step 14] block 2: fast=179 medium=199 slow=134 | mean_alpha=0.2155 | mean_|grad|=0.000028 (n=1)
  [trace step 14] block 3: fast=179 medium=199 slow=134 | mean_alpha=0.2155 | mean_|grad|=0.000022 (n=1)
  [trace step 14] block 4: fast=179 medium=199 slow=134 | mean_alpha=0.2155 | mean_|grad|=0.000020 (n=1)
  [trace step 15] block 0: fast=179 medium=199 slow=134 | mean_alpha=0.2155 | mean_|grad|=0.000050 (n=1)
  [trace step 15] block 1: fast=179 medium=199 slow=134 | mean_alpha=0.2155 | mean_|grad|=0.000038 (n=1)
  [trace step 15] block 2: fast=179 medium=199 slow=134 | mean_alpha=0.2155 | mean_|grad|=0.000027 (n=1)
  [trace step 15] block 3: fast=179 medium=199 slow=134 | mean_alpha=0.2155 | mean_|grad|=0.000023 (n=1)
  [trace step 15] block 4: fast=179 medium=199 slow=134 | mean_alpha=0.2155 | mean_|grad|=0.000020 (n=1)
  [trace step 16] block 0: fast=179 medium=199 slow=134 | mean_alpha=0.2155 | mean_|grad|=0.000053 (n=1)
  [trace step 16] block 1: fast=179 medium=199 slow=134 | mean_alpha=0.2155 | mean_|grad|=0.000032 (n=1)
  [trace step 16] block 2: fast=179 medium=199 slow=134 | mean_alpha=0.2155 | mean_|grad|=0.000028 (n=1)
  [trace step 16] block 3: fast=179 medium=199 slow=134 | mean_alpha=0.2155 | mean_|grad|=0.000023 (n=1)
  [trace step 16] block 4: fast=179 medium=199 slow=134 | mean_alpha=0.2155 | mean_|grad|=0.000021 (n=1)
  [trace step 17] block 0: fast=179 medium=199 slow=134 | mean_alpha=0.2155 | mean_|grad|=0.000060 (n=1)
  [trace step 17] block 1: fast=179 medium=199 slow=134 | mean_alpha=0.2155 | mean_|grad|=0.000035 (n=1)
  [trace step 17] block 2: fast=179 medium=199 slow=134 | mean_alpha=0.2155 | mean_|grad|=0.000028 (n=1)
  [trace step 17] block 3: fast=179 medium=199 slow=134 | mean_alpha=0.2155 | mean_|grad|=0.000026 (n=1)
  [trace step 17] block 4: fast=179 medium=199 slow=134 | mean_alpha=0.2155 | mean_|grad|=0.000020 (n=1)
  [trace step 18] block 0: fast=179 medium=199 slow=134 | mean_alpha=0.2155 | mean_|grad|=0.000054 (n=1)
  [trace step 18] block 1: fast=179 medium=199 slow=134 | mean_alpha=0.2155 | mean_|grad|=0.000035 (n=1)
  [trace step 18] block 2: fast=179 medium=199 slow=134 | mean_alpha=0.2155 | mean_|grad|=0.000024 (n=1)
  [trace step 18] block 3: fast=179 medium=199 slow=134 | mean_alpha=0.2155 | mean_|grad|=0.000024 (n=1)
  [trace step 18] block 4: fast=179 medium=199 slow=134 | mean_alpha=0.2155 | mean_|grad|=0.000019 (n=1)
  [trace step 19] block 0: fast=179 medium=199 slow=134 | mean_alpha=0.2155 | mean_|grad|=0.000057 (n=1)
  [trace step 19] block 1: fast=179 medium=199 slow=134 | mean_alpha=0.2155 | mean_|grad|=0.000035 (n=1)
  [trace step 19] block 2: fast=179 medium=199 slow=134 | mean_alpha=0.2155 | mean_|grad|=0.000029 (n=1)
  [trace step 19] block 3: fast=179 medium=199 slow=134 | mean_alpha=0.2155 | mean_|grad|=0.000024 (n=1)
  [trace step 19] block 4: fast=179 medium=199 slow=134 | mean_alpha=0.2155 | mean_|grad|=0.000022 (n=1)
  [trace step 20] block 0: fast=179 medium=199 slow=134 | mean_alpha=0.2155 | mean_|grad|=0.000052 (n=1)
  [trace step 20] block 1: fast=179 medium=199 slow=134 | mean_alpha=0.2155 | mean_|grad|=0.000029 (n=1)
  [trace step 20] block 2: fast=179 medium=199 slow=134 | mean_alpha=0.2155 | mean_|grad|=0.000026 (n=1)
  [trace step 20] block 3: fast=179 medium=199 slow=134 | mean_alpha=0.2155 | mean_|grad|=0.000021 (n=1)
  [trace step 20] block 4: fast=179 medium=199 slow=134 | mean_alpha=0.2155 | mean_|grad|=0.000022 (n=1)
  [trace step 21] block 0: fast=179 medium=199 slow=134 | mean_alpha=0.2155 | mean_|grad|=0.000058 (n=1)
  [trace step 21] block 1: fast=179 medium=199 slow=134 | mean_alpha=0.2155 | mean_|grad|=0.000036 (n=1)
  [trace step 21] block 2: fast=179 medium=199 slow=134 | mean_alpha=0.2155 | mean_|grad|=0.000031 (n=1)
  [trace step 21] block 3: fast=179 medium=199 slow=134 | mean_alpha=0.2155 | mean_|grad|=0.000024 (n=1)
  [trace step 21] block 4: fast=179 medium=199 slow=134 | mean_alpha=0.2155 | mean_|grad|=0.000020 (n=1)
  [trace step 22] block 0: fast=179 medium=199 slow=134 | mean_alpha=0.2155 | mean_|grad|=0.000059 (n=1)
  [trace step 22] block 1: fast=179 medium=199 slow=134 | mean_alpha=0.2155 | mean_|grad|=0.000034 (n=1)
  [trace step 22] block 2: fast=179 medium=199 slow=134 | mean_alpha=0.2155 | mean_|grad|=0.000030 (n=1)
  [trace step 22] block 3: fast=179 medium=199 slow=134 | mean_alpha=0.2155 | mean_|grad|=0.000023 (n=1)
  [trace step 22] block 4: fast=179 medium=199 slow=134 | mean_alpha=0.2155 | mean_|grad|=0.000020 (n=1)
  [trace step 23] block 0: fast=179 medium=199 slow=134 | mean_alpha=0.2156 | mean_|grad|=0.000057 (n=1)
  [trace step 23] block 1: fast=179 medium=199 slow=134 | mean_alpha=0.2155 | mean_|grad|=0.000036 (n=1)
  [trace step 23] block 2: fast=179 medium=199 slow=134 | mean_alpha=0.2155 | mean_|grad|=0.000031 (n=1)
  [trace step 23] block 3: fast=179 medium=199 slow=134 | mean_alpha=0.2155 | mean_|grad|=0.000022 (n=1)
  [trace step 23] block 4: fast=179 medium=199 slow=134 | mean_alpha=0.2155 | mean_|grad|=0.000021 (n=1)
  [trace step 24] block 0: fast=179 medium=199 slow=134 | mean_alpha=0.2156 | mean_|grad|=0.000060 (n=1)
  [trace step 24] block 1: fast=179 medium=199 slow=134 | mean_alpha=0.2155 | mean_|grad|=0.000034 (n=1)
  [trace step 24] block 2: fast=179 medium=199 slow=134 | mean_alpha=0.2155 | mean_|grad|=0.000032 (n=1)
  [trace step 24] block 3: fast=179 medium=199 slow=134 | mean_alpha=0.2155 | mean_|grad|=0.000023 (n=1)
  [trace step 24] block 4: fast=179 medium=199 slow=134 | mean_alpha=0.2155 | mean_|grad|=0.000023 (n=1)
  [trace step 25] block 0: fast=179 medium=199 slow=134 | mean_alpha=0.2156 | mean_|grad|=0.000055 (n=1)
  [trace step 25] block 1: fast=179 medium=199 slow=134 | mean_alpha=0.2155 | mean_|grad|=0.000038 (n=1)
  [trace step 25] block 2: fast=179 medium=199 slow=134 | mean_alpha=0.2155 | mean_|grad|=0.000028 (n=1)
  [trace step 25] block 3: fast=179 medium=199 slow=134 | mean_alpha=0.2155 | mean_|grad|=0.000026 (n=1)
  [trace step 25] block 4: fast=179 medium=199 slow=134 | mean_alpha=0.2155 | mean_|grad|=0.000018 (n=1)
  [trace step 26] block 0: fast=179 medium=199 slow=134 | mean_alpha=0.2156 | mean_|grad|=0.000044 (n=1)
  [trace step 26] block 1: fast=179 medium=199 slow=134 | mean_alpha=0.2155 | mean_|grad|=0.000036 (n=1)
  [trace step 26] block 2: fast=179 medium=199 slow=134 | mean_alpha=0.2155 | mean_|grad|=0.000027 (n=1)
  [trace step 26] block 3: fast=179 medium=199 slow=134 | mean_alpha=0.2155 | mean_|grad|=0.000023 (n=1)
  [trace step 26] block 4: fast=179 medium=199 slow=134 | mean_alpha=0.2155 | mean_|grad|=0.000022 (n=1)
  [trace step 27] block 0: fast=179 medium=199 slow=134 | mean_alpha=0.2156 | mean_|grad|=0.000051 (n=1)
  [trace step 27] block 1: fast=179 medium=199 slow=134 | mean_alpha=0.2155 | mean_|grad|=0.000034 (n=1)
  [trace step 27] block 2: fast=179 medium=199 slow=134 | mean_alpha=0.2155 | mean_|grad|=0.000026 (n=1)
  [trace step 27] block 3: fast=179 medium=199 slow=134 | mean_alpha=0.2155 | mean_|grad|=0.000025 (n=1)
  [trace step 27] block 4: fast=179 medium=199 slow=134 | mean_alpha=0.2155 | mean_|grad|=0.000022 (n=1)
  [trace step 28] block 0: fast=179 medium=199 slow=134 | mean_alpha=0.2156 | mean_|grad|=0.000063 (n=1)
  [trace step 28] block 1: fast=179 medium=199 slow=134 | mean_alpha=0.2155 | mean_|grad|=0.000040 (n=1)
  [trace step 28] block 2: fast=179 medium=199 slow=134 | mean_alpha=0.2155 | mean_|grad|=0.000028 (n=1)
  [trace step 28] block 3: fast=179 medium=199 slow=134 | mean_alpha=0.2155 | mean_|grad|=0.000024 (n=1)
  [trace step 28] block 4: fast=179 medium=199 slow=134 | mean_alpha=0.2155 | mean_|grad|=0.000020 (n=1)
  [trace step 29] block 0: fast=179 medium=199 slow=134 | mean_alpha=0.2156 | mean_|grad|=0.000060 (n=1)
  [trace step 29] block 1: fast=179 medium=199 slow=134 | mean_alpha=0.2155 | mean_|grad|=0.000038 (n=1)
  [trace step 29] block 2: fast=179 medium=199 slow=134 | mean_alpha=0.2155 | mean_|grad|=0.000027 (n=1)
  [trace step 29] block 3: fast=179 medium=199 slow=134 | mean_alpha=0.2155 | mean_|grad|=0.000022 (n=1)
  [trace step 29] block 4: fast=179 medium=199 slow=134 | mean_alpha=0.2155 | mean_|grad|=0.000020 (n=1)
  [trace step 30] block 0: fast=179 medium=199 slow=134 | mean_alpha=0.2156 | mean_|grad|=0.000059 (n=1)
  [trace step 30] block 1: fast=179 medium=199 slow=134 | mean_alpha=0.2155 | mean_|grad|=0.000035 (n=1)
  [trace step 30] block 2: fast=179 medium=199 slow=134 | mean_alpha=0.2155 | mean_|grad|=0.000026 (n=1)
  [trace step 30] block 3: fast=179 medium=199 slow=134 | mean_alpha=0.2155 | mean_|grad|=0.000024 (n=1)
  [trace step 30] block 4: fast=179 medium=199 slow=134 | mean_alpha=0.2155 | mean_|grad|=0.000021 (n=1)
  [trace step 31] block 0: fast=179 medium=199 slow=134 | mean_alpha=0.2156 | mean_|grad|=0.000057 (n=1)
  [trace step 31] block 1: fast=179 medium=199 slow=134 | mean_alpha=0.2155 | mean_|grad|=0.000036 (n=1)
  [trace step 31] block 2: fast=179 medium=199 slow=134 | mean_alpha=0.2155 | mean_|grad|=0.000028 (n=1)
  [trace step 31] block 3: fast=179 medium=199 slow=134 | mean_alpha=0.2155 | mean_|grad|=0.000028 (n=1)
  [trace step 31] block 4: fast=179 medium=199 slow=134 | mean_alpha=0.2155 | mean_|grad|=0.000023 (n=1)
  [trace step 32] block 0: fast=179 medium=199 slow=134 | mean_alpha=0.2156 | mean_|grad|=0.000050 (n=1)
  [trace step 32] block 1: fast=179 medium=199 slow=134 | mean_alpha=0.2155 | mean_|grad|=0.000033 (n=1)
  [trace step 32] block 2: fast=179 medium=199 slow=134 | mean_alpha=0.2155 | mean_|grad|=0.000028 (n=1)
  [trace step 32] block 3: fast=179 medium=199 slow=134 | mean_alpha=0.2155 | mean_|grad|=0.000025 (n=1)
  [trace step 32] block 4: fast=179 medium=199 slow=134 | mean_alpha=0.2155 | mean_|grad|=0.000023 (n=1)
  [trace step 33] block 0: fast=179 medium=199 slow=134 | mean_alpha=0.2156 | mean_|grad|=0.000054 (n=1)
  [trace step 33] block 1: fast=179 medium=199 slow=134 | mean_alpha=0.2155 | mean_|grad|=0.000038 (n=1)
  [trace step 33] block 2: fast=179 medium=199 slow=134 | mean_alpha=0.2155 | mean_|grad|=0.000032 (n=1)
  [trace step 33] block 3: fast=179 medium=199 slow=134 | mean_alpha=0.2155 | mean_|grad|=0.000022 (n=1)
  [trace step 33] block 4: fast=179 medium=199 slow=134 | mean_alpha=0.2155 | mean_|grad|=0.000023 (n=1)
  [trace step 34] block 0: fast=179 medium=199 slow=134 | mean_alpha=0.2156 | mean_|grad|=0.000063 (n=1)
  [trace step 34] block 1: fast=179 medium=199 slow=134 | mean_alpha=0.2155 | mean_|grad|=0.000035 (n=1)
  [trace step 34] block 2: fast=179 medium=199 slow=134 | mean_alpha=0.2155 | mean_|grad|=0.000026 (n=1)
  [trace step 34] block 3: fast=179 medium=199 slow=134 | mean_alpha=0.2155 | mean_|grad|=0.000021 (n=1)
  [trace step 34] block 4: fast=179 medium=199 slow=134 | mean_alpha=0.2155 | mean_|grad|=0.000021 (n=1)
  [trace step 35] block 0: fast=179 medium=199 slow=134 | mean_alpha=0.2156 | mean_|grad|=0.000057 (n=1)
  [trace step 35] block 1: fast=179 medium=199 slow=134 | mean_alpha=0.2155 | mean_|grad|=0.000033 (n=1)
  [trace step 35] block 2: fast=179 medium=199 slow=134 | mean_alpha=0.2155 | mean_|grad|=0.000029 (n=1)
  [trace step 35] block 3: fast=179 medium=199 slow=134 | mean_alpha=0.2155 | mean_|grad|=0.000024 (n=1)
  [trace step 35] block 4: fast=179 medium=199 slow=134 | mean_alpha=0.2155 | mean_|grad|=0.000020 (n=1)
  [trace step 36] block 0: fast=179 medium=199 slow=134 | mean_alpha=0.2156 | mean_|grad|=0.000051 (n=1)
  [trace step 36] block 1: fast=179 medium=199 slow=134 | mean_alpha=0.2155 | mean_|grad|=0.000033 (n=1)
  [trace step 36] block 2: fast=179 medium=199 slow=134 | mean_alpha=0.2155 | mean_|grad|=0.000030 (n=1)
  [trace step 36] block 3: fast=179 medium=199 slow=134 | mean_alpha=0.2155 | mean_|grad|=0.000023 (n=1)
  [trace step 36] block 4: fast=179 medium=199 slow=134 | mean_alpha=0.2155 | mean_|grad|=0.000020 (n=1)
  [trace step 37] block 0: fast=179 medium=199 slow=134 | mean_alpha=0.2156 | mean_|grad|=0.000048 (n=1)
  [trace step 37] block 1: fast=179 medium=199 slow=134 | mean_alpha=0.2155 | mean_|grad|=0.000033 (n=1)
  [trace step 37] block 2: fast=179 medium=199 slow=134 | mean_alpha=0.2155 | mean_|grad|=0.000027 (n=1)
  [trace step 37] block 3: fast=179 medium=199 slow=134 | mean_alpha=0.2155 | mean_|grad|=0.000025 (n=1)
  [trace step 37] block 4: fast=179 medium=199 slow=134 | mean_alpha=0.2155 | mean_|grad|=0.000022 (n=1)
  [trace step 38] block 0: fast=179 medium=199 slow=134 | mean_alpha=0.2156 | mean_|grad|=0.000053 (n=1)
  [trace step 38] block 1: fast=179 medium=199 slow=134 | mean_alpha=0.2155 | mean_|grad|=0.000036 (n=1)
  [trace step 38] block 2: fast=179 medium=199 slow=134 | mean_alpha=0.2155 | mean_|grad|=0.000027 (n=1)
  [trace step 38] block 3: fast=179 medium=199 slow=134 | mean_alpha=0.2155 | mean_|grad|=0.000028 (n=1)
  [trace step 38] block 4: fast=179 medium=199 slow=134 | mean_alpha=0.2155 | mean_|grad|=0.000021 (n=1)
  [trace step 39] block 0: fast=179 medium=199 slow=134 | mean_alpha=0.2156 | mean_|grad|=0.000057 (n=1)
  [trace step 39] block 1: fast=179 medium=199 slow=134 | mean_alpha=0.2155 | mean_|grad|=0.000033 (n=1)
  [trace step 39] block 2: fast=179 medium=199 slow=134 | mean_alpha=0.2155 | mean_|grad|=0.000028 (n=1)
  [trace step 39] block 3: fast=179 medium=199 slow=134 | mean_alpha=0.2155 | mean_|grad|=0.000023 (n=1)
  [trace step 39] block 4: fast=179 medium=199 slow=134 | mean_alpha=0.2155 | mean_|grad|=0.000023 (n=1)
  [trace step 40] block 0: fast=179 medium=199 slow=134 | mean_alpha=0.2156 | mean_|grad|=0.000052 (n=1)
  [trace step 40] block 1: fast=179 medium=199 slow=134 | mean_alpha=0.2155 | mean_|grad|=0.000038 (n=1)
  [trace step 40] block 2: fast=179 medium=199 slow=134 | mean_alpha=0.2155 | mean_|grad|=0.000033 (n=1)
  [trace step 40] block 3: fast=179 medium=199 slow=134 | mean_alpha=0.2155 | mean_|grad|=0.000024 (n=1)
  [trace step 40] block 4: fast=179 medium=199 slow=134 | mean_alpha=0.2155 | mean_|grad|=0.000021 (n=1)
  [trace step 41] block 0: fast=179 medium=199 slow=134 | mean_alpha=0.2155 | mean_|grad|=0.000056 (n=1)
  [trace step 41] block 1: fast=179 medium=199 slow=134 | mean_alpha=0.2155 | mean_|grad|=0.000038 (n=1)
  [trace step 41] block 2: fast=179 medium=199 slow=134 | mean_alpha=0.2155 | mean_|grad|=0.000028 (n=1)
  [trace step 41] block 3: fast=179 medium=199 slow=134 | mean_alpha=0.2155 | mean_|grad|=0.000022 (n=1)
  [trace step 41] block 4: fast=179 medium=199 slow=134 | mean_alpha=0.2155 | mean_|grad|=0.000021 (n=1)
  [trace step 42] block 0: fast=179 medium=199 slow=134 | mean_alpha=0.2155 | mean_|grad|=0.000054 (n=1)
  [trace step 42] block 1: fast=179 medium=199 slow=134 | mean_alpha=0.2155 | mean_|grad|=0.000039 (n=1)
  [trace step 42] block 2: fast=179 medium=199 slow=134 | mean_alpha=0.2155 | mean_|grad|=0.000027 (n=1)
  [trace step 42] block 3: fast=179 medium=199 slow=134 | mean_alpha=0.2155 | mean_|grad|=0.000024 (n=1)
  [trace step 42] block 4: fast=179 medium=199 slow=134 | mean_alpha=0.2155 | mean_|grad|=0.000020 (n=1)
  [trace step 43] block 0: fast=179 medium=199 slow=134 | mean_alpha=0.2155 | mean_|grad|=0.000053 (n=1)
  [trace step 43] block 1: fast=179 medium=199 slow=134 | mean_alpha=0.2155 | mean_|grad|=0.000036 (n=1)
  [trace step 43] block 2: fast=179 medium=199 slow=134 | mean_alpha=0.2155 | mean_|grad|=0.000028 (n=1)
  [trace step 43] block 3: fast=179 medium=199 slow=134 | mean_alpha=0.2155 | mean_|grad|=0.000024 (n=1)
  [trace step 43] block 4: fast=179 medium=199 slow=134 | mean_alpha=0.2155 | mean_|grad|=0.000021 (n=1)
  [trace step 44] block 0: fast=179 medium=199 slow=134 | mean_alpha=0.2155 | mean_|grad|=0.000047 (n=1)
  [trace step 44] block 1: fast=179 medium=199 slow=134 | mean_alpha=0.2155 | mean_|grad|=0.000034 (n=1)
  [trace step 44] block 2: fast=179 medium=199 slow=134 | mean_alpha=0.2155 | mean_|grad|=0.000029 (n=1)
  [trace step 44] block 3: fast=179 medium=199 slow=134 | mean_alpha=0.2155 | mean_|grad|=0.000023 (n=1)
  [trace step 44] block 4: fast=179 medium=199 slow=134 | mean_alpha=0.2155 | mean_|grad|=0.000022 (n=1)
  [trace step 45] block 0: fast=179 medium=199 slow=134 | mean_alpha=0.2155 | mean_|grad|=0.000055 (n=1)
  [trace step 45] block 1: fast=179 medium=199 slow=134 | mean_alpha=0.2155 | mean_|grad|=0.000037 (n=1)
  [trace step 45] block 2: fast=179 medium=199 slow=134 | mean_alpha=0.2155 | mean_|grad|=0.000027 (n=1)
  [trace step 45] block 3: fast=179 medium=199 slow=134 | mean_alpha=0.2155 | mean_|grad|=0.000022 (n=1)
  [trace step 45] block 4: fast=179 medium=199 slow=134 | mean_alpha=0.2155 | mean_|grad|=0.000023 (n=1)
  [trace step 46] block 0: fast=179 medium=199 slow=134 | mean_alpha=0.2155 | mean_|grad|=0.000054 (n=1)
  [trace step 46] block 1: fast=179 medium=199 slow=134 | mean_alpha=0.2155 | mean_|grad|=0.000031 (n=1)
  [trace step 46] block 2: fast=179 medium=199 slow=134 | mean_alpha=0.2155 | mean_|grad|=0.000029 (n=1)
  [trace step 46] block 3: fast=179 medium=199 slow=134 | mean_alpha=0.2155 | mean_|grad|=0.000023 (n=1)
  [trace step 46] block 4: fast=179 medium=199 slow=134 | mean_alpha=0.2155 | mean_|grad|=0.000022 (n=1)
  [trace step 47] block 0: fast=179 medium=199 slow=134 | mean_alpha=0.2155 | mean_|grad|=0.000067 (n=1)
  [trace step 47] block 1: fast=179 medium=199 slow=134 | mean_alpha=0.2155 | mean_|grad|=0.000032 (n=1)
  [trace step 47] block 2: fast=179 medium=199 slow=134 | mean_alpha=0.2155 | mean_|grad|=0.000029 (n=1)
  [trace step 47] block 3: fast=179 medium=199 slow=134 | mean_alpha=0.2155 | mean_|grad|=0.000026 (n=1)
  [trace step 47] block 4: fast=179 medium=199 slow=134 | mean_alpha=0.2155 | mean_|grad|=0.000020 (n=1)
  [trace step 48] block 0: fast=179 medium=199 slow=134 | mean_alpha=0.2155 | mean_|grad|=0.000057 (n=1)
  [trace step 48] block 1: fast=179 medium=199 slow=134 | mean_alpha=0.2155 | mean_|grad|=0.000032 (n=1)
  [trace step 48] block 2: fast=179 medium=199 slow=134 | mean_alpha=0.2155 | mean_|grad|=0.000030 (n=1)
  [trace step 48] block 3: fast=179 medium=199 slow=134 | mean_alpha=0.2155 | mean_|grad|=0.000024 (n=1)
  [trace step 48] block 4: fast=179 medium=199 slow=134 | mean_alpha=0.2155 | mean_|grad|=0.000019 (n=1)
  [trace step 49] block 0: fast=179 medium=199 slow=134 | mean_alpha=0.2155 | mean_|grad|=0.000056 (n=1)
  [trace step 49] block 1: fast=179 medium=199 slow=134 | mean_alpha=0.2155 | mean_|grad|=0.000037 (n=1)
  [trace step 49] block 2: fast=179 medium=199 slow=134 | mean_alpha=0.2155 | mean_|grad|=0.000028 (n=1)
  [trace step 49] block 3: fast=179 medium=199 slow=134 | mean_alpha=0.2155 | mean_|grad|=0.000028 (n=1)
  [trace step 49] block 4: fast=179 medium=199 slow=134 | mean_alpha=0.2155 | mean_|grad|=0.000019 (n=1)
  [trace step 50] block 0: fast=179 medium=199 slow=134 | mean_alpha=0.2155 | mean_|grad|=0.000051 (n=1)
  [trace step 50] block 1: fast=179 medium=199 slow=134 | mean_alpha=0.2155 | mean_|grad|=0.000036 (n=1)
  [trace step 50] block 2: fast=179 medium=199 slow=134 | mean_alpha=0.2155 | mean_|grad|=0.000025 (n=1)
  [trace step 50] block 3: fast=179 medium=199 slow=134 | mean_alpha=0.2155 | mean_|grad|=0.000028 (n=1)
  [trace step 50] block 4: fast=179 medium=199 slow=134 | mean_alpha=0.2155 | mean_|grad|=0.000021 (n=1)
  [r2c trace step 50] block 0: z mean=1.0010 s mean=0.7447 min=0.7432 max=0.7462 closed=0/512 open=0/512 | mean|s*read|=0.159946 | mean|g| ar=2.63e-4 ib=2.34e-4 z=6.36e-5 (n=50)
  [r2c trace step 50] block 1: z mean=1.0006 s mean=0.7446 min=0.7433 max=0.7460 closed=0/512 open=0/512 | mean|s*read|=0.159847 | mean|g| ar=1.86e-4 ib=1.61e-4 z=4.52e-5 (n=50)
  [r2c trace step 50] block 2: z mean=1.0002 s mean=0.7445 min=0.7432 max=0.7460 closed=0/512 open=0/512 | mean|s*read|=0.158323 | mean|g| ar=1.52e-4 ib=1.31e-4 z=3.86e-5 (n=50)
  [r2c trace step 50] block 3: z mean=1.0002 s mean=0.7445 min=0.7430 max=0.7458 closed=0/512 open=0/512 | mean|s*read|=0.159385 | mean|g| ar=1.33e-4 ib=1.14e-4 z=4.38e-5 (n=50)
  [r2c trace step 50] block 4: z mean=1.0000 s mean=0.7445 min=0.7431 max=0.7459 closed=0/512 open=0/512 | mean|s*read|=0.158634 | mean|g| ar=1.19e-4 ib=1.03e-4 z=2.13e-5 (n=50)
  [trace step 51] block 0: fast=179 medium=199 slow=134 | mean_alpha=0.2155 | mean_|grad|=0.000056 (n=1)
  [trace step 51] block 1: fast=179 medium=199 slow=134 | mean_alpha=0.2155 | mean_|grad|=0.000036 (n=1)
  [trace step 51] block 2: fast=179 medium=199 slow=134 | mean_alpha=0.2155 | mean_|grad|=0.000028 (n=1)
  [trace step 51] block 3: fast=179 medium=199 slow=134 | mean_alpha=0.2155 | mean_|grad|=0.000021 (n=1)
  [trace step 51] block 4: fast=179 medium=199 slow=134 | mean_alpha=0.2155 | mean_|grad|=0.000023 (n=1)
  [trace step 52] block 0: fast=179 medium=199 slow=134 | mean_alpha=0.2155 | mean_|grad|=0.000051 (n=1)
  [trace step 52] block 1: fast=179 medium=199 slow=134 | mean_alpha=0.2155 | mean_|grad|=0.000035 (n=1)
  [trace step 52] block 2: fast=179 medium=199 slow=134 | mean_alpha=0.2155 | mean_|grad|=0.000031 (n=1)
  [trace step 52] block 3: fast=179 medium=199 slow=134 | mean_alpha=0.2155 | mean_|grad|=0.000026 (n=1)
  [trace step 52] block 4: fast=179 medium=199 slow=134 | mean_alpha=0.2155 | mean_|grad|=0.000021 (n=1)
  [trace step 53] block 0: fast=179 medium=199 slow=134 | mean_alpha=0.2155 | mean_|grad|=0.000057 (n=1)
  [trace step 53] block 1: fast=179 medium=199 slow=134 | mean_alpha=0.2155 | mean_|grad|=0.000038 (n=1)
  [trace step 53] block 2: fast=179 medium=199 slow=134 | mean_alpha=0.2155 | mean_|grad|=0.000030 (n=1)
  [trace step 53] block 3: fast=179 medium=199 slow=134 | mean_alpha=0.2155 | mean_|grad|=0.000024 (n=1)
  [trace step 53] block 4: fast=179 medium=199 slow=134 | mean_alpha=0.2155 | mean_|grad|=0.000021 (n=1)
  [trace step 54] block 0: fast=179 medium=199 slow=134 | mean_alpha=0.2155 | mean_|grad|=0.000057 (n=1)
  [trace step 54] block 1: fast=179 medium=199 slow=134 | mean_alpha=0.2155 | mean_|grad|=0.000040 (n=1)
  [trace step 54] block 2: fast=179 medium=199 slow=134 | mean_alpha=0.2155 | mean_|grad|=0.000026 (n=1)
  [trace step 54] block 3: fast=179 medium=199 slow=134 | mean_alpha=0.2155 | mean_|grad|=0.000025 (n=1)
  [trace step 54] block 4: fast=179 medium=199 slow=134 | mean_alpha=0.2155 | mean_|grad|=0.000019 (n=1)
  [trace step 55] block 0: fast=179 medium=199 slow=134 | mean_alpha=0.2155 | mean_|grad|=0.000058 (n=1)
  [trace step 55] block 1: fast=179 medium=199 slow=134 | mean_alpha=0.2155 | mean_|grad|=0.000032 (n=1)
  [trace step 55] block 2: fast=179 medium=199 slow=134 | mean_alpha=0.2155 | mean_|grad|=0.000028 (n=1)
  [trace step 55] block 3: fast=179 medium=199 slow=134 | mean_alpha=0.2155 | mean_|grad|=0.000023 (n=1)
  [trace step 55] block 4: fast=179 medium=199 slow=134 | mean_alpha=0.2155 | mean_|grad|=0.000020 (n=1)
  [trace step 56] block 0: fast=179 medium=199 slow=134 | mean_alpha=0.2155 | mean_|grad|=0.000047 (n=1)
  [trace step 56] block 1: fast=179 medium=199 slow=134 | mean_alpha=0.2155 | mean_|grad|=0.000037 (n=1)
  [trace step 56] block 2: fast=179 medium=199 slow=134 | mean_alpha=0.2155 | mean_|grad|=0.000027 (n=1)
  [trace step 56] block 3: fast=179 medium=199 slow=134 | mean_alpha=0.2155 | mean_|grad|=0.000024 (n=1)
  [trace step 56] block 4: fast=179 medium=199 slow=134 | mean_alpha=0.2155 | mean_|grad|=0.000022 (n=1)
  [trace step 57] block 0: fast=179 medium=199 slow=134 | mean_alpha=0.2155 | mean_|grad|=0.000054 (n=1)
  [trace step 57] block 1: fast=179 medium=199 slow=134 | mean_alpha=0.2155 | mean_|grad|=0.000037 (n=1)
  [trace step 57] block 2: fast=179 medium=199 slow=134 | mean_alpha=0.2155 | mean_|grad|=0.000030 (n=1)
  [trace step 57] block 3: fast=179 medium=199 slow=134 | mean_alpha=0.2155 | mean_|grad|=0.000022 (n=1)
  [trace step 57] block 4: fast=179 medium=199 slow=134 | mean_alpha=0.2155 | mean_|grad|=0.000022 (n=1)
  [trace step 58] block 0: fast=179 medium=199 slow=134 | mean_alpha=0.2155 | mean_|grad|=0.000050 (n=1)
  [trace step 58] block 1: fast=179 medium=199 slow=134 | mean_alpha=0.2155 | mean_|grad|=0.000036 (n=1)
  [trace step 58] block 2: fast=179 medium=199 slow=134 | mean_alpha=0.2155 | mean_|grad|=0.000027 (n=1)
  [trace step 58] block 3: fast=179 medium=199 slow=134 | mean_alpha=0.2155 | mean_|grad|=0.000023 (n=1)
  [trace step 58] block 4: fast=179 medium=199 slow=134 | mean_alpha=0.2155 | mean_|grad|=0.000025 (n=1)
  [trace step 59] block 0: fast=179 medium=199 slow=134 | mean_alpha=0.2155 | mean_|grad|=0.000057 (n=1)
  [trace step 59] block 1: fast=179 medium=199 slow=134 | mean_alpha=0.2155 | mean_|grad|=0.000037 (n=1)
  [trace step 59] block 2: fast=179 medium=199 slow=134 | mean_alpha=0.2155 | mean_|grad|=0.000031 (n=1)
  [trace step 59] block 3: fast=179 medium=199 slow=134 | mean_alpha=0.2155 | mean_|grad|=0.000025 (n=1)
  [trace step 59] block 4: fast=179 medium=199 slow=134 | mean_alpha=0.2155 | mean_|grad|=0.000020 (n=1)
  [trace step 60] block 0: fast=179 medium=199 slow=134 | mean_alpha=0.2155 | mean_|grad|=0.000052 (n=1)
  [trace step 60] block 1: fast=179 medium=199 slow=134 | mean_alpha=0.2155 | mean_|grad|=0.000035 (n=1)
  [trace step 60] block 2: fast=179 medium=199 slow=134 | mean_alpha=0.2155 | mean_|grad|=0.000030 (n=1)
  [trace step 60] block 3: fast=179 medium=199 slow=134 | mean_alpha=0.2155 | mean_|grad|=0.000024 (n=1)
  [trace step 60] block 4: fast=179 medium=199 slow=134 | mean_alpha=0.2155 | mean_|grad|=0.000022 (n=1)
  [trace step 61] block 0: fast=179 medium=199 slow=134 | mean_alpha=0.2155 | mean_|grad|=0.000053 (n=1)
  [trace step 61] block 1: fast=179 medium=199 slow=134 | mean_alpha=0.2155 | mean_|grad|=0.000037 (n=1)
  [trace step 61] block 2: fast=179 medium=199 slow=134 | mean_alpha=0.2155 | mean_|grad|=0.000028 (n=1)
  [trace step 61] block 3: fast=179 medium=199 slow=134 | mean_alpha=0.2155 | mean_|grad|=0.000022 (n=1)
  [trace step 61] block 4: fast=179 medium=199 slow=134 | mean_alpha=0.2155 | mean_|grad|=0.000020 (n=1)
  [trace step 62] block 0: fast=179 medium=199 slow=134 | mean_alpha=0.2155 | mean_|grad|=0.000056 (n=1)
  [trace step 62] block 1: fast=179 medium=199 slow=134 | mean_alpha=0.2155 | mean_|grad|=0.000038 (n=1)
  [trace step 62] block 2: fast=179 medium=199 slow=134 | mean_alpha=0.2155 | mean_|grad|=0.000027 (n=1)
  [trace step 62] block 3: fast=179 medium=199 slow=134 | mean_alpha=0.2155 | mean_|grad|=0.000024 (n=1)
  [trace step 62] block 4: fast=179 medium=199 slow=134 | mean_alpha=0.2155 | mean_|grad|=0.000019 (n=1)
  [trace step 63] block 0: fast=179 medium=199 slow=134 | mean_alpha=0.2155 | mean_|grad|=0.000052 (n=1)
  [trace step 63] block 1: fast=179 medium=199 slow=134 | mean_alpha=0.2155 | mean_|grad|=0.000035 (n=1)
  [trace step 63] block 2: fast=179 medium=199 slow=134 | mean_alpha=0.2155 | mean_|grad|=0.000029 (n=1)
  [trace step 63] block 3: fast=179 medium=199 slow=134 | mean_alpha=0.2155 | mean_|grad|=0.000024 (n=1)
  [trace step 63] block 4: fast=179 medium=199 slow=134 | mean_alpha=0.2155 | mean_|grad|=0.000022 (n=1)
  [trace step 64] block 0: fast=179 medium=199 slow=134 | mean_alpha=0.2155 | mean_|grad|=0.000057 (n=1)
  [trace step 64] block 1: fast=179 medium=199 slow=134 | mean_alpha=0.2155 | mean_|grad|=0.000035 (n=1)
  [trace step 64] block 2: fast=179 medium=199 slow=134 | mean_alpha=0.2155 | mean_|grad|=0.000026 (n=1)
  [trace step 64] block 3: fast=179 medium=199 slow=134 | mean_alpha=0.2155 | mean_|grad|=0.000022 (n=1)
  [trace step 64] block 4: fast=179 medium=199 slow=134 | mean_alpha=0.2155 | mean_|grad|=0.000021 (n=1)
  [trace step 65] block 0: fast=179 medium=199 slow=134 | mean_alpha=0.2155 | mean_|grad|=0.000051 (n=1)
  [trace step 65] block 1: fast=179 medium=199 slow=134 | mean_alpha=0.2155 | mean_|grad|=0.000032 (n=1)
  [trace step 65] block 2: fast=179 medium=199 slow=134 | mean_alpha=0.2155 | mean_|grad|=0.000027 (n=1)
  [trace step 65] block 3: fast=179 medium=199 slow=134 | mean_alpha=0.2155 | mean_|grad|=0.000024 (n=1)
  [trace step 65] block 4: fast=179 medium=199 slow=134 | mean_alpha=0.2155 | mean_|grad|=0.000023 (n=1)
  [trace step 66] block 0: fast=179 medium=199 slow=134 | mean_alpha=0.2155 | mean_|grad|=0.000051 (n=1)
  [trace step 66] block 1: fast=179 medium=199 slow=134 | mean_alpha=0.2155 | mean_|grad|=0.000033 (n=1)
  [trace step 66] block 2: fast=179 medium=199 slow=134 | mean_alpha=0.2155 | mean_|grad|=0.000028 (n=1)
  [trace step 66] block 3: fast=179 medium=199 slow=134 | mean_alpha=0.2155 | mean_|grad|=0.000024 (n=1)
  [trace step 66] block 4: fast=179 medium=199 slow=134 | mean_alpha=0.2155 | mean_|grad|=0.000022 (n=1)
  [trace step 67] block 0: fast=179 medium=199 slow=134 | mean_alpha=0.2155 | mean_|grad|=0.000049 (n=1)
  [trace step 67] block 1: fast=179 medium=199 slow=134 | mean_alpha=0.2155 | mean_|grad|=0.000041 (n=1)
  [trace step 67] block 2: fast=179 medium=199 slow=134 | mean_alpha=0.2155 | mean_|grad|=0.000025 (n=1)
  [trace step 67] block 3: fast=179 medium=199 slow=134 | mean_alpha=0.2155 | mean_|grad|=0.000024 (n=1)
  [trace step 67] block 4: fast=179 medium=199 slow=134 | mean_alpha=0.2155 | mean_|grad|=0.000021 (n=1)
  [trace step 68] block 0: fast=179 medium=199 slow=134 | mean_alpha=0.2155 | mean_|grad|=0.000058 (n=1)
  [trace step 68] block 1: fast=179 medium=199 slow=134 | mean_alpha=0.2155 | mean_|grad|=0.000034 (n=1)
  [trace step 68] block 2: fast=179 medium=199 slow=134 | mean_alpha=0.2155 | mean_|grad|=0.000027 (n=1)
  [trace step 68] block 3: fast=179 medium=199 slow=134 | mean_alpha=0.2155 | mean_|grad|=0.000024 (n=1)
  [trace step 68] block 4: fast=179 medium=199 slow=134 | mean_alpha=0.2155 | mean_|grad|=0.000022 (n=1)
  [trace step 69] block 0: fast=179 medium=199 slow=134 | mean_alpha=0.2155 | mean_|grad|=0.000054 (n=1)
  [trace step 69] block 1: fast=179 medium=199 slow=134 | mean_alpha=0.2155 | mean_|grad|=0.000039 (n=1)
  [trace step 69] block 2: fast=179 medium=199 slow=134 | mean_alpha=0.2155 | mean_|grad|=0.000027 (n=1)
  [trace step 69] block 3: fast=179 medium=199 slow=134 | mean_alpha=0.2155 | mean_|grad|=0.000026 (n=1)
  [trace step 69] block 4: fast=179 medium=199 slow=134 | mean_alpha=0.2155 | mean_|grad|=0.000024 (n=1)
  [trace step 70] block 0: fast=179 medium=199 slow=134 | mean_alpha=0.2155 | mean_|grad|=0.000063 (n=1)
  [trace step 70] block 1: fast=179 medium=199 slow=134 | mean_alpha=0.2155 | mean_|grad|=0.000035 (n=1)
  [trace step 70] block 2: fast=179 medium=199 slow=134 | mean_alpha=0.2155 | mean_|grad|=0.000027 (n=1)
  [trace step 70] block 3: fast=179 medium=199 slow=134 | mean_alpha=0.2155 | mean_|grad|=0.000023 (n=1)
  [trace step 70] block 4: fast=179 medium=199 slow=134 | mean_alpha=0.2155 | mean_|grad|=0.000023 (n=1)
  [trace step 71] block 0: fast=179 medium=199 slow=134 | mean_alpha=0.2155 | mean_|grad|=0.000051 (n=1)
  [trace step 71] block 1: fast=179 medium=199 slow=134 | mean_alpha=0.2155 | mean_|grad|=0.000043 (n=1)
  [trace step 71] block 2: fast=179 medium=199 slow=134 | mean_alpha=0.2155 | mean_|grad|=0.000033 (n=1)
  [trace step 71] block 3: fast=179 medium=199 slow=134 | mean_alpha=0.2155 | mean_|grad|=0.000024 (n=1)
  [trace step 71] block 4: fast=179 medium=199 slow=134 | mean_alpha=0.2155 | mean_|grad|=0.000024 (n=1)
  [trace step 72] block 0: fast=179 medium=199 slow=134 | mean_alpha=0.2155 | mean_|grad|=0.000067 (n=1)
  [trace step 72] block 1: fast=179 medium=199 slow=134 | mean_alpha=0.2155 | mean_|grad|=0.000036 (n=1)
  [trace step 72] block 2: fast=179 medium=199 slow=134 | mean_alpha=0.2155 | mean_|grad|=0.000029 (n=1)
  [trace step 72] block 3: fast=179 medium=199 slow=134 | mean_alpha=0.2155 | mean_|grad|=0.000025 (n=1)
  [trace step 72] block 4: fast=179 medium=199 slow=134 | mean_alpha=0.2155 | mean_|grad|=0.000021 (n=1)
  [trace step 73] block 0: fast=179 medium=199 slow=134 | mean_alpha=0.2155 | mean_|grad|=0.000053 (n=1)
  [trace step 73] block 1: fast=179 medium=199 slow=134 | mean_alpha=0.2155 | mean_|grad|=0.000035 (n=1)
  [trace step 73] block 2: fast=179 medium=199 slow=134 | mean_alpha=0.2155 | mean_|grad|=0.000026 (n=1)
  [trace step 73] block 3: fast=179 medium=199 slow=134 | mean_alpha=0.2155 | mean_|grad|=0.000024 (n=1)
  [trace step 73] block 4: fast=179 medium=199 slow=134 | mean_alpha=0.2155 | mean_|grad|=0.000020 (n=1)
  [trace step 74] block 0: fast=179 medium=199 slow=134 | mean_alpha=0.2155 | mean_|grad|=0.000052 (n=1)
  [trace step 74] block 1: fast=179 medium=199 slow=134 | mean_alpha=0.2155 | mean_|grad|=0.000035 (n=1)
  [trace step 74] block 2: fast=179 medium=199 slow=134 | mean_alpha=0.2155 | mean_|grad|=0.000027 (n=1)
  [trace step 74] block 3: fast=179 medium=199 slow=134 | mean_alpha=0.2155 | mean_|grad|=0.000025 (n=1)
  [trace step 74] block 4: fast=179 medium=199 slow=134 | mean_alpha=0.2155 | mean_|grad|=0.000025 (n=1)
  [trace step 75] block 0: fast=180 medium=198 slow=134 | mean_alpha=0.2155 | mean_|grad|=0.000052 (n=1)
  [trace step 75] block 1: fast=179 medium=199 slow=134 | mean_alpha=0.2155 | mean_|grad|=0.000046 (n=1)
  [trace step 75] block 2: fast=179 medium=199 slow=134 | mean_alpha=0.2155 | mean_|grad|=0.000029 (n=1)
  [trace step 75] block 3: fast=179 medium=199 slow=134 | mean_alpha=0.2155 | mean_|grad|=0.000024 (n=1)
  [trace step 75] block 4: fast=179 medium=199 slow=134 | mean_alpha=0.2155 | mean_|grad|=0.000018 (n=1)
  [trace step 76] block 0: fast=180 medium=198 slow=134 | mean_alpha=0.2155 | mean_|grad|=0.000057 (n=1)
  [trace step 76] block 1: fast=179 medium=199 slow=134 | mean_alpha=0.2155 | mean_|grad|=0.000036 (n=1)
  [trace step 76] block 2: fast=179 medium=199 slow=134 | mean_alpha=0.2155 | mean_|grad|=0.000028 (n=1)
  [trace step 76] block 3: fast=179 medium=199 slow=134 | mean_alpha=0.2155 | mean_|grad|=0.000024 (n=1)
  [trace step 76] block 4: fast=179 medium=199 slow=134 | mean_alpha=0.2155 | mean_|grad|=0.000023 (n=1)
  [trace step 77] block 0: fast=180 medium=198 slow=134 | mean_alpha=0.2155 | mean_|grad|=0.000053 (n=1)
  [trace step 77] block 1: fast=179 medium=199 slow=134 | mean_alpha=0.2155 | mean_|grad|=0.000041 (n=1)
  [trace step 77] block 2: fast=179 medium=199 slow=134 | mean_alpha=0.2155 | mean_|grad|=0.000028 (n=1)
  [trace step 77] block 3: fast=179 medium=199 slow=134 | mean_alpha=0.2155 | mean_|grad|=0.000024 (n=1)
  [trace step 77] block 4: fast=179 medium=199 slow=134 | mean_alpha=0.2155 | mean_|grad|=0.000023 (n=1)
  [trace step 78] block 0: fast=179 medium=199 slow=134 | mean_alpha=0.2155 | mean_|grad|=0.000060 (n=1)
  [trace step 78] block 1: fast=179 medium=199 slow=134 | mean_alpha=0.2156 | mean_|grad|=0.000035 (n=1)
  [trace step 78] block 2: fast=179 medium=199 slow=134 | mean_alpha=0.2155 | mean_|grad|=0.000025 (n=1)
  [trace step 78] block 3: fast=179 medium=199 slow=134 | mean_alpha=0.2155 | mean_|grad|=0.000026 (n=1)
  [trace step 78] block 4: fast=179 medium=199 slow=134 | mean_alpha=0.2155 | mean_|grad|=0.000021 (n=1)
  [trace step 79] block 0: fast=179 medium=199 slow=134 | mean_alpha=0.2155 | mean_|grad|=0.000052 (n=1)
  [trace step 79] block 1: fast=179 medium=199 slow=134 | mean_alpha=0.2156 | mean_|grad|=0.000035 (n=1)
  [trace step 79] block 2: fast=179 medium=199 slow=134 | mean_alpha=0.2155 | mean_|grad|=0.000026 (n=1)
  [trace step 79] block 3: fast=179 medium=199 slow=134 | mean_alpha=0.2155 | mean_|grad|=0.000023 (n=1)
  [trace step 79] block 4: fast=179 medium=199 slow=134 | mean_alpha=0.2155 | mean_|grad|=0.000020 (n=1)
  [trace step 80] block 0: fast=179 medium=199 slow=134 | mean_alpha=0.2155 | mean_|grad|=0.000052 (n=1)
  [trace step 80] block 1: fast=179 medium=199 slow=134 | mean_alpha=0.2156 | mean_|grad|=0.000037 (n=1)
  [trace step 80] block 2: fast=179 medium=199 slow=134 | mean_alpha=0.2155 | mean_|grad|=0.000027 (n=1)
  [trace step 80] block 3: fast=179 medium=199 slow=134 | mean_alpha=0.2155 | mean_|grad|=0.000025 (n=1)
  [trace step 80] block 4: fast=179 medium=199 slow=134 | mean_alpha=0.2155 | mean_|grad|=0.000022 (n=1)
  [trace step 81] block 0: fast=179 medium=199 slow=134 | mean_alpha=0.2155 | mean_|grad|=0.000061 (n=1)
  [trace step 81] block 1: fast=179 medium=199 slow=134 | mean_alpha=0.2156 | mean_|grad|=0.000039 (n=1)
  [trace step 81] block 2: fast=179 medium=199 slow=134 | mean_alpha=0.2155 | mean_|grad|=0.000028 (n=1)
  [trace step 81] block 3: fast=179 medium=199 slow=134 | mean_alpha=0.2155 | mean_|grad|=0.000023 (n=1)
  [trace step 81] block 4: fast=179 medium=199 slow=134 | mean_alpha=0.2155 | mean_|grad|=0.000024 (n=1)
  [trace step 82] block 0: fast=179 medium=199 slow=134 | mean_alpha=0.2155 | mean_|grad|=0.000055 (n=1)
  [trace step 82] block 1: fast=179 medium=199 slow=134 | mean_alpha=0.2156 | mean_|grad|=0.000035 (n=1)
  [trace step 82] block 2: fast=179 medium=199 slow=134 | mean_alpha=0.2155 | mean_|grad|=0.000028 (n=1)
  [trace step 82] block 3: fast=179 medium=199 slow=134 | mean_alpha=0.2155 | mean_|grad|=0.000024 (n=1)
  [trace step 82] block 4: fast=179 medium=199 slow=134 | mean_alpha=0.2155 | mean_|grad|=0.000024 (n=1)
  [trace step 83] block 0: fast=179 medium=199 slow=134 | mean_alpha=0.2155 | mean_|grad|=0.000051 (n=1)
  [trace step 83] block 1: fast=179 medium=199 slow=134 | mean_alpha=0.2156 | mean_|grad|=0.000036 (n=1)
  [trace step 83] block 2: fast=179 medium=199 slow=134 | mean_alpha=0.2155 | mean_|grad|=0.000025 (n=1)
  [trace step 83] block 3: fast=179 medium=199 slow=134 | mean_alpha=0.2155 | mean_|grad|=0.000024 (n=1)
  [trace step 83] block 4: fast=179 medium=199 slow=134 | mean_alpha=0.2155 | mean_|grad|=0.000026 (n=1)
  [trace step 84] block 0: fast=179 medium=199 slow=134 | mean_alpha=0.2155 | mean_|grad|=0.000058 (n=1)
  [trace step 84] block 1: fast=179 medium=199 slow=134 | mean_alpha=0.2156 | mean_|grad|=0.000040 (n=1)
  [trace step 84] block 2: fast=179 medium=199 slow=134 | mean_alpha=0.2155 | mean_|grad|=0.000029 (n=1)
  [trace step 84] block 3: fast=179 medium=199 slow=134 | mean_alpha=0.2155 | mean_|grad|=0.000023 (n=1)
  [trace step 84] block 4: fast=179 medium=199 slow=134 | mean_alpha=0.2155 | mean_|grad|=0.000018 (n=1)
  [trace step 85] block 0: fast=179 medium=199 slow=134 | mean_alpha=0.2155 | mean_|grad|=0.000053 (n=1)
  [trace step 85] block 1: fast=179 medium=199 slow=134 | mean_alpha=0.2156 | mean_|grad|=0.000035 (n=1)
  [trace step 85] block 2: fast=179 medium=199 slow=134 | mean_alpha=0.2155 | mean_|grad|=0.000029 (n=1)
  [trace step 85] block 3: fast=179 medium=199 slow=134 | mean_alpha=0.2156 | mean_|grad|=0.000024 (n=1)
  [trace step 85] block 4: fast=179 medium=199 slow=134 | mean_alpha=0.2155 | mean_|grad|=0.000022 (n=1)
  [trace step 86] block 0: fast=179 medium=199 slow=134 | mean_alpha=0.2155 | mean_|grad|=0.000052 (n=1)
  [trace step 86] block 1: fast=179 medium=199 slow=134 | mean_alpha=0.2156 | mean_|grad|=0.000043 (n=1)
  [trace step 86] block 2: fast=179 medium=199 slow=134 | mean_alpha=0.2155 | mean_|grad|=0.000029 (n=1)
  [trace step 86] block 3: fast=179 medium=199 slow=134 | mean_alpha=0.2156 | mean_|grad|=0.000028 (n=1)
  [trace step 86] block 4: fast=179 medium=199 slow=134 | mean_alpha=0.2155 | mean_|grad|=0.000023 (n=1)
  [trace step 87] block 0: fast=179 medium=199 slow=134 | mean_alpha=0.2155 | mean_|grad|=0.000062 (n=1)
  [trace step 87] block 1: fast=179 medium=199 slow=134 | mean_alpha=0.2156 | mean_|grad|=0.000045 (n=1)
  [trace step 87] block 2: fast=179 medium=199 slow=134 | mean_alpha=0.2155 | mean_|grad|=0.000028 (n=1)
  [trace step 87] block 3: fast=179 medium=199 slow=134 | mean_alpha=0.2156 | mean_|grad|=0.000023 (n=1)
  [trace step 87] block 4: fast=179 medium=199 slow=134 | mean_alpha=0.2155 | mean_|grad|=0.000024 (n=1)
  [trace step 88] block 0: fast=179 medium=199 slow=134 | mean_alpha=0.2155 | mean_|grad|=0.000054 (n=1)
  [trace step 88] block 1: fast=179 medium=199 slow=134 | mean_alpha=0.2156 | mean_|grad|=0.000042 (n=1)
  [trace step 88] block 2: fast=179 medium=199 slow=134 | mean_alpha=0.2155 | mean_|grad|=0.000026 (n=1)
  [trace step 88] block 3: fast=179 medium=199 slow=134 | mean_alpha=0.2156 | mean_|grad|=0.000023 (n=1)
  [trace step 88] block 4: fast=179 medium=199 slow=134 | mean_alpha=0.2155 | mean_|grad|=0.000022 (n=1)
  [trace step 89] block 0: fast=179 medium=199 slow=134 | mean_alpha=0.2155 | mean_|grad|=0.000055 (n=1)
  [trace step 89] block 1: fast=179 medium=199 slow=134 | mean_alpha=0.2156 | mean_|grad|=0.000035 (n=1)
  [trace step 89] block 2: fast=179 medium=199 slow=134 | mean_alpha=0.2155 | mean_|grad|=0.000029 (n=1)
  [trace step 89] block 3: fast=179 medium=199 slow=134 | mean_alpha=0.2156 | mean_|grad|=0.000024 (n=1)
  [trace step 89] block 4: fast=179 medium=199 slow=134 | mean_alpha=0.2155 | mean_|grad|=0.000022 (n=1)
  [trace step 90] block 0: fast=178 medium=200 slow=134 | mean_alpha=0.2155 | mean_|grad|=0.000059 (n=1)
  [trace step 90] block 1: fast=179 medium=199 slow=134 | mean_alpha=0.2156 | mean_|grad|=0.000034 (n=1)
  [trace step 90] block 2: fast=179 medium=199 slow=134 | mean_alpha=0.2155 | mean_|grad|=0.000028 (n=1)
  [trace step 90] block 3: fast=179 medium=199 slow=134 | mean_alpha=0.2156 | mean_|grad|=0.000023 (n=1)
  [trace step 90] block 4: fast=179 medium=199 slow=134 | mean_alpha=0.2155 | mean_|grad|=0.000023 (n=1)
  [trace step 91] block 0: fast=178 medium=200 slow=134 | mean_alpha=0.2155 | mean_|grad|=0.000057 (n=1)
  [trace step 91] block 1: fast=179 medium=199 slow=134 | mean_alpha=0.2156 | mean_|grad|=0.000036 (n=1)
  [trace step 91] block 2: fast=179 medium=199 slow=134 | mean_alpha=0.2155 | mean_|grad|=0.000026 (n=1)
  [trace step 91] block 3: fast=179 medium=199 slow=134 | mean_alpha=0.2156 | mean_|grad|=0.000025 (n=1)
  [trace step 91] block 4: fast=179 medium=199 slow=134 | mean_alpha=0.2155 | mean_|grad|=0.000022 (n=1)
  [trace step 92] block 0: fast=178 medium=200 slow=134 | mean_alpha=0.2155 | mean_|grad|=0.000057 (n=1)
  [trace step 92] block 1: fast=179 medium=199 slow=134 | mean_alpha=0.2156 | mean_|grad|=0.000036 (n=1)
  [trace step 92] block 2: fast=179 medium=199 slow=134 | mean_alpha=0.2155 | mean_|grad|=0.000027 (n=1)
  [trace step 92] block 3: fast=179 medium=199 slow=134 | mean_alpha=0.2156 | mean_|grad|=0.000026 (n=1)
  [trace step 92] block 4: fast=179 medium=199 slow=134 | mean_alpha=0.2155 | mean_|grad|=0.000023 (n=1)
  [trace step 93] block 0: fast=178 medium=200 slow=134 | mean_alpha=0.2155 | mean_|grad|=0.000052 (n=1)
  [trace step 93] block 1: fast=179 medium=199 slow=134 | mean_alpha=0.2156 | mean_|grad|=0.000037 (n=1)
  [trace step 93] block 2: fast=179 medium=199 slow=134 | mean_alpha=0.2155 | mean_|grad|=0.000032 (n=1)
  [trace step 93] block 3: fast=179 medium=199 slow=134 | mean_alpha=0.2156 | mean_|grad|=0.000025 (n=1)
  [trace step 93] block 4: fast=179 medium=199 slow=134 | mean_alpha=0.2155 | mean_|grad|=0.000018 (n=1)
  [trace step 94] block 0: fast=178 medium=200 slow=134 | mean_alpha=0.2155 | mean_|grad|=0.000052 (n=1)
  [trace step 94] block 1: fast=179 medium=199 slow=134 | mean_alpha=0.2156 | mean_|grad|=0.000043 (n=1)
  [trace step 94] block 2: fast=179 medium=199 slow=134 | mean_alpha=0.2155 | mean_|grad|=0.000029 (n=1)
  [trace step 94] block 3: fast=179 medium=199 slow=134 | mean_alpha=0.2156 | mean_|grad|=0.000025 (n=1)
  [trace step 94] block 4: fast=179 medium=199 slow=134 | mean_alpha=0.2155 | mean_|grad|=0.000023 (n=1)
  [trace step 95] block 0: fast=178 medium=200 slow=134 | mean_alpha=0.2155 | mean_|grad|=0.000052 (n=1)
  [trace step 95] block 1: fast=179 medium=199 slow=134 | mean_alpha=0.2156 | mean_|grad|=0.000037 (n=1)
  [trace step 95] block 2: fast=179 medium=199 slow=134 | mean_alpha=0.2155 | mean_|grad|=0.000028 (n=1)
  [trace step 95] block 3: fast=179 medium=199 slow=134 | mean_alpha=0.2156 | mean_|grad|=0.000026 (n=1)
  [trace step 95] block 4: fast=179 medium=199 slow=134 | mean_alpha=0.2155 | mean_|grad|=0.000023 (n=1)
  [trace step 96] block 0: fast=178 medium=200 slow=134 | mean_alpha=0.2155 | mean_|grad|=0.000055 (n=1)
  [trace step 96] block 1: fast=179 medium=199 slow=134 | mean_alpha=0.2156 | mean_|grad|=0.000039 (n=1)
  [trace step 96] block 2: fast=179 medium=199 slow=134 | mean_alpha=0.2155 | mean_|grad|=0.000031 (n=1)
  [trace step 96] block 3: fast=179 medium=199 slow=134 | mean_alpha=0.2156 | mean_|grad|=0.000024 (n=1)
  [trace step 96] block 4: fast=179 medium=199 slow=134 | mean_alpha=0.2155 | mean_|grad|=0.000024 (n=1)
  [trace step 97] block 0: fast=178 medium=200 slow=134 | mean_alpha=0.2155 | mean_|grad|=0.000058 (n=1)
  [trace step 97] block 1: fast=179 medium=199 slow=134 | mean_alpha=0.2156 | mean_|grad|=0.000040 (n=1)
  [trace step 97] block 2: fast=179 medium=199 slow=134 | mean_alpha=0.2155 | mean_|grad|=0.000026 (n=1)
  [trace step 97] block 3: fast=179 medium=199 slow=134 | mean_alpha=0.2156 | mean_|grad|=0.000024 (n=1)
  [trace step 97] block 4: fast=179 medium=199 slow=134 | mean_alpha=0.2155 | mean_|grad|=0.000022 (n=1)
  [trace step 98] block 0: fast=178 medium=200 slow=134 | mean_alpha=0.2155 | mean_|grad|=0.000050 (n=1)
  [trace step 98] block 1: fast=179 medium=199 slow=134 | mean_alpha=0.2156 | mean_|grad|=0.000036 (n=1)
  [trace step 98] block 2: fast=179 medium=199 slow=134 | mean_alpha=0.2155 | mean_|grad|=0.000026 (n=1)
  [trace step 98] block 3: fast=179 medium=199 slow=134 | mean_alpha=0.2156 | mean_|grad|=0.000027 (n=1)
  [trace step 98] block 4: fast=179 medium=199 slow=134 | mean_alpha=0.2155 | mean_|grad|=0.000026 (n=1)
  [trace step 99] block 0: fast=178 medium=200 slow=134 | mean_alpha=0.2155 | mean_|grad|=0.000054 (n=1)
  [trace step 99] block 1: fast=179 medium=199 slow=134 | mean_alpha=0.2156 | mean_|grad|=0.000035 (n=1)
  [trace step 99] block 2: fast=179 medium=199 slow=134 | mean_alpha=0.2155 | mean_|grad|=0.000026 (n=1)
  [trace step 99] block 3: fast=179 medium=199 slow=134 | mean_alpha=0.2156 | mean_|grad|=0.000024 (n=1)
  [trace step 99] block 4: fast=179 medium=199 slow=134 | mean_alpha=0.2155 | mean_|grad|=0.000022 (n=1)
  [trace step 100] block 0: fast=178 medium=200 slow=134 | mean_alpha=0.2155 | mean_|grad|=0.000061 (n=1)
  [trace step 100] block 1: fast=179 medium=198 slow=135 | mean_alpha=0.2156 | mean_|grad|=0.000041 (n=1)
  [trace step 100] block 2: fast=179 medium=199 slow=134 | mean_alpha=0.2155 | mean_|grad|=0.000032 (n=1)
  [trace step 100] block 3: fast=179 medium=199 slow=134 | mean_alpha=0.2156 | mean_|grad|=0.000025 (n=1)
  [trace step 100] block 4: fast=179 medium=199 slow=134 | mean_alpha=0.2155 | mean_|grad|=0.000023 (n=1)
  [r2c trace step 100] block 0: z mean=1.0052 s mean=0.7455 min=0.7433 max=0.7486 closed=0/512 open=0/512 | mean|s*read|=0.167975 | mean|g| ar=2.65e-4 ib=2.56e-4 z=4.21e-5 (n=50)
  [r2c trace step 100] block 1: z mean=1.0033 s mean=0.7451 min=0.7433 max=0.7473 closed=0/512 open=0/512 | mean|s*read|=0.166484 | mean|g| ar=1.92e-4 ib=1.69e-4 z=3.71e-5 (n=50)
  [r2c trace step 100] block 2: z mean=1.0023 s mean=0.7449 min=0.7426 max=0.7468 closed=0/512 open=0/512 | mean|s*read|=0.163597 | mean|g| ar=1.53e-4 ib=1.33e-4 z=3.30e-5 (n=50)
  [r2c trace step 100] block 3: z mean=1.0016 s mean=0.7448 min=0.7424 max=0.7472 closed=0/512 open=0/512 | mean|s*read|=0.164007 | mean|g| ar=1.36e-4 ib=1.17e-4 z=2.84e-5 (n=50)
  [r2c trace step 100] block 4: z mean=1.0014 s mean=0.7448 min=0.7428 max=0.7471 closed=0/512 open=0/512 | mean|s*read|=0.163229 | mean|g| ar=1.21e-4 ib=1.04e-4 z=1.92e-5 (n=50)
  [trace step 101] block 0: fast=178 medium=200 slow=134 | mean_alpha=0.2155 | mean_|grad|=0.000055 (n=1)
  [trace step 101] block 1: fast=179 medium=198 slow=135 | mean_alpha=0.2156 | mean_|grad|=0.000037 (n=1)
  [trace step 101] block 2: fast=179 medium=199 slow=134 | mean_alpha=0.2155 | mean_|grad|=0.000032 (n=1)
  [trace step 101] block 3: fast=179 medium=199 slow=134 | mean_alpha=0.2156 | mean_|grad|=0.000024 (n=1)
  [trace step 101] block 4: fast=179 medium=199 slow=134 | mean_alpha=0.2155 | mean_|grad|=0.000025 (n=1)
  [trace step 102] block 0: fast=178 medium=200 slow=134 | mean_alpha=0.2155 | mean_|grad|=0.000055 (n=1)
  [trace step 102] block 1: fast=179 medium=198 slow=135 | mean_alpha=0.2156 | mean_|grad|=0.000034 (n=1)
  [trace step 102] block 2: fast=179 medium=199 slow=134 | mean_alpha=0.2155 | mean_|grad|=0.000028 (n=1)
  [trace step 102] block 3: fast=179 medium=199 slow=134 | mean_alpha=0.2156 | mean_|grad|=0.000027 (n=1)
  [trace step 102] block 4: fast=179 medium=199 slow=134 | mean_alpha=0.2155 | mean_|grad|=0.000024 (n=1)
  [trace step 103] block 0: fast=178 medium=200 slow=134 | mean_alpha=0.2155 | mean_|grad|=0.000054 (n=1)
  [trace step 103] block 1: fast=179 medium=198 slow=135 | mean_alpha=0.2156 | mean_|grad|=0.000035 (n=1)
  [trace step 103] block 2: fast=179 medium=199 slow=134 | mean_alpha=0.2155 | mean_|grad|=0.000029 (n=1)
  [trace step 103] block 3: fast=179 medium=199 slow=134 | mean_alpha=0.2156 | mean_|grad|=0.000024 (n=1)
  [trace step 103] block 4: fast=179 medium=199 slow=134 | mean_alpha=0.2155 | mean_|grad|=0.000026 (n=1)
  [trace step 104] block 0: fast=178 medium=200 slow=134 | mean_alpha=0.2155 | mean_|grad|=0.000053 (n=1)
  [trace step 104] block 1: fast=179 medium=198 slow=135 | mean_alpha=0.2156 | mean_|grad|=0.000041 (n=1)
  [trace step 104] block 2: fast=179 medium=199 slow=134 | mean_alpha=0.2155 | mean_|grad|=0.000028 (n=1)
  [trace step 104] block 3: fast=179 medium=199 slow=134 | mean_alpha=0.2156 | mean_|grad|=0.000032 (n=1)
  [trace step 104] block 4: fast=179 medium=199 slow=134 | mean_alpha=0.2155 | mean_|grad|=0.000021 (n=1)
  [trace step 105] block 0: fast=178 medium=200 slow=134 | mean_alpha=0.2155 | mean_|grad|=0.000054 (n=1)
  [trace step 105] block 1: fast=179 medium=198 slow=135 | mean_alpha=0.2156 | mean_|grad|=0.000037 (n=1)
  [trace step 105] block 2: fast=179 medium=199 slow=134 | mean_alpha=0.2155 | mean_|grad|=0.000028 (n=1)
  [trace step 105] block 3: fast=179 medium=199 slow=134 | mean_alpha=0.2156 | mean_|grad|=0.000025 (n=1)
  [trace step 105] block 4: fast=179 medium=199 slow=134 | mean_alpha=0.2155 | mean_|grad|=0.000024 (n=1)
  [trace step 106] block 0: fast=178 medium=200 slow=134 | mean_alpha=0.2155 | mean_|grad|=0.000061 (n=1)
  [trace step 106] block 1: fast=179 medium=198 slow=135 | mean_alpha=0.2156 | mean_|grad|=0.000034 (n=1)
  [trace step 106] block 2: fast=179 medium=199 slow=134 | mean_alpha=0.2155 | mean_|grad|=0.000031 (n=1)
  [trace step 106] block 3: fast=179 medium=199 slow=134 | mean_alpha=0.2156 | mean_|grad|=0.000027 (n=1)
  [trace step 106] block 4: fast=179 medium=199 slow=134 | mean_alpha=0.2155 | mean_|grad|=0.000025 (n=1)
  [trace step 107] block 0: fast=178 medium=200 slow=134 | mean_alpha=0.2155 | mean_|grad|=0.000050 (n=1)
  [trace step 107] block 1: fast=179 medium=198 slow=135 | mean_alpha=0.2156 | mean_|grad|=0.000038 (n=1)
  [trace step 107] block 2: fast=179 medium=199 slow=134 | mean_alpha=0.2155 | mean_|grad|=0.000030 (n=1)
  [trace step 107] block 3: fast=179 medium=199 slow=134 | mean_alpha=0.2156 | mean_|grad|=0.000025 (n=1)
  [trace step 107] block 4: fast=179 medium=199 slow=134 | mean_alpha=0.2155 | mean_|grad|=0.000026 (n=1)
  [trace step 108] block 0: fast=178 medium=200 slow=134 | mean_alpha=0.2155 | mean_|grad|=0.000059 (n=1)
  [trace step 108] block 1: fast=179 medium=198 slow=135 | mean_alpha=0.2156 | mean_|grad|=0.000037 (n=1)
  [trace step 108] block 2: fast=179 medium=199 slow=134 | mean_alpha=0.2155 | mean_|grad|=0.000029 (n=1)
  [trace step 108] block 3: fast=179 medium=199 slow=134 | mean_alpha=0.2156 | mean_|grad|=0.000025 (n=1)
  [trace step 108] block 4: fast=179 medium=199 slow=134 | mean_alpha=0.2155 | mean_|grad|=0.000023 (n=1)
  [trace step 109] block 0: fast=178 medium=200 slow=134 | mean_alpha=0.2155 | mean_|grad|=0.000054 (n=1)
  [trace step 109] block 1: fast=179 medium=198 slow=135 | mean_alpha=0.2156 | mean_|grad|=0.000036 (n=1)
  [trace step 109] block 2: fast=179 medium=199 slow=134 | mean_alpha=0.2155 | mean_|grad|=0.000029 (n=1)
  [trace step 109] block 3: fast=179 medium=199 slow=134 | mean_alpha=0.2156 | mean_|grad|=0.000025 (n=1)
  [trace step 109] block 4: fast=179 medium=199 slow=134 | mean_alpha=0.2155 | mean_|grad|=0.000026 (n=1)
  [trace step 110] block 0: fast=178 medium=200 slow=134 | mean_alpha=0.2155 | mean_|grad|=0.000058 (n=1)
  [trace step 110] block 1: fast=179 medium=198 slow=135 | mean_alpha=0.2156 | mean_|grad|=0.000039 (n=1)
  [trace step 110] block 2: fast=179 medium=199 slow=134 | mean_alpha=0.2155 | mean_|grad|=0.000030 (n=1)
  [trace step 110] block 3: fast=179 medium=199 slow=134 | mean_alpha=0.2156 | mean_|grad|=0.000026 (n=1)
  [trace step 110] block 4: fast=179 medium=199 slow=134 | mean_alpha=0.2155 | mean_|grad|=0.000023 (n=1)
  [trace step 111] block 0: fast=178 medium=200 slow=134 | mean_alpha=0.2155 | mean_|grad|=0.000055 (n=1)
  [trace step 111] block 1: fast=179 medium=198 slow=135 | mean_alpha=0.2156 | mean_|grad|=0.000033 (n=1)
  [trace step 111] block 2: fast=179 medium=199 slow=134 | mean_alpha=0.2155 | mean_|grad|=0.000033 (n=1)
  [trace step 111] block 3: fast=179 medium=199 slow=134 | mean_alpha=0.2156 | mean_|grad|=0.000025 (n=1)
  [trace step 111] block 4: fast=179 medium=199 slow=134 | mean_alpha=0.2155 | mean_|grad|=0.000024 (n=1)
  [trace step 112] block 0: fast=178 medium=200 slow=134 | mean_alpha=0.2155 | mean_|grad|=0.000056 (n=1)
  [trace step 112] block 1: fast=179 medium=198 slow=135 | mean_alpha=0.2156 | mean_|grad|=0.000039 (n=1)
  [trace step 112] block 2: fast=179 medium=199 slow=134 | mean_alpha=0.2155 | mean_|grad|=0.000029 (n=1)
  [trace step 112] block 3: fast=179 medium=199 slow=134 | mean_alpha=0.2156 | mean_|grad|=0.000026 (n=1)
  [trace step 112] block 4: fast=179 medium=199 slow=134 | mean_alpha=0.2155 | mean_|grad|=0.000028 (n=1)
  [trace step 113] block 0: fast=178 medium=200 slow=134 | mean_alpha=0.2155 | mean_|grad|=0.000058 (n=1)
  [trace step 113] block 1: fast=179 medium=198 slow=135 | mean_alpha=0.2156 | mean_|grad|=0.000035 (n=1)
  [trace step 113] block 2: fast=179 medium=199 slow=134 | mean_alpha=0.2155 | mean_|grad|=0.000035 (n=1)
  [trace step 113] block 3: fast=179 medium=199 slow=134 | mean_alpha=0.2156 | mean_|grad|=0.000027 (n=1)
  [trace step 113] block 4: fast=179 medium=199 slow=134 | mean_alpha=0.2155 | mean_|grad|=0.000024 (n=1)
  [trace step 114] block 0: fast=178 medium=200 slow=134 | mean_alpha=0.2155 | mean_|grad|=0.000056 (n=1)
  [trace step 114] block 1: fast=179 medium=198 slow=135 | mean_alpha=0.2156 | mean_|grad|=0.000036 (n=1)
  [trace step 114] block 2: fast=179 medium=199 slow=134 | mean_alpha=0.2155 | mean_|grad|=0.000032 (n=1)
  [trace step 114] block 3: fast=179 medium=199 slow=134 | mean_alpha=0.2156 | mean_|grad|=0.000029 (n=1)
  [trace step 114] block 4: fast=179 medium=199 slow=134 | mean_alpha=0.2155 | mean_|grad|=0.000026 (n=1)
  [trace step 115] block 0: fast=178 medium=200 slow=134 | mean_alpha=0.2155 | mean_|grad|=0.000061 (n=1)
  [trace step 115] block 1: fast=179 medium=198 slow=135 | mean_alpha=0.2156 | mean_|grad|=0.000037 (n=1)
  [trace step 115] block 2: fast=179 medium=199 slow=134 | mean_alpha=0.2155 | mean_|grad|=0.000034 (n=1)
  [trace step 115] block 3: fast=179 medium=199 slow=134 | mean_alpha=0.2156 | mean_|grad|=0.000024 (n=1)
  [trace step 115] block 4: fast=179 medium=199 slow=134 | mean_alpha=0.2155 | mean_|grad|=0.000027 (n=1)
  [trace step 116] block 0: fast=178 medium=200 slow=134 | mean_alpha=0.2155 | mean_|grad|=0.000068 (n=1)
  [trace step 116] block 1: fast=179 medium=198 slow=135 | mean_alpha=0.2156 | mean_|grad|=0.000040 (n=1)
  [trace step 116] block 2: fast=179 medium=199 slow=134 | mean_alpha=0.2155 | mean_|grad|=0.000030 (n=1)
  [trace step 116] block 3: fast=179 medium=199 slow=134 | mean_alpha=0.2156 | mean_|grad|=0.000026 (n=1)
  [trace step 116] block 4: fast=179 medium=199 slow=134 | mean_alpha=0.2155 | mean_|grad|=0.000027 (n=1)
  [trace step 117] block 0: fast=178 medium=200 slow=134 | mean_alpha=0.2155 | mean_|grad|=0.000057 (n=1)
  [trace step 117] block 1: fast=179 medium=198 slow=135 | mean_alpha=0.2156 | mean_|grad|=0.000036 (n=1)
  [trace step 117] block 2: fast=179 medium=199 slow=134 | mean_alpha=0.2155 | mean_|grad|=0.000037 (n=1)
  [trace step 117] block 3: fast=179 medium=199 slow=134 | mean_alpha=0.2156 | mean_|grad|=0.000026 (n=1)
  [trace step 117] block 4: fast=179 medium=199 slow=134 | mean_alpha=0.2155 | mean_|grad|=0.000028 (n=1)
  [trace step 118] block 0: fast=178 medium=200 slow=134 | mean_alpha=0.2155 | mean_|grad|=0.000060 (n=1)
  [trace step 118] block 1: fast=179 medium=198 slow=135 | mean_alpha=0.2156 | mean_|grad|=0.000035 (n=1)
  [trace step 118] block 2: fast=179 medium=199 slow=134 | mean_alpha=0.2155 | mean_|grad|=0.000030 (n=1)
  [trace step 118] block 3: fast=179 medium=199 slow=134 | mean_alpha=0.2156 | mean_|grad|=0.000026 (n=1)
  [trace step 118] block 4: fast=179 medium=199 slow=134 | mean_alpha=0.2155 | mean_|grad|=0.000033 (n=1)
  [trace step 119] block 0: fast=178 medium=200 slow=134 | mean_alpha=0.2155 | mean_|grad|=0.000054 (n=1)
  [trace step 119] block 1: fast=179 medium=198 slow=135 | mean_alpha=0.2156 | mean_|grad|=0.000036 (n=1)
  [trace step 119] block 2: fast=179 medium=199 slow=134 | mean_alpha=0.2155 | mean_|grad|=0.000030 (n=1)
  [trace step 119] block 3: fast=179 medium=199 slow=134 | mean_alpha=0.2156 | mean_|grad|=0.000025 (n=1)
  [trace step 119] block 4: fast=179 medium=199 slow=134 | mean_alpha=0.2155 | mean_|grad|=0.000028 (n=1)
  [trace step 120] block 0: fast=178 medium=200 slow=134 | mean_alpha=0.2155 | mean_|grad|=0.000062 (n=1)
  [trace step 120] block 1: fast=179 medium=198 slow=135 | mean_alpha=0.2156 | mean_|grad|=0.000034 (n=1)
  [trace step 120] block 2: fast=179 medium=199 slow=134 | mean_alpha=0.2155 | mean_|grad|=0.000037 (n=1)
  [trace step 120] block 3: fast=179 medium=199 slow=134 | mean_alpha=0.2156 | mean_|grad|=0.000027 (n=1)
  [trace step 120] block 4: fast=179 medium=199 slow=134 | mean_alpha=0.2155 | mean_|grad|=0.000025 (n=1)
  [trace step 121] block 0: fast=178 medium=200 slow=134 | mean_alpha=0.2155 | mean_|grad|=0.000055 (n=1)
  [trace step 121] block 1: fast=179 medium=198 slow=135 | mean_alpha=0.2156 | mean_|grad|=0.000041 (n=1)
  [trace step 121] block 2: fast=179 medium=199 slow=134 | mean_alpha=0.2155 | mean_|grad|=0.000032 (n=1)
  [trace step 121] block 3: fast=179 medium=199 slow=134 | mean_alpha=0.2156 | mean_|grad|=0.000031 (n=1)
  [trace step 121] block 4: fast=179 medium=199 slow=134 | mean_alpha=0.2155 | mean_|grad|=0.000029 (n=1)
  [trace step 122] block 0: fast=178 medium=200 slow=134 | mean_alpha=0.2155 | mean_|grad|=0.000056 (n=1)
  [trace step 122] block 1: fast=179 medium=198 slow=135 | mean_alpha=0.2156 | mean_|grad|=0.000040 (n=1)
  [trace step 122] block 2: fast=179 medium=199 slow=134 | mean_alpha=0.2155 | mean_|grad|=0.000033 (n=1)
  [trace step 122] block 3: fast=179 medium=199 slow=134 | mean_alpha=0.2156 | mean_|grad|=0.000029 (n=1)
  [trace step 122] block 4: fast=179 medium=199 slow=134 | mean_alpha=0.2155 | mean_|grad|=0.000026 (n=1)
  [trace step 123] block 0: fast=178 medium=200 slow=134 | mean_alpha=0.2155 | mean_|grad|=0.000051 (n=1)
  [trace step 123] block 1: fast=179 medium=198 slow=135 | mean_alpha=0.2156 | mean_|grad|=0.000039 (n=1)
  [trace step 123] block 2: fast=179 medium=199 slow=134 | mean_alpha=0.2155 | mean_|grad|=0.000033 (n=1)
  [trace step 123] block 3: fast=179 medium=199 slow=134 | mean_alpha=0.2156 | mean_|grad|=0.000030 (n=1)
  [trace step 123] block 4: fast=179 medium=199 slow=134 | mean_alpha=0.2155 | mean_|grad|=0.000029 (n=1)
  [trace step 124] block 0: fast=178 medium=200 slow=134 | mean_alpha=0.2155 | mean_|grad|=0.000066 (n=1)
  [trace step 124] block 1: fast=179 medium=198 slow=135 | mean_alpha=0.2156 | mean_|grad|=0.000043 (n=1)
  [trace step 124] block 2: fast=179 medium=199 slow=134 | mean_alpha=0.2155 | mean_|grad|=0.000032 (n=1)
  [trace step 124] block 3: fast=179 medium=199 slow=134 | mean_alpha=0.2156 | mean_|grad|=0.000031 (n=1)
  [trace step 124] block 4: fast=179 medium=199 slow=134 | mean_alpha=0.2155 | mean_|grad|=0.000026 (n=1)
  [trace step 125] block 0: fast=178 medium=200 slow=134 | mean_alpha=0.2155 | mean_|grad|=0.000064 (n=1)
  [trace step 125] block 1: fast=179 medium=198 slow=135 | mean_alpha=0.2156 | mean_|grad|=0.000038 (n=1)
  [trace step 125] block 2: fast=179 medium=199 slow=134 | mean_alpha=0.2155 | mean_|grad|=0.000031 (n=1)
  [trace step 125] block 3: fast=179 medium=199 slow=134 | mean_alpha=0.2156 | mean_|grad|=0.000026 (n=1)
  [trace step 125] block 4: fast=179 medium=199 slow=134 | mean_alpha=0.2155 | mean_|grad|=0.000026 (n=1)
  [trace step 126] block 0: fast=178 medium=200 slow=134 | mean_alpha=0.2155 | mean_|grad|=0.000057 (n=1)
  [trace step 126] block 1: fast=179 medium=198 slow=135 | mean_alpha=0.2156 | mean_|grad|=0.000039 (n=1)
  [trace step 126] block 2: fast=179 medium=199 slow=134 | mean_alpha=0.2155 | mean_|grad|=0.000031 (n=1)
  [trace step 126] block 3: fast=179 medium=199 slow=134 | mean_alpha=0.2156 | mean_|grad|=0.000032 (n=1)
  [trace step 126] block 4: fast=179 medium=199 slow=134 | mean_alpha=0.2155 | mean_|grad|=0.000030 (n=1)
  [trace step 127] block 0: fast=178 medium=200 slow=134 | mean_alpha=0.2155 | mean_|grad|=0.000060 (n=1)
  [trace step 127] block 1: fast=179 medium=198 slow=135 | mean_alpha=0.2156 | mean_|grad|=0.000043 (n=1)
  [trace step 127] block 2: fast=179 medium=199 slow=134 | mean_alpha=0.2155 | mean_|grad|=0.000030 (n=1)
  [trace step 127] block 3: fast=179 medium=199 slow=134 | mean_alpha=0.2156 | mean_|grad|=0.000026 (n=1)
  [trace step 127] block 4: fast=179 medium=199 slow=134 | mean_alpha=0.2155 | mean_|grad|=0.000029 (n=1)
  [trace step 128] block 0: fast=178 medium=200 slow=134 | mean_alpha=0.2155 | mean_|grad|=0.000046 (n=1)
  [trace step 128] block 1: fast=179 medium=198 slow=135 | mean_alpha=0.2156 | mean_|grad|=0.000036 (n=1)
  [trace step 128] block 2: fast=179 medium=199 slow=134 | mean_alpha=0.2155 | mean_|grad|=0.000031 (n=1)
  [trace step 128] block 3: fast=179 medium=199 slow=134 | mean_alpha=0.2156 | mean_|grad|=0.000027 (n=1)
  [trace step 128] block 4: fast=179 medium=199 slow=134 | mean_alpha=0.2155 | mean_|grad|=0.000026 (n=1)
  [trace step 129] block 0: fast=178 medium=200 slow=134 | mean_alpha=0.2155 | mean_|grad|=0.000072 (n=1)
  [trace step 129] block 1: fast=179 medium=198 slow=135 | mean_alpha=0.2156 | mean_|grad|=0.000042 (n=1)
  [trace step 129] block 2: fast=179 medium=199 slow=134 | mean_alpha=0.2155 | mean_|grad|=0.000033 (n=1)
  [trace step 129] block 3: fast=179 medium=199 slow=134 | mean_alpha=0.2156 | mean_|grad|=0.000027 (n=1)
  [trace step 129] block 4: fast=179 medium=199 slow=134 | mean_alpha=0.2155 | mean_|grad|=0.000028 (n=1)
  [trace step 130] block 0: fast=178 medium=200 slow=134 | mean_alpha=0.2155 | mean_|grad|=0.000058 (n=1)
  [trace step 130] block 1: fast=179 medium=198 slow=135 | mean_alpha=0.2156 | mean_|grad|=0.000038 (n=1)
  [trace step 130] block 2: fast=179 medium=199 slow=134 | mean_alpha=0.2155 | mean_|grad|=0.000031 (n=1)
  [trace step 130] block 3: fast=179 medium=199 slow=134 | mean_alpha=0.2156 | mean_|grad|=0.000028 (n=1)
  [trace step 130] block 4: fast=179 medium=199 slow=134 | mean_alpha=0.2155 | mean_|grad|=0.000026 (n=1)
  [trace step 131] block 0: fast=178 medium=200 slow=134 | mean_alpha=0.2155 | mean_|grad|=0.000081 (n=1)
  [trace step 131] block 1: fast=179 medium=198 slow=135 | mean_alpha=0.2156 | mean_|grad|=0.000040 (n=1)
  [trace step 131] block 2: fast=179 medium=199 slow=134 | mean_alpha=0.2155 | mean_|grad|=0.000038 (n=1)
  [trace step 131] block 3: fast=179 medium=199 slow=134 | mean_alpha=0.2156 | mean_|grad|=0.000027 (n=1)
  [trace step 131] block 4: fast=179 medium=199 slow=134 | mean_alpha=0.2155 | mean_|grad|=0.000029 (n=1)
  [trace step 132] block 0: fast=178 medium=200 slow=134 | mean_alpha=0.2155 | mean_|grad|=0.000057 (n=1)
  [trace step 132] block 1: fast=179 medium=198 slow=135 | mean_alpha=0.2156 | mean_|grad|=0.000035 (n=1)
  [trace step 132] block 2: fast=179 medium=199 slow=134 | mean_alpha=0.2155 | mean_|grad|=0.000036 (n=1)
  [trace step 132] block 3: fast=179 medium=199 slow=134 | mean_alpha=0.2156 | mean_|grad|=0.000027 (n=1)
  [trace step 132] block 4: fast=179 medium=199 slow=134 | mean_alpha=0.2155 | mean_|grad|=0.000030 (n=1)
  [trace step 133] block 0: fast=178 medium=200 slow=134 | mean_alpha=0.2155 | mean_|grad|=0.000058 (n=1)
  [trace step 133] block 1: fast=179 medium=198 slow=135 | mean_alpha=0.2156 | mean_|grad|=0.000039 (n=1)
  [trace step 133] block 2: fast=179 medium=199 slow=134 | mean_alpha=0.2155 | mean_|grad|=0.000035 (n=1)
  [trace step 133] block 3: fast=179 medium=199 slow=134 | mean_alpha=0.2156 | mean_|grad|=0.000029 (n=1)
  [trace step 133] block 4: fast=179 medium=199 slow=134 | mean_alpha=0.2155 | mean_|grad|=0.000030 (n=1)
  [trace step 134] block 0: fast=178 medium=200 slow=134 | mean_alpha=0.2155 | mean_|grad|=0.000055 (n=1)
  [trace step 134] block 1: fast=179 medium=198 slow=135 | mean_alpha=0.2156 | mean_|grad|=0.000040 (n=1)
  [trace step 134] block 2: fast=179 medium=199 slow=134 | mean_alpha=0.2155 | mean_|grad|=0.000047 (n=1)
  [trace step 134] block 3: fast=179 medium=199 slow=134 | mean_alpha=0.2156 | mean_|grad|=0.000027 (n=1)
  [trace step 134] block 4: fast=179 medium=199 slow=134 | mean_alpha=0.2155 | mean_|grad|=0.000030 (n=1)
  [trace step 135] block 0: fast=178 medium=200 slow=134 | mean_alpha=0.2155 | mean_|grad|=0.000096 (n=1)
  [trace step 135] block 1: fast=179 medium=198 slow=135 | mean_alpha=0.2156 | mean_|grad|=0.000046 (n=1)
  [trace step 135] block 2: fast=179 medium=199 slow=134 | mean_alpha=0.2155 | mean_|grad|=0.000042 (n=1)
  [trace step 135] block 3: fast=179 medium=199 slow=134 | mean_alpha=0.2156 | mean_|grad|=0.000031 (n=1)
  [trace step 135] block 4: fast=179 medium=199 slow=134 | mean_alpha=0.2155 | mean_|grad|=0.000028 (n=1)
  [trace step 136] block 0: fast=178 medium=200 slow=134 | mean_alpha=0.2155 | mean_|grad|=0.000059 (n=1)
  [trace step 136] block 1: fast=179 medium=198 slow=135 | mean_alpha=0.2156 | mean_|grad|=0.000037 (n=1)
  [trace step 136] block 2: fast=179 medium=199 slow=134 | mean_alpha=0.2155 | mean_|grad|=0.000039 (n=1)
  [trace step 136] block 3: fast=179 medium=199 slow=134 | mean_alpha=0.2156 | mean_|grad|=0.000031 (n=1)
  [trace step 136] block 4: fast=179 medium=199 slow=134 | mean_alpha=0.2155 | mean_|grad|=0.000034 (n=1)
  [trace step 137] block 0: fast=178 medium=200 slow=134 | mean_alpha=0.2155 | mean_|grad|=0.000059 (n=1)
  [trace step 137] block 1: fast=179 medium=198 slow=135 | mean_alpha=0.2156 | mean_|grad|=0.000040 (n=1)
  [trace step 137] block 2: fast=179 medium=199 slow=134 | mean_alpha=0.2155 | mean_|grad|=0.000037 (n=1)
  [trace step 137] block 3: fast=179 medium=199 slow=134 | mean_alpha=0.2156 | mean_|grad|=0.000027 (n=1)
  [trace step 137] block 4: fast=179 medium=199 slow=134 | mean_alpha=0.2155 | mean_|grad|=0.000027 (n=1)
  [trace step 138] block 0: fast=178 medium=200 slow=134 | mean_alpha=0.2155 | mean_|grad|=0.000054 (n=1)
  [trace step 138] block 1: fast=179 medium=198 slow=135 | mean_alpha=0.2156 | mean_|grad|=0.000044 (n=1)
  [trace step 138] block 2: fast=179 medium=199 slow=134 | mean_alpha=0.2155 | mean_|grad|=0.000038 (n=1)
  [trace step 138] block 3: fast=179 medium=199 slow=134 | mean_alpha=0.2156 | mean_|grad|=0.000032 (n=1)
  [trace step 138] block 4: fast=179 medium=199 slow=134 | mean_alpha=0.2155 | mean_|grad|=0.000034 (n=1)
  [trace step 139] block 0: fast=178 medium=200 slow=134 | mean_alpha=0.2155 | mean_|grad|=0.000053 (n=1)
  [trace step 139] block 1: fast=179 medium=198 slow=135 | mean_alpha=0.2156 | mean_|grad|=0.000038 (n=1)
  [trace step 139] block 2: fast=179 medium=199 slow=134 | mean_alpha=0.2155 | mean_|grad|=0.000042 (n=1)
  [trace step 139] block 3: fast=179 medium=199 slow=134 | mean_alpha=0.2156 | mean_|grad|=0.000032 (n=1)
  [trace step 139] block 4: fast=179 medium=199 slow=134 | mean_alpha=0.2155 | mean_|grad|=0.000038 (n=1)
  [trace step 140] block 0: fast=178 medium=200 slow=134 | mean_alpha=0.2155 | mean_|grad|=0.000055 (n=1)
  [trace step 140] block 1: fast=179 medium=198 slow=135 | mean_alpha=0.2156 | mean_|grad|=0.000044 (n=1)
  [trace step 140] block 2: fast=179 medium=199 slow=134 | mean_alpha=0.2155 | mean_|grad|=0.000041 (n=1)
  [trace step 140] block 3: fast=179 medium=199 slow=134 | mean_alpha=0.2156 | mean_|grad|=0.000034 (n=1)
  [trace step 140] block 4: fast=179 medium=199 slow=134 | mean_alpha=0.2155 | mean_|grad|=0.000032 (n=1)
  [trace step 141] block 0: fast=178 medium=200 slow=134 | mean_alpha=0.2155 | mean_|grad|=0.000062 (n=1)
  [trace step 141] block 1: fast=179 medium=198 slow=135 | mean_alpha=0.2156 | mean_|grad|=0.000039 (n=1)
  [trace step 141] block 2: fast=179 medium=199 slow=134 | mean_alpha=0.2155 | mean_|grad|=0.000034 (n=1)
  [trace step 141] block 3: fast=179 medium=199 slow=134 | mean_alpha=0.2156 | mean_|grad|=0.000031 (n=1)
  [trace step 141] block 4: fast=179 medium=199 slow=134 | mean_alpha=0.2155 | mean_|grad|=0.000038 (n=1)
  [trace step 142] block 0: fast=178 medium=200 slow=134 | mean_alpha=0.2155 | mean_|grad|=0.000052 (n=1)
  [trace step 142] block 1: fast=179 medium=198 slow=135 | mean_alpha=0.2156 | mean_|grad|=0.000042 (n=1)
  [trace step 142] block 2: fast=179 medium=199 slow=134 | mean_alpha=0.2155 | mean_|grad|=0.000038 (n=1)
  [trace step 142] block 3: fast=179 medium=199 slow=134 | mean_alpha=0.2155 | mean_|grad|=0.000032 (n=1)
  [trace step 142] block 4: fast=179 medium=199 slow=134 | mean_alpha=0.2155 | mean_|grad|=0.000031 (n=1)
  [trace step 143] block 0: fast=178 medium=200 slow=134 | mean_alpha=0.2155 | mean_|grad|=0.000066 (n=1)
  [trace step 143] block 1: fast=179 medium=198 slow=135 | mean_alpha=0.2156 | mean_|grad|=0.000040 (n=1)
  [trace step 143] block 2: fast=179 medium=199 slow=134 | mean_alpha=0.2155 | mean_|grad|=0.000038 (n=1)
  [trace step 143] block 3: fast=179 medium=199 slow=134 | mean_alpha=0.2155 | mean_|grad|=0.000034 (n=1)
  [trace step 143] block 4: fast=179 medium=199 slow=134 | mean_alpha=0.2155 | mean_|grad|=0.000046 (n=1)
  [trace step 144] block 0: fast=178 medium=200 slow=134 | mean_alpha=0.2155 | mean_|grad|=0.000066 (n=1)
  [trace step 144] block 1: fast=179 medium=198 slow=135 | mean_alpha=0.2155 | mean_|grad|=0.000042 (n=1)
  [trace step 144] block 2: fast=179 medium=199 slow=134 | mean_alpha=0.2155 | mean_|grad|=0.000048 (n=1)
  [trace step 144] block 3: fast=179 medium=199 slow=134 | mean_alpha=0.2155 | mean_|grad|=0.000033 (n=1)
  [trace step 144] block 4: fast=179 medium=199 slow=134 | mean_alpha=0.2155 | mean_|grad|=0.000035 (n=1)
  [trace step 145] block 0: fast=178 medium=200 slow=134 | mean_alpha=0.2155 | mean_|grad|=0.000062 (n=1)
  [trace step 145] block 1: fast=179 medium=198 slow=135 | mean_alpha=0.2155 | mean_|grad|=0.000054 (n=1)
  [trace step 145] block 2: fast=179 medium=199 slow=134 | mean_alpha=0.2155 | mean_|grad|=0.000049 (n=1)
  [trace step 145] block 3: fast=179 medium=199 slow=134 | mean_alpha=0.2155 | mean_|grad|=0.000041 (n=1)
  [trace step 145] block 4: fast=179 medium=199 slow=134 | mean_alpha=0.2155 | mean_|grad|=0.000043 (n=1)
  [trace step 146] block 0: fast=178 medium=200 slow=134 | mean_alpha=0.2155 | mean_|grad|=0.000069 (n=1)
  [trace step 146] block 1: fast=179 medium=198 slow=135 | mean_alpha=0.2155 | mean_|grad|=0.000047 (n=1)
  [trace step 146] block 2: fast=179 medium=199 slow=134 | mean_alpha=0.2155 | mean_|grad|=0.000045 (n=1)
  [trace step 146] block 3: fast=179 medium=199 slow=134 | mean_alpha=0.2155 | mean_|grad|=0.000035 (n=1)
  [trace step 146] block 4: fast=179 medium=199 slow=134 | mean_alpha=0.2155 | mean_|grad|=0.000032 (n=1)
  [trace step 147] block 0: fast=178 medium=200 slow=134 | mean_alpha=0.2155 | mean_|grad|=0.000062 (n=1)
  [trace step 147] block 1: fast=179 medium=198 slow=135 | mean_alpha=0.2155 | mean_|grad|=0.000042 (n=1)
  [trace step 147] block 2: fast=179 medium=199 slow=134 | mean_alpha=0.2155 | mean_|grad|=0.000051 (n=1)
  [trace step 147] block 3: fast=179 medium=199 slow=134 | mean_alpha=0.2155 | mean_|grad|=0.000036 (n=1)
  [trace step 147] block 4: fast=179 medium=199 slow=134 | mean_alpha=0.2155 | mean_|grad|=0.000042 (n=1)
  [trace step 148] block 0: fast=178 medium=200 slow=134 | mean_alpha=0.2155 | mean_|grad|=0.000060 (n=1)
  [trace step 148] block 1: fast=179 medium=198 slow=135 | mean_alpha=0.2155 | mean_|grad|=0.000046 (n=1)
  [trace step 148] block 2: fast=180 medium=198 slow=134 | mean_alpha=0.2155 | mean_|grad|=0.000042 (n=1)
  [trace step 148] block 3: fast=179 medium=199 slow=134 | mean_alpha=0.2155 | mean_|grad|=0.000038 (n=1)
  [trace step 148] block 4: fast=179 medium=199 slow=134 | mean_alpha=0.2155 | mean_|grad|=0.000035 (n=1)
  [trace step 149] block 0: fast=178 medium=200 slow=134 | mean_alpha=0.2155 | mean_|grad|=0.000057 (n=1)
  [trace step 149] block 1: fast=179 medium=198 slow=135 | mean_alpha=0.2155 | mean_|grad|=0.000044 (n=1)
  [trace step 149] block 2: fast=180 medium=198 slow=134 | mean_alpha=0.2155 | mean_|grad|=0.000038 (n=1)
  [trace step 149] block 3: fast=179 medium=199 slow=134 | mean_alpha=0.2155 | mean_|grad|=0.000040 (n=1)
  [trace step 149] block 4: fast=179 medium=199 slow=134 | mean_alpha=0.2155 | mean_|grad|=0.000036 (n=1)
  [trace step 150] block 0: fast=178 medium=200 slow=134 | mean_alpha=0.2155 | mean_|grad|=0.000065 (n=1)
  [trace step 150] block 1: fast=179 medium=198 slow=135 | mean_alpha=0.2155 | mean_|grad|=0.000047 (n=1)
  [trace step 150] block 2: fast=180 medium=198 slow=134 | mean_alpha=0.2155 | mean_|grad|=0.000041 (n=1)
  [trace step 150] block 3: fast=179 medium=199 slow=134 | mean_alpha=0.2155 | mean_|grad|=0.000036 (n=1)
  [trace step 150] block 4: fast=179 medium=199 slow=134 | mean_alpha=0.2155 | mean_|grad|=0.000036 (n=1)
  [r2c trace step 150] block 0: z mean=1.0139 s mean=0.7471 min=0.7432 max=0.7522 closed=0/512 open=0/512 | mean|s*read|=0.184249 | mean|g| ar=2.66e-4 ib=3.23e-4 z=2.68e-5 (n=50)
  [r2c trace step 150] block 1: z mean=1.0097 s mean=0.7463 min=0.7432 max=0.7498 closed=0/512 open=0/512 | mean|s*read|=0.185333 | mean|g| ar=2.05e-4 ib=2.04e-4 z=1.97e-5 (n=50)
  [r2c trace step 150] block 2: z mean=1.0079 s mean=0.7460 min=0.7423 max=0.7500 closed=0/512 open=0/512 | mean|s*read|=0.192690 | mean|g| ar=1.85e-4 ib=1.69e-4 z=2.19e-5 (n=50)
  [r2c trace step 150] block 3: z mean=1.0067 s mean=0.7458 min=0.7426 max=0.7495 closed=0/512 open=0/512 | mean|s*read|=0.203973 | mean|g| ar=1.64e-4 ib=1.47e-4 z=2.33e-5 (n=50)
  [r2c trace step 150] block 4: z mean=1.0064 s mean=0.7457 min=0.7427 max=0.7494 closed=0/512 open=0/512 | mean|s*read|=0.204838 | mean|g| ar=1.53e-4 ib=1.35e-4 z=1.60e-5 (n=50)
  [trace step 151] block 0: fast=178 medium=200 slow=134 | mean_alpha=0.2155 | mean_|grad|=0.000065 (n=1)
  [trace step 151] block 1: fast=179 medium=198 slow=135 | mean_alpha=0.2155 | mean_|grad|=0.000045 (n=1)
  [trace step 151] block 2: fast=180 medium=198 slow=134 | mean_alpha=0.2155 | mean_|grad|=0.000040 (n=1)
  [trace step 151] block 3: fast=179 medium=199 slow=134 | mean_alpha=0.2155 | mean_|grad|=0.000040 (n=1)
  [trace step 151] block 4: fast=179 medium=199 slow=134 | mean_alpha=0.2155 | mean_|grad|=0.000040 (n=1)
  [trace step 152] block 0: fast=178 medium=200 slow=134 | mean_alpha=0.2155 | mean_|grad|=0.000069 (n=1)
  [trace step 152] block 1: fast=179 medium=198 slow=135 | mean_alpha=0.2155 | mean_|grad|=0.000051 (n=1)
  [trace step 152] block 2: fast=180 medium=198 slow=134 | mean_alpha=0.2155 | mean_|grad|=0.000062 (n=1)
  [trace step 152] block 3: fast=179 medium=199 slow=134 | mean_alpha=0.2155 | mean_|grad|=0.000040 (n=1)
  [trace step 152] block 4: fast=179 medium=199 slow=134 | mean_alpha=0.2155 | mean_|grad|=0.000041 (n=1)
  [trace step 153] block 0: fast=178 medium=200 slow=134 | mean_alpha=0.2155 | mean_|grad|=0.000060 (n=1)
  [trace step 153] block 1: fast=179 medium=198 slow=135 | mean_alpha=0.2155 | mean_|grad|=0.000041 (n=1)
  [trace step 153] block 2: fast=180 medium=198 slow=134 | mean_alpha=0.2155 | mean_|grad|=0.000057 (n=1)
  [trace step 153] block 3: fast=179 medium=199 slow=134 | mean_alpha=0.2155 | mean_|grad|=0.000042 (n=1)
  [trace step 153] block 4: fast=179 medium=199 slow=134 | mean_alpha=0.2155 | mean_|grad|=0.000042 (n=1)
  [trace step 154] block 0: fast=178 medium=200 slow=134 | mean_alpha=0.2155 | mean_|grad|=0.000067 (n=1)
  [trace step 154] block 1: fast=179 medium=198 slow=135 | mean_alpha=0.2155 | mean_|grad|=0.000054 (n=1)
  [trace step 154] block 2: fast=180 medium=198 slow=134 | mean_alpha=0.2155 | mean_|grad|=0.000050 (n=1)
  [trace step 154] block 3: fast=179 medium=199 slow=134 | mean_alpha=0.2155 | mean_|grad|=0.000042 (n=1)
  [trace step 154] block 4: fast=179 medium=199 slow=134 | mean_alpha=0.2155 | mean_|grad|=0.000043 (n=1)
  [trace step 155] block 0: fast=178 medium=200 slow=134 | mean_alpha=0.2155 | mean_|grad|=0.000054 (n=1)
  [trace step 155] block 1: fast=179 medium=198 slow=135 | mean_alpha=0.2155 | mean_|grad|=0.000050 (n=1)
  [trace step 155] block 2: fast=180 medium=198 slow=134 | mean_alpha=0.2155 | mean_|grad|=0.000047 (n=1)
  [trace step 155] block 3: fast=179 medium=199 slow=134 | mean_alpha=0.2155 | mean_|grad|=0.000045 (n=1)
  [trace step 155] block 4: fast=179 medium=199 slow=134 | mean_alpha=0.2155 | mean_|grad|=0.000045 (n=1)
  [trace step 156] block 0: fast=178 medium=200 slow=134 | mean_alpha=0.2155 | mean_|grad|=0.000068 (n=1)
  [trace step 156] block 1: fast=179 medium=198 slow=135 | mean_alpha=0.2155 | mean_|grad|=0.000058 (n=1)
  [trace step 156] block 2: fast=180 medium=198 slow=134 | mean_alpha=0.2155 | mean_|grad|=0.000042 (n=1)
  [trace step 156] block 3: fast=179 medium=199 slow=134 | mean_alpha=0.2155 | mean_|grad|=0.000046 (n=1)
  [trace step 156] block 4: fast=179 medium=199 slow=134 | mean_alpha=0.2155 | mean_|grad|=0.000047 (n=1)
  [trace step 157] block 0: fast=178 medium=200 slow=134 | mean_alpha=0.2155 | mean_|grad|=0.000069 (n=1)
  [trace step 157] block 1: fast=179 medium=198 slow=135 | mean_alpha=0.2155 | mean_|grad|=0.000047 (n=1)
  [trace step 157] block 2: fast=180 medium=198 slow=134 | mean_alpha=0.2155 | mean_|grad|=0.000048 (n=1)
  [trace step 157] block 3: fast=179 medium=199 slow=134 | mean_alpha=0.2155 | mean_|grad|=0.000044 (n=1)
  [trace step 157] block 4: fast=179 medium=199 slow=134 | mean_alpha=0.2155 | mean_|grad|=0.000051 (n=1)
  [trace step 158] block 0: fast=178 medium=200 slow=134 | mean_alpha=0.2155 | mean_|grad|=0.000072 (n=1)
  [trace step 158] block 1: fast=179 medium=198 slow=135 | mean_alpha=0.2155 | mean_|grad|=0.000047 (n=1)
  [trace step 158] block 2: fast=180 medium=198 slow=134 | mean_alpha=0.2155 | mean_|grad|=0.000050 (n=1)
  [trace step 158] block 3: fast=179 medium=199 slow=134 | mean_alpha=0.2155 | mean_|grad|=0.000046 (n=1)
  [trace step 158] block 4: fast=179 medium=199 slow=134 | mean_alpha=0.2155 | mean_|grad|=0.000053 (n=1)
  [trace step 159] block 0: fast=178 medium=200 slow=134 | mean_alpha=0.2155 | mean_|grad|=0.000055 (n=1)
  [trace step 159] block 1: fast=179 medium=198 slow=135 | mean_alpha=0.2155 | mean_|grad|=0.000047 (n=1)
  [trace step 159] block 2: fast=180 medium=198 slow=134 | mean_alpha=0.2155 | mean_|grad|=0.000048 (n=1)
  [trace step 159] block 3: fast=179 medium=199 slow=134 | mean_alpha=0.2155 | mean_|grad|=0.000046 (n=1)
  [trace step 159] block 4: fast=179 medium=199 slow=134 | mean_alpha=0.2155 | mean_|grad|=0.000046 (n=1)
  [trace step 160] block 0: fast=178 medium=200 slow=134 | mean_alpha=0.2155 | mean_|grad|=0.000056 (n=1)
  [trace step 160] block 1: fast=179 medium=198 slow=135 | mean_alpha=0.2155 | mean_|grad|=0.000046 (n=1)
  [trace step 160] block 2: fast=180 medium=198 slow=134 | mean_alpha=0.2155 | mean_|grad|=0.000049 (n=1)
  [trace step 160] block 3: fast=179 medium=199 slow=134 | mean_alpha=0.2155 | mean_|grad|=0.000045 (n=1)
  [trace step 160] block 4: fast=179 medium=199 slow=134 | mean_alpha=0.2155 | mean_|grad|=0.000053 (n=1)
  [trace step 161] block 0: fast=178 medium=200 slow=134 | mean_alpha=0.2155 | mean_|grad|=0.000061 (n=1)
  [trace step 161] block 1: fast=179 medium=198 slow=135 | mean_alpha=0.2155 | mean_|grad|=0.000051 (n=1)
  [trace step 161] block 2: fast=180 medium=198 slow=134 | mean_alpha=0.2155 | mean_|grad|=0.000051 (n=1)
  [trace step 161] block 3: fast=179 medium=199 slow=134 | mean_alpha=0.2155 | mean_|grad|=0.000049 (n=1)
  [trace step 161] block 4: fast=179 medium=199 slow=134 | mean_alpha=0.2155 | mean_|grad|=0.000056 (n=1)
  [trace step 162] block 0: fast=178 medium=200 slow=134 | mean_alpha=0.2155 | mean_|grad|=0.000054 (n=1)
  [trace step 162] block 1: fast=179 medium=198 slow=135 | mean_alpha=0.2155 | mean_|grad|=0.000042 (n=1)
  [trace step 162] block 2: fast=180 medium=198 slow=134 | mean_alpha=0.2155 | mean_|grad|=0.000053 (n=1)
  [trace step 162] block 3: fast=179 medium=199 slow=134 | mean_alpha=0.2155 | mean_|grad|=0.000045 (n=1)
  [trace step 162] block 4: fast=179 medium=199 slow=134 | mean_alpha=0.2154 | mean_|grad|=0.000056 (n=1)
  [trace step 163] block 0: fast=178 medium=200 slow=134 | mean_alpha=0.2155 | mean_|grad|=0.000059 (n=1)
  [trace step 163] block 1: fast=179 medium=198 slow=135 | mean_alpha=0.2155 | mean_|grad|=0.000051 (n=1)
  [trace step 163] block 2: fast=180 medium=198 slow=134 | mean_alpha=0.2155 | mean_|grad|=0.000059 (n=1)
  [trace step 163] block 3: fast=179 medium=199 slow=134 | mean_alpha=0.2155 | mean_|grad|=0.000051 (n=1)
  [trace step 163] block 4: fast=179 medium=199 slow=134 | mean_alpha=0.2154 | mean_|grad|=0.000050 (n=1)
  [trace step 164] block 0: fast=178 medium=200 slow=134 | mean_alpha=0.2155 | mean_|grad|=0.000058 (n=1)
  [trace step 164] block 1: fast=179 medium=198 slow=135 | mean_alpha=0.2155 | mean_|grad|=0.000052 (n=1)
  [trace step 164] block 2: fast=180 medium=198 slow=134 | mean_alpha=0.2155 | mean_|grad|=0.000047 (n=1)
  [trace step 164] block 3: fast=179 medium=199 slow=134 | mean_alpha=0.2155 | mean_|grad|=0.000043 (n=1)
  [trace step 164] block 4: fast=179 medium=199 slow=134 | mean_alpha=0.2154 | mean_|grad|=0.000052 (n=1)
  [trace step 165] block 0: fast=178 medium=200 slow=134 | mean_alpha=0.2155 | mean_|grad|=0.000067 (n=1)
  [trace step 165] block 1: fast=179 medium=198 slow=135 | mean_alpha=0.2155 | mean_|grad|=0.000047 (n=1)
  [trace step 165] block 2: fast=180 medium=198 slow=134 | mean_alpha=0.2155 | mean_|grad|=0.000047 (n=1)
  [trace step 165] block 3: fast=179 medium=199 slow=134 | mean_alpha=0.2155 | mean_|grad|=0.000054 (n=1)
  [trace step 165] block 4: fast=179 medium=199 slow=134 | mean_alpha=0.2154 | mean_|grad|=0.000054 (n=1)
  [trace step 166] block 0: fast=178 medium=200 slow=134 | mean_alpha=0.2155 | mean_|grad|=0.000059 (n=1)
  [trace step 166] block 1: fast=179 medium=198 slow=135 | mean_alpha=0.2155 | mean_|grad|=0.000057 (n=1)
  [trace step 166] block 2: fast=180 medium=198 slow=134 | mean_alpha=0.2155 | mean_|grad|=0.000051 (n=1)
  [trace step 166] block 3: fast=179 medium=199 slow=134 | mean_alpha=0.2155 | mean_|grad|=0.000053 (n=1)
  [trace step 166] block 4: fast=179 medium=199 slow=134 | mean_alpha=0.2154 | mean_|grad|=0.000052 (n=1)
  [trace step 167] block 0: fast=178 medium=200 slow=134 | mean_alpha=0.2155 | mean_|grad|=0.000074 (n=1)
  [trace step 167] block 1: fast=179 medium=198 slow=135 | mean_alpha=0.2155 | mean_|grad|=0.000070 (n=1)
  [trace step 167] block 2: fast=180 medium=198 slow=134 | mean_alpha=0.2155 | mean_|grad|=0.000054 (n=1)
  [trace step 167] block 3: fast=179 medium=199 slow=134 | mean_alpha=0.2155 | mean_|grad|=0.000052 (n=1)
  [trace step 167] block 4: fast=179 medium=199 slow=134 | mean_alpha=0.2154 | mean_|grad|=0.000058 (n=1)
  [trace step 168] block 0: fast=178 medium=200 slow=134 | mean_alpha=0.2155 | mean_|grad|=0.000059 (n=1)
  [trace step 168] block 1: fast=179 medium=198 slow=135 | mean_alpha=0.2155 | mean_|grad|=0.000053 (n=1)
  [trace step 168] block 2: fast=180 medium=198 slow=134 | mean_alpha=0.2155 | mean_|grad|=0.000054 (n=1)
  [trace step 168] block 3: fast=179 medium=199 slow=134 | mean_alpha=0.2155 | mean_|grad|=0.000057 (n=1)
  [trace step 168] block 4: fast=179 medium=199 slow=134 | mean_alpha=0.2154 | mean_|grad|=0.000055 (n=1)
  [trace step 169] block 0: fast=178 medium=200 slow=134 | mean_alpha=0.2155 | mean_|grad|=0.000056 (n=1)
  [trace step 169] block 1: fast=179 medium=198 slow=135 | mean_alpha=0.2155 | mean_|grad|=0.000075 (n=1)
  [trace step 169] block 2: fast=180 medium=198 slow=134 | mean_alpha=0.2155 | mean_|grad|=0.000081 (n=1)
  [trace step 169] block 3: fast=179 medium=199 slow=134 | mean_alpha=0.2155 | mean_|grad|=0.000088 (n=1)
  [trace step 169] block 4: fast=179 medium=199 slow=134 | mean_alpha=0.2154 | mean_|grad|=0.000065 (n=1)
  [trace step 170] block 0: fast=178 medium=200 slow=134 | mean_alpha=0.2155 | mean_|grad|=0.000060 (n=1)
  [trace step 170] block 1: fast=179 medium=198 slow=135 | mean_alpha=0.2155 | mean_|grad|=0.000057 (n=1)
  [trace step 170] block 2: fast=180 medium=198 slow=134 | mean_alpha=0.2155 | mean_|grad|=0.000055 (n=1)
  [trace step 170] block 3: fast=179 medium=199 slow=134 | mean_alpha=0.2155 | mean_|grad|=0.000054 (n=1)
  [trace step 170] block 4: fast=179 medium=199 slow=134 | mean_alpha=0.2154 | mean_|grad|=0.000054 (n=1)
  [trace step 171] block 0: fast=178 medium=200 slow=134 | mean_alpha=0.2155 | mean_|grad|=0.000049 (n=1)
  [trace step 171] block 1: fast=179 medium=198 slow=135 | mean_alpha=0.2155 | mean_|grad|=0.000059 (n=1)
  [trace step 171] block 2: fast=180 medium=198 slow=134 | mean_alpha=0.2155 | mean_|grad|=0.000052 (n=1)
  [trace step 171] block 3: fast=179 medium=199 slow=134 | mean_alpha=0.2155 | mean_|grad|=0.000048 (n=1)
  [trace step 171] block 4: fast=178 medium=200 slow=134 | mean_alpha=0.2154 | mean_|grad|=0.000061 (n=1)
  [trace step 172] block 0: fast=178 medium=200 slow=134 | mean_alpha=0.2155 | mean_|grad|=0.000064 (n=1)
  [trace step 172] block 1: fast=179 medium=198 slow=135 | mean_alpha=0.2155 | mean_|grad|=0.000055 (n=1)
  [trace step 172] block 2: fast=180 medium=198 slow=134 | mean_alpha=0.2154 | mean_|grad|=0.000051 (n=1)
  [trace step 172] block 3: fast=179 medium=199 slow=134 | mean_alpha=0.2154 | mean_|grad|=0.000051 (n=1)
  [trace step 172] block 4: fast=178 medium=200 slow=134 | mean_alpha=0.2154 | mean_|grad|=0.000060 (n=1)
  [trace step 173] block 0: fast=178 medium=200 slow=134 | mean_alpha=0.2155 | mean_|grad|=0.000067 (n=1)
  [trace step 173] block 1: fast=179 medium=198 slow=135 | mean_alpha=0.2155 | mean_|grad|=0.000065 (n=1)
  [trace step 173] block 2: fast=180 medium=198 slow=134 | mean_alpha=0.2154 | mean_|grad|=0.000062 (n=1)
  [trace step 173] block 3: fast=179 medium=199 slow=134 | mean_alpha=0.2154 | mean_|grad|=0.000056 (n=1)
  [trace step 173] block 4: fast=178 medium=200 slow=134 | mean_alpha=0.2154 | mean_|grad|=0.000074 (n=1)
  [trace step 174] block 0: fast=178 medium=200 slow=134 | mean_alpha=0.2154 | mean_|grad|=0.000053 (n=1)
  [trace step 174] block 1: fast=179 medium=198 slow=135 | mean_alpha=0.2155 | mean_|grad|=0.000054 (n=1)
  [trace step 174] block 2: fast=180 medium=198 slow=134 | mean_alpha=0.2154 | mean_|grad|=0.000062 (n=1)
  [trace step 174] block 3: fast=179 medium=199 slow=134 | mean_alpha=0.2154 | mean_|grad|=0.000054 (n=1)
  [trace step 174] block 4: fast=178 medium=200 slow=134 | mean_alpha=0.2154 | mean_|grad|=0.000067 (n=1)
  [trace step 175] block 0: fast=178 medium=200 slow=134 | mean_alpha=0.2154 | mean_|grad|=0.000074 (n=1)
  [trace step 175] block 1: fast=179 medium=198 slow=135 | mean_alpha=0.2155 | mean_|grad|=0.000060 (n=1)
  [trace step 175] block 2: fast=180 medium=198 slow=134 | mean_alpha=0.2154 | mean_|grad|=0.000059 (n=1)
  [trace step 175] block 3: fast=179 medium=199 slow=134 | mean_alpha=0.2154 | mean_|grad|=0.000056 (n=1)
  [trace step 175] block 4: fast=178 medium=200 slow=134 | mean_alpha=0.2154 | mean_|grad|=0.000071 (n=1)
  [trace step 176] block 0: fast=178 medium=200 slow=134 | mean_alpha=0.2154 | mean_|grad|=0.000067 (n=1)
  [trace step 176] block 1: fast=179 medium=198 slow=135 | mean_alpha=0.2155 | mean_|grad|=0.000068 (n=1)
  [trace step 176] block 2: fast=180 medium=198 slow=134 | mean_alpha=0.2154 | mean_|grad|=0.000053 (n=1)
  [trace step 176] block 3: fast=179 medium=199 slow=134 | mean_alpha=0.2154 | mean_|grad|=0.000053 (n=1)
  [trace step 176] block 4: fast=178 medium=200 slow=134 | mean_alpha=0.2154 | mean_|grad|=0.000064 (n=1)
  [trace step 177] block 0: fast=178 medium=200 slow=134 | mean_alpha=0.2154 | mean_|grad|=0.000075 (n=1)
  [trace step 177] block 1: fast=179 medium=198 slow=135 | mean_alpha=0.2155 | mean_|grad|=0.000057 (n=1)
  [trace step 177] block 2: fast=180 medium=198 slow=134 | mean_alpha=0.2154 | mean_|grad|=0.000054 (n=1)
  [trace step 177] block 3: fast=179 medium=199 slow=134 | mean_alpha=0.2154 | mean_|grad|=0.000067 (n=1)
  [trace step 177] block 4: fast=178 medium=200 slow=134 | mean_alpha=0.2154 | mean_|grad|=0.000066 (n=1)
  [trace step 178] block 0: fast=178 medium=200 slow=134 | mean_alpha=0.2154 | mean_|grad|=0.000066 (n=1)
  [trace step 178] block 1: fast=179 medium=198 slow=135 | mean_alpha=0.2155 | mean_|grad|=0.000046 (n=1)
  [trace step 178] block 2: fast=180 medium=198 slow=134 | mean_alpha=0.2154 | mean_|grad|=0.000049 (n=1)
  [trace step 178] block 3: fast=179 medium=199 slow=134 | mean_alpha=0.2154 | mean_|grad|=0.000062 (n=1)
  [trace step 178] block 4: fast=178 medium=200 slow=134 | mean_alpha=0.2154 | mean_|grad|=0.000076 (n=1)
  [trace step 179] block 0: fast=178 medium=200 slow=134 | mean_alpha=0.2154 | mean_|grad|=0.000047 (n=1)
  [trace step 179] block 1: fast=179 medium=198 slow=135 | mean_alpha=0.2155 | mean_|grad|=0.000058 (n=1)
  [trace step 179] block 2: fast=180 medium=198 slow=134 | mean_alpha=0.2154 | mean_|grad|=0.000054 (n=1)
  [trace step 179] block 3: fast=179 medium=199 slow=134 | mean_alpha=0.2154 | mean_|grad|=0.000061 (n=1)
  [trace step 179] block 4: fast=178 medium=200 slow=134 | mean_alpha=0.2154 | mean_|grad|=0.000063 (n=1)
  [trace step 180] block 0: fast=178 medium=200 slow=134 | mean_alpha=0.2154 | mean_|grad|=0.000059 (n=1)
  [trace step 180] block 1: fast=179 medium=198 slow=135 | mean_alpha=0.2155 | mean_|grad|=0.000048 (n=1)
  [trace step 180] block 2: fast=180 medium=198 slow=134 | mean_alpha=0.2154 | mean_|grad|=0.000052 (n=1)
  [trace step 180] block 3: fast=179 medium=199 slow=134 | mean_alpha=0.2154 | mean_|grad|=0.000056 (n=1)
  [trace step 180] block 4: fast=178 medium=200 slow=134 | mean_alpha=0.2154 | mean_|grad|=0.000066 (n=1)
  [trace step 181] block 0: fast=178 medium=200 slow=134 | mean_alpha=0.2154 | mean_|grad|=0.000074 (n=1)
  [trace step 181] block 1: fast=179 medium=198 slow=135 | mean_alpha=0.2154 | mean_|grad|=0.000046 (n=1)
  [trace step 181] block 2: fast=180 medium=198 slow=134 | mean_alpha=0.2154 | mean_|grad|=0.000055 (n=1)
  [trace step 181] block 3: fast=179 medium=199 slow=134 | mean_alpha=0.2154 | mean_|grad|=0.000052 (n=1)
  [trace step 181] block 4: fast=178 medium=200 slow=134 | mean_alpha=0.2154 | mean_|grad|=0.000077 (n=1)
  [trace step 182] block 0: fast=178 medium=200 slow=134 | mean_alpha=0.2154 | mean_|grad|=0.000071 (n=1)
  [trace step 182] block 1: fast=179 medium=198 slow=135 | mean_alpha=0.2154 | mean_|grad|=0.000052 (n=1)
  [trace step 182] block 2: fast=180 medium=198 slow=134 | mean_alpha=0.2154 | mean_|grad|=0.000049 (n=1)
  [trace step 182] block 3: fast=179 medium=199 slow=134 | mean_alpha=0.2154 | mean_|grad|=0.000053 (n=1)
  [trace step 182] block 4: fast=178 medium=200 slow=134 | mean_alpha=0.2153 | mean_|grad|=0.000069 (n=1)
  [trace step 183] block 0: fast=178 medium=200 slow=134 | mean_alpha=0.2154 | mean_|grad|=0.000066 (n=1)
  [trace step 183] block 1: fast=179 medium=198 slow=135 | mean_alpha=0.2154 | mean_|grad|=0.000055 (n=1)
  [trace step 183] block 2: fast=180 medium=198 slow=134 | mean_alpha=0.2154 | mean_|grad|=0.000058 (n=1)
  [trace step 183] block 3: fast=179 medium=199 slow=134 | mean_alpha=0.2154 | mean_|grad|=0.000052 (n=1)
  [trace step 183] block 4: fast=178 medium=200 slow=134 | mean_alpha=0.2153 | mean_|grad|=0.000076 (n=1)
  [trace step 184] block 0: fast=178 medium=200 slow=134 | mean_alpha=0.2154 | mean_|grad|=0.000052 (n=1)
  [trace step 184] block 1: fast=179 medium=198 slow=135 | mean_alpha=0.2154 | mean_|grad|=0.000047 (n=1)
  [trace step 184] block 2: fast=180 medium=198 slow=134 | mean_alpha=0.2154 | mean_|grad|=0.000050 (n=1)
  [trace step 184] block 3: fast=179 medium=199 slow=134 | mean_alpha=0.2154 | mean_|grad|=0.000058 (n=1)
  [trace step 184] block 4: fast=178 medium=200 slow=134 | mean_alpha=0.2153 | mean_|grad|=0.000078 (n=1)
  [trace step 185] block 0: fast=178 medium=200 slow=134 | mean_alpha=0.2154 | mean_|grad|=0.000063 (n=1)
  [trace step 185] block 1: fast=179 medium=198 slow=135 | mean_alpha=0.2154 | mean_|grad|=0.000048 (n=1)
  [trace step 185] block 2: fast=180 medium=198 slow=134 | mean_alpha=0.2154 | mean_|grad|=0.000052 (n=1)
  [trace step 185] block 3: fast=179 medium=199 slow=134 | mean_alpha=0.2154 | mean_|grad|=0.000059 (n=1)
  [trace step 185] block 4: fast=178 medium=200 slow=134 | mean_alpha=0.2153 | mean_|grad|=0.000081 (n=1)
  [trace step 186] block 0: fast=178 medium=200 slow=134 | mean_alpha=0.2154 | mean_|grad|=0.000050 (n=1)
  [trace step 186] block 1: fast=179 medium=198 slow=135 | mean_alpha=0.2154 | mean_|grad|=0.000047 (n=1)
  [trace step 186] block 2: fast=179 medium=199 slow=134 | mean_alpha=0.2154 | mean_|grad|=0.000049 (n=1)
  [trace step 186] block 3: fast=179 medium=199 slow=134 | mean_alpha=0.2154 | mean_|grad|=0.000057 (n=1)
  [trace step 186] block 4: fast=178 medium=200 slow=134 | mean_alpha=0.2153 | mean_|grad|=0.000084 (n=1)
  [trace step 187] block 0: fast=178 medium=200 slow=134 | mean_alpha=0.2154 | mean_|grad|=0.000072 (n=1)
  [trace step 187] block 1: fast=179 medium=198 slow=135 | mean_alpha=0.2154 | mean_|grad|=0.000054 (n=1)
  [trace step 187] block 2: fast=179 medium=199 slow=134 | mean_alpha=0.2154 | mean_|grad|=0.000053 (n=1)
  [trace step 187] block 3: fast=179 medium=199 slow=134 | mean_alpha=0.2154 | mean_|grad|=0.000056 (n=1)
  [trace step 187] block 4: fast=178 medium=200 slow=134 | mean_alpha=0.2153 | mean_|grad|=0.000079 (n=1)
  [trace step 188] block 0: fast=178 medium=200 slow=134 | mean_alpha=0.2154 | mean_|grad|=0.000062 (n=1)
  [trace step 188] block 1: fast=179 medium=198 slow=135 | mean_alpha=0.2154 | mean_|grad|=0.000070 (n=1)
  [trace step 188] block 2: fast=179 medium=199 slow=134 | mean_alpha=0.2154 | mean_|grad|=0.000055 (n=1)
  [trace step 188] block 3: fast=179 medium=199 slow=134 | mean_alpha=0.2153 | mean_|grad|=0.000054 (n=1)
  [trace step 188] block 4: fast=178 medium=200 slow=134 | mean_alpha=0.2153 | mean_|grad|=0.000072 (n=1)
  [trace step 189] block 0: fast=178 medium=200 slow=134 | mean_alpha=0.2154 | mean_|grad|=0.000045 (n=1)
  [trace step 189] block 1: fast=178 medium=199 slow=135 | mean_alpha=0.2154 | mean_|grad|=0.000055 (n=1)
  [trace step 189] block 2: fast=179 medium=199 slow=134 | mean_alpha=0.2154 | mean_|grad|=0.000068 (n=1)
  [trace step 189] block 3: fast=179 medium=199 slow=134 | mean_alpha=0.2153 | mean_|grad|=0.000060 (n=1)
  [trace step 189] block 4: fast=178 medium=200 slow=134 | mean_alpha=0.2153 | mean_|grad|=0.000103 (n=1)
  [trace step 190] block 0: fast=178 medium=200 slow=134 | mean_alpha=0.2154 | mean_|grad|=0.000044 (n=1)
  [trace step 190] block 1: fast=178 medium=199 slow=135 | mean_alpha=0.2154 | mean_|grad|=0.000047 (n=1)
  [trace step 190] block 2: fast=179 medium=199 slow=134 | mean_alpha=0.2154 | mean_|grad|=0.000049 (n=1)
  [trace step 190] block 3: fast=179 medium=199 slow=134 | mean_alpha=0.2153 | mean_|grad|=0.000052 (n=1)
  [trace step 190] block 4: fast=178 medium=200 slow=134 | mean_alpha=0.2153 | mean_|grad|=0.000072 (n=1)
  [trace step 191] block 0: fast=178 medium=200 slow=134 | mean_alpha=0.2154 | mean_|grad|=0.000054 (n=1)
  [trace step 191] block 1: fast=178 medium=199 slow=135 | mean_alpha=0.2154 | mean_|grad|=0.000050 (n=1)
  [trace step 191] block 2: fast=179 medium=199 slow=134 | mean_alpha=0.2154 | mean_|grad|=0.000053 (n=1)
  [trace step 191] block 3: fast=179 medium=199 slow=134 | mean_alpha=0.2153 | mean_|grad|=0.000054 (n=1)
  [trace step 191] block 4: fast=178 medium=200 slow=134 | mean_alpha=0.2153 | mean_|grad|=0.000080 (n=1)
  [trace step 192] block 0: fast=178 medium=200 slow=134 | mean_alpha=0.2154 | mean_|grad|=0.000041 (n=1)
  [trace step 192] block 1: fast=178 medium=199 slow=135 | mean_alpha=0.2154 | mean_|grad|=0.000049 (n=1)
  [trace step 192] block 2: fast=179 medium=199 slow=134 | mean_alpha=0.2154 | mean_|grad|=0.000045 (n=1)
  [trace step 192] block 3: fast=179 medium=199 slow=134 | mean_alpha=0.2153 | mean_|grad|=0.000048 (n=1)
  [trace step 192] block 4: fast=178 medium=200 slow=134 | mean_alpha=0.2153 | mean_|grad|=0.000102 (n=1)
  [trace step 193] block 0: fast=178 medium=200 slow=134 | mean_alpha=0.2154 | mean_|grad|=0.000038 (n=1)
  [trace step 193] block 1: fast=178 medium=199 slow=135 | mean_alpha=0.2154 | mean_|grad|=0.000047 (n=1)
  [trace step 193] block 2: fast=179 medium=199 slow=134 | mean_alpha=0.2154 | mean_|grad|=0.000050 (n=1)
  [trace step 193] block 3: fast=179 medium=199 slow=134 | mean_alpha=0.2153 | mean_|grad|=0.000050 (n=1)
  [trace step 193] block 4: fast=178 medium=200 slow=134 | mean_alpha=0.2153 | mean_|grad|=0.000077 (n=1)
  [trace step 194] block 0: fast=178 medium=200 slow=134 | mean_alpha=0.2154 | mean_|grad|=0.000057 (n=1)
  [trace step 194] block 1: fast=178 medium=199 slow=135 | mean_alpha=0.2154 | mean_|grad|=0.000054 (n=1)
  [trace step 194] block 2: fast=179 medium=199 slow=134 | mean_alpha=0.2154 | mean_|grad|=0.000052 (n=1)
  [trace step 194] block 3: fast=179 medium=199 slow=134 | mean_alpha=0.2153 | mean_|grad|=0.000052 (n=1)
  [trace step 194] block 4: fast=178 medium=200 slow=134 | mean_alpha=0.2153 | mean_|grad|=0.000074 (n=1)
  [trace step 195] block 0: fast=178 medium=200 slow=134 | mean_alpha=0.2154 | mean_|grad|=0.000043 (n=1)
  [trace step 195] block 1: fast=178 medium=199 slow=135 | mean_alpha=0.2154 | mean_|grad|=0.000042 (n=1)
  [trace step 195] block 2: fast=179 medium=199 slow=134 | mean_alpha=0.2153 | mean_|grad|=0.000050 (n=1)
  [trace step 195] block 3: fast=179 medium=199 slow=134 | mean_alpha=0.2153 | mean_|grad|=0.000051 (n=1)
  [trace step 195] block 4: fast=178 medium=200 slow=134 | mean_alpha=0.2153 | mean_|grad|=0.000085 (n=1)
  [trace step 196] block 0: fast=178 medium=200 slow=134 | mean_alpha=0.2154 | mean_|grad|=0.000047 (n=1)
  [trace step 196] block 1: fast=178 medium=199 slow=135 | mean_alpha=0.2154 | mean_|grad|=0.000044 (n=1)
  [trace step 196] block 2: fast=179 medium=199 slow=134 | mean_alpha=0.2153 | mean_|grad|=0.000042 (n=1)
  [trace step 196] block 3: fast=179 medium=199 slow=134 | mean_alpha=0.2153 | mean_|grad|=0.000049 (n=1)
  [trace step 196] block 4: fast=178 medium=200 slow=134 | mean_alpha=0.2153 | mean_|grad|=0.000068 (n=1)
  [trace step 197] block 0: fast=178 medium=200 slow=134 | mean_alpha=0.2154 | mean_|grad|=0.000040 (n=1)
  [trace step 197] block 1: fast=178 medium=199 slow=135 | mean_alpha=0.2154 | mean_|grad|=0.000040 (n=1)
  [trace step 197] block 2: fast=179 medium=199 slow=134 | mean_alpha=0.2153 | mean_|grad|=0.000043 (n=1)
  [trace step 197] block 3: fast=179 medium=199 slow=134 | mean_alpha=0.2153 | mean_|grad|=0.000042 (n=1)
  [trace step 197] block 4: fast=178 medium=200 slow=134 | mean_alpha=0.2153 | mean_|grad|=0.000066 (n=1)
  [trace step 198] block 0: fast=178 medium=200 slow=134 | mean_alpha=0.2154 | mean_|grad|=0.000040 (n=1)
  [trace step 198] block 1: fast=178 medium=199 slow=135 | mean_alpha=0.2154 | mean_|grad|=0.000039 (n=1)
  [trace step 198] block 2: fast=179 medium=199 slow=134 | mean_alpha=0.2153 | mean_|grad|=0.000040 (n=1)
  [trace step 198] block 3: fast=179 medium=199 slow=134 | mean_alpha=0.2153 | mean_|grad|=0.000041 (n=1)
  [trace step 198] block 4: fast=178 medium=200 slow=134 | mean_alpha=0.2153 | mean_|grad|=0.000068 (n=1)
  [trace step 199] block 0: fast=178 medium=200 slow=134 | mean_alpha=0.2154 | mean_|grad|=0.000036 (n=1)
  [trace step 199] block 1: fast=178 medium=199 slow=135 | mean_alpha=0.2154 | mean_|grad|=0.000035 (n=1)
  [trace step 199] block 2: fast=179 medium=199 slow=134 | mean_alpha=0.2153 | mean_|grad|=0.000032 (n=1)
  [trace step 199] block 3: fast=179 medium=199 slow=134 | mean_alpha=0.2153 | mean_|grad|=0.000037 (n=1)
  [trace step 199] block 4: fast=178 medium=200 slow=134 | mean_alpha=0.2153 | mean_|grad|=0.000060 (n=1)
  [trace step 200] block 0: fast=178 medium=200 slow=134 | mean_alpha=0.2154 | mean_|grad|=0.000042 (n=1)
  [trace step 200] block 1: fast=178 medium=199 slow=135 | mean_alpha=0.2154 | mean_|grad|=0.000031 (n=1)
  [trace step 200] block 2: fast=179 medium=199 slow=134 | mean_alpha=0.2153 | mean_|grad|=0.000037 (n=1)
  [trace step 200] block 3: fast=179 medium=199 slow=134 | mean_alpha=0.2153 | mean_|grad|=0.000042 (n=1)
  [trace step 200] block 4: fast=178 medium=200 slow=134 | mean_alpha=0.2153 | mean_|grad|=0.000063 (n=1)
  [r2c trace step 200] block 0: z mean=1.0255 s mean=0.7492 min=0.7429 max=0.7562 closed=0/512 open=0/512 | mean|s*read|=0.219113 | mean|g| ar=2.48e-4 ib=3.52e-4 z=5.34e-5 (n=50)
  [r2c trace step 200] block 1: z mean=1.0196 s mean=0.7481 min=0.7431 max=0.7541 closed=0/512 open=0/512 | mean|s*read|=0.331235 | mean|g| ar=2.79e-4 ib=2.77e-4 z=9.14e-6 (n=50)
  [r2c trace step 200] block 2: z mean=1.0173 s mean=0.7477 min=0.7425 max=0.7538 closed=0/512 open=0/512 | mean|s*read|=0.461973 | mean|g| ar=3.43e-4 ib=2.91e-4 z=1.59e-5 (n=50)
  [r2c trace step 200] block 3: z mean=1.0162 s mean=0.7475 min=0.7423 max=0.7529 closed=0/512 open=0/512 | mean|s*read|=0.577163 | mean|g| ar=3.52e-4 ib=3.00e-4 z=2.24e-5 (n=50)
  [r2c trace step 200] block 4: z mean=1.0164 s mean=0.7476 min=0.7427 max=0.7533 closed=0/512 open=0/512 | mean|s*read|=0.643932 | mean|g| ar=3.96e-4 ib=3.10e-4 z=1.25e-5 (n=50)
  [trace step 201] block 0: fast=178 medium=200 slow=134 | mean_alpha=0.2154 | mean_|grad|=0.000044 (n=1)
  [trace step 201] block 1: fast=178 medium=199 slow=135 | mean_alpha=0.2154 | mean_|grad|=0.000036 (n=1)
  [trace step 201] block 2: fast=179 medium=199 slow=134 | mean_alpha=0.2153 | mean_|grad|=0.000036 (n=1)
  [trace step 201] block 3: fast=180 medium=198 slow=134 | mean_alpha=0.2153 | mean_|grad|=0.000042 (n=1)
  [trace step 201] block 4: fast=178 medium=200 slow=134 | mean_alpha=0.2153 | mean_|grad|=0.000071 (n=1)
  [trace step 202] block 0: fast=178 medium=200 slow=134 | mean_alpha=0.2154 | mean_|grad|=0.000032 (n=1)
  [trace step 202] block 1: fast=178 medium=199 slow=135 | mean_alpha=0.2154 | mean_|grad|=0.000044 (n=1)
  [trace step 202] block 2: fast=179 medium=199 slow=134 | mean_alpha=0.2153 | mean_|grad|=0.000041 (n=1)
  [trace step 202] block 3: fast=180 medium=198 slow=134 | mean_alpha=0.2153 | mean_|grad|=0.000042 (n=1)
  [trace step 202] block 4: fast=178 medium=200 slow=134 | mean_alpha=0.2153 | mean_|grad|=0.000081 (n=1)
  [trace step 203] block 0: fast=178 medium=200 slow=134 | mean_alpha=0.2153 | mean_|grad|=0.000037 (n=1)
  [trace step 203] block 1: fast=178 medium=199 slow=135 | mean_alpha=0.2154 | mean_|grad|=0.000029 (n=1)
  [trace step 203] block 2: fast=179 medium=199 slow=134 | mean_alpha=0.2153 | mean_|grad|=0.000030 (n=1)
  [trace step 203] block 3: fast=180 medium=198 slow=134 | mean_alpha=0.2153 | mean_|grad|=0.000034 (n=1)
  [trace step 203] block 4: fast=178 medium=200 slow=134 | mean_alpha=0.2153 | mean_|grad|=0.000068 (n=1)
  [trace step 204] block 0: fast=178 medium=200 slow=134 | mean_alpha=0.2153 | mean_|grad|=0.000031 (n=1)
  [trace step 204] block 1: fast=178 medium=199 slow=135 | mean_alpha=0.2154 | mean_|grad|=0.000033 (n=1)
  [trace step 204] block 2: fast=179 medium=199 slow=134 | mean_alpha=0.2153 | mean_|grad|=0.000034 (n=1)
  [trace step 204] block 3: fast=180 medium=198 slow=134 | mean_alpha=0.2153 | mean_|grad|=0.000034 (n=1)
  [trace step 204] block 4: fast=178 medium=200 slow=134 | mean_alpha=0.2153 | mean_|grad|=0.000058 (n=1)
  [trace step 205] block 0: fast=178 medium=200 slow=134 | mean_alpha=0.2153 | mean_|grad|=0.000033 (n=1)
  [trace step 205] block 1: fast=178 medium=199 slow=135 | mean_alpha=0.2154 | mean_|grad|=0.000032 (n=1)
  [trace step 205] block 2: fast=179 medium=199 slow=134 | mean_alpha=0.2153 | mean_|grad|=0.000033 (n=1)
  [trace step 205] block 3: fast=180 medium=198 slow=134 | mean_alpha=0.2153 | mean_|grad|=0.000033 (n=1)
  [trace step 205] block 4: fast=178 medium=200 slow=134 | mean_alpha=0.2153 | mean_|grad|=0.000064 (n=1)
  [trace step 206] block 0: fast=178 medium=200 slow=134 | mean_alpha=0.2153 | mean_|grad|=0.000033 (n=1)
  [trace step 206] block 1: fast=178 medium=199 slow=135 | mean_alpha=0.2154 | mean_|grad|=0.000027 (n=1)
  [trace step 206] block 2: fast=179 medium=199 slow=134 | mean_alpha=0.2153 | mean_|grad|=0.000031 (n=1)
  [trace step 206] block 3: fast=180 medium=198 slow=134 | mean_alpha=0.2153 | mean_|grad|=0.000034 (n=1)
  [trace step 206] block 4: fast=178 medium=200 slow=134 | mean_alpha=0.2153 | mean_|grad|=0.000058 (n=1)
  [trace step 207] block 0: fast=178 medium=200 slow=134 | mean_alpha=0.2153 | mean_|grad|=0.000039 (n=1)
  [trace step 207] block 1: fast=178 medium=199 slow=135 | mean_alpha=0.2154 | mean_|grad|=0.000026 (n=1)
  [trace step 207] block 2: fast=179 medium=199 slow=134 | mean_alpha=0.2153 | mean_|grad|=0.000031 (n=1)
  [trace step 207] block 3: fast=179 medium=199 slow=134 | mean_alpha=0.2153 | mean_|grad|=0.000031 (n=1)
  [trace step 207] block 4: fast=178 medium=200 slow=134 | mean_alpha=0.2153 | mean_|grad|=0.000054 (n=1)
  [trace step 208] block 0: fast=178 medium=200 slow=134 | mean_alpha=0.2153 | mean_|grad|=0.000038 (n=1)
  [trace step 208] block 1: fast=178 medium=199 slow=135 | mean_alpha=0.2154 | mean_|grad|=0.000026 (n=1)
  [trace step 208] block 2: fast=179 medium=199 slow=134 | mean_alpha=0.2153 | mean_|grad|=0.000028 (n=1)
  [trace step 208] block 3: fast=179 medium=199 slow=134 | mean_alpha=0.2153 | mean_|grad|=0.000029 (n=1)
  [trace step 208] block 4: fast=178 medium=200 slow=134 | mean_alpha=0.2153 | mean_|grad|=0.000044 (n=1)
  [trace step 209] block 0: fast=178 medium=200 slow=134 | mean_alpha=0.2153 | mean_|grad|=0.000035 (n=1)
  [trace step 209] block 1: fast=178 medium=199 slow=135 | mean_alpha=0.2154 | mean_|grad|=0.000026 (n=1)
  [trace step 209] block 2: fast=179 medium=199 slow=134 | mean_alpha=0.2153 | mean_|grad|=0.000026 (n=1)
  [trace step 209] block 3: fast=179 medium=199 slow=134 | mean_alpha=0.2152 | mean_|grad|=0.000027 (n=1)
  [trace step 209] block 4: fast=178 medium=200 slow=134 | mean_alpha=0.2152 | mean_|grad|=0.000067 (n=1)
  [trace step 210] block 0: fast=178 medium=200 slow=134 | mean_alpha=0.2153 | mean_|grad|=0.000022 (n=1)
  [trace step 210] block 1: fast=178 medium=199 slow=135 | mean_alpha=0.2154 | mean_|grad|=0.000026 (n=1)
  [trace step 210] block 2: fast=179 medium=199 slow=134 | mean_alpha=0.2153 | mean_|grad|=0.000028 (n=1)
  [trace step 210] block 3: fast=179 medium=199 slow=134 | mean_alpha=0.2152 | mean_|grad|=0.000028 (n=1)
  [trace step 210] block 4: fast=178 medium=200 slow=134 | mean_alpha=0.2152 | mean_|grad|=0.000052 (n=1)
  [trace step 211] block 0: fast=178 medium=200 slow=134 | mean_alpha=0.2153 | mean_|grad|=0.000023 (n=1)
  [trace step 211] block 1: fast=178 medium=199 slow=135 | mean_alpha=0.2153 | mean_|grad|=0.000020 (n=1)
  [trace step 211] block 2: fast=179 medium=199 slow=134 | mean_alpha=0.2153 | mean_|grad|=0.000024 (n=1)
  [trace step 211] block 3: fast=179 medium=199 slow=134 | mean_alpha=0.2152 | mean_|grad|=0.000024 (n=1)
  [trace step 211] block 4: fast=178 medium=200 slow=134 | mean_alpha=0.2152 | mean_|grad|=0.000055 (n=1)
  [trace step 212] block 0: fast=178 medium=200 slow=134 | mean_alpha=0.2153 | mean_|grad|=0.000024 (n=1)
  [trace step 212] block 1: fast=178 medium=199 slow=135 | mean_alpha=0.2153 | mean_|grad|=0.000022 (n=1)
  [trace step 212] block 2: fast=179 medium=199 slow=134 | mean_alpha=0.2153 | mean_|grad|=0.000023 (n=1)
  [trace step 212] block 3: fast=179 medium=199 slow=134 | mean_alpha=0.2152 | mean_|grad|=0.000023 (n=1)
  [trace step 212] block 4: fast=178 medium=200 slow=134 | mean_alpha=0.2152 | mean_|grad|=0.000047 (n=1)
  [trace step 213] block 0: fast=178 medium=200 slow=134 | mean_alpha=0.2153 | mean_|grad|=0.000024 (n=1)
  [trace step 213] block 1: fast=178 medium=199 slow=135 | mean_alpha=0.2153 | mean_|grad|=0.000023 (n=1)
  [trace step 213] block 2: fast=179 medium=199 slow=134 | mean_alpha=0.2153 | mean_|grad|=0.000021 (n=1)
  [trace step 213] block 3: fast=180 medium=198 slow=134 | mean_alpha=0.2152 | mean_|grad|=0.000023 (n=1)
  [trace step 213] block 4: fast=178 medium=200 slow=134 | mean_alpha=0.2152 | mean_|grad|=0.000042 (n=1)
  [trace step 214] block 0: fast=178 medium=200 slow=134 | mean_alpha=0.2153 | mean_|grad|=0.000020 (n=1)
  [trace step 214] block 1: fast=178 medium=199 slow=135 | mean_alpha=0.2153 | mean_|grad|=0.000019 (n=1)
  [trace step 214] block 2: fast=179 medium=199 slow=134 | mean_alpha=0.2153 | mean_|grad|=0.000022 (n=1)
  [trace step 214] block 3: fast=180 medium=198 slow=134 | mean_alpha=0.2152 | mean_|grad|=0.000022 (n=1)
  [trace step 214] block 4: fast=178 medium=200 slow=134 | mean_alpha=0.2152 | mean_|grad|=0.000043 (n=1)
  [trace step 215] block 0: fast=178 medium=200 slow=134 | mean_alpha=0.2153 | mean_|grad|=0.000019 (n=1)
  [trace step 215] block 1: fast=178 medium=199 slow=135 | mean_alpha=0.2153 | mean_|grad|=0.000018 (n=1)
  [trace step 215] block 2: fast=179 medium=199 slow=134 | mean_alpha=0.2153 | mean_|grad|=0.000020 (n=1)
  [trace step 215] block 3: fast=180 medium=198 slow=134 | mean_alpha=0.2152 | mean_|grad|=0.000021 (n=1)
  [trace step 215] block 4: fast=178 medium=200 slow=134 | mean_alpha=0.2152 | mean_|grad|=0.000039 (n=1)
  [trace step 216] block 0: fast=178 medium=200 slow=134 | mean_alpha=0.2153 | mean_|grad|=0.000022 (n=1)
  [trace step 216] block 1: fast=178 medium=199 slow=135 | mean_alpha=0.2153 | mean_|grad|=0.000019 (n=1)
  [trace step 216] block 2: fast=179 medium=199 slow=134 | mean_alpha=0.2153 | mean_|grad|=0.000019 (n=1)
  [trace step 216] block 3: fast=180 medium=198 slow=134 | mean_alpha=0.2152 | mean_|grad|=0.000020 (n=1)
  [trace step 216] block 4: fast=178 medium=200 slow=134 | mean_alpha=0.2152 | mean_|grad|=0.000043 (n=1)
  [trace step 217] block 0: fast=178 medium=200 slow=134 | mean_alpha=0.2153 | mean_|grad|=0.000021 (n=1)
  [trace step 217] block 1: fast=178 medium=199 slow=135 | mean_alpha=0.2153 | mean_|grad|=0.000020 (n=1)
  [trace step 217] block 2: fast=179 medium=199 slow=134 | mean_alpha=0.2153 | mean_|grad|=0.000021 (n=1)
  [trace step 217] block 3: fast=180 medium=198 slow=134 | mean_alpha=0.2152 | mean_|grad|=0.000022 (n=1)
  [trace step 217] block 4: fast=178 medium=200 slow=134 | mean_alpha=0.2152 | mean_|grad|=0.000039 (n=1)
  [trace step 218] block 0: fast=178 medium=200 slow=134 | mean_alpha=0.2153 | mean_|grad|=0.000019 (n=1)
  [trace step 218] block 1: fast=178 medium=199 slow=135 | mean_alpha=0.2153 | mean_|grad|=0.000018 (n=1)
  [trace step 218] block 2: fast=179 medium=199 slow=134 | mean_alpha=0.2153 | mean_|grad|=0.000019 (n=1)
  [trace step 218] block 3: fast=180 medium=198 slow=134 | mean_alpha=0.2152 | mean_|grad|=0.000021 (n=1)
  [trace step 218] block 4: fast=178 medium=200 slow=134 | mean_alpha=0.2152 | mean_|grad|=0.000044 (n=1)
  [trace step 219] block 0: fast=178 medium=200 slow=134 | mean_alpha=0.2153 | mean_|grad|=0.000020 (n=1)
  [trace step 219] block 1: fast=178 medium=199 slow=135 | mean_alpha=0.2153 | mean_|grad|=0.000017 (n=1)
  [trace step 219] block 2: fast=179 medium=199 slow=134 | mean_alpha=0.2153 | mean_|grad|=0.000020 (n=1)
  [trace step 219] block 3: fast=180 medium=198 slow=134 | mean_alpha=0.2152 | mean_|grad|=0.000021 (n=1)
  [trace step 219] block 4: fast=178 medium=200 slow=134 | mean_alpha=0.2152 | mean_|grad|=0.000048 (n=1)
  [trace step 220] block 0: fast=178 medium=200 slow=134 | mean_alpha=0.2153 | mean_|grad|=0.000014 (n=1)
  [trace step 220] block 1: fast=178 medium=199 slow=135 | mean_alpha=0.2153 | mean_|grad|=0.000016 (n=1)
  [trace step 220] block 2: fast=179 medium=199 slow=134 | mean_alpha=0.2153 | mean_|grad|=0.000015 (n=1)
  [trace step 220] block 3: fast=180 medium=198 slow=134 | mean_alpha=0.2152 | mean_|grad|=0.000020 (n=1)
  [trace step 220] block 4: fast=178 medium=200 slow=134 | mean_alpha=0.2152 | mean_|grad|=0.000042 (n=1)
  [trace step 221] block 0: fast=178 medium=200 slow=134 | mean_alpha=0.2153 | mean_|grad|=0.000017 (n=1)
  [trace step 221] block 1: fast=178 medium=199 slow=135 | mean_alpha=0.2153 | mean_|grad|=0.000019 (n=1)
  [trace step 221] block 2: fast=179 medium=199 slow=134 | mean_alpha=0.2153 | mean_|grad|=0.000016 (n=1)
  [trace step 221] block 3: fast=180 medium=198 slow=134 | mean_alpha=0.2152 | mean_|grad|=0.000018 (n=1)
  [trace step 221] block 4: fast=178 medium=200 slow=134 | mean_alpha=0.2152 | mean_|grad|=0.000047 (n=1)
  [trace step 222] block 0: fast=178 medium=200 slow=134 | mean_alpha=0.2153 | mean_|grad|=0.000020 (n=1)
  [trace step 222] block 1: fast=178 medium=199 slow=135 | mean_alpha=0.2153 | mean_|grad|=0.000016 (n=1)
  [trace step 222] block 2: fast=179 medium=199 slow=134 | mean_alpha=0.2153 | mean_|grad|=0.000015 (n=1)
  [trace step 222] block 3: fast=180 medium=198 slow=134 | mean_alpha=0.2152 | mean_|grad|=0.000017 (n=1)
  [trace step 222] block 4: fast=178 medium=200 slow=134 | mean_alpha=0.2152 | mean_|grad|=0.000037 (n=1)
  [trace step 223] block 0: fast=178 medium=200 slow=134 | mean_alpha=0.2153 | mean_|grad|=0.000018 (n=1)
  [trace step 223] block 1: fast=178 medium=199 slow=135 | mean_alpha=0.2153 | mean_|grad|=0.000018 (n=1)
  [trace step 223] block 2: fast=179 medium=199 slow=134 | mean_alpha=0.2153 | mean_|grad|=0.000016 (n=1)
  [trace step 223] block 3: fast=180 medium=198 slow=134 | mean_alpha=0.2152 | mean_|grad|=0.000016 (n=1)
  [trace step 223] block 4: fast=178 medium=200 slow=134 | mean_alpha=0.2152 | mean_|grad|=0.000039 (n=1)
  [trace step 224] block 0: fast=178 medium=200 slow=134 | mean_alpha=0.2153 | mean_|grad|=0.000016 (n=1)
  [trace step 224] block 1: fast=178 medium=199 slow=135 | mean_alpha=0.2153 | mean_|grad|=0.000013 (n=1)
  [trace step 224] block 2: fast=179 medium=199 slow=134 | mean_alpha=0.2153 | mean_|grad|=0.000015 (n=1)
  [trace step 224] block 3: fast=180 medium=198 slow=134 | mean_alpha=0.2152 | mean_|grad|=0.000017 (n=1)
  [trace step 224] block 4: fast=178 medium=200 slow=134 | mean_alpha=0.2152 | mean_|grad|=0.000036 (n=1)
  [trace step 225] block 0: fast=178 medium=200 slow=134 | mean_alpha=0.2153 | mean_|grad|=0.000017 (n=1)
  [trace step 225] block 1: fast=178 medium=199 slow=135 | mean_alpha=0.2153 | mean_|grad|=0.000015 (n=1)
  [trace step 225] block 2: fast=179 medium=199 slow=134 | mean_alpha=0.2153 | mean_|grad|=0.000017 (n=1)
  [trace step 225] block 3: fast=180 medium=198 slow=134 | mean_alpha=0.2152 | mean_|grad|=0.000019 (n=1)
  [trace step 225] block 4: fast=178 medium=200 slow=134 | mean_alpha=0.2152 | mean_|grad|=0.000042 (n=1)
  [trace step 226] block 0: fast=178 medium=200 slow=134 | mean_alpha=0.2153 | mean_|grad|=0.000015 (n=1)
  [trace step 226] block 1: fast=178 medium=199 slow=135 | mean_alpha=0.2153 | mean_|grad|=0.000016 (n=1)
  [trace step 226] block 2: fast=179 medium=199 slow=134 | mean_alpha=0.2153 | mean_|grad|=0.000014 (n=1)
  [trace step 226] block 3: fast=180 medium=198 slow=134 | mean_alpha=0.2152 | mean_|grad|=0.000016 (n=1)
  [trace step 226] block 4: fast=178 medium=200 slow=134 | mean_alpha=0.2152 | mean_|grad|=0.000046 (n=1)
  [trace step 227] block 0: fast=178 medium=200 slow=134 | mean_alpha=0.2153 | mean_|grad|=0.000017 (n=1)
  [trace step 227] block 1: fast=178 medium=199 slow=135 | mean_alpha=0.2153 | mean_|grad|=0.000013 (n=1)
  [trace step 227] block 2: fast=179 medium=199 slow=134 | mean_alpha=0.2153 | mean_|grad|=0.000013 (n=1)
  [trace step 227] block 3: fast=180 medium=198 slow=134 | mean_alpha=0.2152 | mean_|grad|=0.000017 (n=1)
  [trace step 227] block 4: fast=178 medium=200 slow=134 | mean_alpha=0.2152 | mean_|grad|=0.000040 (n=1)
  [trace step 228] block 0: fast=178 medium=200 slow=134 | mean_alpha=0.2153 | mean_|grad|=0.000016 (n=1)
  [trace step 228] block 1: fast=178 medium=199 slow=135 | mean_alpha=0.2153 | mean_|grad|=0.000013 (n=1)
  [trace step 228] block 2: fast=179 medium=199 slow=134 | mean_alpha=0.2153 | mean_|grad|=0.000013 (n=1)
  [trace step 228] block 3: fast=180 medium=198 slow=134 | mean_alpha=0.2152 | mean_|grad|=0.000014 (n=1)
  [trace step 228] block 4: fast=178 medium=200 slow=134 | mean_alpha=0.2152 | mean_|grad|=0.000045 (n=1)
  [trace step 229] block 0: fast=178 medium=200 slow=134 | mean_alpha=0.2153 | mean_|grad|=0.000012 (n=1)
  [trace step 229] block 1: fast=178 medium=199 slow=135 | mean_alpha=0.2153 | mean_|grad|=0.000014 (n=1)
  [trace step 229] block 2: fast=179 medium=199 slow=134 | mean_alpha=0.2153 | mean_|grad|=0.000014 (n=1)
  [trace step 229] block 3: fast=180 medium=198 slow=134 | mean_alpha=0.2152 | mean_|grad|=0.000016 (n=1)
  [trace step 229] block 4: fast=178 medium=200 slow=134 | mean_alpha=0.2152 | mean_|grad|=0.000045 (n=1)
  [trace step 230] block 0: fast=178 medium=200 slow=134 | mean_alpha=0.2153 | mean_|grad|=0.000012 (n=1)
  [trace step 230] block 1: fast=178 medium=199 slow=135 | mean_alpha=0.2153 | mean_|grad|=0.000015 (n=1)
  [trace step 230] block 2: fast=179 medium=199 slow=134 | mean_alpha=0.2153 | mean_|grad|=0.000015 (n=1)
  [trace step 230] block 3: fast=180 medium=198 slow=134 | mean_alpha=0.2152 | mean_|grad|=0.000015 (n=1)
  [trace step 230] block 4: fast=178 medium=200 slow=134 | mean_alpha=0.2152 | mean_|grad|=0.000035 (n=1)
  [trace step 231] block 0: fast=178 medium=200 slow=134 | mean_alpha=0.2153 | mean_|grad|=0.000010 (n=1)
  [trace step 231] block 1: fast=178 medium=199 slow=135 | mean_alpha=0.2153 | mean_|grad|=0.000014 (n=1)
  [trace step 231] block 2: fast=179 medium=199 slow=134 | mean_alpha=0.2153 | mean_|grad|=0.000015 (n=1)
  [trace step 231] block 3: fast=180 medium=198 slow=134 | mean_alpha=0.2152 | mean_|grad|=0.000015 (n=1)
  [trace step 231] block 4: fast=178 medium=200 slow=134 | mean_alpha=0.2152 | mean_|grad|=0.000050 (n=1)
  [trace step 232] block 0: fast=178 medium=200 slow=134 | mean_alpha=0.2153 | mean_|grad|=0.000011 (n=1)
  [trace step 232] block 1: fast=178 medium=199 slow=135 | mean_alpha=0.2153 | mean_|grad|=0.000011 (n=1)
  [trace step 232] block 2: fast=179 medium=199 slow=134 | mean_alpha=0.2153 | mean_|grad|=0.000013 (n=1)
  [trace step 232] block 3: fast=180 medium=198 slow=134 | mean_alpha=0.2152 | mean_|grad|=0.000015 (n=1)
  [trace step 232] block 4: fast=178 medium=200 slow=134 | mean_alpha=0.2152 | mean_|grad|=0.000042 (n=1)
  [trace step 233] block 0: fast=178 medium=200 slow=134 | mean_alpha=0.2153 | mean_|grad|=0.000012 (n=1)
  [trace step 233] block 1: fast=178 medium=199 slow=135 | mean_alpha=0.2153 | mean_|grad|=0.000011 (n=1)
  [trace step 233] block 2: fast=179 medium=199 slow=134 | mean_alpha=0.2153 | mean_|grad|=0.000013 (n=1)
  [trace step 233] block 3: fast=180 medium=198 slow=134 | mean_alpha=0.2152 | mean_|grad|=0.000012 (n=1)
  [trace step 233] block 4: fast=178 medium=200 slow=134 | mean_alpha=0.2152 | mean_|grad|=0.000034 (n=1)
  [trace step 234] block 0: fast=178 medium=200 slow=134 | mean_alpha=0.2153 | mean_|grad|=0.000011 (n=1)
  [trace step 234] block 1: fast=178 medium=199 slow=135 | mean_alpha=0.2153 | mean_|grad|=0.000011 (n=1)
  [trace step 234] block 2: fast=179 medium=199 slow=134 | mean_alpha=0.2153 | mean_|grad|=0.000013 (n=1)
  [trace step 234] block 3: fast=180 medium=198 slow=134 | mean_alpha=0.2152 | mean_|grad|=0.000014 (n=1)
  [trace step 234] block 4: fast=178 medium=200 slow=134 | mean_alpha=0.2152 | mean_|grad|=0.000038 (n=1)
  [trace step 235] block 0: fast=178 medium=200 slow=134 | mean_alpha=0.2153 | mean_|grad|=0.000010 (n=1)
  [trace step 235] block 1: fast=178 medium=199 slow=135 | mean_alpha=0.2153 | mean_|grad|=0.000012 (n=1)
  [trace step 235] block 2: fast=179 medium=199 slow=134 | mean_alpha=0.2153 | mean_|grad|=0.000012 (n=1)
  [trace step 235] block 3: fast=180 medium=198 slow=134 | mean_alpha=0.2152 | mean_|grad|=0.000013 (n=1)
  [trace step 235] block 4: fast=178 medium=200 slow=134 | mean_alpha=0.2152 | mean_|grad|=0.000039 (n=1)
  [trace step 236] block 0: fast=178 medium=200 slow=134 | mean_alpha=0.2153 | mean_|grad|=0.000011 (n=1)
  [trace step 236] block 1: fast=178 medium=199 slow=135 | mean_alpha=0.2153 | mean_|grad|=0.000010 (n=1)
  [trace step 236] block 2: fast=179 medium=199 slow=134 | mean_alpha=0.2153 | mean_|grad|=0.000011 (n=1)
  [trace step 236] block 3: fast=180 medium=198 slow=134 | mean_alpha=0.2152 | mean_|grad|=0.000014 (n=1)
  [trace step 236] block 4: fast=178 medium=200 slow=134 | mean_alpha=0.2152 | mean_|grad|=0.000032 (n=1)
  [trace step 237] block 0: fast=178 medium=200 slow=134 | mean_alpha=0.2153 | mean_|grad|=0.000012 (n=1)
  [trace step 237] block 1: fast=178 medium=199 slow=135 | mean_alpha=0.2153 | mean_|grad|=0.000012 (n=1)
  [trace step 237] block 2: fast=179 medium=199 slow=134 | mean_alpha=0.2153 | mean_|grad|=0.000012 (n=1)
  [trace step 237] block 3: fast=180 medium=198 slow=134 | mean_alpha=0.2152 | mean_|grad|=0.000012 (n=1)
  [trace step 237] block 4: fast=178 medium=200 slow=134 | mean_alpha=0.2152 | mean_|grad|=0.000031 (n=1)
  [trace step 238] block 0: fast=178 medium=200 slow=134 | mean_alpha=0.2153 | mean_|grad|=0.000010 (n=1)
  [trace step 238] block 1: fast=178 medium=199 slow=135 | mean_alpha=0.2153 | mean_|grad|=0.000011 (n=1)
  [trace step 238] block 2: fast=179 medium=199 slow=134 | mean_alpha=0.2153 | mean_|grad|=0.000011 (n=1)
  [trace step 238] block 3: fast=180 medium=198 slow=134 | mean_alpha=0.2152 | mean_|grad|=0.000014 (n=1)
  [trace step 238] block 4: fast=178 medium=200 slow=134 | mean_alpha=0.2152 | mean_|grad|=0.000037 (n=1)
  [trace step 239] block 0: fast=178 medium=200 slow=134 | mean_alpha=0.2153 | mean_|grad|=0.000010 (n=1)
  [trace step 239] block 1: fast=178 medium=199 slow=135 | mean_alpha=0.2153 | mean_|grad|=0.000012 (n=1)
  [trace step 239] block 2: fast=179 medium=199 slow=134 | mean_alpha=0.2153 | mean_|grad|=0.000011 (n=1)
  [trace step 239] block 3: fast=180 medium=198 slow=134 | mean_alpha=0.2152 | mean_|grad|=0.000012 (n=1)
  [trace step 239] block 4: fast=178 medium=200 slow=134 | mean_alpha=0.2152 | mean_|grad|=0.000027 (n=1)
  [trace step 240] block 0: fast=178 medium=200 slow=134 | mean_alpha=0.2153 | mean_|grad|=0.000012 (n=1)
  [trace step 240] block 1: fast=178 medium=199 slow=135 | mean_alpha=0.2153 | mean_|grad|=0.000012 (n=1)
  [trace step 240] block 2: fast=179 medium=199 slow=134 | mean_alpha=0.2153 | mean_|grad|=0.000011 (n=1)
  [trace step 240] block 3: fast=180 medium=198 slow=134 | mean_alpha=0.2152 | mean_|grad|=0.000013 (n=1)
  [trace step 240] block 4: fast=178 medium=200 slow=134 | mean_alpha=0.2152 | mean_|grad|=0.000048 (n=1)
  [trace step 241] block 0: fast=178 medium=200 slow=134 | mean_alpha=0.2153 | mean_|grad|=0.000011 (n=1)
  [trace step 241] block 1: fast=178 medium=199 slow=135 | mean_alpha=0.2153 | mean_|grad|=0.000012 (n=1)
  [trace step 241] block 2: fast=179 medium=199 slow=134 | mean_alpha=0.2153 | mean_|grad|=0.000012 (n=1)
  [trace step 241] block 3: fast=180 medium=198 slow=134 | mean_alpha=0.2152 | mean_|grad|=0.000014 (n=1)
  [trace step 241] block 4: fast=178 medium=200 slow=134 | mean_alpha=0.2152 | mean_|grad|=0.000037 (n=1)
  [trace step 242] block 0: fast=178 medium=200 slow=134 | mean_alpha=0.2153 | mean_|grad|=0.000013 (n=1)
  [trace step 242] block 1: fast=178 medium=199 slow=135 | mean_alpha=0.2153 | mean_|grad|=0.000011 (n=1)
  [trace step 242] block 2: fast=179 medium=199 slow=134 | mean_alpha=0.2153 | mean_|grad|=0.000009 (n=1)
  [trace step 242] block 3: fast=180 medium=198 slow=134 | mean_alpha=0.2152 | mean_|grad|=0.000012 (n=1)
  [trace step 242] block 4: fast=178 medium=200 slow=134 | mean_alpha=0.2152 | mean_|grad|=0.000049 (n=1)
  [trace step 243] block 0: fast=178 medium=200 slow=134 | mean_alpha=0.2153 | mean_|grad|=0.000010 (n=1)
  [trace step 243] block 1: fast=178 medium=199 slow=135 | mean_alpha=0.2153 | mean_|grad|=0.000011 (n=1)
  [trace step 243] block 2: fast=179 medium=199 slow=134 | mean_alpha=0.2153 | mean_|grad|=0.000010 (n=1)
  [trace step 243] block 3: fast=180 medium=198 slow=134 | mean_alpha=0.2152 | mean_|grad|=0.000012 (n=1)
  [trace step 243] block 4: fast=178 medium=200 slow=134 | mean_alpha=0.2152 | mean_|grad|=0.000049 (n=1)
  [trace step 244] block 0: fast=178 medium=200 slow=134 | mean_alpha=0.2153 | mean_|grad|=0.000009 (n=1)
  [trace step 244] block 1: fast=178 medium=199 slow=135 | mean_alpha=0.2153 | mean_|grad|=0.000009 (n=1)
  [trace step 244] block 2: fast=179 medium=199 slow=134 | mean_alpha=0.2153 | mean_|grad|=0.000012 (n=1)
  [trace step 244] block 3: fast=180 medium=198 slow=134 | mean_alpha=0.2152 | mean_|grad|=0.000011 (n=1)
  [trace step 244] block 4: fast=178 medium=200 slow=134 | mean_alpha=0.2152 | mean_|grad|=0.000032 (n=1)
  [trace step 245] block 0: fast=178 medium=200 slow=134 | mean_alpha=0.2153 | mean_|grad|=0.000011 (n=1)
  [trace step 245] block 1: fast=178 medium=199 slow=135 | mean_alpha=0.2153 | mean_|grad|=0.000010 (n=1)
  [trace step 245] block 2: fast=179 medium=199 slow=134 | mean_alpha=0.2153 | mean_|grad|=0.000011 (n=1)
  [trace step 245] block 3: fast=180 medium=198 slow=134 | mean_alpha=0.2152 | mean_|grad|=0.000013 (n=1)
  [trace step 245] block 4: fast=178 medium=200 slow=134 | mean_alpha=0.2152 | mean_|grad|=0.000035 (n=1)
  [trace step 246] block 0: fast=178 medium=200 slow=134 | mean_alpha=0.2153 | mean_|grad|=0.000009 (n=1)
  [trace step 246] block 1: fast=178 medium=199 slow=135 | mean_alpha=0.2153 | mean_|grad|=0.000009 (n=1)
  [trace step 246] block 2: fast=179 medium=199 slow=134 | mean_alpha=0.2153 | mean_|grad|=0.000011 (n=1)
  [trace step 246] block 3: fast=180 medium=198 slow=134 | mean_alpha=0.2152 | mean_|grad|=0.000011 (n=1)
  [trace step 246] block 4: fast=178 medium=200 slow=134 | mean_alpha=0.2152 | mean_|grad|=0.000043 (n=1)
  [trace step 247] block 0: fast=178 medium=200 slow=134 | mean_alpha=0.2153 | mean_|grad|=0.000011 (n=1)
  [trace step 247] block 1: fast=178 medium=199 slow=135 | mean_alpha=0.2153 | mean_|grad|=0.000009 (n=1)
  [trace step 247] block 2: fast=179 medium=199 slow=134 | mean_alpha=0.2153 | mean_|grad|=0.000010 (n=1)
  [trace step 247] block 3: fast=180 medium=198 slow=134 | mean_alpha=0.2152 | mean_|grad|=0.000011 (n=1)
  [trace step 247] block 4: fast=178 medium=200 slow=134 | mean_alpha=0.2152 | mean_|grad|=0.000036 (n=1)
  [trace step 248] block 0: fast=178 medium=200 slow=134 | mean_alpha=0.2153 | mean_|grad|=0.000008 (n=1)
  [trace step 248] block 1: fast=178 medium=199 slow=135 | mean_alpha=0.2153 | mean_|grad|=0.000009 (n=1)
  [trace step 248] block 2: fast=179 medium=199 slow=134 | mean_alpha=0.2153 | mean_|grad|=0.000010 (n=1)
  [trace step 248] block 3: fast=180 medium=198 slow=134 | mean_alpha=0.2152 | mean_|grad|=0.000011 (n=1)
  [trace step 248] block 4: fast=178 medium=200 slow=134 | mean_alpha=0.2152 | mean_|grad|=0.000037 (n=1)
  [trace step 249] block 0: fast=178 medium=200 slow=134 | mean_alpha=0.2152 | mean_|grad|=0.000009 (n=1)
  [trace step 249] block 1: fast=178 medium=199 slow=135 | mean_alpha=0.2153 | mean_|grad|=0.000010 (n=1)
  [trace step 249] block 2: fast=179 medium=199 slow=134 | mean_alpha=0.2153 | mean_|grad|=0.000011 (n=1)
  [trace step 249] block 3: fast=180 medium=198 slow=134 | mean_alpha=0.2152 | mean_|grad|=0.000012 (n=1)
  [trace step 249] block 4: fast=178 medium=200 slow=134 | mean_alpha=0.2152 | mean_|grad|=0.000028 (n=1)
  [trace step 250] block 0: fast=178 medium=200 slow=134 | mean_alpha=0.2152 | mean_|grad|=0.000010 (n=1)
  [trace step 250] block 1: fast=178 medium=199 slow=135 | mean_alpha=0.2153 | mean_|grad|=0.000010 (n=1)
  [trace step 250] block 2: fast=179 medium=199 slow=134 | mean_alpha=0.2153 | mean_|grad|=0.000010 (n=1)
  [trace step 250] block 3: fast=180 medium=198 slow=134 | mean_alpha=0.2152 | mean_|grad|=0.000012 (n=1)
  [trace step 250] block 4: fast=178 medium=200 slow=134 | mean_alpha=0.2152 | mean_|grad|=0.000034 (n=1)
  [r2c trace step 250] block 0: z mean=1.0297 s mean=0.7500 min=0.7430 max=0.7577 closed=0/512 open=0/512 | mean|s*read|=0.258223 | mean|g| ar=6.07e-5 ib=7.88e-5 z=3.49e-5 (n=50)
  [r2c trace step 250] block 1: z mean=1.0225 s mean=0.7487 min=0.7432 max=0.7551 closed=0/512 open=0/512 | mean|s*read|=0.583042 | mean|g| ar=9.29e-5 ib=7.88e-5 z=1.81e-6 (n=50)
  [r2c trace step 250] block 2: z mean=1.0200 s mean=0.7482 min=0.7426 max=0.7545 closed=0/512 open=0/512 | mean|s*read|=0.820257 | mean|g| ar=1.23e-4 ib=9.32e-5 z=3.02e-6 (n=50)
  [r2c trace step 250] block 3: z mean=1.0191 s mean=0.7481 min=0.7421 max=0.7536 closed=0/512 open=0/512 | mean|s*read|=1.015105 | mean|g| ar=1.32e-4 ib=1.03e-4 z=4.53e-6 (n=50)
  [r2c trace step 250] block 4: z mean=1.0191 s mean=0.7481 min=0.7421 max=0.7536 closed=0/512 open=0/512 | mean|s*read|=1.320825 | mean|g| ar=1.86e-4 ib=1.31e-4 z=5.37e-6 (n=50)
step 250/1800 | epoch 1 | loss 4.7084 | 1.5 steps/s
  [trace step 251] block 0: fast=178 medium=200 slow=134 | mean_alpha=0.2152 | mean_|grad|=0.000008 (n=1)
  [trace step 251] block 1: fast=178 medium=199 slow=135 | mean_alpha=0.2153 | mean_|grad|=0.000008 (n=1)
  [trace step 251] block 2: fast=179 medium=199 slow=134 | mean_alpha=0.2153 | mean_|grad|=0.000010 (n=1)
  [trace step 251] block 3: fast=180 medium=198 slow=134 | mean_alpha=0.2152 | mean_|grad|=0.000010 (n=1)
  [trace step 251] block 4: fast=178 medium=200 slow=134 | mean_alpha=0.2152 | mean_|grad|=0.000027 (n=1)
  [trace step 252] block 0: fast=178 medium=200 slow=134 | mean_alpha=0.2152 | mean_|grad|=0.000008 (n=1)
  [trace step 252] block 1: fast=178 medium=199 slow=135 | mean_alpha=0.2153 | mean_|grad|=0.000010 (n=1)
  [trace step 252] block 2: fast=179 medium=199 slow=134 | mean_alpha=0.2153 | mean_|grad|=0.000009 (n=1)
  [trace step 252] block 3: fast=180 medium=198 slow=134 | mean_alpha=0.2152 | mean_|grad|=0.000012 (n=1)
  [trace step 252] block 4: fast=178 medium=200 slow=134 | mean_alpha=0.2152 | mean_|grad|=0.000047 (n=1)
  [trace step 253] block 0: fast=178 medium=200 slow=134 | mean_alpha=0.2152 | mean_|grad|=0.000008 (n=1)
  [trace step 253] block 1: fast=178 medium=199 slow=135 | mean_alpha=0.2153 | mean_|grad|=0.000008 (n=1)
  [trace step 253] block 2: fast=179 medium=199 slow=134 | mean_alpha=0.2153 | mean_|grad|=0.000009 (n=1)
  [trace step 253] block 3: fast=180 medium=198 slow=134 | mean_alpha=0.2152 | mean_|grad|=0.000011 (n=1)
  [trace step 253] block 4: fast=178 medium=200 slow=134 | mean_alpha=0.2152 | mean_|grad|=0.000039 (n=1)
  [trace step 254] block 0: fast=178 medium=200 slow=134 | mean_alpha=0.2152 | mean_|grad|=0.000008 (n=1)
  [trace step 254] block 1: fast=178 medium=199 slow=135 | mean_alpha=0.2153 | mean_|grad|=0.000007 (n=1)
  [trace step 254] block 2: fast=179 medium=199 slow=134 | mean_alpha=0.2153 | mean_|grad|=0.000008 (n=1)
  [trace step 254] block 3: fast=180 medium=198 slow=134 | mean_alpha=0.2152 | mean_|grad|=0.000010 (n=1)
  [trace step 254] block 4: fast=178 medium=200 slow=134 | mean_alpha=0.2152 | mean_|grad|=0.000032 (n=1)
  [trace step 255] block 0: fast=178 medium=200 slow=134 | mean_alpha=0.2152 | mean_|grad|=0.000011 (n=1)
  [trace step 255] block 1: fast=178 medium=199 slow=135 | mean_alpha=0.2153 | mean_|grad|=0.000008 (n=1)
  [trace step 255] block 2: fast=179 medium=199 slow=134 | mean_alpha=0.2153 | mean_|grad|=0.000010 (n=1)
  [trace step 255] block 3: fast=180 medium=198 slow=134 | mean_alpha=0.2152 | mean_|grad|=0.000012 (n=1)
  [trace step 255] block 4: fast=178 medium=200 slow=134 | mean_alpha=0.2152 | mean_|grad|=0.000031 (n=1)
  [trace step 256] block 0: fast=178 medium=200 slow=134 | mean_alpha=0.2152 | mean_|grad|=0.000009 (n=1)
  [trace step 256] block 1: fast=178 medium=199 slow=135 | mean_alpha=0.2153 | mean_|grad|=0.000008 (n=1)
  [trace step 256] block 2: fast=179 medium=199 slow=134 | mean_alpha=0.2153 | mean_|grad|=0.000008 (n=1)
  [trace step 256] block 3: fast=180 medium=198 slow=134 | mean_alpha=0.2152 | mean_|grad|=0.000011 (n=1)
  [trace step 256] block 4: fast=178 medium=200 slow=134 | mean_alpha=0.2152 | mean_|grad|=0.000038 (n=1)
  [trace step 257] block 0: fast=178 medium=200 slow=134 | mean_alpha=0.2152 | mean_|grad|=0.000007 (n=1)
  [trace step 257] block 1: fast=178 medium=199 slow=135 | mean_alpha=0.2153 | mean_|grad|=0.000009 (n=1)
  [trace step 257] block 2: fast=179 medium=199 slow=134 | mean_alpha=0.2153 | mean_|grad|=0.000009 (n=1)
  [trace step 257] block 3: fast=180 medium=198 slow=134 | mean_alpha=0.2152 | mean_|grad|=0.000013 (n=1)
  [trace step 257] block 4: fast=178 medium=200 slow=134 | mean_alpha=0.2152 | mean_|grad|=0.000044 (n=1)
  [trace step 258] block 0: fast=178 medium=200 slow=134 | mean_alpha=0.2152 | mean_|grad|=0.000008 (n=1)
  [trace step 258] block 1: fast=178 medium=199 slow=135 | mean_alpha=0.2153 | mean_|grad|=0.000009 (n=1)
  [trace step 258] block 2: fast=179 medium=199 slow=134 | mean_alpha=0.2153 | mean_|grad|=0.000008 (n=1)
  [trace step 258] block 3: fast=180 medium=198 slow=134 | mean_alpha=0.2152 | mean_|grad|=0.000012 (n=1)
  [trace step 258] block 4: fast=178 medium=200 slow=134 | mean_alpha=0.2152 | mean_|grad|=0.000030 (n=1)
  [trace step 259] block 0: fast=178 medium=200 slow=134 | mean_alpha=0.2152 | mean_|grad|=0.000008 (n=1)
  [trace step 259] block 1: fast=178 medium=199 slow=135 | mean_alpha=0.2153 | mean_|grad|=0.000007 (n=1)
  [trace step 259] block 2: fast=179 medium=199 slow=134 | mean_alpha=0.2153 | mean_|grad|=0.000009 (n=1)
  [trace step 259] block 3: fast=180 medium=198 slow=134 | mean_alpha=0.2152 | mean_|grad|=0.000012 (n=1)
  [trace step 259] block 4: fast=178 medium=200 slow=134 | mean_alpha=0.2152 | mean_|grad|=0.000057 (n=1)
  [trace step 260] block 0: fast=178 medium=200 slow=134 | mean_alpha=0.2152 | mean_|grad|=0.000008 (n=1)
  [trace step 260] block 1: fast=178 medium=199 slow=135 | mean_alpha=0.2153 | mean_|grad|=0.000008 (n=1)
  [trace step 260] block 2: fast=179 medium=199 slow=134 | mean_alpha=0.2153 | mean_|grad|=0.000009 (n=1)
  [trace step 260] block 3: fast=180 medium=198 slow=134 | mean_alpha=0.2152 | mean_|grad|=0.000009 (n=1)
  [trace step 260] block 4: fast=178 medium=200 slow=134 | mean_alpha=0.2152 | mean_|grad|=0.000025 (n=1)
  [trace step 261] block 0: fast=178 medium=200 slow=134 | mean_alpha=0.2152 | mean_|grad|=0.000008 (n=1)
  [trace step 261] block 1: fast=178 medium=199 slow=135 | mean_alpha=0.2153 | mean_|grad|=0.000007 (n=1)
  [trace step 261] block 2: fast=179 medium=199 slow=134 | mean_alpha=0.2153 | mean_|grad|=0.000008 (n=1)
  [trace step 261] block 3: fast=180 medium=198 slow=134 | mean_alpha=0.2152 | mean_|grad|=0.000010 (n=1)
  [trace step 261] block 4: fast=178 medium=200 slow=134 | mean_alpha=0.2152 | mean_|grad|=0.000033 (n=1)
  [trace step 262] block 0: fast=178 medium=200 slow=134 | mean_alpha=0.2152 | mean_|grad|=0.000009 (n=1)
  [trace step 262] block 1: fast=178 medium=199 slow=135 | mean_alpha=0.2153 | mean_|grad|=0.000008 (n=1)
  [trace step 262] block 2: fast=179 medium=199 slow=134 | mean_alpha=0.2153 | mean_|grad|=0.000008 (n=1)
  [trace step 262] block 3: fast=180 medium=198 slow=134 | mean_alpha=0.2152 | mean_|grad|=0.000010 (n=1)
  [trace step 262] block 4: fast=178 medium=200 slow=134 | mean_alpha=0.2152 | mean_|grad|=0.000040 (n=1)
  [trace step 263] block 0: fast=178 medium=200 slow=134 | mean_alpha=0.2152 | mean_|grad|=0.000009 (n=1)
  [trace step 263] block 1: fast=178 medium=199 slow=135 | mean_alpha=0.2153 | mean_|grad|=0.000008 (n=1)
  [trace step 263] block 2: fast=179 medium=199 slow=134 | mean_alpha=0.2153 | mean_|grad|=0.000007 (n=1)
  [trace step 263] block 3: fast=180 medium=198 slow=134 | mean_alpha=0.2152 | mean_|grad|=0.000009 (n=1)
  [trace step 263] block 4: fast=178 medium=200 slow=134 | mean_alpha=0.2152 | mean_|grad|=0.000031 (n=1)
  [trace step 264] block 0: fast=178 medium=200 slow=134 | mean_alpha=0.2152 | mean_|grad|=0.000007 (n=1)
  [trace step 264] block 1: fast=178 medium=199 slow=135 | mean_alpha=0.2153 | mean_|grad|=0.000007 (n=1)
  [trace step 264] block 2: fast=179 medium=199 slow=134 | mean_alpha=0.2153 | mean_|grad|=0.000008 (n=1)
  [trace step 264] block 3: fast=180 medium=198 slow=134 | mean_alpha=0.2152 | mean_|grad|=0.000010 (n=1)
  [trace step 264] block 4: fast=178 medium=200 slow=134 | mean_alpha=0.2152 | mean_|grad|=0.000028 (n=1)
  [trace step 265] block 0: fast=178 medium=200 slow=134 | mean_alpha=0.2152 | mean_|grad|=0.000008 (n=1)
  [trace step 265] block 1: fast=178 medium=199 slow=135 | mean_alpha=0.2153 | mean_|grad|=0.000008 (n=1)
  [trace step 265] block 2: fast=179 medium=199 slow=134 | mean_alpha=0.2153 | mean_|grad|=0.000008 (n=1)
  [trace step 265] block 3: fast=180 medium=198 slow=134 | mean_alpha=0.2152 | mean_|grad|=0.000010 (n=1)
  [trace step 265] block 4: fast=178 medium=200 slow=134 | mean_alpha=0.2152 | mean_|grad|=0.000038 (n=1)
  [trace step 266] block 0: fast=178 medium=200 slow=134 | mean_alpha=0.2152 | mean_|grad|=0.000007 (n=1)
  [trace step 266] block 1: fast=178 medium=199 slow=135 | mean_alpha=0.2153 | mean_|grad|=0.000007 (n=1)
  [trace step 266] block 2: fast=179 medium=199 slow=134 | mean_alpha=0.2153 | mean_|grad|=0.000008 (n=1)
  [trace step 266] block 3: fast=180 medium=198 slow=134 | mean_alpha=0.2152 | mean_|grad|=0.000011 (n=1)
  [trace step 266] block 4: fast=178 medium=200 slow=134 | mean_alpha=0.2152 | mean_|grad|=0.000039 (n=1)
  [trace step 267] block 0: fast=178 medium=200 slow=134 | mean_alpha=0.2152 | mean_|grad|=0.000008 (n=1)
  [trace step 267] block 1: fast=178 medium=199 slow=135 | mean_alpha=0.2153 | mean_|grad|=0.000008 (n=1)
  [trace step 267] block 2: fast=179 medium=199 slow=134 | mean_alpha=0.2153 | mean_|grad|=0.000008 (n=1)
  [trace step 267] block 3: fast=180 medium=198 slow=134 | mean_alpha=0.2152 | mean_|grad|=0.000010 (n=1)
  [trace step 267] block 4: fast=178 medium=200 slow=134 | mean_alpha=0.2152 | mean_|grad|=0.000050 (n=1)
  [trace step 268] block 0: fast=178 medium=200 slow=134 | mean_alpha=0.2152 | mean_|grad|=0.000007 (n=1)
  [trace step 268] block 1: fast=178 medium=199 slow=135 | mean_alpha=0.2153 | mean_|grad|=0.000007 (n=1)
  [trace step 268] block 2: fast=179 medium=199 slow=134 | mean_alpha=0.2153 | mean_|grad|=0.000007 (n=1)
  [trace step 268] block 3: fast=180 medium=198 slow=134 | mean_alpha=0.2152 | mean_|grad|=0.000009 (n=1)
  [trace step 268] block 4: fast=178 medium=200 slow=134 | mean_alpha=0.2152 | mean_|grad|=0.000039 (n=1)
  [trace step 269] block 0: fast=178 medium=200 slow=134 | mean_alpha=0.2152 | mean_|grad|=0.000007 (n=1)
  [trace step 269] block 1: fast=178 medium=199 slow=135 | mean_alpha=0.2153 | mean_|grad|=0.000009 (n=1)
  [trace step 269] block 2: fast=179 medium=199 slow=134 | mean_alpha=0.2153 | mean_|grad|=0.000007 (n=1)
  [trace step 269] block 3: fast=180 medium=198 slow=134 | mean_alpha=0.2152 | mean_|grad|=0.000010 (n=1)
  [trace step 269] block 4: fast=178 medium=200 slow=134 | mean_alpha=0.2152 | mean_|grad|=0.000039 (n=1)
  [trace step 270] block 0: fast=178 medium=200 slow=134 | mean_alpha=0.2152 | mean_|grad|=0.000006 (n=1)
  [trace step 270] block 1: fast=178 medium=199 slow=135 | mean_alpha=0.2153 | mean_|grad|=0.000007 (n=1)
  [trace step 270] block 2: fast=179 medium=199 slow=134 | mean_alpha=0.2153 | mean_|grad|=0.000007 (n=1)
  [trace step 270] block 3: fast=180 medium=198 slow=134 | mean_alpha=0.2152 | mean_|grad|=0.000009 (n=1)
  [trace step 270] block 4: fast=178 medium=200 slow=134 | mean_alpha=0.2152 | mean_|grad|=0.000037 (n=1)
  [trace step 271] block 0: fast=178 medium=200 slow=134 | mean_alpha=0.2152 | mean_|grad|=0.000007 (n=1)
  [trace step 271] block 1: fast=179 medium=198 slow=135 | mean_alpha=0.2153 | mean_|grad|=0.000009 (n=1)
  [trace step 271] block 2: fast=179 medium=199 slow=134 | mean_alpha=0.2153 | mean_|grad|=0.000008 (n=1)
  [trace step 271] block 3: fast=180 medium=198 slow=134 | mean_alpha=0.2152 | mean_|grad|=0.000009 (n=1)
  [trace step 271] block 4: fast=178 medium=200 slow=134 | mean_alpha=0.2152 | mean_|grad|=0.000028 (n=1)
  [trace step 272] block 0: fast=178 medium=200 slow=134 | mean_alpha=0.2152 | mean_|grad|=0.000008 (n=1)
  [trace step 272] block 1: fast=179 medium=198 slow=135 | mean_alpha=0.2153 | mean_|grad|=0.000008 (n=1)
  [trace step 272] block 2: fast=179 medium=199 slow=134 | mean_alpha=0.2153 | mean_|grad|=0.000007 (n=1)
  [trace step 272] block 3: fast=180 medium=198 slow=134 | mean_alpha=0.2152 | mean_|grad|=0.000009 (n=1)
  [trace step 272] block 4: fast=178 medium=200 slow=134 | mean_alpha=0.2152 | mean_|grad|=0.000024 (n=1)
  [trace step 273] block 0: fast=178 medium=200 slow=134 | mean_alpha=0.2152 | mean_|grad|=0.000009 (n=1)
  [trace step 273] block 1: fast=179 medium=198 slow=135 | mean_alpha=0.2153 | mean_|grad|=0.000008 (n=1)
  [trace step 273] block 2: fast=179 medium=199 slow=134 | mean_alpha=0.2153 | mean_|grad|=0.000007 (n=1)
  [trace step 273] block 3: fast=180 medium=198 slow=134 | mean_alpha=0.2152 | mean_|grad|=0.000010 (n=1)
  [trace step 273] block 4: fast=178 medium=200 slow=134 | mean_alpha=0.2152 | mean_|grad|=0.000031 (n=1)
  [trace step 274] block 0: fast=178 medium=200 slow=134 | mean_alpha=0.2152 | mean_|grad|=0.000007 (n=1)
  [trace step 274] block 1: fast=179 medium=198 slow=135 | mean_alpha=0.2154 | mean_|grad|=0.000008 (n=1)
  [trace step 274] block 2: fast=179 medium=199 slow=134 | mean_alpha=0.2153 | mean_|grad|=0.000008 (n=1)
  [trace step 274] block 3: fast=180 medium=198 slow=134 | mean_alpha=0.2152 | mean_|grad|=0.000010 (n=1)
  [trace step 274] block 4: fast=178 medium=200 slow=134 | mean_alpha=0.2152 | mean_|grad|=0.000035 (n=1)
  [trace step 275] block 0: fast=178 medium=200 slow=134 | mean_alpha=0.2152 | mean_|grad|=0.000010 (n=1)
  [trace step 275] block 1: fast=179 medium=198 slow=135 | mean_alpha=0.2154 | mean_|grad|=0.000008 (n=1)
  [trace step 275] block 2: fast=179 medium=199 slow=134 | mean_alpha=0.2153 | mean_|grad|=0.000008 (n=1)
  [trace step 275] block 3: fast=180 medium=198 slow=134 | mean_alpha=0.2152 | mean_|grad|=0.000010 (n=1)
  [trace step 275] block 4: fast=179 medium=199 slow=134 | mean_alpha=0.2152 | mean_|grad|=0.000041 (n=1)
  [trace step 276] block 0: fast=178 medium=200 slow=134 | mean_alpha=0.2152 | mean_|grad|=0.000009 (n=1)
  [trace step 276] block 1: fast=178 medium=199 slow=135 | mean_alpha=0.2154 | mean_|grad|=0.000009 (n=1)
  [trace step 276] block 2: fast=179 medium=199 slow=134 | mean_alpha=0.2153 | mean_|grad|=0.000007 (n=1)
  [trace step 276] block 3: fast=180 medium=198 slow=134 | mean_alpha=0.2152 | mean_|grad|=0.000009 (n=1)
  [trace step 276] block 4: fast=179 medium=199 slow=134 | mean_alpha=0.2152 | mean_|grad|=0.000025 (n=1)
  [trace step 277] block 0: fast=178 medium=200 slow=134 | mean_alpha=0.2152 | mean_|grad|=0.000010 (n=1)
  [trace step 277] block 1: fast=178 medium=199 slow=135 | mean_alpha=0.2154 | mean_|grad|=0.000009 (n=1)
  [trace step 277] block 2: fast=179 medium=199 slow=134 | mean_alpha=0.2153 | mean_|grad|=0.000008 (n=1)
  [trace step 277] block 3: fast=180 medium=198 slow=134 | mean_alpha=0.2152 | mean_|grad|=0.000010 (n=1)
  [trace step 277] block 4: fast=179 medium=199 slow=134 | mean_alpha=0.2152 | mean_|grad|=0.000035 (n=1)
  [trace step 278] block 0: fast=178 medium=200 slow=134 | mean_alpha=0.2152 | mean_|grad|=0.000009 (n=1)
  [trace step 278] block 1: fast=178 medium=199 slow=135 | mean_alpha=0.2154 | mean_|grad|=0.000007 (n=1)
  [trace step 278] block 2: fast=179 medium=199 slow=134 | mean_alpha=0.2153 | mean_|grad|=0.000007 (n=1)
  [trace step 278] block 3: fast=180 medium=198 slow=134 | mean_alpha=0.2152 | mean_|grad|=0.000009 (n=1)
  [trace step 278] block 4: fast=179 medium=199 slow=134 | mean_alpha=0.2152 | mean_|grad|=0.000033 (n=1)
  [trace step 279] block 0: fast=178 medium=200 slow=134 | mean_alpha=0.2152 | mean_|grad|=0.000006 (n=1)
  [trace step 279] block 1: fast=178 medium=199 slow=135 | mean_alpha=0.2154 | mean_|grad|=0.000007 (n=1)
  [trace step 279] block 2: fast=179 medium=199 slow=134 | mean_alpha=0.2153 | mean_|grad|=0.000007 (n=1)
  [trace step 279] block 3: fast=180 medium=198 slow=134 | mean_alpha=0.2152 | mean_|grad|=0.000008 (n=1)
  [trace step 279] block 4: fast=179 medium=199 slow=134 | mean_alpha=0.2152 | mean_|grad|=0.000035 (n=1)
  [trace step 280] block 0: fast=178 medium=200 slow=134 | mean_alpha=0.2152 | mean_|grad|=0.000007 (n=1)
  [trace step 280] block 1: fast=178 medium=199 slow=135 | mean_alpha=0.2154 | mean_|grad|=0.000008 (n=1)
  [trace step 280] block 2: fast=179 medium=199 slow=134 | mean_alpha=0.2153 | mean_|grad|=0.000007 (n=1)
  [trace step 280] block 3: fast=180 medium=198 slow=134 | mean_alpha=0.2152 | mean_|grad|=0.000007 (n=1)
  [trace step 280] block 4: fast=179 medium=199 slow=134 | mean_alpha=0.2152 | mean_|grad|=0.000020 (n=1)
  [trace step 281] block 0: fast=178 medium=200 slow=134 | mean_alpha=0.2152 | mean_|grad|=0.000006 (n=1)
  [trace step 281] block 1: fast=178 medium=199 slow=135 | mean_alpha=0.2154 | mean_|grad|=0.000007 (n=1)
  [trace step 281] block 2: fast=179 medium=199 slow=134 | mean_alpha=0.2153 | mean_|grad|=0.000007 (n=1)
  [trace step 281] block 3: fast=180 medium=198 slow=134 | mean_alpha=0.2152 | mean_|grad|=0.000008 (n=1)
  [trace step 281] block 4: fast=179 medium=199 slow=134 | mean_alpha=0.2152 | mean_|grad|=0.000024 (n=1)
  [trace step 282] block 0: fast=178 medium=200 slow=134 | mean_alpha=0.2152 | mean_|grad|=0.000009 (n=1)
  [trace step 282] block 1: fast=178 medium=199 slow=135 | mean_alpha=0.2154 | mean_|grad|=0.000009 (n=1)
  [trace step 282] block 2: fast=179 medium=199 slow=134 | mean_alpha=0.2153 | mean_|grad|=0.000008 (n=1)
  [trace step 282] block 3: fast=180 medium=198 slow=134 | mean_alpha=0.2152 | mean_|grad|=0.000009 (n=1)
  [trace step 282] block 4: fast=179 medium=199 slow=134 | mean_alpha=0.2152 | mean_|grad|=0.000026 (n=1)
  [trace step 283] block 0: fast=178 medium=200 slow=134 | mean_alpha=0.2152 | mean_|grad|=0.000007 (n=1)
  [trace step 283] block 1: fast=178 medium=199 slow=135 | mean_alpha=0.2154 | mean_|grad|=0.000007 (n=1)
  [trace step 283] block 2: fast=179 medium=199 slow=134 | mean_alpha=0.2153 | mean_|grad|=0.000008 (n=1)
  [trace step 283] block 3: fast=180 medium=198 slow=134 | mean_alpha=0.2152 | mean_|grad|=0.000009 (n=1)
  [trace step 283] block 4: fast=179 medium=199 slow=134 | mean_alpha=0.2152 | mean_|grad|=0.000023 (n=1)
  [trace step 284] block 0: fast=178 medium=200 slow=134 | mean_alpha=0.2152 | mean_|grad|=0.000007 (n=1)
  [trace step 284] block 1: fast=178 medium=199 slow=135 | mean_alpha=0.2154 | mean_|grad|=0.000007 (n=1)
  [trace step 284] block 2: fast=179 medium=199 slow=134 | mean_alpha=0.2153 | mean_|grad|=0.000006 (n=1)
  [trace step 284] block 3: fast=180 medium=198 slow=134 | mean_alpha=0.2152 | mean_|grad|=0.000008 (n=1)
  [trace step 284] block 4: fast=179 medium=199 slow=134 | mean_alpha=0.2152 | mean_|grad|=0.000032 (n=1)
  [trace step 285] block 0: fast=178 medium=200 slow=134 | mean_alpha=0.2152 | mean_|grad|=0.000008 (n=1)
  [trace step 285] block 1: fast=178 medium=199 slow=135 | mean_alpha=0.2154 | mean_|grad|=0.000008 (n=1)
  [trace step 285] block 2: fast=179 medium=199 slow=134 | mean_alpha=0.2153 | mean_|grad|=0.000008 (n=1)
  [trace step 285] block 3: fast=180 medium=198 slow=134 | mean_alpha=0.2152 | mean_|grad|=0.000009 (n=1)
  [trace step 285] block 4: fast=179 medium=199 slow=134 | mean_alpha=0.2152 | mean_|grad|=0.000038 (n=1)
  [trace step 286] block 0: fast=178 medium=200 slow=134 | mean_alpha=0.2152 | mean_|grad|=0.000008 (n=1)
  [trace step 286] block 1: fast=178 medium=199 slow=135 | mean_alpha=0.2154 | mean_|grad|=0.000008 (n=1)
  [trace step 286] block 2: fast=179 medium=199 slow=134 | mean_alpha=0.2153 | mean_|grad|=0.000008 (n=1)
  [trace step 286] block 3: fast=180 medium=198 slow=134 | mean_alpha=0.2152 | mean_|grad|=0.000008 (n=1)
  [trace step 286] block 4: fast=179 medium=199 slow=134 | mean_alpha=0.2152 | mean_|grad|=0.000042 (n=1)
  [trace step 287] block 0: fast=178 medium=200 slow=134 | mean_alpha=0.2152 | mean_|grad|=0.000009 (n=1)
  [trace step 287] block 1: fast=178 medium=199 slow=135 | mean_alpha=0.2154 | mean_|grad|=0.000008 (n=1)
  [trace step 287] block 2: fast=179 medium=199 slow=134 | mean_alpha=0.2153 | mean_|grad|=0.000008 (n=1)
  [trace step 287] block 3: fast=180 medium=198 slow=134 | mean_alpha=0.2152 | mean_|grad|=0.000008 (n=1)
  [trace step 287] block 4: fast=179 medium=199 slow=134 | mean_alpha=0.2152 | mean_|grad|=0.000019 (n=1)
  [trace step 288] block 0: fast=178 medium=200 slow=134 | mean_alpha=0.2152 | mean_|grad|=0.000006 (n=1)
  [trace step 288] block 1: fast=178 medium=199 slow=135 | mean_alpha=0.2154 | mean_|grad|=0.000007 (n=1)
  [trace step 288] block 2: fast=179 medium=199 slow=134 | mean_alpha=0.2153 | mean_|grad|=0.000006 (n=1)
  [trace step 288] block 3: fast=180 medium=198 slow=134 | mean_alpha=0.2152 | mean_|grad|=0.000008 (n=1)
  [trace step 288] block 4: fast=179 medium=199 slow=134 | mean_alpha=0.2152 | mean_|grad|=0.000023 (n=1)
  [trace step 289] block 0: fast=178 medium=200 slow=134 | mean_alpha=0.2152 | mean_|grad|=0.000007 (n=1)
  [trace step 289] block 1: fast=178 medium=199 slow=135 | mean_alpha=0.2154 | mean_|grad|=0.000008 (n=1)
  [trace step 289] block 2: fast=179 medium=199 slow=134 | mean_alpha=0.2153 | mean_|grad|=0.000008 (n=1)
  [trace step 289] block 3: fast=180 medium=198 slow=134 | mean_alpha=0.2152 | mean_|grad|=0.000009 (n=1)
  [trace step 289] block 4: fast=179 medium=199 slow=134 | mean_alpha=0.2152 | mean_|grad|=0.000036 (n=1)
  [trace step 290] block 0: fast=178 medium=200 slow=134 | mean_alpha=0.2152 | mean_|grad|=0.000006 (n=1)
  [trace step 290] block 1: fast=178 medium=199 slow=135 | mean_alpha=0.2154 | mean_|grad|=0.000006 (n=1)
  [trace step 290] block 2: fast=179 medium=199 slow=134 | mean_alpha=0.2153 | mean_|grad|=0.000007 (n=1)
  [trace step 290] block 3: fast=180 medium=198 slow=134 | mean_alpha=0.2152 | mean_|grad|=0.000007 (n=1)
  [trace step 290] block 4: fast=179 medium=199 slow=134 | mean_alpha=0.2152 | mean_|grad|=0.000025 (n=1)
  [trace step 291] block 0: fast=178 medium=200 slow=134 | mean_alpha=0.2152 | mean_|grad|=0.000008 (n=1)
  [trace step 291] block 1: fast=178 medium=199 slow=135 | mean_alpha=0.2154 | mean_|grad|=0.000008 (n=1)
  [trace step 291] block 2: fast=179 medium=199 slow=134 | mean_alpha=0.2153 | mean_|grad|=0.000006 (n=1)
  [trace step 291] block 3: fast=180 medium=198 slow=134 | mean_alpha=0.2152 | mean_|grad|=0.000010 (n=1)
  [trace step 291] block 4: fast=179 medium=199 slow=134 | mean_alpha=0.2152 | mean_|grad|=0.000056 (n=1)
  [trace step 292] block 0: fast=178 medium=200 slow=134 | mean_alpha=0.2152 | mean_|grad|=0.000006 (n=1)
  [trace step 292] block 1: fast=178 medium=199 slow=135 | mean_alpha=0.2154 | mean_|grad|=0.000006 (n=1)
  [trace step 292] block 2: fast=179 medium=199 slow=134 | mean_alpha=0.2153 | mean_|grad|=0.000007 (n=1)
  [trace step 292] block 3: fast=180 medium=198 slow=134 | mean_alpha=0.2152 | mean_|grad|=0.000008 (n=1)
  [trace step 292] block 4: fast=179 medium=199 slow=134 | mean_alpha=0.2152 | mean_|grad|=0.000017 (n=1)
  [trace step 293] block 0: fast=178 medium=200 slow=134 | mean_alpha=0.2152 | mean_|grad|=0.000007 (n=1)
  [trace step 293] block 1: fast=178 medium=199 slow=135 | mean_alpha=0.2154 | mean_|grad|=0.000007 (n=1)
  [trace step 293] block 2: fast=179 medium=199 slow=134 | mean_alpha=0.2153 | mean_|grad|=0.000007 (n=1)
  [trace step 293] block 3: fast=180 medium=198 slow=134 | mean_alpha=0.2152 | mean_|grad|=0.000008 (n=1)
  [trace step 293] block 4: fast=179 medium=199 slow=134 | mean_alpha=0.2152 | mean_|grad|=0.000029 (n=1)
  [trace step 294] block 0: fast=178 medium=200 slow=134 | mean_alpha=0.2152 | mean_|grad|=0.000007 (n=1)
  [trace step 294] block 1: fast=178 medium=199 slow=135 | mean_alpha=0.2154 | mean_|grad|=0.000008 (n=1)
  [trace step 294] block 2: fast=179 medium=199 slow=134 | mean_alpha=0.2153 | mean_|grad|=0.000006 (n=1)
  [trace step 294] block 3: fast=180 medium=198 slow=134 | mean_alpha=0.2152 | mean_|grad|=0.000008 (n=1)
  [trace step 294] block 4: fast=179 medium=199 slow=134 | mean_alpha=0.2152 | mean_|grad|=0.000023 (n=1)
  [trace step 295] block 0: fast=178 medium=200 slow=134 | mean_alpha=0.2152 | mean_|grad|=0.000007 (n=1)
  [trace step 295] block 1: fast=178 medium=199 slow=135 | mean_alpha=0.2154 | mean_|grad|=0.000007 (n=1)
  [trace step 295] block 2: fast=179 medium=199 slow=134 | mean_alpha=0.2153 | mean_|grad|=0.000008 (n=1)
  [trace step 295] block 3: fast=180 medium=198 slow=134 | mean_alpha=0.2152 | mean_|grad|=0.000008 (n=1)
  [trace step 295] block 4: fast=179 medium=199 slow=134 | mean_alpha=0.2152 | mean_|grad|=0.000024 (n=1)
  [trace step 296] block 0: fast=178 medium=200 slow=134 | mean_alpha=0.2152 | mean_|grad|=0.000008 (n=1)
  [trace step 296] block 1: fast=178 medium=199 slow=135 | mean_alpha=0.2154 | mean_|grad|=0.000008 (n=1)
  [trace step 296] block 2: fast=179 medium=199 slow=134 | mean_alpha=0.2153 | mean_|grad|=0.000007 (n=1)
  [trace step 296] block 3: fast=180 medium=198 slow=134 | mean_alpha=0.2152 | mean_|grad|=0.000007 (n=1)
  [trace step 296] block 4: fast=179 medium=199 slow=134 | mean_alpha=0.2152 | mean_|grad|=0.000025 (n=1)
  [trace step 297] block 0: fast=178 medium=200 slow=134 | mean_alpha=0.2152 | mean_|grad|=0.000006 (n=1)
  [trace step 297] block 1: fast=178 medium=199 slow=135 | mean_alpha=0.2154 | mean_|grad|=0.000008 (n=1)
  [trace step 297] block 2: fast=179 medium=199 slow=134 | mean_alpha=0.2153 | mean_|grad|=0.000007 (n=1)
  [trace step 297] block 3: fast=180 medium=198 slow=134 | mean_alpha=0.2152 | mean_|grad|=0.000007 (n=1)
  [trace step 297] block 4: fast=179 medium=199 slow=134 | mean_alpha=0.2152 | mean_|grad|=0.000032 (n=1)
  [trace step 298] block 0: fast=178 medium=200 slow=134 | mean_alpha=0.2152 | mean_|grad|=0.000007 (n=1)
  [trace step 298] block 1: fast=178 medium=199 slow=135 | mean_alpha=0.2154 | mean_|grad|=0.000007 (n=1)
  [trace step 298] block 2: fast=179 medium=199 slow=134 | mean_alpha=0.2153 | mean_|grad|=0.000007 (n=1)
  [trace step 298] block 3: fast=180 medium=198 slow=134 | mean_alpha=0.2152 | mean_|grad|=0.000008 (n=1)
  [trace step 298] block 4: fast=179 medium=199 slow=134 | mean_alpha=0.2152 | mean_|grad|=0.000021 (n=1)
  [trace step 299] block 0: fast=178 medium=200 slow=134 | mean_alpha=0.2152 | mean_|grad|=0.000006 (n=1)
  [trace step 299] block 1: fast=178 medium=199 slow=135 | mean_alpha=0.2154 | mean_|grad|=0.000007 (n=1)
  [trace step 299] block 2: fast=179 medium=199 slow=134 | mean_alpha=0.2153 | mean_|grad|=0.000007 (n=1)
  [trace step 299] block 3: fast=180 medium=198 slow=134 | mean_alpha=0.2152 | mean_|grad|=0.000009 (n=1)
  [trace step 299] block 4: fast=179 medium=199 slow=134 | mean_alpha=0.2152 | mean_|grad|=0.000039 (n=1)
  [trace step 300] block 0: fast=178 medium=200 slow=134 | mean_alpha=0.2152 | mean_|grad|=0.000009 (n=1)
  [trace step 300] block 1: fast=178 medium=199 slow=135 | mean_alpha=0.2154 | mean_|grad|=0.000009 (n=1)
  [trace step 300] block 2: fast=179 medium=199 slow=134 | mean_alpha=0.2153 | mean_|grad|=0.000007 (n=1)
  [trace step 300] block 3: fast=180 medium=198 slow=134 | mean_alpha=0.2152 | mean_|grad|=0.000008 (n=1)
  [trace step 300] block 4: fast=179 medium=199 slow=134 | mean_alpha=0.2152 | mean_|grad|=0.000023 (n=1)
  [r2c trace step 300] block 0: z mean=1.0305 s mean=0.7502 min=0.7428 max=0.7581 closed=0/512 open=0/512 | mean|s*read|=0.267386 | mean|g| ar=2.74e-5 ib=2.80e-5 z=1.09e-5 (n=50)
  [r2c trace step 300] block 1: z mean=1.0231 s mean=0.7488 min=0.7432 max=0.7552 closed=0/512 open=0/512 | mean|s*read|=0.662724 | mean|g| ar=3.87e-5 ib=2.98e-5 z=1.12e-6 (n=50)
  [r2c trace step 300] block 2: z mean=1.0205 s mean=0.7483 min=0.7426 max=0.7545 closed=0/512 open=0/512 | mean|s*read|=0.895752 | mean|g| ar=4.49e-5 ib=3.15e-5 z=1.28e-6 (n=50)
  [r2c trace step 300] block 3: z mean=1.0196 s mean=0.7481 min=0.7421 max=0.7534 closed=0/512 open=0/512 | mean|s*read|=1.126560 | mean|g| ar=5.11e-5 ib=3.42e-5 z=1.17e-6 (n=50)
  [r2c trace step 300] block 4: z mean=1.0196 s mean=0.7481 min=0.7419 max=0.7539 closed=0/512 open=0/512 | mean|s*read|=1.517262 | mean|g| ar=7.66e-5 ib=4.57e-5 z=1.56e-6 (n=50)
  [trace step 301] block 0: fast=178 medium=200 slow=134 | mean_alpha=0.2152 | mean_|grad|=0.000005 (n=1)
  [trace step 301] block 1: fast=178 medium=199 slow=135 | mean_alpha=0.2154 | mean_|grad|=0.000006 (n=1)
  [trace step 301] block 2: fast=179 medium=199 slow=134 | mean_alpha=0.2153 | mean_|grad|=0.000006 (n=1)
  [trace step 301] block 3: fast=180 medium=198 slow=134 | mean_alpha=0.2152 | mean_|grad|=0.000007 (n=1)
  [trace step 301] block 4: fast=179 medium=199 slow=134 | mean_alpha=0.2152 | mean_|grad|=0.000021 (n=1)
  [trace step 302] block 0: fast=178 medium=200 slow=134 | mean_alpha=0.2152 | mean_|grad|=0.000006 (n=1)
  [trace step 302] block 1: fast=178 medium=199 slow=135 | mean_alpha=0.2154 | mean_|grad|=0.000006 (n=1)
  [trace step 302] block 2: fast=179 medium=199 slow=134 | mean_alpha=0.2153 | mean_|grad|=0.000007 (n=1)
  [trace step 302] block 3: fast=180 medium=198 slow=134 | mean_alpha=0.2152 | mean_|grad|=0.000008 (n=1)
  [trace step 302] block 4: fast=179 medium=199 slow=134 | mean_alpha=0.2152 | mean_|grad|=0.000025 (n=1)
  [trace step 303] block 0: fast=178 medium=200 slow=134 | mean_alpha=0.2152 | mean_|grad|=0.000006 (n=1)
  [trace step 303] block 1: fast=178 medium=199 slow=135 | mean_alpha=0.2154 | mean_|grad|=0.000005 (n=1)
  [trace step 303] block 2: fast=179 medium=199 slow=134 | mean_alpha=0.2153 | mean_|grad|=0.000006 (n=1)
  [trace step 303] block 3: fast=180 medium=198 slow=134 | mean_alpha=0.2152 | mean_|grad|=0.000008 (n=1)
  [trace step 303] block 4: fast=179 medium=199 slow=134 | mean_alpha=0.2152 | mean_|grad|=0.000026 (n=1)
  [trace step 304] block 0: fast=178 medium=200 slow=134 | mean_alpha=0.2152 | mean_|grad|=0.000006 (n=1)
  [trace step 304] block 1: fast=178 medium=199 slow=135 | mean_alpha=0.2154 | mean_|grad|=0.000006 (n=1)
  [trace step 304] block 2: fast=179 medium=199 slow=134 | mean_alpha=0.2153 | mean_|grad|=0.000007 (n=1)
  [trace step 304] block 3: fast=180 medium=198 slow=134 | mean_alpha=0.2152 | mean_|grad|=0.000007 (n=1)
  [trace step 304] block 4: fast=179 medium=199 slow=134 | mean_alpha=0.2152 | mean_|grad|=0.000021 (n=1)
  [trace step 305] block 0: fast=178 medium=200 slow=134 | mean_alpha=0.2152 | mean_|grad|=0.000006 (n=1)
  [trace step 305] block 1: fast=178 medium=199 slow=135 | mean_alpha=0.2154 | mean_|grad|=0.000007 (n=1)
  [trace step 305] block 2: fast=179 medium=199 slow=134 | mean_alpha=0.2153 | mean_|grad|=0.000007 (n=1)
  [trace step 305] block 3: fast=180 medium=198 slow=134 | mean_alpha=0.2152 | mean_|grad|=0.000007 (n=1)
  [trace step 305] block 4: fast=179 medium=199 slow=134 | mean_alpha=0.2152 | mean_|grad|=0.000023 (n=1)
  [trace step 306] block 0: fast=178 medium=200 slow=134 | mean_alpha=0.2152 | mean_|grad|=0.000008 (n=1)
  [trace step 306] block 1: fast=178 medium=199 slow=135 | mean_alpha=0.2154 | mean_|grad|=0.000006 (n=1)
  [trace step 306] block 2: fast=179 medium=199 slow=134 | mean_alpha=0.2153 | mean_|grad|=0.000007 (n=1)
  [trace step 306] block 3: fast=180 medium=198 slow=134 | mean_alpha=0.2152 | mean_|grad|=0.000007 (n=1)
  [trace step 306] block 4: fast=179 medium=199 slow=134 | mean_alpha=0.2152 | mean_|grad|=0.000023 (n=1)
  [trace step 307] block 0: fast=178 medium=200 slow=134 | mean_alpha=0.2152 | mean_|grad|=0.000006 (n=1)
  [trace step 307] block 1: fast=178 medium=199 slow=135 | mean_alpha=0.2154 | mean_|grad|=0.000007 (n=1)
  [trace step 307] block 2: fast=179 medium=199 slow=134 | mean_alpha=0.2153 | mean_|grad|=0.000007 (n=1)
  [trace step 307] block 3: fast=180 medium=198 slow=134 | mean_alpha=0.2152 | mean_|grad|=0.000008 (n=1)
  [trace step 307] block 4: fast=179 medium=199 slow=134 | mean_alpha=0.2152 | mean_|grad|=0.000035 (n=1)
  [trace step 308] block 0: fast=178 medium=200 slow=134 | mean_alpha=0.2152 | mean_|grad|=0.000006 (n=1)
  [trace step 308] block 1: fast=178 medium=199 slow=135 | mean_alpha=0.2154 | mean_|grad|=0.000007 (n=1)
  [trace step 308] block 2: fast=179 medium=199 slow=134 | mean_alpha=0.2153 | mean_|grad|=0.000007 (n=1)
  [trace step 308] block 3: fast=180 medium=198 slow=134 | mean_alpha=0.2152 | mean_|grad|=0.000007 (n=1)
  [trace step 308] block 4: fast=179 medium=199 slow=134 | mean_alpha=0.2152 | mean_|grad|=0.000024 (n=1)
  [trace step 309] block 0: fast=178 medium=200 slow=134 | mean_alpha=0.2152 | mean_|grad|=0.000007 (n=1)
  [trace step 309] block 1: fast=178 medium=199 slow=135 | mean_alpha=0.2154 | mean_|grad|=0.000006 (n=1)
  [trace step 309] block 2: fast=179 medium=199 slow=134 | mean_alpha=0.2153 | mean_|grad|=0.000007 (n=1)
  [trace step 309] block 3: fast=180 medium=198 slow=134 | mean_alpha=0.2152 | mean_|grad|=0.000007 (n=1)
  [trace step 309] block 4: fast=179 medium=199 slow=134 | mean_alpha=0.2152 | mean_|grad|=0.000023 (n=1)
  [trace step 310] block 0: fast=178 medium=200 slow=134 | mean_alpha=0.2152 | mean_|grad|=0.000005 (n=1)
  [trace step 310] block 1: fast=178 medium=199 slow=135 | mean_alpha=0.2154 | mean_|grad|=0.000007 (n=1)
  [trace step 310] block 2: fast=179 medium=199 slow=134 | mean_alpha=0.2153 | mean_|grad|=0.000006 (n=1)
  [trace step 310] block 3: fast=180 medium=198 slow=134 | mean_alpha=0.2152 | mean_|grad|=0.000006 (n=1)
  [trace step 310] block 4: fast=179 medium=199 slow=134 | mean_alpha=0.2152 | mean_|grad|=0.000024 (n=1)
  [trace step 311] block 0: fast=178 medium=200 slow=134 | mean_alpha=0.2152 | mean_|grad|=0.000006 (n=1)
  [trace step 311] block 1: fast=178 medium=199 slow=135 | mean_alpha=0.2154 | mean_|grad|=0.000006 (n=1)
  [trace step 311] block 2: fast=179 medium=199 slow=134 | mean_alpha=0.2153 | mean_|grad|=0.000006 (n=1)
  [trace step 311] block 3: fast=180 medium=198 slow=134 | mean_alpha=0.2152 | mean_|grad|=0.000007 (n=1)
  [trace step 311] block 4: fast=179 medium=199 slow=134 | mean_alpha=0.2152 | mean_|grad|=0.000022 (n=1)
  [trace step 312] block 0: fast=178 medium=200 slow=134 | mean_alpha=0.2152 | mean_|grad|=0.000006 (n=1)
  [trace step 312] block 1: fast=178 medium=199 slow=135 | mean_alpha=0.2154 | mean_|grad|=0.000007 (n=1)
  [trace step 312] block 2: fast=179 medium=199 slow=134 | mean_alpha=0.2153 | mean_|grad|=0.000006 (n=1)
  [trace step 312] block 3: fast=180 medium=198 slow=134 | mean_alpha=0.2152 | mean_|grad|=0.000008 (n=1)
  [trace step 312] block 4: fast=179 medium=199 slow=134 | mean_alpha=0.2152 | mean_|grad|=0.000024 (n=1)
  [trace step 313] block 0: fast=178 medium=200 slow=134 | mean_alpha=0.2152 | mean_|grad|=0.000006 (n=1)
  [trace step 313] block 1: fast=178 medium=199 slow=135 | mean_alpha=0.2154 | mean_|grad|=0.000007 (n=1)
  [trace step 313] block 2: fast=179 medium=199 slow=134 | mean_alpha=0.2153 | mean_|grad|=0.000006 (n=1)
  [trace step 313] block 3: fast=180 medium=198 slow=134 | mean_alpha=0.2152 | mean_|grad|=0.000007 (n=1)
  [trace step 313] block 4: fast=179 medium=199 slow=134 | mean_alpha=0.2152 | mean_|grad|=0.000019 (n=1)
  [trace step 314] block 0: fast=178 medium=200 slow=134 | mean_alpha=0.2152 | mean_|grad|=0.000006 (n=1)
  [trace step 314] block 1: fast=178 medium=199 slow=135 | mean_alpha=0.2154 | mean_|grad|=0.000006 (n=1)
  [trace step 314] block 2: fast=179 medium=199 slow=134 | mean_alpha=0.2153 | mean_|grad|=0.000007 (n=1)
  [trace step 314] block 3: fast=180 medium=198 slow=134 | mean_alpha=0.2152 | mean_|grad|=0.000007 (n=1)
  [trace step 314] block 4: fast=179 medium=199 slow=134 | mean_alpha=0.2152 | mean_|grad|=0.000032 (n=1)
  [trace step 315] block 0: fast=178 medium=200 slow=134 | mean_alpha=0.2152 | mean_|grad|=0.000006 (n=1)
  [trace step 315] block 1: fast=178 medium=199 slow=135 | mean_alpha=0.2154 | mean_|grad|=0.000006 (n=1)
  [trace step 315] block 2: fast=179 medium=199 slow=134 | mean_alpha=0.2153 | mean_|grad|=0.000006 (n=1)
  [trace step 315] block 3: fast=180 medium=198 slow=134 | mean_alpha=0.2152 | mean_|grad|=0.000007 (n=1)
  [trace step 315] block 4: fast=179 medium=199 slow=134 | mean_alpha=0.2152 | mean_|grad|=0.000033 (n=1)
  [trace step 316] block 0: fast=178 medium=200 slow=134 | mean_alpha=0.2152 | mean_|grad|=0.000006 (n=1)
  [trace step 316] block 1: fast=178 medium=199 slow=135 | mean_alpha=0.2154 | mean_|grad|=0.000006 (n=1)
  [trace step 316] block 2: fast=179 medium=199 slow=134 | mean_alpha=0.2153 | mean_|grad|=0.000007 (n=1)
  [trace step 316] block 3: fast=180 medium=198 slow=134 | mean_alpha=0.2152 | mean_|grad|=0.000007 (n=1)
  [trace step 316] block 4: fast=179 medium=199 slow=134 | mean_alpha=0.2152 | mean_|grad|=0.000018 (n=1)
  [trace step 317] block 0: fast=178 medium=200 slow=134 | mean_alpha=0.2152 | mean_|grad|=0.000006 (n=1)
  [trace step 317] block 1: fast=178 medium=199 slow=135 | mean_alpha=0.2154 | mean_|grad|=0.000007 (n=1)
  [trace step 317] block 2: fast=179 medium=199 slow=134 | mean_alpha=0.2153 | mean_|grad|=0.000007 (n=1)
  [trace step 317] block 3: fast=180 medium=198 slow=134 | mean_alpha=0.2152 | mean_|grad|=0.000008 (n=1)
  [trace step 317] block 4: fast=179 medium=199 slow=134 | mean_alpha=0.2152 | mean_|grad|=0.000037 (n=1)
  [trace step 318] block 0: fast=178 medium=200 slow=134 | mean_alpha=0.2152 | mean_|grad|=0.000005 (n=1)
  [trace step 318] block 1: fast=178 medium=199 slow=135 | mean_alpha=0.2154 | mean_|grad|=0.000006 (n=1)
  [trace step 318] block 2: fast=179 medium=199 slow=134 | mean_alpha=0.2153 | mean_|grad|=0.000006 (n=1)
  [trace step 318] block 3: fast=180 medium=198 slow=134 | mean_alpha=0.2152 | mean_|grad|=0.000006 (n=1)
  [trace step 318] block 4: fast=179 medium=199 slow=134 | mean_alpha=0.2152 | mean_|grad|=0.000026 (n=1)
  [trace step 319] block 0: fast=178 medium=200 slow=134 | mean_alpha=0.2152 | mean_|grad|=0.000005 (n=1)
  [trace step 319] block 1: fast=178 medium=199 slow=135 | mean_alpha=0.2154 | mean_|grad|=0.000005 (n=1)
  [trace step 319] block 2: fast=179 medium=199 slow=134 | mean_alpha=0.2153 | mean_|grad|=0.000006 (n=1)
  [trace step 319] block 3: fast=180 medium=198 slow=134 | mean_alpha=0.2152 | mean_|grad|=0.000007 (n=1)
  [trace step 319] block 4: fast=179 medium=199 slow=134 | mean_alpha=0.2152 | mean_|grad|=0.000036 (n=1)
  [trace step 320] block 0: fast=178 medium=200 slow=134 | mean_alpha=0.2152 | mean_|grad|=0.000006 (n=1)
  [trace step 320] block 1: fast=178 medium=199 slow=135 | mean_alpha=0.2154 | mean_|grad|=0.000006 (n=1)
  [trace step 320] block 2: fast=179 medium=199 slow=134 | mean_alpha=0.2153 | mean_|grad|=0.000006 (n=1)
  [trace step 320] block 3: fast=180 medium=198 slow=134 | mean_alpha=0.2152 | mean_|grad|=0.000007 (n=1)
  [trace step 320] block 4: fast=179 medium=199 slow=134 | mean_alpha=0.2152 | mean_|grad|=0.000020 (n=1)
  [trace step 321] block 0: fast=178 medium=200 slow=134 | mean_alpha=0.2152 | mean_|grad|=0.000007 (n=1)
  [trace step 321] block 1: fast=178 medium=199 slow=135 | mean_alpha=0.2154 | mean_|grad|=0.000007 (n=1)
  [trace step 321] block 2: fast=179 medium=199 slow=134 | mean_alpha=0.2153 | mean_|grad|=0.000007 (n=1)
  [trace step 321] block 3: fast=180 medium=198 slow=134 | mean_alpha=0.2152 | mean_|grad|=0.000008 (n=1)
  [trace step 321] block 4: fast=179 medium=199 slow=134 | mean_alpha=0.2152 | mean_|grad|=0.000025 (n=1)
  [trace step 322] block 0: fast=178 medium=200 slow=134 | mean_alpha=0.2152 | mean_|grad|=0.000008 (n=1)
  [trace step 322] block 1: fast=178 medium=199 slow=135 | mean_alpha=0.2154 | mean_|grad|=0.000008 (n=1)
  [trace step 322] block 2: fast=179 medium=199 slow=134 | mean_alpha=0.2153 | mean_|grad|=0.000008 (n=1)
  [trace step 322] block 3: fast=180 medium=198 slow=134 | mean_alpha=0.2152 | mean_|grad|=0.000009 (n=1)
  [trace step 322] block 4: fast=179 medium=199 slow=134 | mean_alpha=0.2152 | mean_|grad|=0.000027 (n=1)
  [trace step 323] block 0: fast=178 medium=200 slow=134 | mean_alpha=0.2152 | mean_|grad|=0.000006 (n=1)
  [trace step 323] block 1: fast=178 medium=199 slow=135 | mean_alpha=0.2154 | mean_|grad|=0.000008 (n=1)
  [trace step 323] block 2: fast=179 medium=199 slow=134 | mean_alpha=0.2153 | mean_|grad|=0.000006 (n=1)
  [trace step 323] block 3: fast=180 medium=198 slow=134 | mean_alpha=0.2152 | mean_|grad|=0.000007 (n=1)
  [trace step 323] block 4: fast=179 medium=199 slow=134 | mean_alpha=0.2152 | mean_|grad|=0.000026 (n=1)
  [trace step 324] block 0: fast=178 medium=200 slow=134 | mean_alpha=0.2152 | mean_|grad|=0.000005 (n=1)
  [trace step 324] block 1: fast=178 medium=199 slow=135 | mean_alpha=0.2154 | mean_|grad|=0.000006 (n=1)
  [trace step 324] block 2: fast=179 medium=199 slow=134 | mean_alpha=0.2153 | mean_|grad|=0.000005 (n=1)
  [trace step 324] block 3: fast=180 medium=198 slow=134 | mean_alpha=0.2152 | mean_|grad|=0.000007 (n=1)
  [trace step 324] block 4: fast=179 medium=199 slow=134 | mean_alpha=0.2152 | mean_|grad|=0.000018 (n=1)
  [trace step 325] block 0: fast=178 medium=200 slow=134 | mean_alpha=0.2152 | mean_|grad|=0.000006 (n=1)
  [trace step 325] block 1: fast=178 medium=199 slow=135 | mean_alpha=0.2154 | mean_|grad|=0.000007 (n=1)
  [trace step 325] block 2: fast=179 medium=199 slow=134 | mean_alpha=0.2153 | mean_|grad|=0.000007 (n=1)
  [trace step 325] block 3: fast=180 medium=198 slow=134 | mean_alpha=0.2152 | mean_|grad|=0.000008 (n=1)
  [trace step 325] block 4: fast=179 medium=199 slow=134 | mean_alpha=0.2152 | mean_|grad|=0.000026 (n=1)
  [trace step 326] block 0: fast=178 medium=200 slow=134 | mean_alpha=0.2152 | mean_|grad|=0.000005 (n=1)
  [trace step 326] block 1: fast=178 medium=199 slow=135 | mean_alpha=0.2154 | mean_|grad|=0.000006 (n=1)
  [trace step 326] block 2: fast=179 medium=199 slow=134 | mean_alpha=0.2153 | mean_|grad|=0.000006 (n=1)
  [trace step 326] block 3: fast=180 medium=198 slow=134 | mean_alpha=0.2152 | mean_|grad|=0.000006 (n=1)
  [trace step 326] block 4: fast=179 medium=199 slow=134 | mean_alpha=0.2152 | mean_|grad|=0.000033 (n=1)
  [trace step 327] block 0: fast=178 medium=200 slow=134 | mean_alpha=0.2152 | mean_|grad|=0.000005 (n=1)
  [trace step 327] block 1: fast=178 medium=199 slow=135 | mean_alpha=0.2154 | mean_|grad|=0.000005 (n=1)
  [trace step 327] block 2: fast=179 medium=199 slow=134 | mean_alpha=0.2153 | mean_|grad|=0.000005 (n=1)
  [trace step 327] block 3: fast=180 medium=198 slow=134 | mean_alpha=0.2152 | mean_|grad|=0.000007 (n=1)
  [trace step 327] block 4: fast=179 medium=199 slow=134 | mean_alpha=0.2152 | mean_|grad|=0.000031 (n=1)
  [trace step 328] block 0: fast=178 medium=200 slow=134 | mean_alpha=0.2152 | mean_|grad|=0.000006 (n=1)
  [trace step 328] block 1: fast=178 medium=199 slow=135 | mean_alpha=0.2154 | mean_|grad|=0.000006 (n=1)
  [trace step 328] block 2: fast=179 medium=199 slow=134 | mean_alpha=0.2153 | mean_|grad|=0.000007 (n=1)
  [trace step 328] block 3: fast=180 medium=198 slow=134 | mean_alpha=0.2152 | mean_|grad|=0.000006 (n=1)
  [trace step 328] block 4: fast=179 medium=199 slow=134 | mean_alpha=0.2152 | mean_|grad|=0.000017 (n=1)
  [trace step 329] block 0: fast=178 medium=200 slow=134 | mean_alpha=0.2152 | mean_|grad|=0.000006 (n=1)
  [trace step 329] block 1: fast=178 medium=199 slow=135 | mean_alpha=0.2154 | mean_|grad|=0.000006 (n=1)
  [trace step 329] block 2: fast=179 medium=199 slow=134 | mean_alpha=0.2153 | mean_|grad|=0.000006 (n=1)
  [trace step 329] block 3: fast=180 medium=198 slow=134 | mean_alpha=0.2152 | mean_|grad|=0.000007 (n=1)
  [trace step 329] block 4: fast=179 medium=199 slow=134 | mean_alpha=0.2152 | mean_|grad|=0.000023 (n=1)
  [trace step 330] block 0: fast=178 medium=200 slow=134 | mean_alpha=0.2152 | mean_|grad|=0.000005 (n=1)
  [trace step 330] block 1: fast=178 medium=199 slow=135 | mean_alpha=0.2154 | mean_|grad|=0.000005 (n=1)
  [trace step 330] block 2: fast=179 medium=199 slow=134 | mean_alpha=0.2153 | mean_|grad|=0.000006 (n=1)
  [trace step 330] block 3: fast=180 medium=198 slow=134 | mean_alpha=0.2152 | mean_|grad|=0.000006 (n=1)
  [trace step 330] block 4: fast=179 medium=199 slow=134 | mean_alpha=0.2152 | mean_|grad|=0.000041 (n=1)
  [trace step 331] block 0: fast=178 medium=200 slow=134 | mean_alpha=0.2152 | mean_|grad|=0.000007 (n=1)
  [trace step 331] block 1: fast=178 medium=199 slow=135 | mean_alpha=0.2154 | mean_|grad|=0.000006 (n=1)
  [trace step 331] block 2: fast=179 medium=199 slow=134 | mean_alpha=0.2153 | mean_|grad|=0.000006 (n=1)
  [trace step 331] block 3: fast=180 medium=198 slow=134 | mean_alpha=0.2152 | mean_|grad|=0.000007 (n=1)
  [trace step 331] block 4: fast=179 medium=199 slow=134 | mean_alpha=0.2152 | mean_|grad|=0.000040 (n=1)
  [trace step 332] block 0: fast=178 medium=200 slow=134 | mean_alpha=0.2152 | mean_|grad|=0.000005 (n=1)
  [trace step 332] block 1: fast=178 medium=199 slow=135 | mean_alpha=0.2154 | mean_|grad|=0.000006 (n=1)
  [trace step 332] block 2: fast=179 medium=199 slow=134 | mean_alpha=0.2153 | mean_|grad|=0.000006 (n=1)
  [trace step 332] block 3: fast=180 medium=198 slow=134 | mean_alpha=0.2152 | mean_|grad|=0.000006 (n=1)
  [trace step 332] block 4: fast=179 medium=199 slow=134 | mean_alpha=0.2152 | mean_|grad|=0.000031 (n=1)
  [trace step 333] block 0: fast=178 medium=200 slow=134 | mean_alpha=0.2152 | mean_|grad|=0.000005 (n=1)
  [trace step 333] block 1: fast=178 medium=199 slow=135 | mean_alpha=0.2154 | mean_|grad|=0.000005 (n=1)
  [trace step 333] block 2: fast=179 medium=199 slow=134 | mean_alpha=0.2153 | mean_|grad|=0.000006 (n=1)
  [trace step 333] block 3: fast=180 medium=198 slow=134 | mean_alpha=0.2152 | mean_|grad|=0.000007 (n=1)
  [trace step 333] block 4: fast=179 medium=199 slow=134 | mean_alpha=0.2152 | mean_|grad|=0.000024 (n=1)
  [trace step 334] block 0: fast=178 medium=200 slow=134 | mean_alpha=0.2152 | mean_|grad|=0.000005 (n=1)
  [trace step 334] block 1: fast=178 medium=199 slow=135 | mean_alpha=0.2154 | mean_|grad|=0.000005 (n=1)
  [trace step 334] block 2: fast=179 medium=199 slow=134 | mean_alpha=0.2153 | mean_|grad|=0.000006 (n=1)
  [trace step 334] block 3: fast=180 medium=198 slow=134 | mean_alpha=0.2152 | mean_|grad|=0.000006 (n=1)
  [trace step 334] block 4: fast=179 medium=199 slow=134 | mean_alpha=0.2152 | mean_|grad|=0.000026 (n=1)
  [trace step 335] block 0: fast=178 medium=200 slow=134 | mean_alpha=0.2152 | mean_|grad|=0.000006 (n=1)
  [trace step 335] block 1: fast=178 medium=199 slow=135 | mean_alpha=0.2154 | mean_|grad|=0.000005 (n=1)
  [trace step 335] block 2: fast=179 medium=199 slow=134 | mean_alpha=0.2153 | mean_|grad|=0.000006 (n=1)
  [trace step 335] block 3: fast=180 medium=198 slow=134 | mean_alpha=0.2152 | mean_|grad|=0.000006 (n=1)
  [trace step 335] block 4: fast=179 medium=199 slow=134 | mean_alpha=0.2152 | mean_|grad|=0.000022 (n=1)
  [trace step 336] block 0: fast=178 medium=200 slow=134 | mean_alpha=0.2152 | mean_|grad|=0.000006 (n=1)
  [trace step 336] block 1: fast=178 medium=199 slow=135 | mean_alpha=0.2154 | mean_|grad|=0.000006 (n=1)
  [trace step 336] block 2: fast=179 medium=199 slow=134 | mean_alpha=0.2153 | mean_|grad|=0.000005 (n=1)
  [trace step 336] block 3: fast=180 medium=198 slow=134 | mean_alpha=0.2152 | mean_|grad|=0.000006 (n=1)
  [trace step 336] block 4: fast=179 medium=199 slow=134 | mean_alpha=0.2152 | mean_|grad|=0.000027 (n=1)
  [trace step 337] block 0: fast=178 medium=200 slow=134 | mean_alpha=0.2152 | mean_|grad|=0.000008 (n=1)
  [trace step 337] block 1: fast=178 medium=199 slow=135 | mean_alpha=0.2154 | mean_|grad|=0.000007 (n=1)
  [trace step 337] block 2: fast=179 medium=199 slow=134 | mean_alpha=0.2153 | mean_|grad|=0.000007 (n=1)
  [trace step 337] block 3: fast=180 medium=198 slow=134 | mean_alpha=0.2152 | mean_|grad|=0.000008 (n=1)
  [trace step 337] block 4: fast=179 medium=199 slow=134 | mean_alpha=0.2152 | mean_|grad|=0.000029 (n=1)
  [trace step 338] block 0: fast=178 medium=200 slow=134 | mean_alpha=0.2152 | mean_|grad|=0.000005 (n=1)
  [trace step 338] block 1: fast=178 medium=199 slow=135 | mean_alpha=0.2154 | mean_|grad|=0.000006 (n=1)
  [trace step 338] block 2: fast=179 medium=199 slow=134 | mean_alpha=0.2153 | mean_|grad|=0.000005 (n=1)
  [trace step 338] block 3: fast=180 medium=198 slow=134 | mean_alpha=0.2152 | mean_|grad|=0.000006 (n=1)
  [trace step 338] block 4: fast=179 medium=199 slow=134 | mean_alpha=0.2152 | mean_|grad|=0.000034 (n=1)
  [trace step 339] block 0: fast=178 medium=200 slow=134 | mean_alpha=0.2152 | mean_|grad|=0.000006 (n=1)
  [trace step 339] block 1: fast=178 medium=199 slow=135 | mean_alpha=0.2154 | mean_|grad|=0.000006 (n=1)
  [trace step 339] block 2: fast=179 medium=199 slow=134 | mean_alpha=0.2153 | mean_|grad|=0.000005 (n=1)
  [trace step 339] block 3: fast=180 medium=198 slow=134 | mean_alpha=0.2152 | mean_|grad|=0.000007 (n=1)
  [trace step 339] block 4: fast=179 medium=199 slow=134 | mean_alpha=0.2152 | mean_|grad|=0.000029 (n=1)
  [trace step 340] block 0: fast=178 medium=200 slow=134 | mean_alpha=0.2152 | mean_|grad|=0.000006 (n=1)
  [trace step 340] block 1: fast=178 medium=199 slow=135 | mean_alpha=0.2154 | mean_|grad|=0.000006 (n=1)
  [trace step 340] block 2: fast=179 medium=199 slow=134 | mean_alpha=0.2153 | mean_|grad|=0.000007 (n=1)
  [trace step 340] block 3: fast=180 medium=198 slow=134 | mean_alpha=0.2152 | mean_|grad|=0.000007 (n=1)
  [trace step 340] block 4: fast=179 medium=199 slow=134 | mean_alpha=0.2152 | mean_|grad|=0.000024 (n=1)
  [trace step 341] block 0: fast=178 medium=200 slow=134 | mean_alpha=0.2152 | mean_|grad|=0.000008 (n=1)
  [trace step 341] block 1: fast=178 medium=199 slow=135 | mean_alpha=0.2154 | mean_|grad|=0.000007 (n=1)
  [trace step 341] block 2: fast=179 medium=199 slow=134 | mean_alpha=0.2153 | mean_|grad|=0.000007 (n=1)
  [trace step 341] block 3: fast=180 medium=198 slow=134 | mean_alpha=0.2152 | mean_|grad|=0.000008 (n=1)
  [trace step 341] block 4: fast=179 medium=199 slow=134 | mean_alpha=0.2152 | mean_|grad|=0.000035 (n=1)
  [trace step 342] block 0: fast=178 medium=200 slow=134 | mean_alpha=0.2152 | mean_|grad|=0.000006 (n=1)
  [trace step 342] block 1: fast=178 medium=199 slow=135 | mean_alpha=0.2154 | mean_|grad|=0.000007 (n=1)
  [trace step 342] block 2: fast=179 medium=199 slow=134 | mean_alpha=0.2153 | mean_|grad|=0.000006 (n=1)
  [trace step 342] block 3: fast=180 medium=198 slow=134 | mean_alpha=0.2152 | mean_|grad|=0.000007 (n=1)
  [trace step 342] block 4: fast=179 medium=199 slow=134 | mean_alpha=0.2152 | mean_|grad|=0.000034 (n=1)
  [trace step 343] block 0: fast=178 medium=200 slow=134 | mean_alpha=0.2152 | mean_|grad|=0.000005 (n=1)
  [trace step 343] block 1: fast=178 medium=199 slow=135 | mean_alpha=0.2154 | mean_|grad|=0.000005 (n=1)
  [trace step 343] block 2: fast=179 medium=199 slow=134 | mean_alpha=0.2153 | mean_|grad|=0.000005 (n=1)
  [trace step 343] block 3: fast=180 medium=198 slow=134 | mean_alpha=0.2152 | mean_|grad|=0.000006 (n=1)
  [trace step 343] block 4: fast=179 medium=199 slow=134 | mean_alpha=0.2152 | mean_|grad|=0.000020 (n=1)
  [trace step 344] block 0: fast=178 medium=200 slow=134 | mean_alpha=0.2152 | mean_|grad|=0.000007 (n=1)
  [trace step 344] block 1: fast=178 medium=199 slow=135 | mean_alpha=0.2154 | mean_|grad|=0.000005 (n=1)
  [trace step 344] block 2: fast=179 medium=199 slow=134 | mean_alpha=0.2153 | mean_|grad|=0.000005 (n=1)
  [trace step 344] block 3: fast=180 medium=198 slow=134 | mean_alpha=0.2152 | mean_|grad|=0.000006 (n=1)
  [trace step 344] block 4: fast=179 medium=199 slow=134 | mean_alpha=0.2152 | mean_|grad|=0.000027 (n=1)
  [trace step 345] block 0: fast=178 medium=200 slow=134 | mean_alpha=0.2152 | mean_|grad|=0.000004 (n=1)
  [trace step 345] block 1: fast=178 medium=199 slow=135 | mean_alpha=0.2154 | mean_|grad|=0.000005 (n=1)
  [trace step 345] block 2: fast=179 medium=199 slow=134 | mean_alpha=0.2153 | mean_|grad|=0.000005 (n=1)
  [trace step 345] block 3: fast=180 medium=198 slow=134 | mean_alpha=0.2152 | mean_|grad|=0.000006 (n=1)
  [trace step 345] block 4: fast=179 medium=199 slow=134 | mean_alpha=0.2152 | mean_|grad|=0.000028 (n=1)
  [trace step 346] block 0: fast=178 medium=200 slow=134 | mean_alpha=0.2152 | mean_|grad|=0.000006 (n=1)
  [trace step 346] block 1: fast=178 medium=199 slow=135 | mean_alpha=0.2154 | mean_|grad|=0.000006 (n=1)
  [trace step 346] block 2: fast=179 medium=199 slow=134 | mean_alpha=0.2153 | mean_|grad|=0.000006 (n=1)
  [trace step 346] block 3: fast=180 medium=198 slow=134 | mean_alpha=0.2152 | mean_|grad|=0.000007 (n=1)
  [trace step 346] block 4: fast=179 medium=199 slow=134 | mean_alpha=0.2152 | mean_|grad|=0.000036 (n=1)
  [trace step 347] block 0: fast=178 medium=200 slow=134 | mean_alpha=0.2152 | mean_|grad|=0.000005 (n=1)
  [trace step 347] block 1: fast=178 medium=199 slow=135 | mean_alpha=0.2154 | mean_|grad|=0.000005 (n=1)
  [trace step 347] block 2: fast=179 medium=199 slow=134 | mean_alpha=0.2153 | mean_|grad|=0.000007 (n=1)
  [trace step 347] block 3: fast=180 medium=198 slow=134 | mean_alpha=0.2152 | mean_|grad|=0.000008 (n=1)
  [trace step 347] block 4: fast=179 medium=199 slow=134 | mean_alpha=0.2152 | mean_|grad|=0.000040 (n=1)
  [trace step 348] block 0: fast=178 medium=200 slow=134 | mean_alpha=0.2152 | mean_|grad|=0.000007 (n=1)
  [trace step 348] block 1: fast=178 medium=199 slow=135 | mean_alpha=0.2154 | mean_|grad|=0.000008 (n=1)
  [trace step 348] block 2: fast=179 medium=199 slow=134 | mean_alpha=0.2153 | mean_|grad|=0.000007 (n=1)
  [trace step 348] block 3: fast=180 medium=198 slow=134 | mean_alpha=0.2152 | mean_|grad|=0.000007 (n=1)
  [trace step 348] block 4: fast=179 medium=199 slow=134 | mean_alpha=0.2152 | mean_|grad|=0.000022 (n=1)
  [trace step 349] block 0: fast=178 medium=200 slow=134 | mean_alpha=0.2152 | mean_|grad|=0.000004 (n=1)
  [trace step 349] block 1: fast=178 medium=199 slow=135 | mean_alpha=0.2154 | mean_|grad|=0.000005 (n=1)
  [trace step 349] block 2: fast=179 medium=199 slow=134 | mean_alpha=0.2153 | mean_|grad|=0.000004 (n=1)
  [trace step 349] block 3: fast=180 medium=198 slow=134 | mean_alpha=0.2152 | mean_|grad|=0.000006 (n=1)
  [trace step 349] block 4: fast=179 medium=199 slow=134 | mean_alpha=0.2152 | mean_|grad|=0.000019 (n=1)
  [trace step 350] block 0: fast=178 medium=200 slow=134 | mean_alpha=0.2152 | mean_|grad|=0.000005 (n=1)
  [trace step 350] block 1: fast=178 medium=199 slow=135 | mean_alpha=0.2154 | mean_|grad|=0.000006 (n=1)
  [trace step 350] block 2: fast=179 medium=199 slow=134 | mean_alpha=0.2153 | mean_|grad|=0.000006 (n=1)
  [trace step 350] block 3: fast=180 medium=198 slow=134 | mean_alpha=0.2152 | mean_|grad|=0.000007 (n=1)
  [trace step 350] block 4: fast=179 medium=199 slow=134 | mean_alpha=0.2152 | mean_|grad|=0.000033 (n=1)
  [r2c trace step 350] block 0: z mean=1.0310 s mean=0.7502 min=0.7428 max=0.7582 closed=0/512 open=0/512 | mean|s*read|=0.270045 | mean|g| ar=2.17e-5 ib=1.98e-5 z=7.17e-6 (n=50)
  [r2c trace step 350] block 1: z mean=1.0233 s mean=0.7488 min=0.7433 max=0.7553 closed=0/512 open=0/512 | mean|s*read|=0.686635 | mean|g| ar=2.90e-5 ib=2.28e-5 z=6.14e-7 (n=50)
  [r2c trace step 350] block 2: z mean=1.0207 s mean=0.7483 min=0.7427 max=0.7545 closed=0/512 open=0/512 | mean|s*read|=0.910309 | mean|g| ar=3.39e-5 ib=2.22e-5 z=8.32e-7 (n=50)
  [r2c trace step 350] block 3: z mean=1.0198 s mean=0.7482 min=0.7420 max=0.7535 closed=0/512 open=0/512 | mean|s*read|=1.148687 | mean|g| ar=3.78e-5 ib=2.33e-5 z=8.06e-7 (n=50)
  [r2c trace step 350] block 4: z mean=1.0198 s mean=0.7482 min=0.7418 max=0.7540 closed=0/512 open=0/512 | mean|s*read|=1.582456 | mean|g| ar=5.49e-5 ib=2.90e-5 z=1.08e-6 (n=50)
  [trace step 351] block 0: fast=178 medium=200 slow=134 | mean_alpha=0.2152 | mean_|grad|=0.000004 (n=1)
  [trace step 351] block 1: fast=178 medium=199 slow=135 | mean_alpha=0.2154 | mean_|grad|=0.000005 (n=1)
  [trace step 351] block 2: fast=179 medium=199 slow=134 | mean_alpha=0.2153 | mean_|grad|=0.000004 (n=1)
  [trace step 351] block 3: fast=180 medium=198 slow=134 | mean_alpha=0.2152 | mean_|grad|=0.000006 (n=1)
  [trace step 351] block 4: fast=179 medium=199 slow=134 | mean_alpha=0.2152 | mean_|grad|=0.000026 (n=1)
  [trace step 352] block 0: fast=178 medium=200 slow=134 | mean_alpha=0.2152 | mean_|grad|=0.000004 (n=1)
  [trace step 352] block 1: fast=178 medium=199 slow=135 | mean_alpha=0.2154 | mean_|grad|=0.000005 (n=1)
  [trace step 352] block 2: fast=179 medium=199 slow=134 | mean_alpha=0.2153 | mean_|grad|=0.000004 (n=1)
  [trace step 352] block 3: fast=180 medium=198 slow=134 | mean_alpha=0.2152 | mean_|grad|=0.000005 (n=1)
  [trace step 352] block 4: fast=179 medium=199 slow=134 | mean_alpha=0.2152 | mean_|grad|=0.000022 (n=1)
  [trace step 353] block 0: fast=178 medium=200 slow=134 | mean_alpha=0.2152 | mean_|grad|=0.000005 (n=1)
  [trace step 353] block 1: fast=178 medium=199 slow=135 | mean_alpha=0.2154 | mean_|grad|=0.000005 (n=1)
  [trace step 353] block 2: fast=179 medium=199 slow=134 | mean_alpha=0.2153 | mean_|grad|=0.000005 (n=1)
  [trace step 353] block 3: fast=180 medium=198 slow=134 | mean_alpha=0.2152 | mean_|grad|=0.000006 (n=1)
  [trace step 353] block 4: fast=179 medium=199 slow=134 | mean_alpha=0.2152 | mean_|grad|=0.000016 (n=1)
  [trace step 354] block 0: fast=178 medium=200 slow=134 | mean_alpha=0.2152 | mean_|grad|=0.000005 (n=1)
  [trace step 354] block 1: fast=178 medium=199 slow=135 | mean_alpha=0.2154 | mean_|grad|=0.000005 (n=1)
  [trace step 354] block 2: fast=179 medium=199 slow=134 | mean_alpha=0.2153 | mean_|grad|=0.000005 (n=1)
  [trace step 354] block 3: fast=180 medium=198 slow=134 | mean_alpha=0.2152 | mean_|grad|=0.000006 (n=1)
  [trace step 354] block 4: fast=179 medium=199 slow=134 | mean_alpha=0.2152 | mean_|grad|=0.000032 (n=1)
  [trace step 355] block 0: fast=178 medium=200 slow=134 | mean_alpha=0.2152 | mean_|grad|=0.000005 (n=1)
  [trace step 355] block 1: fast=178 medium=199 slow=135 | mean_alpha=0.2154 | mean_|grad|=0.000006 (n=1)
  [trace step 355] block 2: fast=179 medium=199 slow=134 | mean_alpha=0.2153 | mean_|grad|=0.000006 (n=1)
  [trace step 355] block 3: fast=180 medium=198 slow=134 | mean_alpha=0.2152 | mean_|grad|=0.000007 (n=1)
  [trace step 355] block 4: fast=179 medium=199 slow=134 | mean_alpha=0.2152 | mean_|grad|=0.000028 (n=1)
  [trace step 356] block 0: fast=178 medium=200 slow=134 | mean_alpha=0.2152 | mean_|grad|=0.000005 (n=1)
  [trace step 356] block 1: fast=178 medium=199 slow=135 | mean_alpha=0.2154 | mean_|grad|=0.000005 (n=1)
  [trace step 356] block 2: fast=179 medium=199 slow=134 | mean_alpha=0.2153 | mean_|grad|=0.000005 (n=1)
  [trace step 356] block 3: fast=180 medium=198 slow=134 | mean_alpha=0.2152 | mean_|grad|=0.000006 (n=1)
  [trace step 356] block 4: fast=179 medium=199 slow=134 | mean_alpha=0.2152 | mean_|grad|=0.000036 (n=1)
  [trace step 357] block 0: fast=178 medium=200 slow=134 | mean_alpha=0.2152 | mean_|grad|=0.000005 (n=1)
  [trace step 357] block 1: fast=178 medium=199 slow=135 | mean_alpha=0.2154 | mean_|grad|=0.000005 (n=1)
  [trace step 357] block 2: fast=179 medium=199 slow=134 | mean_alpha=0.2153 | mean_|grad|=0.000005 (n=1)
  [trace step 357] block 3: fast=180 medium=198 slow=134 | mean_alpha=0.2152 | mean_|grad|=0.000006 (n=1)
  [trace step 357] block 4: fast=179 medium=199 slow=134 | mean_alpha=0.2152 | mean_|grad|=0.000019 (n=1)
  [trace step 358] block 0: fast=178 medium=200 slow=134 | mean_alpha=0.2152 | mean_|grad|=0.000005 (n=1)
  [trace step 358] block 1: fast=178 medium=199 slow=135 | mean_alpha=0.2154 | mean_|grad|=0.000005 (n=1)
  [trace step 358] block 2: fast=179 medium=199 slow=134 | mean_alpha=0.2153 | mean_|grad|=0.000005 (n=1)
  [trace step 358] block 3: fast=180 medium=198 slow=134 | mean_alpha=0.2152 | mean_|grad|=0.000006 (n=1)
  [trace step 358] block 4: fast=179 medium=199 slow=134 | mean_alpha=0.2152 | mean_|grad|=0.000025 (n=1)
  [trace step 359] block 0: fast=178 medium=200 slow=134 | mean_alpha=0.2152 | mean_|grad|=0.000005 (n=1)
  [trace step 359] block 1: fast=178 medium=199 slow=135 | mean_alpha=0.2154 | mean_|grad|=0.000005 (n=1)
  [trace step 359] block 2: fast=179 medium=199 slow=134 | mean_alpha=0.2153 | mean_|grad|=0.000005 (n=1)
  [trace step 359] block 3: fast=180 medium=198 slow=134 | mean_alpha=0.2152 | mean_|grad|=0.000007 (n=1)
  [trace step 359] block 4: fast=179 medium=199 slow=134 | mean_alpha=0.2152 | mean_|grad|=0.000028 (n=1)
  [trace step 360] block 0: fast=178 medium=200 slow=134 | mean_alpha=0.2152 | mean_|grad|=0.000005 (n=1)
  [trace step 360] block 1: fast=178 medium=199 slow=135 | mean_alpha=0.2154 | mean_|grad|=0.000008 (n=1)
  [trace step 360] block 2: fast=179 medium=199 slow=134 | mean_alpha=0.2153 | mean_|grad|=0.000005 (n=1)
  [trace step 360] block 3: fast=180 medium=198 slow=134 | mean_alpha=0.2152 | mean_|grad|=0.000006 (n=1)
  [trace step 360] block 4: fast=179 medium=199 slow=134 | mean_alpha=0.2152 | mean_|grad|=0.000021 (n=1)
  [trace step 361] block 0: fast=178 medium=200 slow=134 | mean_alpha=0.2152 | mean_|grad|=0.000005 (n=1)
  [trace step 361] block 1: fast=178 medium=199 slow=135 | mean_alpha=0.2154 | mean_|grad|=0.000005 (n=1)
  [trace step 361] block 2: fast=179 medium=199 slow=134 | mean_alpha=0.2153 | mean_|grad|=0.000005 (n=1)
  [trace step 361] block 3: fast=180 medium=198 slow=134 | mean_alpha=0.2152 | mean_|grad|=0.000007 (n=1)
  [trace step 361] block 4: fast=179 medium=199 slow=134 | mean_alpha=0.2152 | mean_|grad|=0.000022 (n=1)
  [trace step 362] block 0: fast=178 medium=200 slow=134 | mean_alpha=0.2152 | mean_|grad|=0.000004 (n=1)
  [trace step 362] block 1: fast=178 medium=199 slow=135 | mean_alpha=0.2154 | mean_|grad|=0.000006 (n=1)
  [trace step 362] block 2: fast=179 medium=199 slow=134 | mean_alpha=0.2153 | mean_|grad|=0.000005 (n=1)
  [trace step 362] block 3: fast=180 medium=198 slow=134 | mean_alpha=0.2152 | mean_|grad|=0.000006 (n=1)
  [trace step 362] block 4: fast=179 medium=199 slow=134 | mean_alpha=0.2152 | mean_|grad|=0.000024 (n=1)
  [trace step 363] block 0: fast=178 medium=200 slow=134 | mean_alpha=0.2152 | mean_|grad|=0.000006 (n=1)
  [trace step 363] block 1: fast=178 medium=199 slow=135 | mean_alpha=0.2154 | mean_|grad|=0.000006 (n=1)
  [trace step 363] block 2: fast=179 medium=199 slow=134 | mean_alpha=0.2153 | mean_|grad|=0.000005 (n=1)
  [trace step 363] block 3: fast=180 medium=198 slow=134 | mean_alpha=0.2152 | mean_|grad|=0.000006 (n=1)
  [trace step 363] block 4: fast=179 medium=199 slow=134 | mean_alpha=0.2152 | mean_|grad|=0.000031 (n=1)
  [trace step 364] block 0: fast=178 medium=200 slow=134 | mean_alpha=0.2152 | mean_|grad|=0.000006 (n=1)
  [trace step 364] block 1: fast=178 medium=199 slow=135 | mean_alpha=0.2154 | mean_|grad|=0.000006 (n=1)
  [trace step 364] block 2: fast=179 medium=199 slow=134 | mean_alpha=0.2153 | mean_|grad|=0.000005 (n=1)
  [trace step 364] block 3: fast=180 medium=198 slow=134 | mean_alpha=0.2152 | mean_|grad|=0.000006 (n=1)
  [trace step 364] block 4: fast=179 medium=199 slow=134 | mean_alpha=0.2152 | mean_|grad|=0.000031 (n=1)
  [trace step 365] block 0: fast=178 medium=200 slow=134 | mean_alpha=0.2152 | mean_|grad|=0.000004 (n=1)
  [trace step 365] block 1: fast=178 medium=199 slow=135 | mean_alpha=0.2154 | mean_|grad|=0.000005 (n=1)
  [trace step 365] block 2: fast=179 medium=199 slow=134 | mean_alpha=0.2153 | mean_|grad|=0.000005 (n=1)
  [trace step 365] block 3: fast=180 medium=198 slow=134 | mean_alpha=0.2152 | mean_|grad|=0.000006 (n=1)
  [trace step 365] block 4: fast=179 medium=199 slow=134 | mean_alpha=0.2152 | mean_|grad|=0.000033 (n=1)
  [trace step 366] block 0: fast=178 medium=200 slow=134 | mean_alpha=0.2152 | mean_|grad|=0.000006 (n=1)
  [trace step 366] block 1: fast=178 medium=199 slow=135 | mean_alpha=0.2154 | mean_|grad|=0.000007 (n=1)
  [trace step 366] block 2: fast=179 medium=199 slow=134 | mean_alpha=0.2153 | mean_|grad|=0.000007 (n=1)
  [trace step 366] block 3: fast=180 medium=198 slow=134 | mean_alpha=0.2152 | mean_|grad|=0.000006 (n=1)
  [trace step 366] block 4: fast=179 medium=199 slow=134 | mean_alpha=0.2152 | mean_|grad|=0.000018 (n=1)
  [trace step 367] block 0: fast=178 medium=200 slow=134 | mean_alpha=0.2152 | mean_|grad|=0.000006 (n=1)
  [trace step 367] block 1: fast=178 medium=199 slow=135 | mean_alpha=0.2154 | mean_|grad|=0.000007 (n=1)
  [trace step 367] block 2: fast=179 medium=199 slow=134 | mean_alpha=0.2153 | mean_|grad|=0.000007 (n=1)
  [trace step 367] block 3: fast=180 medium=198 slow=134 | mean_alpha=0.2152 | mean_|grad|=0.000007 (n=1)
  [trace step 367] block 4: fast=179 medium=199 slow=134 | mean_alpha=0.2152 | mean_|grad|=0.000035 (n=1)
  [trace step 368] block 0: fast=178 medium=200 slow=134 | mean_alpha=0.2152 | mean_|grad|=0.000005 (n=1)
  [trace step 368] block 1: fast=178 medium=199 slow=135 | mean_alpha=0.2154 | mean_|grad|=0.000005 (n=1)
  [trace step 368] block 2: fast=179 medium=199 slow=134 | mean_alpha=0.2153 | mean_|grad|=0.000005 (n=1)
  [trace step 368] block 3: fast=180 medium=198 slow=134 | mean_alpha=0.2152 | mean_|grad|=0.000005 (n=1)
  [trace step 368] block 4: fast=179 medium=199 slow=134 | mean_alpha=0.2152 | mean_|grad|=0.000032 (n=1)
  [trace step 369] block 0: fast=178 medium=200 slow=134 | mean_alpha=0.2152 | mean_|grad|=0.000005 (n=1)
  [trace step 369] block 1: fast=178 medium=199 slow=135 | mean_alpha=0.2154 | mean_|grad|=0.000004 (n=1)
  [trace step 369] block 2: fast=179 medium=199 slow=134 | mean_alpha=0.2153 | mean_|grad|=0.000004 (n=1)
  [trace step 369] block 3: fast=180 medium=198 slow=134 | mean_alpha=0.2152 | mean_|grad|=0.000005 (n=1)
  [trace step 369] block 4: fast=179 medium=199 slow=134 | mean_alpha=0.2152 | mean_|grad|=0.000025 (n=1)
  [trace step 370] block 0: fast=178 medium=200 slow=134 | mean_alpha=0.2152 | mean_|grad|=0.000004 (n=1)
  [trace step 370] block 1: fast=178 medium=199 slow=135 | mean_alpha=0.2154 | mean_|grad|=0.000005 (n=1)
  [trace step 370] block 2: fast=179 medium=199 slow=134 | mean_alpha=0.2153 | mean_|grad|=0.000005 (n=1)
  [trace step 370] block 3: fast=180 medium=198 slow=134 | mean_alpha=0.2152 | mean_|grad|=0.000006 (n=1)
  [trace step 370] block 4: fast=179 medium=199 slow=134 | mean_alpha=0.2152 | mean_|grad|=0.000027 (n=1)
  [trace step 371] block 0: fast=178 medium=200 slow=134 | mean_alpha=0.2152 | mean_|grad|=0.000004 (n=1)
  [trace step 371] block 1: fast=178 medium=199 slow=135 | mean_alpha=0.2154 | mean_|grad|=0.000006 (n=1)
  [trace step 371] block 2: fast=179 medium=199 slow=134 | mean_alpha=0.2153 | mean_|grad|=0.000005 (n=1)
  [trace step 371] block 3: fast=180 medium=198 slow=134 | mean_alpha=0.2152 | mean_|grad|=0.000005 (n=1)
  [trace step 371] block 4: fast=179 medium=199 slow=134 | mean_alpha=0.2152 | mean_|grad|=0.000026 (n=1)
  [trace step 372] block 0: fast=178 medium=200 slow=134 | mean_alpha=0.2152 | mean_|grad|=0.000007 (n=1)
  [trace step 372] block 1: fast=178 medium=199 slow=135 | mean_alpha=0.2154 | mean_|grad|=0.000006 (n=1)
  [trace step 372] block 2: fast=179 medium=199 slow=134 | mean_alpha=0.2153 | mean_|grad|=0.000005 (n=1)
  [trace step 372] block 3: fast=180 medium=198 slow=134 | mean_alpha=0.2152 | mean_|grad|=0.000006 (n=1)
  [trace step 372] block 4: fast=179 medium=199 slow=134 | mean_alpha=0.2152 | mean_|grad|=0.000021 (n=1)
  [trace step 373] block 0: fast=178 medium=200 slow=134 | mean_alpha=0.2152 | mean_|grad|=0.000004 (n=1)
  [trace step 373] block 1: fast=178 medium=199 slow=135 | mean_alpha=0.2154 | mean_|grad|=0.000005 (n=1)
  [trace step 373] block 2: fast=179 medium=199 slow=134 | mean_alpha=0.2153 | mean_|grad|=0.000004 (n=1)
  [trace step 373] block 3: fast=180 medium=198 slow=134 | mean_alpha=0.2152 | mean_|grad|=0.000005 (n=1)
  [trace step 373] block 4: fast=179 medium=199 slow=134 | mean_alpha=0.2152 | mean_|grad|=0.000027 (n=1)
  [trace step 374] block 0: fast=178 medium=200 slow=134 | mean_alpha=0.2152 | mean_|grad|=0.000006 (n=1)
  [trace step 374] block 1: fast=178 medium=199 slow=135 | mean_alpha=0.2154 | mean_|grad|=0.000005 (n=1)
  [trace step 374] block 2: fast=179 medium=199 slow=134 | mean_alpha=0.2153 | mean_|grad|=0.000005 (n=1)
  [trace step 374] block 3: fast=180 medium=198 slow=134 | mean_alpha=0.2152 | mean_|grad|=0.000006 (n=1)
  [trace step 374] block 4: fast=179 medium=199 slow=134 | mean_alpha=0.2152 | mean_|grad|=0.000023 (n=1)
  [trace step 375] block 0: fast=178 medium=200 slow=134 | mean_alpha=0.2152 | mean_|grad|=0.000005 (n=1)
  [trace step 375] block 1: fast=178 medium=199 slow=135 | mean_alpha=0.2154 | mean_|grad|=0.000007 (n=1)
  [trace step 375] block 2: fast=179 medium=199 slow=134 | mean_alpha=0.2153 | mean_|grad|=0.000006 (n=1)
  [trace step 375] block 3: fast=180 medium=198 slow=134 | mean_alpha=0.2152 | mean_|grad|=0.000005 (n=1)
  [trace step 375] block 4: fast=179 medium=199 slow=134 | mean_alpha=0.2152 | mean_|grad|=0.000027 (n=1)
  [trace step 376] block 0: fast=178 medium=200 slow=134 | mean_alpha=0.2152 | mean_|grad|=0.000005 (n=1)
  [trace step 376] block 1: fast=178 medium=199 slow=135 | mean_alpha=0.2154 | mean_|grad|=0.000005 (n=1)
  [trace step 376] block 2: fast=179 medium=199 slow=134 | mean_alpha=0.2153 | mean_|grad|=0.000005 (n=1)
  [trace step 376] block 3: fast=180 medium=198 slow=134 | mean_alpha=0.2152 | mean_|grad|=0.000005 (n=1)
  [trace step 376] block 4: fast=179 medium=199 slow=134 | mean_alpha=0.2152 | mean_|grad|=0.000025 (n=1)
  [trace step 377] block 0: fast=178 medium=200 slow=134 | mean_alpha=0.2152 | mean_|grad|=0.000005 (n=1)
  [trace step 377] block 1: fast=178 medium=199 slow=135 | mean_alpha=0.2154 | mean_|grad|=0.000005 (n=1)
  [trace step 377] block 2: fast=179 medium=199 slow=134 | mean_alpha=0.2153 | mean_|grad|=0.000006 (n=1)
  [trace step 377] block 3: fast=180 medium=198 slow=134 | mean_alpha=0.2152 | mean_|grad|=0.000006 (n=1)
  [trace step 377] block 4: fast=179 medium=199 slow=134 | mean_alpha=0.2152 | mean_|grad|=0.000025 (n=1)
  [trace step 378] block 0: fast=178 medium=200 slow=134 | mean_alpha=0.2152 | mean_|grad|=0.000005 (n=1)
  [trace step 378] block 1: fast=178 medium=199 slow=135 | mean_alpha=0.2154 | mean_|grad|=0.000005 (n=1)
  [trace step 378] block 2: fast=179 medium=199 slow=134 | mean_alpha=0.2153 | mean_|grad|=0.000005 (n=1)
  [trace step 378] block 3: fast=180 medium=198 slow=134 | mean_alpha=0.2152 | mean_|grad|=0.000006 (n=1)
  [trace step 378] block 4: fast=179 medium=199 slow=134 | mean_alpha=0.2152 | mean_|grad|=0.000020 (n=1)
  [trace step 379] block 0: fast=178 medium=200 slow=134 | mean_alpha=0.2152 | mean_|grad|=0.000005 (n=1)
  [trace step 379] block 1: fast=178 medium=199 slow=135 | mean_alpha=0.2154 | mean_|grad|=0.000006 (n=1)
  [trace step 379] block 2: fast=179 medium=199 slow=134 | mean_alpha=0.2153 | mean_|grad|=0.000005 (n=1)
  [trace step 379] block 3: fast=180 medium=198 slow=134 | mean_alpha=0.2152 | mean_|grad|=0.000006 (n=1)
  [trace step 379] block 4: fast=179 medium=199 slow=134 | mean_alpha=0.2152 | mean_|grad|=0.000020 (n=1)
  [trace step 380] block 0: fast=178 medium=200 slow=134 | mean_alpha=0.2152 | mean_|grad|=0.000005 (n=1)
  [trace step 380] block 1: fast=178 medium=199 slow=135 | mean_alpha=0.2154 | mean_|grad|=0.000005 (n=1)
  [trace step 380] block 2: fast=179 medium=199 slow=134 | mean_alpha=0.2153 | mean_|grad|=0.000005 (n=1)
  [trace step 380] block 3: fast=180 medium=198 slow=134 | mean_alpha=0.2152 | mean_|grad|=0.000005 (n=1)
  [trace step 380] block 4: fast=179 medium=199 slow=134 | mean_alpha=0.2152 | mean_|grad|=0.000020 (n=1)
  [trace step 381] block 0: fast=178 medium=200 slow=134 | mean_alpha=0.2152 | mean_|grad|=0.000004 (n=1)
  [trace step 381] block 1: fast=178 medium=199 slow=135 | mean_alpha=0.2154 | mean_|grad|=0.000005 (n=1)
  [trace step 381] block 2: fast=179 medium=199 slow=134 | mean_alpha=0.2153 | mean_|grad|=0.000005 (n=1)
  [trace step 381] block 3: fast=180 medium=198 slow=134 | mean_alpha=0.2152 | mean_|grad|=0.000005 (n=1)
  [trace step 381] block 4: fast=179 medium=199 slow=134 | mean_alpha=0.2152 | mean_|grad|=0.000017 (n=1)
  [trace step 382] block 0: fast=178 medium=200 slow=134 | mean_alpha=0.2152 | mean_|grad|=0.000004 (n=1)
  [trace step 382] block 1: fast=178 medium=199 slow=135 | mean_alpha=0.2154 | mean_|grad|=0.000005 (n=1)
  [trace step 382] block 2: fast=179 medium=199 slow=134 | mean_alpha=0.2153 | mean_|grad|=0.000005 (n=1)
  [trace step 382] block 3: fast=180 medium=198 slow=134 | mean_alpha=0.2152 | mean_|grad|=0.000007 (n=1)
  [trace step 382] block 4: fast=179 medium=199 slow=134 | mean_alpha=0.2152 | mean_|grad|=0.000041 (n=1)
  [trace step 383] block 0: fast=178 medium=200 slow=134 | mean_alpha=0.2152 | mean_|grad|=0.000005 (n=1)
  [trace step 383] block 1: fast=178 medium=199 slow=135 | mean_alpha=0.2154 | mean_|grad|=0.000005 (n=1)
  [trace step 383] block 2: fast=179 medium=199 slow=134 | mean_alpha=0.2153 | mean_|grad|=0.000005 (n=1)
  [trace step 383] block 3: fast=180 medium=198 slow=134 | mean_alpha=0.2152 | mean_|grad|=0.000006 (n=1)
  [trace step 383] block 4: fast=179 medium=199 slow=134 | mean_alpha=0.2152 | mean_|grad|=0.000018 (n=1)
  [trace step 384] block 0: fast=178 medium=200 slow=134 | mean_alpha=0.2152 | mean_|grad|=0.000005 (n=1)
  [trace step 384] block 1: fast=178 medium=199 slow=135 | mean_alpha=0.2154 | mean_|grad|=0.000007 (n=1)
  [trace step 384] block 2: fast=179 medium=199 slow=134 | mean_alpha=0.2153 | mean_|grad|=0.000006 (n=1)
  [trace step 384] block 3: fast=180 medium=198 slow=134 | mean_alpha=0.2152 | mean_|grad|=0.000006 (n=1)
  [trace step 384] block 4: fast=179 medium=199 slow=134 | mean_alpha=0.2152 | mean_|grad|=0.000042 (n=1)
  [trace step 385] block 0: fast=178 medium=200 slow=134 | mean_alpha=0.2152 | mean_|grad|=0.000004 (n=1)
  [trace step 385] block 1: fast=178 medium=199 slow=135 | mean_alpha=0.2154 | mean_|grad|=0.000004 (n=1)
  [trace step 385] block 2: fast=179 medium=199 slow=134 | mean_alpha=0.2153 | mean_|grad|=0.000004 (n=1)
  [trace step 385] block 3: fast=180 medium=198 slow=134 | mean_alpha=0.2152 | mean_|grad|=0.000004 (n=1)
  [trace step 385] block 4: fast=179 medium=199 slow=134 | mean_alpha=0.2152 | mean_|grad|=0.000023 (n=1)
  [trace step 386] block 0: fast=178 medium=200 slow=134 | mean_alpha=0.2152 | mean_|grad|=0.000004 (n=1)
  [trace step 386] block 1: fast=178 medium=199 slow=135 | mean_alpha=0.2154 | mean_|grad|=0.000005 (n=1)
  [trace step 386] block 2: fast=179 medium=199 slow=134 | mean_alpha=0.2153 | mean_|grad|=0.000005 (n=1)
  [trace step 386] block 3: fast=180 medium=198 slow=134 | mean_alpha=0.2152 | mean_|grad|=0.000005 (n=1)
  [trace step 386] block 4: fast=179 medium=199 slow=134 | mean_alpha=0.2152 | mean_|grad|=0.000018 (n=1)
  [trace step 387] block 0: fast=178 medium=200 slow=134 | mean_alpha=0.2152 | mean_|grad|=0.000005 (n=1)
  [trace step 387] block 1: fast=178 medium=199 slow=135 | mean_alpha=0.2154 | mean_|grad|=0.000005 (n=1)
  [trace step 387] block 2: fast=179 medium=199 slow=134 | mean_alpha=0.2153 | mean_|grad|=0.000005 (n=1)
  [trace step 387] block 3: fast=180 medium=198 slow=134 | mean_alpha=0.2152 | mean_|grad|=0.000005 (n=1)
  [trace step 387] block 4: fast=179 medium=199 slow=134 | mean_alpha=0.2152 | mean_|grad|=0.000028 (n=1)
  [trace step 388] block 0: fast=178 medium=200 slow=134 | mean_alpha=0.2152 | mean_|grad|=0.000005 (n=1)
  [trace step 388] block 1: fast=178 medium=199 slow=135 | mean_alpha=0.2154 | mean_|grad|=0.000005 (n=1)
  [trace step 388] block 2: fast=179 medium=199 slow=134 | mean_alpha=0.2153 | mean_|grad|=0.000005 (n=1)
  [trace step 388] block 3: fast=180 medium=198 slow=134 | mean_alpha=0.2152 | mean_|grad|=0.000005 (n=1)
  [trace step 388] block 4: fast=179 medium=199 slow=134 | mean_alpha=0.2152 | mean_|grad|=0.000019 (n=1)
  [trace step 389] block 0: fast=178 medium=200 slow=134 | mean_alpha=0.2152 | mean_|grad|=0.000004 (n=1)
  [trace step 389] block 1: fast=178 medium=199 slow=135 | mean_alpha=0.2154 | mean_|grad|=0.000005 (n=1)
  [trace step 389] block 2: fast=179 medium=199 slow=134 | mean_alpha=0.2153 | mean_|grad|=0.000005 (n=1)
  [trace step 389] block 3: fast=180 medium=198 slow=134 | mean_alpha=0.2152 | mean_|grad|=0.000005 (n=1)
  [trace step 389] block 4: fast=179 medium=199 slow=134 | mean_alpha=0.2152 | mean_|grad|=0.000016 (n=1)
  [trace step 390] block 0: fast=178 medium=200 slow=134 | mean_alpha=0.2152 | mean_|grad|=0.000004 (n=1)
  [trace step 390] block 1: fast=178 medium=199 slow=135 | mean_alpha=0.2154 | mean_|grad|=0.000005 (n=1)
  [trace step 390] block 2: fast=179 medium=199 slow=134 | mean_alpha=0.2153 | mean_|grad|=0.000004 (n=1)
  [trace step 390] block 3: fast=180 medium=198 slow=134 | mean_alpha=0.2152 | mean_|grad|=0.000005 (n=1)
  [trace step 390] block 4: fast=179 medium=199 slow=134 | mean_alpha=0.2152 | mean_|grad|=0.000028 (n=1)
  [trace step 391] block 0: fast=178 medium=200 slow=134 | mean_alpha=0.2152 | mean_|grad|=0.000004 (n=1)
  [trace step 391] block 1: fast=178 medium=199 slow=135 | mean_alpha=0.2154 | mean_|grad|=0.000005 (n=1)
  [trace step 391] block 2: fast=179 medium=199 slow=134 | mean_alpha=0.2153 | mean_|grad|=0.000004 (n=1)
  [trace step 391] block 3: fast=180 medium=198 slow=134 | mean_alpha=0.2152 | mean_|grad|=0.000005 (n=1)
  [trace step 391] block 4: fast=179 medium=199 slow=134 | mean_alpha=0.2152 | mean_|grad|=0.000027 (n=1)
  [trace step 392] block 0: fast=178 medium=200 slow=134 | mean_alpha=0.2152 | mean_|grad|=0.000004 (n=1)
  [trace step 392] block 1: fast=178 medium=199 slow=135 | mean_alpha=0.2154 | mean_|grad|=0.000004 (n=1)
  [trace step 392] block 2: fast=179 medium=199 slow=134 | mean_alpha=0.2153 | mean_|grad|=0.000005 (n=1)
  [trace step 392] block 3: fast=180 medium=198 slow=134 | mean_alpha=0.2152 | mean_|grad|=0.000006 (n=1)
  [trace step 392] block 4: fast=179 medium=199 slow=134 | mean_alpha=0.2152 | mean_|grad|=0.000020 (n=1)
  [trace step 393] block 0: fast=178 medium=200 slow=134 | mean_alpha=0.2152 | mean_|grad|=0.000004 (n=1)
  [trace step 393] block 1: fast=178 medium=199 slow=135 | mean_alpha=0.2154 | mean_|grad|=0.000004 (n=1)
  [trace step 393] block 2: fast=179 medium=199 slow=134 | mean_alpha=0.2153 | mean_|grad|=0.000004 (n=1)
  [trace step 393] block 3: fast=180 medium=198 slow=134 | mean_alpha=0.2152 | mean_|grad|=0.000005 (n=1)
  [trace step 393] block 4: fast=179 medium=199 slow=134 | mean_alpha=0.2152 | mean_|grad|=0.000017 (n=1)
  [trace step 394] block 0: fast=178 medium=200 slow=134 | mean_alpha=0.2152 | mean_|grad|=0.000006 (n=1)
  [trace step 394] block 1: fast=178 medium=199 slow=135 | mean_alpha=0.2154 | mean_|grad|=0.000006 (n=1)
  [trace step 394] block 2: fast=179 medium=199 slow=134 | mean_alpha=0.2153 | mean_|grad|=0.000006 (n=1)
  [trace step 394] block 3: fast=180 medium=198 slow=134 | mean_alpha=0.2152 | mean_|grad|=0.000007 (n=1)
  [trace step 394] block 4: fast=179 medium=199 slow=134 | mean_alpha=0.2152 | mean_|grad|=0.000029 (n=1)
  [trace step 395] block 0: fast=178 medium=200 slow=134 | mean_alpha=0.2152 | mean_|grad|=0.000003 (n=1)
  [trace step 395] block 1: fast=178 medium=199 slow=135 | mean_alpha=0.2154 | mean_|grad|=0.000003 (n=1)
  [trace step 395] block 2: fast=179 medium=199 slow=134 | mean_alpha=0.2153 | mean_|grad|=0.000004 (n=1)
  [trace step 395] block 3: fast=180 medium=198 slow=134 | mean_alpha=0.2152 | mean_|grad|=0.000004 (n=1)
  [trace step 395] block 4: fast=179 medium=199 slow=134 | mean_alpha=0.2152 | mean_|grad|=0.000013 (n=1)
  [trace step 396] block 0: fast=178 medium=200 slow=134 | mean_alpha=0.2152 | mean_|grad|=0.000004 (n=1)
  [trace step 396] block 1: fast=178 medium=199 slow=135 | mean_alpha=0.2154 | mean_|grad|=0.000004 (n=1)
  [trace step 396] block 2: fast=179 medium=199 slow=134 | mean_alpha=0.2153 | mean_|grad|=0.000004 (n=1)
  [trace step 396] block 3: fast=180 medium=198 slow=134 | mean_alpha=0.2152 | mean_|grad|=0.000005 (n=1)
  [trace step 396] block 4: fast=179 medium=199 slow=134 | mean_alpha=0.2152 | mean_|grad|=0.000019 (n=1)
  [trace step 397] block 0: fast=178 medium=200 slow=134 | mean_alpha=0.2152 | mean_|grad|=0.000004 (n=1)
  [trace step 397] block 1: fast=178 medium=199 slow=135 | mean_alpha=0.2154 | mean_|grad|=0.000004 (n=1)
  [trace step 397] block 2: fast=179 medium=199 slow=134 | mean_alpha=0.2153 | mean_|grad|=0.000004 (n=1)
  [trace step 397] block 3: fast=180 medium=198 slow=134 | mean_alpha=0.2152 | mean_|grad|=0.000005 (n=1)
  [trace step 397] block 4: fast=179 medium=199 slow=134 | mean_alpha=0.2152 | mean_|grad|=0.000019 (n=1)
  [trace step 398] block 0: fast=178 medium=200 slow=134 | mean_alpha=0.2152 | mean_|grad|=0.000004 (n=1)
  [trace step 398] block 1: fast=178 medium=199 slow=135 | mean_alpha=0.2154 | mean_|grad|=0.000004 (n=1)
  [trace step 398] block 2: fast=179 medium=199 slow=134 | mean_alpha=0.2153 | mean_|grad|=0.000004 (n=1)
  [trace step 398] block 3: fast=180 medium=198 slow=134 | mean_alpha=0.2152 | mean_|grad|=0.000005 (n=1)
  [trace step 398] block 4: fast=179 medium=199 slow=134 | mean_alpha=0.2152 | mean_|grad|=0.000025 (n=1)
  [trace step 399] block 0: fast=178 medium=200 slow=134 | mean_alpha=0.2152 | mean_|grad|=0.000003 (n=1)
  [trace step 399] block 1: fast=178 medium=199 slow=135 | mean_alpha=0.2154 | mean_|grad|=0.000004 (n=1)
  [trace step 399] block 2: fast=179 medium=199 slow=134 | mean_alpha=0.2153 | mean_|grad|=0.000005 (n=1)
  [trace step 399] block 3: fast=180 medium=198 slow=134 | mean_alpha=0.2152 | mean_|grad|=0.000005 (n=1)
  [trace step 399] block 4: fast=179 medium=199 slow=134 | mean_alpha=0.2152 | mean_|grad|=0.000032 (n=1)
  [trace step 400] block 0: fast=178 medium=200 slow=134 | mean_alpha=0.2152 | mean_|grad|=0.000004 (n=1)
  [trace step 400] block 1: fast=178 medium=199 slow=135 | mean_alpha=0.2154 | mean_|grad|=0.000004 (n=1)
  [trace step 400] block 2: fast=179 medium=199 slow=134 | mean_alpha=0.2153 | mean_|grad|=0.000004 (n=1)
  [trace step 400] block 3: fast=180 medium=198 slow=134 | mean_alpha=0.2152 | mean_|grad|=0.000005 (n=1)
  [trace step 400] block 4: fast=179 medium=199 slow=134 | mean_alpha=0.2152 | mean_|grad|=0.000022 (n=1)
  [r2c trace step 400] block 0: z mean=1.0312 s mean=0.7503 min=0.7427 max=0.7583 closed=0/512 open=0/512 | mean|s*read|=0.271386 | mean|g| ar=1.72e-5 ib=1.56e-5 z=5.29e-6 (n=50)
  [r2c trace step 400] block 1: z mean=1.0234 s mean=0.7489 min=0.7433 max=0.7553 closed=0/512 open=0/512 | mean|s*read|=0.701093 | mean|g| ar=2.38e-5 ib=1.79e-5 z=5.05e-7 (n=50)
  [r2c trace step 400] block 2: z mean=1.0208 s mean=0.7484 min=0.7426 max=0.7544 closed=0/512 open=0/512 | mean|s*read|=0.907988 | mean|g| ar=2.74e-5 ib=1.68e-5 z=7.49e-7 (n=50)
  [r2c trace step 400] block 3: z mean=1.0200 s mean=0.7482 min=0.7420 max=0.7535 closed=0/512 open=0/512 | mean|s*read|=1.159953 | mean|g| ar=3.02e-5 ib=1.74e-5 z=7.46e-7 (n=50)
  [r2c trace step 400] block 4: z mean=1.0200 s mean=0.7482 min=0.7417 max=0.7540 closed=0/512 open=0/512 | mean|s*read|=1.604572 | mean|g| ar=4.50e-5 ib=2.30e-5 z=4.40e-7 (n=50)
  [trace step 401] block 0: fast=178 medium=200 slow=134 | mean_alpha=0.2152 | mean_|grad|=0.000004 (n=1)
  [trace step 401] block 1: fast=178 medium=199 slow=135 | mean_alpha=0.2154 | mean_|grad|=0.000004 (n=1)
  [trace step 401] block 2: fast=179 medium=199 slow=134 | mean_alpha=0.2153 | mean_|grad|=0.000005 (n=1)
  [trace step 401] block 3: fast=180 medium=198 slow=134 | mean_alpha=0.2152 | mean_|grad|=0.000005 (n=1)
  [trace step 401] block 4: fast=179 medium=199 slow=134 | mean_alpha=0.2152 | mean_|grad|=0.000017 (n=1)
  [trace step 402] block 0: fast=178 medium=200 slow=134 | mean_alpha=0.2152 | mean_|grad|=0.000004 (n=1)
  [trace step 402] block 1: fast=178 medium=199 slow=135 | mean_alpha=0.2154 | mean_|grad|=0.000004 (n=1)
  [trace step 402] block 2: fast=179 medium=199 slow=134 | mean_alpha=0.2153 | mean_|grad|=0.000004 (n=1)
  [trace step 402] block 3: fast=180 medium=198 slow=134 | mean_alpha=0.2152 | mean_|grad|=0.000005 (n=1)
  [trace step 402] block 4: fast=179 medium=199 slow=134 | mean_alpha=0.2152 | mean_|grad|=0.000028 (n=1)
  [trace step 403] block 0: fast=178 medium=200 slow=134 | mean_alpha=0.2152 | mean_|grad|=0.000004 (n=1)
  [trace step 403] block 1: fast=178 medium=199 slow=135 | mean_alpha=0.2154 | mean_|grad|=0.000004 (n=1)
  [trace step 403] block 2: fast=179 medium=199 slow=134 | mean_alpha=0.2153 | mean_|grad|=0.000004 (n=1)
  [trace step 403] block 3: fast=180 medium=198 slow=134 | mean_alpha=0.2152 | mean_|grad|=0.000005 (n=1)
  [trace step 403] block 4: fast=179 medium=199 slow=134 | mean_alpha=0.2152 | mean_|grad|=0.000016 (n=1)
  [trace step 404] block 0: fast=178 medium=200 slow=134 | mean_alpha=0.2152 | mean_|grad|=0.000004 (n=1)
  [trace step 404] block 1: fast=178 medium=199 slow=135 | mean_alpha=0.2154 | mean_|grad|=0.000004 (n=1)
  [trace step 404] block 2: fast=179 medium=199 slow=134 | mean_alpha=0.2153 | mean_|grad|=0.000005 (n=1)
  [trace step 404] block 3: fast=180 medium=198 slow=134 | mean_alpha=0.2152 | mean_|grad|=0.000006 (n=1)
  [trace step 404] block 4: fast=179 medium=199 slow=134 | mean_alpha=0.2152 | mean_|grad|=0.000021 (n=1)
  [trace step 405] block 0: fast=178 medium=200 slow=134 | mean_alpha=0.2152 | mean_|grad|=0.000004 (n=1)
  [trace step 405] block 1: fast=178 medium=199 slow=135 | mean_alpha=0.2154 | mean_|grad|=0.000005 (n=1)
  [trace step 405] block 2: fast=179 medium=199 slow=134 | mean_alpha=0.2153 | mean_|grad|=0.000005 (n=1)
  [trace step 405] block 3: fast=180 medium=198 slow=134 | mean_alpha=0.2152 | mean_|grad|=0.000006 (n=1)
  [trace step 405] block 4: fast=179 medium=199 slow=134 | mean_alpha=0.2152 | mean_|grad|=0.000047 (n=1)
  [trace step 406] block 0: fast=178 medium=200 slow=134 | mean_alpha=0.2152 | mean_|grad|=0.000004 (n=1)
  [trace step 406] block 1: fast=178 medium=199 slow=135 | mean_alpha=0.2154 | mean_|grad|=0.000004 (n=1)
  [trace step 406] block 2: fast=179 medium=199 slow=134 | mean_alpha=0.2153 | mean_|grad|=0.000004 (n=1)
  [trace step 406] block 3: fast=180 medium=198 slow=134 | mean_alpha=0.2152 | mean_|grad|=0.000005 (n=1)
  [trace step 406] block 4: fast=179 medium=199 slow=134 | mean_alpha=0.2152 | mean_|grad|=0.000020 (n=1)
  [trace step 407] block 0: fast=178 medium=200 slow=134 | mean_alpha=0.2152 | mean_|grad|=0.000004 (n=1)
  [trace step 407] block 1: fast=178 medium=199 slow=135 | mean_alpha=0.2154 | mean_|grad|=0.000004 (n=1)
  [trace step 407] block 2: fast=179 medium=199 slow=134 | mean_alpha=0.2153 | mean_|grad|=0.000004 (n=1)
  [trace step 407] block 3: fast=180 medium=198 slow=134 | mean_alpha=0.2152 | mean_|grad|=0.000005 (n=1)
  [trace step 407] block 4: fast=179 medium=199 slow=134 | mean_alpha=0.2152 | mean_|grad|=0.000027 (n=1)
  [trace step 408] block 0: fast=178 medium=200 slow=134 | mean_alpha=0.2152 | mean_|grad|=0.000004 (n=1)
  [trace step 408] block 1: fast=178 medium=199 slow=135 | mean_alpha=0.2154 | mean_|grad|=0.000004 (n=1)
  [trace step 408] block 2: fast=179 medium=199 slow=134 | mean_alpha=0.2153 | mean_|grad|=0.000004 (n=1)
  [trace step 408] block 3: fast=180 medium=198 slow=134 | mean_alpha=0.2152 | mean_|grad|=0.000005 (n=1)
  [trace step 408] block 4: fast=179 medium=199 slow=134 | mean_alpha=0.2152 | mean_|grad|=0.000033 (n=1)
  [trace step 409] block 0: fast=178 medium=200 slow=134 | mean_alpha=0.2152 | mean_|grad|=0.000004 (n=1)
  [trace step 409] block 1: fast=178 medium=199 slow=135 | mean_alpha=0.2154 | mean_|grad|=0.000004 (n=1)
  [trace step 409] block 2: fast=179 medium=199 slow=134 | mean_alpha=0.2153 | mean_|grad|=0.000005 (n=1)
  [trace step 409] block 3: fast=180 medium=198 slow=134 | mean_alpha=0.2152 | mean_|grad|=0.000004 (n=1)
  [trace step 409] block 4: fast=179 medium=199 slow=134 | mean_alpha=0.2152 | mean_|grad|=0.000018 (n=1)
  [trace step 410] block 0: fast=178 medium=200 slow=134 | mean_alpha=0.2152 | mean_|grad|=0.000003 (n=1)
  [trace step 410] block 1: fast=178 medium=199 slow=135 | mean_alpha=0.2154 | mean_|grad|=0.000004 (n=1)
  [trace step 410] block 2: fast=179 medium=199 slow=134 | mean_alpha=0.2153 | mean_|grad|=0.000004 (n=1)
  [trace step 410] block 3: fast=180 medium=198 slow=134 | mean_alpha=0.2152 | mean_|grad|=0.000005 (n=1)
  [trace step 410] block 4: fast=179 medium=199 slow=134 | mean_alpha=0.2152 | mean_|grad|=0.000024 (n=1)
  [trace step 411] block 0: fast=178 medium=200 slow=134 | mean_alpha=0.2152 | mean_|grad|=0.000004 (n=1)
  [trace step 411] block 1: fast=178 medium=199 slow=135 | mean_alpha=0.2154 | mean_|grad|=0.000005 (n=1)
  [trace step 411] block 2: fast=179 medium=199 slow=134 | mean_alpha=0.2153 | mean_|grad|=0.000005 (n=1)
  [trace step 411] block 3: fast=180 medium=198 slow=134 | mean_alpha=0.2152 | mean_|grad|=0.000005 (n=1)
  [trace step 411] block 4: fast=179 medium=199 slow=134 | mean_alpha=0.2152 | mean_|grad|=0.000019 (n=1)
  [trace step 412] block 0: fast=178 medium=200 slow=134 | mean_alpha=0.2152 | mean_|grad|=0.000004 (n=1)
  [trace step 412] block 1: fast=178 medium=199 slow=135 | mean_alpha=0.2154 | mean_|grad|=0.000005 (n=1)
  [trace step 412] block 2: fast=179 medium=199 slow=134 | mean_alpha=0.2153 | mean_|grad|=0.000004 (n=1)
  [trace step 412] block 3: fast=180 medium=198 slow=134 | mean_alpha=0.2152 | mean_|grad|=0.000005 (n=1)
  [trace step 412] block 4: fast=179 medium=199 slow=134 | mean_alpha=0.2152 | mean_|grad|=0.000019 (n=1)
  [trace step 413] block 0: fast=178 medium=200 slow=134 | mean_alpha=0.2152 | mean_|grad|=0.000003 (n=1)
  [trace step 413] block 1: fast=178 medium=199 slow=135 | mean_alpha=0.2154 | mean_|grad|=0.000003 (n=1)
  [trace step 413] block 2: fast=179 medium=199 slow=134 | mean_alpha=0.2153 | mean_|grad|=0.000004 (n=1)
  [trace step 413] block 3: fast=180 medium=198 slow=134 | mean_alpha=0.2152 | mean_|grad|=0.000005 (n=1)
  [trace step 413] block 4: fast=179 medium=199 slow=134 | mean_alpha=0.2152 | mean_|grad|=0.000023 (n=1)
  [trace step 414] block 0: fast=178 medium=200 slow=134 | mean_alpha=0.2152 | mean_|grad|=0.000005 (n=1)
  [trace step 414] block 1: fast=178 medium=199 slow=135 | mean_alpha=0.2154 | mean_|grad|=0.000005 (n=1)
  [trace step 414] block 2: fast=179 medium=199 slow=134 | mean_alpha=0.2153 | mean_|grad|=0.000005 (n=1)
  [trace step 414] block 3: fast=180 medium=198 slow=134 | mean_alpha=0.2152 | mean_|grad|=0.000005 (n=1)
  [trace step 414] block 4: fast=179 medium=199 slow=134 | mean_alpha=0.2152 | mean_|grad|=0.000030 (n=1)
  [trace step 415] block 0: fast=178 medium=200 slow=134 | mean_alpha=0.2152 | mean_|grad|=0.000003 (n=1)
  [trace step 415] block 1: fast=178 medium=199 slow=135 | mean_alpha=0.2154 | mean_|grad|=0.000004 (n=1)
  [trace step 415] block 2: fast=179 medium=199 slow=134 | mean_alpha=0.2153 | mean_|grad|=0.000004 (n=1)
  [trace step 415] block 3: fast=180 medium=198 slow=134 | mean_alpha=0.2152 | mean_|grad|=0.000005 (n=1)
  [trace step 415] block 4: fast=179 medium=199 slow=134 | mean_alpha=0.2152 | mean_|grad|=0.000018 (n=1)
  [trace step 416] block 0: fast=178 medium=200 slow=134 | mean_alpha=0.2152 | mean_|grad|=0.000005 (n=1)
  [trace step 416] block 1: fast=178 medium=199 slow=135 | mean_alpha=0.2154 | mean_|grad|=0.000004 (n=1)
  [trace step 416] block 2: fast=179 medium=199 slow=134 | mean_alpha=0.2153 | mean_|grad|=0.000004 (n=1)
  [trace step 416] block 3: fast=180 medium=198 slow=134 | mean_alpha=0.2152 | mean_|grad|=0.000005 (n=1)
  [trace step 416] block 4: fast=179 medium=199 slow=134 | mean_alpha=0.2152 | mean_|grad|=0.000033 (n=1)
  [trace step 417] block 0: fast=178 medium=200 slow=134 | mean_alpha=0.2152 | mean_|grad|=0.000004 (n=1)
  [trace step 417] block 1: fast=178 medium=199 slow=135 | mean_alpha=0.2154 | mean_|grad|=0.000004 (n=1)
  [trace step 417] block 2: fast=179 medium=199 slow=134 | mean_alpha=0.2153 | mean_|grad|=0.000004 (n=1)
  [trace step 417] block 3: fast=180 medium=198 slow=134 | mean_alpha=0.2152 | mean_|grad|=0.000005 (n=1)
  [trace step 417] block 4: fast=179 medium=199 slow=134 | mean_alpha=0.2152 | mean_|grad|=0.000036 (n=1)
  [trace step 418] block 0: fast=178 medium=200 slow=134 | mean_alpha=0.2152 | mean_|grad|=0.000003 (n=1)
  [trace step 418] block 1: fast=178 medium=199 slow=135 | mean_alpha=0.2154 | mean_|grad|=0.000004 (n=1)
  [trace step 418] block 2: fast=179 medium=199 slow=134 | mean_alpha=0.2153 | mean_|grad|=0.000003 (n=1)
  [trace step 418] block 3: fast=180 medium=198 slow=134 | mean_alpha=0.2152 | mean_|grad|=0.000005 (n=1)
  [trace step 418] block 4: fast=179 medium=199 slow=134 | mean_alpha=0.2152 | mean_|grad|=0.000033 (n=1)
  [trace step 419] block 0: fast=178 medium=200 slow=134 | mean_alpha=0.2152 | mean_|grad|=0.000004 (n=1)
  [trace step 419] block 1: fast=178 medium=199 slow=135 | mean_alpha=0.2154 | mean_|grad|=0.000005 (n=1)
  [trace step 419] block 2: fast=179 medium=199 slow=134 | mean_alpha=0.2153 | mean_|grad|=0.000005 (n=1)
  [trace step 419] block 3: fast=180 medium=198 slow=134 | mean_alpha=0.2152 | mean_|grad|=0.000006 (n=1)
  [trace step 419] block 4: fast=179 medium=199 slow=134 | mean_alpha=0.2152 | mean_|grad|=0.000031 (n=1)
  [trace step 420] block 0: fast=178 medium=200 slow=134 | mean_alpha=0.2152 | mean_|grad|=0.000003 (n=1)
  [trace step 420] block 1: fast=178 medium=199 slow=135 | mean_alpha=0.2154 | mean_|grad|=0.000004 (n=1)
  [trace step 420] block 2: fast=179 medium=199 slow=134 | mean_alpha=0.2153 | mean_|grad|=0.000004 (n=1)
  [trace step 420] block 3: fast=180 medium=198 slow=134 | mean_alpha=0.2152 | mean_|grad|=0.000004 (n=1)
  [trace step 420] block 4: fast=179 medium=199 slow=134 | mean_alpha=0.2152 | mean_|grad|=0.000018 (n=1)
  [trace step 421] block 0: fast=178 medium=200 slow=134 | mean_alpha=0.2152 | mean_|grad|=0.000005 (n=1)
  [trace step 421] block 1: fast=178 medium=199 slow=135 | mean_alpha=0.2154 | mean_|grad|=0.000005 (n=1)
  [trace step 421] block 2: fast=179 medium=199 slow=134 | mean_alpha=0.2153 | mean_|grad|=0.000004 (n=1)
  [trace step 421] block 3: fast=180 medium=198 slow=134 | mean_alpha=0.2152 | mean_|grad|=0.000005 (n=1)
  [trace step 421] block 4: fast=179 medium=199 slow=134 | mean_alpha=0.2152 | mean_|grad|=0.000025 (n=1)
  [trace step 422] block 0: fast=178 medium=200 slow=134 | mean_alpha=0.2152 | mean_|grad|=0.000005 (n=1)
  [trace step 422] block 1: fast=178 medium=199 slow=135 | mean_alpha=0.2154 | mean_|grad|=0.000006 (n=1)
  [trace step 422] block 2: fast=179 medium=199 slow=134 | mean_alpha=0.2153 | mean_|grad|=0.000005 (n=1)
  [trace step 422] block 3: fast=180 medium=198 slow=134 | mean_alpha=0.2152 | mean_|grad|=0.000006 (n=1)
  [trace step 422] block 4: fast=179 medium=199 slow=134 | mean_alpha=0.2152 | mean_|grad|=0.000034 (n=1)
  [trace step 423] block 0: fast=178 medium=200 slow=134 | mean_alpha=0.2152 | mean_|grad|=0.000004 (n=1)
  [trace step 423] block 1: fast=178 medium=199 slow=135 | mean_alpha=0.2154 | mean_|grad|=0.000005 (n=1)
  [trace step 423] block 2: fast=179 medium=199 slow=134 | mean_alpha=0.2153 | mean_|grad|=0.000005 (n=1)
  [trace step 423] block 3: fast=180 medium=198 slow=134 | mean_alpha=0.2152 | mean_|grad|=0.000005 (n=1)
  [trace step 423] block 4: fast=179 medium=199 slow=134 | mean_alpha=0.2152 | mean_|grad|=0.000025 (n=1)
  [trace step 424] block 0: fast=178 medium=200 slow=134 | mean_alpha=0.2152 | mean_|grad|=0.000004 (n=1)
  [trace step 424] block 1: fast=178 medium=199 slow=135 | mean_alpha=0.2154 | mean_|grad|=0.000004 (n=1)
  [trace step 424] block 2: fast=179 medium=199 slow=134 | mean_alpha=0.2153 | mean_|grad|=0.000005 (n=1)
  [trace step 424] block 3: fast=180 medium=198 slow=134 | mean_alpha=0.2152 | mean_|grad|=0.000005 (n=1)
  [trace step 424] block 4: fast=179 medium=199 slow=134 | mean_alpha=0.2152 | mean_|grad|=0.000017 (n=1)
  [trace step 425] block 0: fast=178 medium=200 slow=134 | mean_alpha=0.2152 | mean_|grad|=0.000004 (n=1)
  [trace step 425] block 1: fast=178 medium=199 slow=135 | mean_alpha=0.2154 | mean_|grad|=0.000006 (n=1)
  [trace step 425] block 2: fast=179 medium=199 slow=134 | mean_alpha=0.2153 | mean_|grad|=0.000005 (n=1)
  [trace step 425] block 3: fast=180 medium=198 slow=134 | mean_alpha=0.2152 | mean_|grad|=0.000005 (n=1)
  [trace step 425] block 4: fast=179 medium=199 slow=134 | mean_alpha=0.2152 | mean_|grad|=0.000037 (n=1)
  [trace step 426] block 0: fast=178 medium=200 slow=134 | mean_alpha=0.2152 | mean_|grad|=0.000004 (n=1)
  [trace step 426] block 1: fast=178 medium=199 slow=135 | mean_alpha=0.2154 | mean_|grad|=0.000005 (n=1)
  [trace step 426] block 2: fast=179 medium=199 slow=134 | mean_alpha=0.2153 | mean_|grad|=0.000004 (n=1)
  [trace step 426] block 3: fast=180 medium=198 slow=134 | mean_alpha=0.2152 | mean_|grad|=0.000005 (n=1)
  [trace step 426] block 4: fast=179 medium=199 slow=134 | mean_alpha=0.2152 | mean_|grad|=0.000023 (n=1)
  [trace step 427] block 0: fast=178 medium=200 slow=134 | mean_alpha=0.2152 | mean_|grad|=0.000009 (n=1)
  [trace step 427] block 1: fast=178 medium=199 slow=135 | mean_alpha=0.2154 | mean_|grad|=0.000006 (n=1)
  [trace step 427] block 2: fast=179 medium=199 slow=134 | mean_alpha=0.2153 | mean_|grad|=0.000005 (n=1)
  [trace step 427] block 3: fast=180 medium=198 slow=134 | mean_alpha=0.2152 | mean_|grad|=0.000006 (n=1)
  [trace step 427] block 4: fast=179 medium=199 slow=134 | mean_alpha=0.2152 | mean_|grad|=0.000025 (n=1)
  [trace step 428] block 0: fast=178 medium=200 slow=134 | mean_alpha=0.2152 | mean_|grad|=0.000003 (n=1)
  [trace step 428] block 1: fast=178 medium=199 slow=135 | mean_alpha=0.2154 | mean_|grad|=0.000005 (n=1)
  [trace step 428] block 2: fast=179 medium=199 slow=134 | mean_alpha=0.2153 | mean_|grad|=0.000004 (n=1)
  [trace step 428] block 3: fast=180 medium=198 slow=134 | mean_alpha=0.2152 | mean_|grad|=0.000005 (n=1)
  [trace step 428] block 4: fast=179 medium=199 slow=134 | mean_alpha=0.2152 | mean_|grad|=0.000039 (n=1)
  [trace step 429] block 0: fast=178 medium=200 slow=134 | mean_alpha=0.2152 | mean_|grad|=0.000004 (n=1)
  [trace step 429] block 1: fast=178 medium=199 slow=135 | mean_alpha=0.2154 | mean_|grad|=0.000005 (n=1)
  [trace step 429] block 2: fast=179 medium=199 slow=134 | mean_alpha=0.2153 | mean_|grad|=0.000004 (n=1)
  [trace step 429] block 3: fast=180 medium=198 slow=134 | mean_alpha=0.2152 | mean_|grad|=0.000005 (n=1)
  [trace step 429] block 4: fast=179 medium=199 slow=134 | mean_alpha=0.2152 | mean_|grad|=0.000023 (n=1)
  [trace step 430] block 0: fast=178 medium=200 slow=134 | mean_alpha=0.2152 | mean_|grad|=0.000007 (n=1)
  [trace step 430] block 1: fast=178 medium=199 slow=135 | mean_alpha=0.2154 | mean_|grad|=0.000005 (n=1)
  [trace step 430] block 2: fast=179 medium=199 slow=134 | mean_alpha=0.2153 | mean_|grad|=0.000004 (n=1)
  [trace step 430] block 3: fast=180 medium=198 slow=134 | mean_alpha=0.2152 | mean_|grad|=0.000005 (n=1)
  [trace step 430] block 4: fast=179 medium=199 slow=134 | mean_alpha=0.2152 | mean_|grad|=0.000029 (n=1)
  [trace step 431] block 0: fast=178 medium=200 slow=134 | mean_alpha=0.2152 | mean_|grad|=0.000004 (n=1)
  [trace step 431] block 1: fast=178 medium=199 slow=135 | mean_alpha=0.2154 | mean_|grad|=0.000004 (n=1)
  [trace step 431] block 2: fast=179 medium=199 slow=134 | mean_alpha=0.2153 | mean_|grad|=0.000004 (n=1)
  [trace step 431] block 3: fast=180 medium=198 slow=134 | mean_alpha=0.2152 | mean_|grad|=0.000005 (n=1)
  [trace step 431] block 4: fast=179 medium=199 slow=134 | mean_alpha=0.2152 | mean_|grad|=0.000022 (n=1)
  [trace step 432] block 0: fast=178 medium=200 slow=134 | mean_alpha=0.2152 | mean_|grad|=0.000004 (n=1)
  [trace step 432] block 1: fast=178 medium=199 slow=135 | mean_alpha=0.2154 | mean_|grad|=0.000004 (n=1)
  [trace step 432] block 2: fast=179 medium=199 slow=134 | mean_alpha=0.2153 | mean_|grad|=0.000004 (n=1)
  [trace step 432] block 3: fast=180 medium=198 slow=134 | mean_alpha=0.2152 | mean_|grad|=0.000005 (n=1)
  [trace step 432] block 4: fast=179 medium=199 slow=134 | mean_alpha=0.2152 | mean_|grad|=0.000028 (n=1)
  [trace step 433] block 0: fast=178 medium=200 slow=134 | mean_alpha=0.2152 | mean_|grad|=0.000004 (n=1)
  [trace step 433] block 1: fast=178 medium=199 slow=135 | mean_alpha=0.2154 | mean_|grad|=0.000004 (n=1)
  [trace step 433] block 2: fast=179 medium=199 slow=134 | mean_alpha=0.2153 | mean_|grad|=0.000003 (n=1)
  [trace step 433] block 3: fast=180 medium=198 slow=134 | mean_alpha=0.2152 | mean_|grad|=0.000005 (n=1)
  [trace step 433] block 4: fast=179 medium=199 slow=134 | mean_alpha=0.2152 | mean_|grad|=0.000019 (n=1)
  [trace step 434] block 0: fast=178 medium=200 slow=134 | mean_alpha=0.2152 | mean_|grad|=0.000004 (n=1)
  [trace step 434] block 1: fast=178 medium=199 slow=135 | mean_alpha=0.2154 | mean_|grad|=0.000003 (n=1)
  [trace step 434] block 2: fast=179 medium=199 slow=134 | mean_alpha=0.2153 | mean_|grad|=0.000004 (n=1)
  [trace step 434] block 3: fast=180 medium=198 slow=134 | mean_alpha=0.2152 | mean_|grad|=0.000004 (n=1)
  [trace step 434] block 4: fast=179 medium=199 slow=134 | mean_alpha=0.2152 | mean_|grad|=0.000014 (n=1)
  [trace step 435] block 0: fast=178 medium=200 slow=134 | mean_alpha=0.2152 | mean_|grad|=0.000004 (n=1)
  [trace step 435] block 1: fast=178 medium=199 slow=135 | mean_alpha=0.2154 | mean_|grad|=0.000004 (n=1)
  [trace step 435] block 2: fast=179 medium=199 slow=134 | mean_alpha=0.2153 | mean_|grad|=0.000004 (n=1)
  [trace step 435] block 3: fast=180 medium=198 slow=134 | mean_alpha=0.2152 | mean_|grad|=0.000005 (n=1)
  [trace step 435] block 4: fast=179 medium=199 slow=134 | mean_alpha=0.2152 | mean_|grad|=0.000019 (n=1)
  [trace step 436] block 0: fast=178 medium=200 slow=134 | mean_alpha=0.2152 | mean_|grad|=0.000003 (n=1)
  [trace step 436] block 1: fast=178 medium=199 slow=135 | mean_alpha=0.2154 | mean_|grad|=0.000004 (n=1)
  [trace step 436] block 2: fast=179 medium=199 slow=134 | mean_alpha=0.2153 | mean_|grad|=0.000004 (n=1)
  [trace step 436] block 3: fast=180 medium=198 slow=134 | mean_alpha=0.2152 | mean_|grad|=0.000005 (n=1)
  [trace step 436] block 4: fast=179 medium=199 slow=134 | mean_alpha=0.2152 | mean_|grad|=0.000017 (n=1)
  [trace step 437] block 0: fast=178 medium=200 slow=134 | mean_alpha=0.2152 | mean_|grad|=0.000003 (n=1)
  [trace step 437] block 1: fast=178 medium=199 slow=135 | mean_alpha=0.2154 | mean_|grad|=0.000003 (n=1)
  [trace step 437] block 2: fast=179 medium=199 slow=134 | mean_alpha=0.2153 | mean_|grad|=0.000003 (n=1)
  [trace step 437] block 3: fast=180 medium=198 slow=134 | mean_alpha=0.2152 | mean_|grad|=0.000004 (n=1)
  [trace step 437] block 4: fast=179 medium=199 slow=134 | mean_alpha=0.2152 | mean_|grad|=0.000015 (n=1)
  [trace step 438] block 0: fast=178 medium=200 slow=134 | mean_alpha=0.2152 | mean_|grad|=0.000004 (n=1)
  [trace step 438] block 1: fast=178 medium=199 slow=135 | mean_alpha=0.2154 | mean_|grad|=0.000005 (n=1)
  [trace step 438] block 2: fast=179 medium=199 slow=134 | mean_alpha=0.2153 | mean_|grad|=0.000004 (n=1)
  [trace step 438] block 3: fast=180 medium=198 slow=134 | mean_alpha=0.2152 | mean_|grad|=0.000004 (n=1)
  [trace step 438] block 4: fast=179 medium=199 slow=134 | mean_alpha=0.2152 | mean_|grad|=0.000019 (n=1)
  [trace step 439] block 0: fast=178 medium=200 slow=134 | mean_alpha=0.2152 | mean_|grad|=0.000003 (n=1)
  [trace step 439] block 1: fast=178 medium=199 slow=135 | mean_alpha=0.2154 | mean_|grad|=0.000004 (n=1)
  [trace step 439] block 2: fast=179 medium=199 slow=134 | mean_alpha=0.2153 | mean_|grad|=0.000003 (n=1)
  [trace step 439] block 3: fast=180 medium=198 slow=134 | mean_alpha=0.2152 | mean_|grad|=0.000004 (n=1)
  [trace step 439] block 4: fast=179 medium=199 slow=134 | mean_alpha=0.2152 | mean_|grad|=0.000026 (n=1)
  [trace step 440] block 0: fast=178 medium=200 slow=134 | mean_alpha=0.2152 | mean_|grad|=0.000006 (n=1)
  [trace step 440] block 1: fast=178 medium=199 slow=135 | mean_alpha=0.2154 | mean_|grad|=0.000006 (n=1)
  [trace step 440] block 2: fast=179 medium=199 slow=134 | mean_alpha=0.2153 | mean_|grad|=0.000005 (n=1)
  [trace step 440] block 3: fast=180 medium=198 slow=134 | mean_alpha=0.2152 | mean_|grad|=0.000007 (n=1)
  [trace step 440] block 4: fast=179 medium=199 slow=134 | mean_alpha=0.2152 | mean_|grad|=0.000025 (n=1)
  [trace step 441] block 0: fast=178 medium=200 slow=134 | mean_alpha=0.2152 | mean_|grad|=0.000004 (n=1)
  [trace step 441] block 1: fast=178 medium=199 slow=135 | mean_alpha=0.2154 | mean_|grad|=0.000004 (n=1)
  [trace step 441] block 2: fast=179 medium=199 slow=134 | mean_alpha=0.2153 | mean_|grad|=0.000004 (n=1)
  [trace step 441] block 3: fast=180 medium=198 slow=134 | mean_alpha=0.2152 | mean_|grad|=0.000005 (n=1)
  [trace step 441] block 4: fast=179 medium=199 slow=134 | mean_alpha=0.2152 | mean_|grad|=0.000027 (n=1)
  [trace step 442] block 0: fast=178 medium=200 slow=134 | mean_alpha=0.2152 | mean_|grad|=0.000003 (n=1)
  [trace step 442] block 1: fast=178 medium=199 slow=135 | mean_alpha=0.2154 | mean_|grad|=0.000004 (n=1)
  [trace step 442] block 2: fast=179 medium=199 slow=134 | mean_alpha=0.2153 | mean_|grad|=0.000004 (n=1)
  [trace step 442] block 3: fast=180 medium=198 slow=134 | mean_alpha=0.2152 | mean_|grad|=0.000004 (n=1)
  [trace step 442] block 4: fast=179 medium=199 slow=134 | mean_alpha=0.2152 | mean_|grad|=0.000028 (n=1)
  [trace step 443] block 0: fast=178 medium=200 slow=134 | mean_alpha=0.2152 | mean_|grad|=0.000003 (n=1)
  [trace step 443] block 1: fast=178 medium=199 slow=135 | mean_alpha=0.2154 | mean_|grad|=0.000004 (n=1)
  [trace step 443] block 2: fast=179 medium=199 slow=134 | mean_alpha=0.2153 | mean_|grad|=0.000004 (n=1)
  [trace step 443] block 3: fast=180 medium=198 slow=134 | mean_alpha=0.2152 | mean_|grad|=0.000005 (n=1)
  [trace step 443] block 4: fast=179 medium=199 slow=134 | mean_alpha=0.2152 | mean_|grad|=0.000020 (n=1)
  [trace step 444] block 0: fast=178 medium=200 slow=134 | mean_alpha=0.2152 | mean_|grad|=0.000003 (n=1)
  [trace step 444] block 1: fast=178 medium=199 slow=135 | mean_alpha=0.2154 | mean_|grad|=0.000005 (n=1)
  [trace step 444] block 2: fast=179 medium=199 slow=134 | mean_alpha=0.2153 | mean_|grad|=0.000004 (n=1)
  [trace step 444] block 3: fast=180 medium=198 slow=134 | mean_alpha=0.2152 | mean_|grad|=0.000004 (n=1)
  [trace step 444] block 4: fast=179 medium=199 slow=134 | mean_alpha=0.2152 | mean_|grad|=0.000021 (n=1)
  [trace step 445] block 0: fast=178 medium=200 slow=134 | mean_alpha=0.2152 | mean_|grad|=0.000003 (n=1)
  [trace step 445] block 1: fast=178 medium=199 slow=135 | mean_alpha=0.2154 | mean_|grad|=0.000004 (n=1)
  [trace step 445] block 2: fast=179 medium=199 slow=134 | mean_alpha=0.2153 | mean_|grad|=0.000003 (n=1)
  [trace step 445] block 3: fast=180 medium=198 slow=134 | mean_alpha=0.2152 | mean_|grad|=0.000004 (n=1)
  [trace step 445] block 4: fast=179 medium=199 slow=134 | mean_alpha=0.2152 | mean_|grad|=0.000031 (n=1)
  [trace step 446] block 0: fast=178 medium=200 slow=134 | mean_alpha=0.2152 | mean_|grad|=0.000004 (n=1)
  [trace step 446] block 1: fast=178 medium=199 slow=135 | mean_alpha=0.2154 | mean_|grad|=0.000004 (n=1)
  [trace step 446] block 2: fast=179 medium=199 slow=134 | mean_alpha=0.2153 | mean_|grad|=0.000005 (n=1)
  [trace step 446] block 3: fast=180 medium=198 slow=134 | mean_alpha=0.2152 | mean_|grad|=0.000005 (n=1)
  [trace step 446] block 4: fast=179 medium=199 slow=134 | mean_alpha=0.2152 | mean_|grad|=0.000042 (n=1)
  [trace step 447] block 0: fast=178 medium=200 slow=134 | mean_alpha=0.2152 | mean_|grad|=0.000003 (n=1)
  [trace step 447] block 1: fast=178 medium=199 slow=135 | mean_alpha=0.2154 | mean_|grad|=0.000003 (n=1)
  [trace step 447] block 2: fast=179 medium=199 slow=134 | mean_alpha=0.2153 | mean_|grad|=0.000003 (n=1)
  [trace step 447] block 3: fast=180 medium=198 slow=134 | mean_alpha=0.2152 | mean_|grad|=0.000004 (n=1)
  [trace step 447] block 4: fast=179 medium=199 slow=134 | mean_alpha=0.2152 | mean_|grad|=0.000016 (n=1)
  [trace step 448] block 0: fast=178 medium=200 slow=134 | mean_alpha=0.2152 | mean_|grad|=0.000003 (n=1)
  [trace step 448] block 1: fast=178 medium=199 slow=135 | mean_alpha=0.2154 | mean_|grad|=0.000004 (n=1)
  [trace step 448] block 2: fast=179 medium=199 slow=134 | mean_alpha=0.2153 | mean_|grad|=0.000003 (n=1)
  [trace step 448] block 3: fast=180 medium=198 slow=134 | mean_alpha=0.2152 | mean_|grad|=0.000004 (n=1)
  [trace step 448] block 4: fast=179 medium=199 slow=134 | mean_alpha=0.2152 | mean_|grad|=0.000022 (n=1)
  [trace step 449] block 0: fast=178 medium=200 slow=134 | mean_alpha=0.2152 | mean_|grad|=0.000004 (n=1)
  [trace step 449] block 1: fast=178 medium=199 slow=135 | mean_alpha=0.2154 | mean_|grad|=0.000003 (n=1)
  [trace step 449] block 2: fast=179 medium=199 slow=134 | mean_alpha=0.2153 | mean_|grad|=0.000004 (n=1)
  [trace step 449] block 3: fast=180 medium=198 slow=134 | mean_alpha=0.2152 | mean_|grad|=0.000005 (n=1)
  [trace step 449] block 4: fast=179 medium=199 slow=134 | mean_alpha=0.2152 | mean_|grad|=0.000023 (n=1)
  [trace step 450] block 0: fast=178 medium=200 slow=134 | mean_alpha=0.2152 | mean_|grad|=0.000004 (n=1)
  [trace step 450] block 1: fast=178 medium=199 slow=135 | mean_alpha=0.2154 | mean_|grad|=0.000004 (n=1)
  [trace step 450] block 2: fast=179 medium=199 slow=134 | mean_alpha=0.2153 | mean_|grad|=0.000004 (n=1)
  [trace step 450] block 3: fast=180 medium=198 slow=134 | mean_alpha=0.2152 | mean_|grad|=0.000004 (n=1)
  [trace step 450] block 4: fast=179 medium=199 slow=134 | mean_alpha=0.2152 | mean_|grad|=0.000026 (n=1)
  [r2c trace step 450] block 0: z mean=1.0314 s mean=0.7503 min=0.7427 max=0.7583 closed=0/512 open=0/512 | mean|s*read|=0.272460 | mean|g| ar=1.46e-5 ib=1.32e-5 z=4.10e-6 (n=50)
  [r2c trace step 450] block 1: z mean=1.0235 s mean=0.7489 min=0.7432 max=0.7552 closed=0/512 open=0/512 | mean|s*read|=0.717626 | mean|g| ar=1.92e-5 ib=1.47e-5 z=5.03e-7 (n=50)
  [r2c trace step 450] block 2: z mean=1.0209 s mean=0.7484 min=0.7426 max=0.7544 closed=0/512 open=0/512 | mean|s*read|=0.925023 | mean|g| ar=2.19e-5 ib=1.40e-5 z=6.72e-7 (n=50)
  [r2c trace step 450] block 3: z mean=1.0201 s mean=0.7482 min=0.7420 max=0.7535 closed=0/512 open=0/512 | mean|s*read|=1.194480 | mean|g| ar=2.42e-5 ib=1.44e-5 z=4.66e-7 (n=50)
  [r2c trace step 450] block 4: z mean=1.0200 s mean=0.7482 min=0.7417 max=0.7541 closed=0/512 open=0/512 | mean|s*read|=1.653945 | mean|g| ar=3.60e-5 ib=1.84e-5 z=4.98e-7 (n=50)
  [trace step 451] block 0: fast=178 medium=200 slow=134 | mean_alpha=0.2152 | mean_|grad|=0.000003 (n=1)
  [trace step 451] block 1: fast=178 medium=199 slow=135 | mean_alpha=0.2154 | mean_|grad|=0.000004 (n=1)
  [trace step 451] block 2: fast=179 medium=199 slow=134 | mean_alpha=0.2153 | mean_|grad|=0.000004 (n=1)
  [trace step 451] block 3: fast=180 medium=198 slow=134 | mean_alpha=0.2152 | mean_|grad|=0.000004 (n=1)
  [trace step 451] block 4: fast=179 medium=199 slow=134 | mean_alpha=0.2152 | mean_|grad|=0.000032 (n=1)
  [trace step 452] block 0: fast=178 medium=200 slow=134 | mean_alpha=0.2152 | mean_|grad|=0.000003 (n=1)
  [trace step 452] block 1: fast=178 medium=199 slow=135 | mean_alpha=0.2154 | mean_|grad|=0.000004 (n=1)
  [trace step 452] block 2: fast=179 medium=199 slow=134 | mean_alpha=0.2153 | mean_|grad|=0.000004 (n=1)
  [trace step 452] block 3: fast=180 medium=198 slow=134 | mean_alpha=0.2152 | mean_|grad|=0.000004 (n=1)
  [trace step 452] block 4: fast=179 medium=199 slow=134 | mean_alpha=0.2152 | mean_|grad|=0.000014 (n=1)
  [trace step 453] block 0: fast=178 medium=200 slow=134 | mean_alpha=0.2152 | mean_|grad|=0.000003 (n=1)
  [trace step 453] block 1: fast=178 medium=199 slow=135 | mean_alpha=0.2154 | mean_|grad|=0.000003 (n=1)
  [trace step 453] block 2: fast=179 medium=199 slow=134 | mean_alpha=0.2153 | mean_|grad|=0.000004 (n=1)
  [trace step 453] block 3: fast=180 medium=198 slow=134 | mean_alpha=0.2152 | mean_|grad|=0.000005 (n=1)
  [trace step 453] block 4: fast=179 medium=199 slow=134 | mean_alpha=0.2152 | mean_|grad|=0.000021 (n=1)
  [trace step 454] block 0: fast=178 medium=200 slow=134 | mean_alpha=0.2152 | mean_|grad|=0.000003 (n=1)
  [trace step 454] block 1: fast=178 medium=199 slow=135 | mean_alpha=0.2154 | mean_|grad|=0.000004 (n=1)
  [trace step 454] block 2: fast=179 medium=199 slow=134 | mean_alpha=0.2153 | mean_|grad|=0.000003 (n=1)
  [trace step 454] block 3: fast=180 medium=198 slow=134 | mean_alpha=0.2152 | mean_|grad|=0.000004 (n=1)
  [trace step 454] block 4: fast=179 medium=199 slow=134 | mean_alpha=0.2152 | mean_|grad|=0.000016 (n=1)
  [trace step 455] block 0: fast=178 medium=200 slow=134 | mean_alpha=0.2152 | mean_|grad|=0.000003 (n=1)
  [trace step 455] block 1: fast=178 medium=199 slow=135 | mean_alpha=0.2154 | mean_|grad|=0.000004 (n=1)
  [trace step 455] block 2: fast=179 medium=199 slow=134 | mean_alpha=0.2153 | mean_|grad|=0.000003 (n=1)
  [trace step 455] block 3: fast=180 medium=198 slow=134 | mean_alpha=0.2152 | mean_|grad|=0.000004 (n=1)
  [trace step 455] block 4: fast=179 medium=199 slow=134 | mean_alpha=0.2152 | mean_|grad|=0.000019 (n=1)
  [trace step 456] block 0: fast=178 medium=200 slow=134 | mean_alpha=0.2152 | mean_|grad|=0.000003 (n=1)
  [trace step 456] block 1: fast=178 medium=199 slow=135 | mean_alpha=0.2154 | mean_|grad|=0.000003 (n=1)
  [trace step 456] block 2: fast=179 medium=199 slow=134 | mean_alpha=0.2153 | mean_|grad|=0.000004 (n=1)
  [trace step 456] block 3: fast=180 medium=198 slow=134 | mean_alpha=0.2152 | mean_|grad|=0.000004 (n=1)
  [trace step 456] block 4: fast=179 medium=199 slow=134 | mean_alpha=0.2152 | mean_|grad|=0.000028 (n=1)
  [trace step 457] block 0: fast=178 medium=200 slow=134 | mean_alpha=0.2152 | mean_|grad|=0.000005 (n=1)
  [trace step 457] block 1: fast=178 medium=199 slow=135 | mean_alpha=0.2154 | mean_|grad|=0.000005 (n=1)
  [trace step 457] block 2: fast=179 medium=199 slow=134 | mean_alpha=0.2153 | mean_|grad|=0.000004 (n=1)
  [trace step 457] block 3: fast=180 medium=198 slow=134 | mean_alpha=0.2152 | mean_|grad|=0.000004 (n=1)
  [trace step 457] block 4: fast=179 medium=199 slow=134 | mean_alpha=0.2152 | mean_|grad|=0.000022 (n=1)
  [trace step 458] block 0: fast=178 medium=200 slow=134 | mean_alpha=0.2152 | mean_|grad|=0.000003 (n=1)
  [trace step 458] block 1: fast=178 medium=199 slow=135 | mean_alpha=0.2154 | mean_|grad|=0.000004 (n=1)
  [trace step 458] block 2: fast=179 medium=199 slow=134 | mean_alpha=0.2153 | mean_|grad|=0.000003 (n=1)
  [trace step 458] block 3: fast=180 medium=198 slow=134 | mean_alpha=0.2152 | mean_|grad|=0.000004 (n=1)
  [trace step 458] block 4: fast=179 medium=199 slow=134 | mean_alpha=0.2152 | mean_|grad|=0.000020 (n=1)
  [trace step 459] block 0: fast=178 medium=200 slow=134 | mean_alpha=0.2152 | mean_|grad|=0.000003 (n=1)
  [trace step 459] block 1: fast=178 medium=199 slow=135 | mean_alpha=0.2154 | mean_|grad|=0.000004 (n=1)
  [trace step 459] block 2: fast=179 medium=199 slow=134 | mean_alpha=0.2153 | mean_|grad|=0.000003 (n=1)
  [trace step 459] block 3: fast=180 medium=198 slow=134 | mean_alpha=0.2152 | mean_|grad|=0.000004 (n=1)
  [trace step 459] block 4: fast=179 medium=199 slow=134 | mean_alpha=0.2152 | mean_|grad|=0.000029 (n=1)
  [trace step 460] block 0: fast=178 medium=200 slow=134 | mean_alpha=0.2152 | mean_|grad|=0.000003 (n=1)
  [trace step 460] block 1: fast=178 medium=199 slow=135 | mean_alpha=0.2154 | mean_|grad|=0.000003 (n=1)
  [trace step 460] block 2: fast=179 medium=199 slow=134 | mean_alpha=0.2153 | mean_|grad|=0.000003 (n=1)
  [trace step 460] block 3: fast=180 medium=198 slow=134 | mean_alpha=0.2152 | mean_|grad|=0.000004 (n=1)
  [trace step 460] block 4: fast=179 medium=199 slow=134 | mean_alpha=0.2152 | mean_|grad|=0.000014 (n=1)
  [trace step 461] block 0: fast=178 medium=200 slow=134 | mean_alpha=0.2152 | mean_|grad|=0.000005 (n=1)
  [trace step 461] block 1: fast=178 medium=199 slow=135 | mean_alpha=0.2154 | mean_|grad|=0.000005 (n=1)
  [trace step 461] block 2: fast=179 medium=199 slow=134 | mean_alpha=0.2153 | mean_|grad|=0.000005 (n=1)
  [trace step 461] block 3: fast=180 medium=198 slow=134 | mean_alpha=0.2152 | mean_|grad|=0.000005 (n=1)
  [trace step 461] block 4: fast=179 medium=199 slow=134 | mean_alpha=0.2152 | mean_|grad|=0.000021 (n=1)
  [trace step 462] block 0: fast=178 medium=200 slow=134 | mean_alpha=0.2152 | mean_|grad|=0.000003 (n=1)
  [trace step 462] block 1: fast=178 medium=199 slow=135 | mean_alpha=0.2154 | mean_|grad|=0.000003 (n=1)
  [trace step 462] block 2: fast=179 medium=199 slow=134 | mean_alpha=0.2153 | mean_|grad|=0.000003 (n=1)
  [trace step 462] block 3: fast=180 medium=198 slow=134 | mean_alpha=0.2152 | mean_|grad|=0.000004 (n=1)
  [trace step 462] block 4: fast=179 medium=199 slow=134 | mean_alpha=0.2152 | mean_|grad|=0.000017 (n=1)
  [trace step 463] block 0: fast=178 medium=200 slow=134 | mean_alpha=0.2152 | mean_|grad|=0.000003 (n=1)
  [trace step 463] block 1: fast=178 medium=199 slow=135 | mean_alpha=0.2154 | mean_|grad|=0.000004 (n=1)
  [trace step 463] block 2: fast=179 medium=199 slow=134 | mean_alpha=0.2153 | mean_|grad|=0.000003 (n=1)
  [trace step 463] block 3: fast=180 medium=198 slow=134 | mean_alpha=0.2152 | mean_|grad|=0.000004 (n=1)
  [trace step 463] block 4: fast=179 medium=199 slow=134 | mean_alpha=0.2152 | mean_|grad|=0.000021 (n=1)
  [trace step 464] block 0: fast=178 medium=200 slow=134 | mean_alpha=0.2152 | mean_|grad|=0.000003 (n=1)
  [trace step 464] block 1: fast=178 medium=199 slow=135 | mean_alpha=0.2154 | mean_|grad|=0.000004 (n=1)
  [trace step 464] block 2: fast=179 medium=199 slow=134 | mean_alpha=0.2153 | mean_|grad|=0.000003 (n=1)
  [trace step 464] block 3: fast=180 medium=198 slow=134 | mean_alpha=0.2152 | mean_|grad|=0.000004 (n=1)
  [trace step 464] block 4: fast=179 medium=199 slow=134 | mean_alpha=0.2152 | mean_|grad|=0.000018 (n=1)
  [trace step 465] block 0: fast=178 medium=200 slow=134 | mean_alpha=0.2152 | mean_|grad|=0.000003 (n=1)
  [trace step 465] block 1: fast=178 medium=199 slow=135 | mean_alpha=0.2154 | mean_|grad|=0.000003 (n=1)
  [trace step 465] block 2: fast=179 medium=199 slow=134 | mean_alpha=0.2153 | mean_|grad|=0.000003 (n=1)
  [trace step 465] block 3: fast=180 medium=198 slow=134 | mean_alpha=0.2152 | mean_|grad|=0.000004 (n=1)
  [trace step 465] block 4: fast=179 medium=199 slow=134 | mean_alpha=0.2152 | mean_|grad|=0.000018 (n=1)
  [trace step 466] block 0: fast=178 medium=200 slow=134 | mean_alpha=0.2152 | mean_|grad|=0.000003 (n=1)
  [trace step 466] block 1: fast=178 medium=199 slow=135 | mean_alpha=0.2154 | mean_|grad|=0.000004 (n=1)
  [trace step 466] block 2: fast=179 medium=199 slow=134 | mean_alpha=0.2153 | mean_|grad|=0.000003 (n=1)
  [trace step 466] block 3: fast=180 medium=198 slow=134 | mean_alpha=0.2152 | mean_|grad|=0.000004 (n=1)
  [trace step 466] block 4: fast=179 medium=199 slow=134 | mean_alpha=0.2152 | mean_|grad|=0.000016 (n=1)
  [trace step 467] block 0: fast=178 medium=200 slow=134 | mean_alpha=0.2152 | mean_|grad|=0.000003 (n=1)
  [trace step 467] block 1: fast=178 medium=199 slow=135 | mean_alpha=0.2154 | mean_|grad|=0.000003 (n=1)
  [trace step 467] block 2: fast=179 medium=199 slow=134 | mean_alpha=0.2153 | mean_|grad|=0.000003 (n=1)
  [trace step 467] block 3: fast=180 medium=198 slow=134 | mean_alpha=0.2152 | mean_|grad|=0.000004 (n=1)
  [trace step 467] block 4: fast=179 medium=199 slow=134 | mean_alpha=0.2152 | mean_|grad|=0.000019 (n=1)
  [trace step 468] block 0: fast=178 medium=200 slow=134 | mean_alpha=0.2152 | mean_|grad|=0.000004 (n=1)
  [trace step 468] block 1: fast=178 medium=199 slow=135 | mean_alpha=0.2154 | mean_|grad|=0.000004 (n=1)
  [trace step 468] block 2: fast=179 medium=199 slow=134 | mean_alpha=0.2153 | mean_|grad|=0.000004 (n=1)
  [trace step 468] block 3: fast=180 medium=198 slow=134 | mean_alpha=0.2152 | mean_|grad|=0.000005 (n=1)
  [trace step 468] block 4: fast=179 medium=199 slow=134 | mean_alpha=0.2152 | mean_|grad|=0.000036 (n=1)
  [trace step 469] block 0: fast=178 medium=200 slow=134 | mean_alpha=0.2152 | mean_|grad|=0.000004 (n=1)
  [trace step 469] block 1: fast=178 medium=199 slow=135 | mean_alpha=0.2154 | mean_|grad|=0.000003 (n=1)
  [trace step 469] block 2: fast=179 medium=199 slow=134 | mean_alpha=0.2153 | mean_|grad|=0.000003 (n=1)
  [trace step 469] block 3: fast=180 medium=198 slow=134 | mean_alpha=0.2152 | mean_|grad|=0.000004 (n=1)
  [trace step 469] block 4: fast=179 medium=199 slow=134 | mean_alpha=0.2152 | mean_|grad|=0.000015 (n=1)
  [trace step 470] block 0: fast=178 medium=200 slow=134 | mean_alpha=0.2152 | mean_|grad|=0.000003 (n=1)
  [trace step 470] block 1: fast=178 medium=199 slow=135 | mean_alpha=0.2154 | mean_|grad|=0.000003 (n=1)
  [trace step 470] block 2: fast=179 medium=199 slow=134 | mean_alpha=0.2153 | mean_|grad|=0.000004 (n=1)
  [trace step 470] block 3: fast=180 medium=198 slow=134 | mean_alpha=0.2152 | mean_|grad|=0.000004 (n=1)
  [trace step 470] block 4: fast=179 medium=199 slow=134 | mean_alpha=0.2152 | mean_|grad|=0.000016 (n=1)
  [trace step 471] block 0: fast=178 medium=200 slow=134 | mean_alpha=0.2152 | mean_|grad|=0.000003 (n=1)
  [trace step 471] block 1: fast=178 medium=199 slow=135 | mean_alpha=0.2154 | mean_|grad|=0.000003 (n=1)
  [trace step 471] block 2: fast=179 medium=199 slow=134 | mean_alpha=0.2153 | mean_|grad|=0.000003 (n=1)
  [trace step 471] block 3: fast=180 medium=198 slow=134 | mean_alpha=0.2152 | mean_|grad|=0.000004 (n=1)
  [trace step 471] block 4: fast=179 medium=199 slow=134 | mean_alpha=0.2152 | mean_|grad|=0.000022 (n=1)
  [trace step 472] block 0: fast=178 medium=200 slow=134 | mean_alpha=0.2152 | mean_|grad|=0.000003 (n=1)
  [trace step 472] block 1: fast=178 medium=199 slow=135 | mean_alpha=0.2154 | mean_|grad|=0.000004 (n=1)
  [trace step 472] block 2: fast=179 medium=199 slow=134 | mean_alpha=0.2153 | mean_|grad|=0.000004 (n=1)
  [trace step 472] block 3: fast=180 medium=198 slow=134 | mean_alpha=0.2152 | mean_|grad|=0.000004 (n=1)
  [trace step 472] block 4: fast=179 medium=199 slow=134 | mean_alpha=0.2152 | mean_|grad|=0.000024 (n=1)
  [trace step 473] block 0: fast=178 medium=200 slow=134 | mean_alpha=0.2152 | mean_|grad|=0.000003 (n=1)
  [trace step 473] block 1: fast=178 medium=199 slow=135 | mean_alpha=0.2154 | mean_|grad|=0.000003 (n=1)
  [trace step 473] block 2: fast=179 medium=199 slow=134 | mean_alpha=0.2153 | mean_|grad|=0.000003 (n=1)
  [trace step 473] block 3: fast=180 medium=198 slow=134 | mean_alpha=0.2152 | mean_|grad|=0.000004 (n=1)
  [trace step 473] block 4: fast=179 medium=199 slow=134 | mean_alpha=0.2152 | mean_|grad|=0.000024 (n=1)
  [trace step 474] block 0: fast=178 medium=200 slow=134 | mean_alpha=0.2152 | mean_|grad|=0.000004 (n=1)
  [trace step 474] block 1: fast=178 medium=199 slow=135 | mean_alpha=0.2154 | mean_|grad|=0.000005 (n=1)
  [trace step 474] block 2: fast=179 medium=199 slow=134 | mean_alpha=0.2153 | mean_|grad|=0.000004 (n=1)
  [trace step 474] block 3: fast=180 medium=198 slow=134 | mean_alpha=0.2152 | mean_|grad|=0.000005 (n=1)
  [trace step 474] block 4: fast=179 medium=199 slow=134 | mean_alpha=0.2152 | mean_|grad|=0.000026 (n=1)
  [trace step 475] block 0: fast=178 medium=200 slow=134 | mean_alpha=0.2152 | mean_|grad|=0.000004 (n=1)
  [trace step 475] block 1: fast=178 medium=199 slow=135 | mean_alpha=0.2154 | mean_|grad|=0.000004 (n=1)
  [trace step 475] block 2: fast=179 medium=199 slow=134 | mean_alpha=0.2153 | mean_|grad|=0.000005 (n=1)
  [trace step 475] block 3: fast=180 medium=198 slow=134 | mean_alpha=0.2152 | mean_|grad|=0.000004 (n=1)
  [trace step 475] block 4: fast=179 medium=199 slow=134 | mean_alpha=0.2152 | mean_|grad|=0.000023 (n=1)
  [trace step 476] block 0: fast=178 medium=200 slow=134 | mean_alpha=0.2152 | mean_|grad|=0.000003 (n=1)
  [trace step 476] block 1: fast=178 medium=199 slow=135 | mean_alpha=0.2154 | mean_|grad|=0.000004 (n=1)
  [trace step 476] block 2: fast=179 medium=199 slow=134 | mean_alpha=0.2153 | mean_|grad|=0.000004 (n=1)
  [trace step 476] block 3: fast=180 medium=198 slow=134 | mean_alpha=0.2152 | mean_|grad|=0.000004 (n=1)
  [trace step 476] block 4: fast=179 medium=199 slow=134 | mean_alpha=0.2152 | mean_|grad|=0.000018 (n=1)
  [trace step 477] block 0: fast=178 medium=200 slow=134 | mean_alpha=0.2152 | mean_|grad|=0.000003 (n=1)
  [trace step 477] block 1: fast=178 medium=199 slow=135 | mean_alpha=0.2154 | mean_|grad|=0.000003 (n=1)
  [trace step 477] block 2: fast=179 medium=199 slow=134 | mean_alpha=0.2153 | mean_|grad|=0.000003 (n=1)
  [trace step 477] block 3: fast=180 medium=198 slow=134 | mean_alpha=0.2152 | mean_|grad|=0.000003 (n=1)
  [trace step 477] block 4: fast=179 medium=199 slow=134 | mean_alpha=0.2152 | mean_|grad|=0.000015 (n=1)
  [trace step 478] block 0: fast=178 medium=200 slow=134 | mean_alpha=0.2152 | mean_|grad|=0.000004 (n=1)
  [trace step 478] block 1: fast=178 medium=199 slow=135 | mean_alpha=0.2154 | mean_|grad|=0.000005 (n=1)
  [trace step 478] block 2: fast=179 medium=199 slow=134 | mean_alpha=0.2153 | mean_|grad|=0.000005 (n=1)
  [trace step 478] block 3: fast=180 medium=198 slow=134 | mean_alpha=0.2152 | mean_|grad|=0.000006 (n=1)
  [trace step 478] block 4: fast=179 medium=199 slow=134 | mean_alpha=0.2152 | mean_|grad|=0.000021 (n=1)
  [trace step 479] block 0: fast=178 medium=200 slow=134 | mean_alpha=0.2152 | mean_|grad|=0.000003 (n=1)
  [trace step 479] block 1: fast=178 medium=199 slow=135 | mean_alpha=0.2154 | mean_|grad|=0.000003 (n=1)
  [trace step 479] block 2: fast=179 medium=199 slow=134 | mean_alpha=0.2153 | mean_|grad|=0.000003 (n=1)
  [trace step 479] block 3: fast=180 medium=198 slow=134 | mean_alpha=0.2152 | mean_|grad|=0.000004 (n=1)
  [trace step 479] block 4: fast=179 medium=199 slow=134 | mean_alpha=0.2152 | mean_|grad|=0.000013 (n=1)
  [trace step 480] block 0: fast=178 medium=200 slow=134 | mean_alpha=0.2152 | mean_|grad|=0.000003 (n=1)
  [trace step 480] block 1: fast=178 medium=199 slow=135 | mean_alpha=0.2154 | mean_|grad|=0.000004 (n=1)
  [trace step 480] block 2: fast=179 medium=199 slow=134 | mean_alpha=0.2153 | mean_|grad|=0.000003 (n=1)
  [trace step 480] block 3: fast=180 medium=198 slow=134 | mean_alpha=0.2152 | mean_|grad|=0.000004 (n=1)
  [trace step 480] block 4: fast=179 medium=199 slow=134 | mean_alpha=0.2152 | mean_|grad|=0.000016 (n=1)
  [trace step 481] block 0: fast=178 medium=200 slow=134 | mean_alpha=0.2152 | mean_|grad|=0.000004 (n=1)
  [trace step 481] block 1: fast=178 medium=199 slow=135 | mean_alpha=0.2154 | mean_|grad|=0.000004 (n=1)
  [trace step 481] block 2: fast=179 medium=199 slow=134 | mean_alpha=0.2153 | mean_|grad|=0.000004 (n=1)
  [trace step 481] block 3: fast=180 medium=198 slow=134 | mean_alpha=0.2152 | mean_|grad|=0.000004 (n=1)
  [trace step 481] block 4: fast=179 medium=199 slow=134 | mean_alpha=0.2152 | mean_|grad|=0.000017 (n=1)
  [trace step 482] block 0: fast=178 medium=200 slow=134 | mean_alpha=0.2152 | mean_|grad|=0.000003 (n=1)
  [trace step 482] block 1: fast=178 medium=199 slow=135 | mean_alpha=0.2154 | mean_|grad|=0.000004 (n=1)
  [trace step 482] block 2: fast=179 medium=199 slow=134 | mean_alpha=0.2153 | mean_|grad|=0.000004 (n=1)
  [trace step 482] block 3: fast=180 medium=198 slow=134 | mean_alpha=0.2152 | mean_|grad|=0.000004 (n=1)
  [trace step 482] block 4: fast=179 medium=199 slow=134 | mean_alpha=0.2152 | mean_|grad|=0.000034 (n=1)
  [trace step 483] block 0: fast=178 medium=200 slow=134 | mean_alpha=0.2152 | mean_|grad|=0.000003 (n=1)
  [trace step 483] block 1: fast=178 medium=199 slow=135 | mean_alpha=0.2154 | mean_|grad|=0.000004 (n=1)
  [trace step 483] block 2: fast=179 medium=199 slow=134 | mean_alpha=0.2153 | mean_|grad|=0.000004 (n=1)
  [trace step 483] block 3: fast=180 medium=198 slow=134 | mean_alpha=0.2152 | mean_|grad|=0.000004 (n=1)
  [trace step 483] block 4: fast=179 medium=199 slow=134 | mean_alpha=0.2152 | mean_|grad|=0.000031 (n=1)
  [trace step 484] block 0: fast=178 medium=200 slow=134 | mean_alpha=0.2152 | mean_|grad|=0.000002 (n=1)
  [trace step 484] block 1: fast=178 medium=199 slow=135 | mean_alpha=0.2154 | mean_|grad|=0.000003 (n=1)
  [trace step 484] block 2: fast=179 medium=199 slow=134 | mean_alpha=0.2153 | mean_|grad|=0.000003 (n=1)
  [trace step 484] block 3: fast=180 medium=198 slow=134 | mean_alpha=0.2152 | mean_|grad|=0.000003 (n=1)
  [trace step 484] block 4: fast=179 medium=199 slow=134 | mean_alpha=0.2152 | mean_|grad|=0.000017 (n=1)
  [trace step 485] block 0: fast=178 medium=200 slow=134 | mean_alpha=0.2152 | mean_|grad|=0.000003 (n=1)
  [trace step 485] block 1: fast=178 medium=199 slow=135 | mean_alpha=0.2154 | mean_|grad|=0.000003 (n=1)
  [trace step 485] block 2: fast=179 medium=199 slow=134 | mean_alpha=0.2153 | mean_|grad|=0.000003 (n=1)
  [trace step 485] block 3: fast=180 medium=198 slow=134 | mean_alpha=0.2152 | mean_|grad|=0.000004 (n=1)
  [trace step 485] block 4: fast=179 medium=199 slow=134 | mean_alpha=0.2152 | mean_|grad|=0.000024 (n=1)
  [trace step 486] block 0: fast=178 medium=200 slow=134 | mean_alpha=0.2152 | mean_|grad|=0.000004 (n=1)
  [trace step 486] block 1: fast=178 medium=199 slow=135 | mean_alpha=0.2154 | mean_|grad|=0.000004 (n=1)
  [trace step 486] block 2: fast=179 medium=199 slow=134 | mean_alpha=0.2153 | mean_|grad|=0.000004 (n=1)
  [trace step 486] block 3: fast=180 medium=198 slow=134 | mean_alpha=0.2152 | mean_|grad|=0.000005 (n=1)
  [trace step 486] block 4: fast=179 medium=199 slow=134 | mean_alpha=0.2152 | mean_|grad|=0.000019 (n=1)
  [trace step 487] block 0: fast=178 medium=200 slow=134 | mean_alpha=0.2152 | mean_|grad|=0.000003 (n=1)
  [trace step 487] block 1: fast=178 medium=199 slow=135 | mean_alpha=0.2154 | mean_|grad|=0.000003 (n=1)
  [trace step 487] block 2: fast=179 medium=199 slow=134 | mean_alpha=0.2153 | mean_|grad|=0.000003 (n=1)
  [trace step 487] block 3: fast=180 medium=198 slow=134 | mean_alpha=0.2152 | mean_|grad|=0.000004 (n=1)
  [trace step 487] block 4: fast=179 medium=199 slow=134 | mean_alpha=0.2152 | mean_|grad|=0.000009 (n=1)
  [trace step 488] block 0: fast=178 medium=200 slow=134 | mean_alpha=0.2152 | mean_|grad|=0.000003 (n=1)
  [trace step 488] block 1: fast=178 medium=199 slow=135 | mean_alpha=0.2154 | mean_|grad|=0.000003 (n=1)
  [trace step 488] block 2: fast=179 medium=199 slow=134 | mean_alpha=0.2153 | mean_|grad|=0.000004 (n=1)
  [trace step 488] block 3: fast=180 medium=198 slow=134 | mean_alpha=0.2152 | mean_|grad|=0.000004 (n=1)
  [trace step 488] block 4: fast=179 medium=199 slow=134 | mean_alpha=0.2152 | mean_|grad|=0.000018 (n=1)
  [trace step 489] block 0: fast=178 medium=200 slow=134 | mean_alpha=0.2152 | mean_|grad|=0.000003 (n=1)
  [trace step 489] block 1: fast=178 medium=199 slow=135 | mean_alpha=0.2154 | mean_|grad|=0.000004 (n=1)
  [trace step 489] block 2: fast=179 medium=199 slow=134 | mean_alpha=0.2153 | mean_|grad|=0.000004 (n=1)
  [trace step 489] block 3: fast=180 medium=198 slow=134 | mean_alpha=0.2152 | mean_|grad|=0.000004 (n=1)
  [trace step 489] block 4: fast=179 medium=199 slow=134 | mean_alpha=0.2152 | mean_|grad|=0.000023 (n=1)
  [trace step 490] block 0: fast=178 medium=200 slow=134 | mean_alpha=0.2152 | mean_|grad|=0.000004 (n=1)
  [trace step 490] block 1: fast=178 medium=199 slow=135 | mean_alpha=0.2154 | mean_|grad|=0.000005 (n=1)
  [trace step 490] block 2: fast=179 medium=199 slow=134 | mean_alpha=0.2153 | mean_|grad|=0.000004 (n=1)
  [trace step 490] block 3: fast=180 medium=198 slow=134 | mean_alpha=0.2152 | mean_|grad|=0.000004 (n=1)
  [trace step 490] block 4: fast=179 medium=199 slow=134 | mean_alpha=0.2152 | mean_|grad|=0.000023 (n=1)
  [trace step 491] block 0: fast=178 medium=200 slow=134 | mean_alpha=0.2152 | mean_|grad|=0.000003 (n=1)
  [trace step 491] block 1: fast=178 medium=199 slow=135 | mean_alpha=0.2154 | mean_|grad|=0.000003 (n=1)
  [trace step 491] block 2: fast=179 medium=199 slow=134 | mean_alpha=0.2153 | mean_|grad|=0.000003 (n=1)
  [trace step 491] block 3: fast=180 medium=198 slow=134 | mean_alpha=0.2152 | mean_|grad|=0.000004 (n=1)
  [trace step 491] block 4: fast=179 medium=199 slow=134 | mean_alpha=0.2152 | mean_|grad|=0.000024 (n=1)
  [trace step 492] block 0: fast=178 medium=200 slow=134 | mean_alpha=0.2152 | mean_|grad|=0.000004 (n=1)
  [trace step 492] block 1: fast=178 medium=199 slow=135 | mean_alpha=0.2154 | mean_|grad|=0.000005 (n=1)
  [trace step 492] block 2: fast=179 medium=199 slow=134 | mean_alpha=0.2153 | mean_|grad|=0.000005 (n=1)
  [trace step 492] block 3: fast=180 medium=198 slow=134 | mean_alpha=0.2152 | mean_|grad|=0.000005 (n=1)
  [trace step 492] block 4: fast=179 medium=199 slow=134 | mean_alpha=0.2152 | mean_|grad|=0.000024 (n=1)
  [trace step 493] block 0: fast=178 medium=200 slow=134 | mean_alpha=0.2152 | mean_|grad|=0.000003 (n=1)
  [trace step 493] block 1: fast=178 medium=199 slow=135 | mean_alpha=0.2154 | mean_|grad|=0.000004 (n=1)
  [trace step 493] block 2: fast=179 medium=199 slow=134 | mean_alpha=0.2153 | mean_|grad|=0.000003 (n=1)
  [trace step 493] block 3: fast=180 medium=198 slow=134 | mean_alpha=0.2152 | mean_|grad|=0.000004 (n=1)
  [trace step 493] block 4: fast=179 medium=199 slow=134 | mean_alpha=0.2152 | mean_|grad|=0.000030 (n=1)
  [trace step 494] block 0: fast=178 medium=200 slow=134 | mean_alpha=0.2152 | mean_|grad|=0.000004 (n=1)
  [trace step 494] block 1: fast=178 medium=199 slow=135 | mean_alpha=0.2154 | mean_|grad|=0.000005 (n=1)
  [trace step 494] block 2: fast=179 medium=199 slow=134 | mean_alpha=0.2153 | mean_|grad|=0.000004 (n=1)
  [trace step 494] block 3: fast=180 medium=198 slow=134 | mean_alpha=0.2152 | mean_|grad|=0.000005 (n=1)
  [trace step 494] block 4: fast=179 medium=199 slow=134 | mean_alpha=0.2152 | mean_|grad|=0.000023 (n=1)
  [trace step 495] block 0: fast=178 medium=200 slow=134 | mean_alpha=0.2152 | mean_|grad|=0.000003 (n=1)
  [trace step 495] block 1: fast=178 medium=199 slow=135 | mean_alpha=0.2154 | mean_|grad|=0.000003 (n=1)
  [trace step 495] block 2: fast=179 medium=199 slow=134 | mean_alpha=0.2153 | mean_|grad|=0.000003 (n=1)
  [trace step 495] block 3: fast=180 medium=198 slow=134 | mean_alpha=0.2152 | mean_|grad|=0.000003 (n=1)
  [trace step 495] block 4: fast=179 medium=199 slow=134 | mean_alpha=0.2152 | mean_|grad|=0.000016 (n=1)
  [trace step 496] block 0: fast=178 medium=200 slow=134 | mean_alpha=0.2152 | mean_|grad|=0.000007 (n=1)
  [trace step 496] block 1: fast=178 medium=199 slow=135 | mean_alpha=0.2154 | mean_|grad|=0.000006 (n=1)
  [trace step 496] block 2: fast=179 medium=199 slow=134 | mean_alpha=0.2153 | mean_|grad|=0.000005 (n=1)
  [trace step 496] block 3: fast=180 medium=198 slow=134 | mean_alpha=0.2152 | mean_|grad|=0.000005 (n=1)
  [trace step 496] block 4: fast=179 medium=199 slow=134 | mean_alpha=0.2152 | mean_|grad|=0.000017 (n=1)
  [trace step 497] block 0: fast=178 medium=200 slow=134 | mean_alpha=0.2152 | mean_|grad|=0.000003 (n=1)
  [trace step 497] block 1: fast=178 medium=199 slow=135 | mean_alpha=0.2154 | mean_|grad|=0.000003 (n=1)
  [trace step 497] block 2: fast=179 medium=199 slow=134 | mean_alpha=0.2153 | mean_|grad|=0.000003 (n=1)
  [trace step 497] block 3: fast=180 medium=198 slow=134 | mean_alpha=0.2152 | mean_|grad|=0.000003 (n=1)
  [trace step 497] block 4: fast=179 medium=199 slow=134 | mean_alpha=0.2152 | mean_|grad|=0.000021 (n=1)
  [trace step 498] block 0: fast=178 medium=200 slow=134 | mean_alpha=0.2152 | mean_|grad|=0.000003 (n=1)
  [trace step 498] block 1: fast=178 medium=199 slow=135 | mean_alpha=0.2154 | mean_|grad|=0.000003 (n=1)
  [trace step 498] block 2: fast=179 medium=199 slow=134 | mean_alpha=0.2153 | mean_|grad|=0.000003 (n=1)
  [trace step 498] block 3: fast=180 medium=198 slow=134 | mean_alpha=0.2152 | mean_|grad|=0.000003 (n=1)
  [trace step 498] block 4: fast=179 medium=199 slow=134 | mean_alpha=0.2152 | mean_|grad|=0.000021 (n=1)
  [trace step 499] block 0: fast=178 medium=200 slow=134 | mean_alpha=0.2152 | mean_|grad|=0.000003 (n=1)
  [trace step 499] block 1: fast=178 medium=199 slow=135 | mean_alpha=0.2154 | mean_|grad|=0.000004 (n=1)
  [trace step 499] block 2: fast=179 medium=199 slow=134 | mean_alpha=0.2153 | mean_|grad|=0.000003 (n=1)
  [trace step 499] block 3: fast=180 medium=198 slow=134 | mean_alpha=0.2152 | mean_|grad|=0.000003 (n=1)
  [trace step 499] block 4: fast=179 medium=199 slow=134 | mean_alpha=0.2152 | mean_|grad|=0.000024 (n=1)
  [trace step 500] block 0: fast=178 medium=200 slow=134 | mean_alpha=0.2152 | mean_|grad|=0.000003 (n=1)
  [trace step 500] block 1: fast=178 medium=199 slow=135 | mean_alpha=0.2154 | mean_|grad|=0.000003 (n=1)
  [trace step 500] block 2: fast=179 medium=199 slow=134 | mean_alpha=0.2153 | mean_|grad|=0.000003 (n=1)
  [trace step 500] block 3: fast=180 medium=198 slow=134 | mean_alpha=0.2152 | mean_|grad|=0.000004 (n=1)
  [trace step 500] block 4: fast=179 medium=199 slow=134 | mean_alpha=0.2152 | mean_|grad|=0.000026 (n=1)
  [r2c trace step 500] block 0: z mean=1.0316 s mean=0.7504 min=0.7427 max=0.7583 closed=0/512 open=0/512 | mean|s*read|=0.272826 | mean|g| ar=1.12e-5 ib=1.03e-5 z=3.57e-6 (n=50)
  [r2c trace step 500] block 1: z mean=1.0236 s mean=0.7489 min=0.7432 max=0.7552 closed=0/512 open=0/512 | mean|s*read|=0.732892 | mean|g| ar=1.53e-5 ib=1.14e-5 z=3.56e-7 (n=50)
  [r2c trace step 500] block 2: z mean=1.0209 s mean=0.7484 min=0.7426 max=0.7544 closed=0/512 open=0/512 | mean|s*read|=0.932343 | mean|g| ar=1.74e-5 ib=1.05e-5 z=4.14e-7 (n=50)
  [r2c trace step 500] block 3: z mean=1.0201 s mean=0.7482 min=0.7419 max=0.7535 closed=0/512 open=0/512 | mean|s*read|=1.201455 | mean|g| ar=1.91e-5 ib=1.09e-5 z=3.25e-7 (n=50)
  [r2c trace step 500] block 4: z mean=1.0201 s mean=0.7482 min=0.7417 max=0.7542 closed=0/512 open=0/512 | mean|s*read|=1.683438 | mean|g| ar=2.72e-5 ib=1.39e-5 z=5.05e-7 (n=50)
step 500/1800 | epoch 1 | loss 2.8025 | 1.5 steps/s
  [trace step 501] block 0: fast=178 medium=200 slow=134 | mean_alpha=0.2152 | mean_|grad|=0.000003 (n=1)
  [trace step 501] block 1: fast=178 medium=199 slow=135 | mean_alpha=0.2154 | mean_|grad|=0.000005 (n=1)
  [trace step 501] block 2: fast=179 medium=199 slow=134 | mean_alpha=0.2153 | mean_|grad|=0.000003 (n=1)
  [trace step 501] block 3: fast=180 medium=198 slow=134 | mean_alpha=0.2152 | mean_|grad|=0.000004 (n=1)
  [trace step 501] block 4: fast=179 medium=199 slow=134 | mean_alpha=0.2152 | mean_|grad|=0.000029 (n=1)
  [trace step 502] block 0: fast=178 medium=200 slow=134 | mean_alpha=0.2152 | mean_|grad|=0.000003 (n=1)
  [trace step 502] block 1: fast=178 medium=199 slow=135 | mean_alpha=0.2154 | mean_|grad|=0.000003 (n=1)
  [trace step 502] block 2: fast=179 medium=199 slow=134 | mean_alpha=0.2153 | mean_|grad|=0.000003 (n=1)
  [trace step 502] block 3: fast=180 medium=198 slow=134 | mean_alpha=0.2152 | mean_|grad|=0.000003 (n=1)
  [trace step 502] block 4: fast=179 medium=199 slow=134 | mean_alpha=0.2152 | mean_|grad|=0.000020 (n=1)
  [trace step 503] block 0: fast=178 medium=200 slow=134 | mean_alpha=0.2152 | mean_|grad|=0.000003 (n=1)
  [trace step 503] block 1: fast=178 medium=199 slow=135 | mean_alpha=0.2154 | mean_|grad|=0.000003 (n=1)
  [trace step 503] block 2: fast=179 medium=199 slow=134 | mean_alpha=0.2153 | mean_|grad|=0.000003 (n=1)
  [trace step 503] block 3: fast=180 medium=198 slow=134 | mean_alpha=0.2152 | mean_|grad|=0.000003 (n=1)
  [trace step 503] block 4: fast=179 medium=199 slow=134 | mean_alpha=0.2152 | mean_|grad|=0.000013 (n=1)
  [trace step 504] block 0: fast=178 medium=200 slow=134 | mean_alpha=0.2152 | mean_|grad|=0.000003 (n=1)
  [trace step 504] block 1: fast=178 medium=199 slow=135 | mean_alpha=0.2154 | mean_|grad|=0.000004 (n=1)
  [trace step 504] block 2: fast=179 medium=199 slow=134 | mean_alpha=0.2153 | mean_|grad|=0.000003 (n=1)
  [trace step 504] block 3: fast=180 medium=198 slow=134 | mean_alpha=0.2152 | mean_|grad|=0.000004 (n=1)
  [trace step 504] block 4: fast=179 medium=199 slow=134 | mean_alpha=0.2152 | mean_|grad|=0.000032 (n=1)
  [trace step 505] block 0: fast=178 medium=200 slow=134 | mean_alpha=0.2152 | mean_|grad|=0.000003 (n=1)
  [trace step 505] block 1: fast=178 medium=199 slow=135 | mean_alpha=0.2154 | mean_|grad|=0.000004 (n=1)
  [trace step 505] block 2: fast=179 medium=199 slow=134 | mean_alpha=0.2153 | mean_|grad|=0.000003 (n=1)
  [trace step 505] block 3: fast=180 medium=198 slow=134 | mean_alpha=0.2152 | mean_|grad|=0.000003 (n=1)
  [trace step 505] block 4: fast=179 medium=199 slow=134 | mean_alpha=0.2152 | mean_|grad|=0.000019 (n=1)
  [trace step 506] block 0: fast=178 medium=200 slow=134 | mean_alpha=0.2152 | mean_|grad|=0.000003 (n=1)
  [trace step 506] block 1: fast=178 medium=199 slow=135 | mean_alpha=0.2154 | mean_|grad|=0.000003 (n=1)
  [trace step 506] block 2: fast=179 medium=199 slow=134 | mean_alpha=0.2153 | mean_|grad|=0.000003 (n=1)
  [trace step 506] block 3: fast=180 medium=198 slow=134 | mean_alpha=0.2152 | mean_|grad|=0.000004 (n=1)
  [trace step 506] block 4: fast=179 medium=199 slow=134 | mean_alpha=0.2152 | mean_|grad|=0.000019 (n=1)
  [trace step 507] block 0: fast=178 medium=200 slow=134 | mean_alpha=0.2152 | mean_|grad|=0.000003 (n=1)
  [trace step 507] block 1: fast=178 medium=199 slow=135 | mean_alpha=0.2154 | mean_|grad|=0.000003 (n=1)
  [trace step 507] block 2: fast=179 medium=199 slow=134 | mean_alpha=0.2153 | mean_|grad|=0.000003 (n=1)
  [trace step 507] block 3: fast=180 medium=198 slow=134 | mean_alpha=0.2152 | mean_|grad|=0.000004 (n=1)
  [trace step 507] block 4: fast=179 medium=199 slow=134 | mean_alpha=0.2152 | mean_|grad|=0.000021 (n=1)
  [trace step 508] block 0: fast=178 medium=200 slow=134 | mean_alpha=0.2152 | mean_|grad|=0.000002 (n=1)
  [trace step 508] block 1: fast=178 medium=199 slow=135 | mean_alpha=0.2154 | mean_|grad|=0.000003 (n=1)
  [trace step 508] block 2: fast=179 medium=199 slow=134 | mean_alpha=0.2153 | mean_|grad|=0.000003 (n=1)
  [trace step 508] block 3: fast=180 medium=198 slow=134 | mean_alpha=0.2152 | mean_|grad|=0.000003 (n=1)
  [trace step 508] block 4: fast=179 medium=199 slow=134 | mean_alpha=0.2152 | mean_|grad|=0.000018 (n=1)
  [trace step 509] block 0: fast=178 medium=200 slow=134 | mean_alpha=0.2152 | mean_|grad|=0.000003 (n=1)
  [trace step 509] block 1: fast=178 medium=199 slow=135 | mean_alpha=0.2154 | mean_|grad|=0.000003 (n=1)
  [trace step 509] block 2: fast=179 medium=199 slow=134 | mean_alpha=0.2153 | mean_|grad|=0.000003 (n=1)
  [trace step 509] block 3: fast=180 medium=198 slow=134 | mean_alpha=0.2152 | mean_|grad|=0.000004 (n=1)
  [trace step 509] block 4: fast=179 medium=199 slow=134 | mean_alpha=0.2152 | mean_|grad|=0.000012 (n=1)
  [trace step 510] block 0: fast=178 medium=200 slow=134 | mean_alpha=0.2152 | mean_|grad|=0.000003 (n=1)
  [trace step 510] block 1: fast=178 medium=199 slow=135 | mean_alpha=0.2154 | mean_|grad|=0.000004 (n=1)
  [trace step 510] block 2: fast=179 medium=199 slow=134 | mean_alpha=0.2153 | mean_|grad|=0.000003 (n=1)
  [trace step 510] block 3: fast=180 medium=198 slow=134 | mean_alpha=0.2152 | mean_|grad|=0.000004 (n=1)
  [trace step 510] block 4: fast=179 medium=199 slow=134 | mean_alpha=0.2152 | mean_|grad|=0.000025 (n=1)
  [trace step 511] block 0: fast=178 medium=200 slow=134 | mean_alpha=0.2152 | mean_|grad|=0.000003 (n=1)
  [trace step 511] block 1: fast=178 medium=199 slow=135 | mean_alpha=0.2154 | mean_|grad|=0.000003 (n=1)
  [trace step 511] block 2: fast=179 medium=199 slow=134 | mean_alpha=0.2153 | mean_|grad|=0.000003 (n=1)
  [trace step 511] block 3: fast=180 medium=198 slow=134 | mean_alpha=0.2152 | mean_|grad|=0.000003 (n=1)
  [trace step 511] block 4: fast=179 medium=199 slow=134 | mean_alpha=0.2152 | mean_|grad|=0.000025 (n=1)
  [trace step 512] block 0: fast=178 medium=200 slow=134 | mean_alpha=0.2152 | mean_|grad|=0.000003 (n=1)
  [trace step 512] block 1: fast=178 medium=199 slow=135 | mean_alpha=0.2154 | mean_|grad|=0.000003 (n=1)
  [trace step 512] block 2: fast=179 medium=199 slow=134 | mean_alpha=0.2153 | mean_|grad|=0.000003 (n=1)
  [trace step 512] block 3: fast=180 medium=198 slow=134 | mean_alpha=0.2152 | mean_|grad|=0.000003 (n=1)
  [trace step 512] block 4: fast=179 medium=199 slow=134 | mean_alpha=0.2152 | mean_|grad|=0.000013 (n=1)
  [trace step 513] block 0: fast=178 medium=200 slow=134 | mean_alpha=0.2152 | mean_|grad|=0.000003 (n=1)
  [trace step 513] block 1: fast=178 medium=199 slow=135 | mean_alpha=0.2154 | mean_|grad|=0.000003 (n=1)
  [trace step 513] block 2: fast=179 medium=199 slow=134 | mean_alpha=0.2153 | mean_|grad|=0.000003 (n=1)
  [trace step 513] block 3: fast=180 medium=198 slow=134 | mean_alpha=0.2152 | mean_|grad|=0.000004 (n=1)
  [trace step 513] block 4: fast=179 medium=199 slow=134 | mean_alpha=0.2152 | mean_|grad|=0.000025 (n=1)
  [trace step 514] block 0: fast=178 medium=200 slow=134 | mean_alpha=0.2152 | mean_|grad|=0.000003 (n=1)
  [trace step 514] block 1: fast=178 medium=199 slow=135 | mean_alpha=0.2154 | mean_|grad|=0.000003 (n=1)
  [trace step 514] block 2: fast=179 medium=199 slow=134 | mean_alpha=0.2153 | mean_|grad|=0.000003 (n=1)
  [trace step 514] block 3: fast=180 medium=198 slow=134 | mean_alpha=0.2152 | mean_|grad|=0.000004 (n=1)
  [trace step 514] block 4: fast=179 medium=199 slow=134 | mean_alpha=0.2152 | mean_|grad|=0.000031 (n=1)
  [trace step 515] block 0: fast=178 medium=200 slow=134 | mean_alpha=0.2152 | mean_|grad|=0.000002 (n=1)
  [trace step 515] block 1: fast=178 medium=199 slow=135 | mean_alpha=0.2154 | mean_|grad|=0.000003 (n=1)
  [trace step 515] block 2: fast=179 medium=199 slow=134 | mean_alpha=0.2153 | mean_|grad|=0.000003 (n=1)
  [trace step 515] block 3: fast=180 medium=198 slow=134 | mean_alpha=0.2152 | mean_|grad|=0.000003 (n=1)
  [trace step 515] block 4: fast=179 medium=199 slow=134 | mean_alpha=0.2152 | mean_|grad|=0.000020 (n=1)
  [trace step 516] block 0: fast=178 medium=200 slow=134 | mean_alpha=0.2152 | mean_|grad|=0.000003 (n=1)
  [trace step 516] block 1: fast=178 medium=199 slow=135 | mean_alpha=0.2154 | mean_|grad|=0.000003 (n=1)
  [trace step 516] block 2: fast=179 medium=199 slow=134 | mean_alpha=0.2153 | mean_|grad|=0.000003 (n=1)
  [trace step 516] block 3: fast=180 medium=198 slow=134 | mean_alpha=0.2152 | mean_|grad|=0.000003 (n=1)
  [trace step 516] block 4: fast=179 medium=199 slow=134 | mean_alpha=0.2152 | mean_|grad|=0.000014 (n=1)
  [trace step 517] block 0: fast=178 medium=200 slow=134 | mean_alpha=0.2152 | mean_|grad|=0.000003 (n=1)
  [trace step 517] block 1: fast=178 medium=199 slow=135 | mean_alpha=0.2154 | mean_|grad|=0.000003 (n=1)
  [trace step 517] block 2: fast=179 medium=199 slow=134 | mean_alpha=0.2153 | mean_|grad|=0.000003 (n=1)
  [trace step 517] block 3: fast=180 medium=198 slow=134 | mean_alpha=0.2152 | mean_|grad|=0.000004 (n=1)
  [trace step 517] block 4: fast=179 medium=199 slow=134 | mean_alpha=0.2152 | mean_|grad|=0.000020 (n=1)
  [trace step 518] block 0: fast=178 medium=200 slow=134 | mean_alpha=0.2152 | mean_|grad|=0.000003 (n=1)
  [trace step 518] block 1: fast=178 medium=199 slow=135 | mean_alpha=0.2154 | mean_|grad|=0.000003 (n=1)
  [trace step 518] block 2: fast=179 medium=199 slow=134 | mean_alpha=0.2153 | mean_|grad|=0.000003 (n=1)
  [trace step 518] block 3: fast=180 medium=198 slow=134 | mean_alpha=0.2152 | mean_|grad|=0.000003 (n=1)
  [trace step 518] block 4: fast=179 medium=199 slow=134 | mean_alpha=0.2152 | mean_|grad|=0.000021 (n=1)
  [trace step 519] block 0: fast=178 medium=200 slow=134 | mean_alpha=0.2152 | mean_|grad|=0.000004 (n=1)
  [trace step 519] block 1: fast=178 medium=199 slow=135 | mean_alpha=0.2154 | mean_|grad|=0.000004 (n=1)
  [trace step 519] block 2: fast=179 medium=199 slow=134 | mean_alpha=0.2153 | mean_|grad|=0.000004 (n=1)
  [trace step 519] block 3: fast=180 medium=198 slow=134 | mean_alpha=0.2152 | mean_|grad|=0.000004 (n=1)
  [trace step 519] block 4: fast=179 medium=199 slow=134 | mean_alpha=0.2152 | mean_|grad|=0.000012 (n=1)
  [trace step 520] block 0: fast=178 medium=200 slow=134 | mean_alpha=0.2152 | mean_|grad|=0.000003 (n=1)
  [trace step 520] block 1: fast=178 medium=199 slow=135 | mean_alpha=0.2154 | mean_|grad|=0.000003 (n=1)
  [trace step 520] block 2: fast=179 medium=199 slow=134 | mean_alpha=0.2153 | mean_|grad|=0.000003 (n=1)
  [trace step 520] block 3: fast=180 medium=198 slow=134 | mean_alpha=0.2152 | mean_|grad|=0.000004 (n=1)
  [trace step 520] block 4: fast=179 medium=199 slow=134 | mean_alpha=0.2152 | mean_|grad|=0.000015 (n=1)
  [trace step 521] block 0: fast=178 medium=200 slow=134 | mean_alpha=0.2152 | mean_|grad|=0.000002 (n=1)
  [trace step 521] block 1: fast=178 medium=199 slow=135 | mean_alpha=0.2154 | mean_|grad|=0.000003 (n=1)
  [trace step 521] block 2: fast=179 medium=199 slow=134 | mean_alpha=0.2153 | mean_|grad|=0.000003 (n=1)
  [trace step 521] block 3: fast=180 medium=198 slow=134 | mean_alpha=0.2152 | mean_|grad|=0.000003 (n=1)
  [trace step 521] block 4: fast=179 medium=199 slow=134 | mean_alpha=0.2152 | mean_|grad|=0.000017 (n=1)
  [trace step 522] block 0: fast=178 medium=200 slow=134 | mean_alpha=0.2152 | mean_|grad|=0.000003 (n=1)
  [trace step 522] block 1: fast=178 medium=199 slow=135 | mean_alpha=0.2154 | mean_|grad|=0.000004 (n=1)
  [trace step 522] block 2: fast=179 medium=199 slow=134 | mean_alpha=0.2153 | mean_|grad|=0.000004 (n=1)
  [trace step 522] block 3: fast=180 medium=198 slow=134 | mean_alpha=0.2152 | mean_|grad|=0.000005 (n=1)
  [trace step 522] block 4: fast=179 medium=199 slow=134 | mean_alpha=0.2152 | mean_|grad|=0.000021 (n=1)
  [trace step 523] block 0: fast=178 medium=200 slow=134 | mean_alpha=0.2152 | mean_|grad|=0.000003 (n=1)
  [trace step 523] block 1: fast=178 medium=199 slow=135 | mean_alpha=0.2154 | mean_|grad|=0.000004 (n=1)
  [trace step 523] block 2: fast=179 medium=199 slow=134 | mean_alpha=0.2153 | mean_|grad|=0.000003 (n=1)
  [trace step 523] block 3: fast=180 medium=198 slow=134 | mean_alpha=0.2152 | mean_|grad|=0.000003 (n=1)
  [trace step 523] block 4: fast=179 medium=199 slow=134 | mean_alpha=0.2152 | mean_|grad|=0.000024 (n=1)
  [trace step 524] block 0: fast=178 medium=200 slow=134 | mean_alpha=0.2152 | mean_|grad|=0.000003 (n=1)
  [trace step 524] block 1: fast=178 medium=199 slow=135 | mean_alpha=0.2154 | mean_|grad|=0.000003 (n=1)
  [trace step 524] block 2: fast=179 medium=199 slow=134 | mean_alpha=0.2153 | mean_|grad|=0.000003 (n=1)
  [trace step 524] block 3: fast=180 medium=198 slow=134 | mean_alpha=0.2152 | mean_|grad|=0.000003 (n=1)
  [trace step 524] block 4: fast=179 medium=199 slow=134 | mean_alpha=0.2152 | mean_|grad|=0.000013 (n=1)
  [trace step 525] block 0: fast=178 medium=200 slow=134 | mean_alpha=0.2152 | mean_|grad|=0.000003 (n=1)
  [trace step 525] block 1: fast=178 medium=199 slow=135 | mean_alpha=0.2154 | mean_|grad|=0.000003 (n=1)
  [trace step 525] block 2: fast=179 medium=199 slow=134 | mean_alpha=0.2153 | mean_|grad|=0.000003 (n=1)
  [trace step 525] block 3: fast=180 medium=198 slow=134 | mean_alpha=0.2152 | mean_|grad|=0.000004 (n=1)
  [trace step 525] block 4: fast=179 medium=199 slow=134 | mean_alpha=0.2152 | mean_|grad|=0.000019 (n=1)
  [trace step 526] block 0: fast=178 medium=200 slow=134 | mean_alpha=0.2152 | mean_|grad|=0.000003 (n=1)
  [trace step 526] block 1: fast=178 medium=199 slow=135 | mean_alpha=0.2154 | mean_|grad|=0.000003 (n=1)
  [trace step 526] block 2: fast=179 medium=199 slow=134 | mean_alpha=0.2153 | mean_|grad|=0.000003 (n=1)
  [trace step 526] block 3: fast=180 medium=198 slow=134 | mean_alpha=0.2152 | mean_|grad|=0.000003 (n=1)
  [trace step 526] block 4: fast=179 medium=199 slow=134 | mean_alpha=0.2152 | mean_|grad|=0.000014 (n=1)
  [trace step 527] block 0: fast=178 medium=200 slow=134 | mean_alpha=0.2152 | mean_|grad|=0.000003 (n=1)
  [trace step 527] block 1: fast=178 medium=199 slow=135 | mean_alpha=0.2154 | mean_|grad|=0.000004 (n=1)
  [trace step 527] block 2: fast=179 medium=199 slow=134 | mean_alpha=0.2153 | mean_|grad|=0.000003 (n=1)
  [trace step 527] block 3: fast=180 medium=198 slow=134 | mean_alpha=0.2152 | mean_|grad|=0.000004 (n=1)
  [trace step 527] block 4: fast=179 medium=199 slow=134 | mean_alpha=0.2152 | mean_|grad|=0.000013 (n=1)
  [trace step 528] block 0: fast=178 medium=200 slow=134 | mean_alpha=0.2152 | mean_|grad|=0.000003 (n=1)
  [trace step 528] block 1: fast=178 medium=199 slow=135 | mean_alpha=0.2154 | mean_|grad|=0.000004 (n=1)
  [trace step 528] block 2: fast=179 medium=199 slow=134 | mean_alpha=0.2153 | mean_|grad|=0.000003 (n=1)
  [trace step 528] block 3: fast=180 medium=198 slow=134 | mean_alpha=0.2152 | mean_|grad|=0.000004 (n=1)
  [trace step 528] block 4: fast=179 medium=199 slow=134 | mean_alpha=0.2152 | mean_|grad|=0.000034 (n=1)
  [trace step 529] block 0: fast=178 medium=200 slow=134 | mean_alpha=0.2152 | mean_|grad|=0.000002 (n=1)
  [trace step 529] block 1: fast=178 medium=199 slow=135 | mean_alpha=0.2154 | mean_|grad|=0.000003 (n=1)
  [trace step 529] block 2: fast=179 medium=199 slow=134 | mean_alpha=0.2153 | mean_|grad|=0.000003 (n=1)
  [trace step 529] block 3: fast=180 medium=198 slow=134 | mean_alpha=0.2152 | mean_|grad|=0.000003 (n=1)
  [trace step 529] block 4: fast=179 medium=199 slow=134 | mean_alpha=0.2152 | mean_|grad|=0.000017 (n=1)
  [trace step 530] block 0: fast=178 medium=200 slow=134 | mean_alpha=0.2152 | mean_|grad|=0.000003 (n=1)
  [trace step 530] block 1: fast=178 medium=199 slow=135 | mean_alpha=0.2154 | mean_|grad|=0.000003 (n=1)
  [trace step 530] block 2: fast=179 medium=199 slow=134 | mean_alpha=0.2153 | mean_|grad|=0.000003 (n=1)
  [trace step 530] block 3: fast=180 medium=198 slow=134 | mean_alpha=0.2152 | mean_|grad|=0.000003 (n=1)
  [trace step 530] block 4: fast=179 medium=199 slow=134 | mean_alpha=0.2152 | mean_|grad|=0.000019 (n=1)
  [trace step 531] block 0: fast=178 medium=200 slow=134 | mean_alpha=0.2152 | mean_|grad|=0.000002 (n=1)
  [trace step 531] block 1: fast=178 medium=199 slow=135 | mean_alpha=0.2154 | mean_|grad|=0.000003 (n=1)
  [trace step 531] block 2: fast=179 medium=199 slow=134 | mean_alpha=0.2153 | mean_|grad|=0.000003 (n=1)
  [trace step 531] block 3: fast=180 medium=198 slow=134 | mean_alpha=0.2152 | mean_|grad|=0.000003 (n=1)
  [trace step 531] block 4: fast=179 medium=199 slow=134 | mean_alpha=0.2152 | mean_|grad|=0.000028 (n=1)
  [trace step 532] block 0: fast=178 medium=200 slow=134 | mean_alpha=0.2152 | mean_|grad|=0.000003 (n=1)
  [trace step 532] block 1: fast=178 medium=199 slow=135 | mean_alpha=0.2154 | mean_|grad|=0.000003 (n=1)
  [trace step 532] block 2: fast=179 medium=199 slow=134 | mean_alpha=0.2153 | mean_|grad|=0.000004 (n=1)
  [trace step 532] block 3: fast=180 medium=198 slow=134 | mean_alpha=0.2152 | mean_|grad|=0.000004 (n=1)
  [trace step 532] block 4: fast=179 medium=199 slow=134 | mean_alpha=0.2152 | mean_|grad|=0.000039 (n=1)
  [trace step 533] block 0: fast=178 medium=200 slow=134 | mean_alpha=0.2152 | mean_|grad|=0.000002 (n=1)
  [trace step 533] block 1: fast=178 medium=199 slow=135 | mean_alpha=0.2154 | mean_|grad|=0.000003 (n=1)
  [trace step 533] block 2: fast=179 medium=199 slow=134 | mean_alpha=0.2153 | mean_|grad|=0.000003 (n=1)
  [trace step 533] block 3: fast=180 medium=198 slow=134 | mean_alpha=0.2152 | mean_|grad|=0.000003 (n=1)
  [trace step 533] block 4: fast=179 medium=199 slow=134 | mean_alpha=0.2152 | mean_|grad|=0.000025 (n=1)
  [trace step 534] block 0: fast=178 medium=200 slow=134 | mean_alpha=0.2152 | mean_|grad|=0.000002 (n=1)
  [trace step 534] block 1: fast=178 medium=199 slow=135 | mean_alpha=0.2154 | mean_|grad|=0.000003 (n=1)
  [trace step 534] block 2: fast=179 medium=199 slow=134 | mean_alpha=0.2153 | mean_|grad|=0.000003 (n=1)
  [trace step 534] block 3: fast=180 medium=198 slow=134 | mean_alpha=0.2152 | mean_|grad|=0.000003 (n=1)
  [trace step 534] block 4: fast=179 medium=199 slow=134 | mean_alpha=0.2152 | mean_|grad|=0.000015 (n=1)
  [trace step 535] block 0: fast=178 medium=200 slow=134 | mean_alpha=0.2152 | mean_|grad|=0.000002 (n=1)
  [trace step 535] block 1: fast=178 medium=199 slow=135 | mean_alpha=0.2154 | mean_|grad|=0.000003 (n=1)
  [trace step 535] block 2: fast=179 medium=199 slow=134 | mean_alpha=0.2153 | mean_|grad|=0.000003 (n=1)
  [trace step 535] block 3: fast=180 medium=198 slow=134 | mean_alpha=0.2152 | mean_|grad|=0.000003 (n=1)
  [trace step 535] block 4: fast=179 medium=199 slow=134 | mean_alpha=0.2152 | mean_|grad|=0.000023 (n=1)
  [trace step 536] block 0: fast=178 medium=200 slow=134 | mean_alpha=0.2152 | mean_|grad|=0.000003 (n=1)
  [trace step 536] block 1: fast=178 medium=199 slow=135 | mean_alpha=0.2154 | mean_|grad|=0.000004 (n=1)
  [trace step 536] block 2: fast=179 medium=199 slow=134 | mean_alpha=0.2153 | mean_|grad|=0.000004 (n=1)
  [trace step 536] block 3: fast=180 medium=198 slow=134 | mean_alpha=0.2152 | mean_|grad|=0.000003 (n=1)
  [trace step 536] block 4: fast=179 medium=199 slow=134 | mean_alpha=0.2152 | mean_|grad|=0.000018 (n=1)
  [trace step 537] block 0: fast=178 medium=200 slow=134 | mean_alpha=0.2152 | mean_|grad|=0.000002 (n=1)
  [trace step 537] block 1: fast=178 medium=199 slow=135 | mean_alpha=0.2154 | mean_|grad|=0.000003 (n=1)
  [trace step 537] block 2: fast=179 medium=199 slow=134 | mean_alpha=0.2153 | mean_|grad|=0.000003 (n=1)
  [trace step 537] block 3: fast=180 medium=198 slow=134 | mean_alpha=0.2152 | mean_|grad|=0.000004 (n=1)
  [trace step 537] block 4: fast=179 medium=199 slow=134 | mean_alpha=0.2152 | mean_|grad|=0.000026 (n=1)
  [trace step 538] block 0: fast=178 medium=200 slow=134 | mean_alpha=0.2152 | mean_|grad|=0.000002 (n=1)
  [trace step 538] block 1: fast=178 medium=199 slow=135 | mean_alpha=0.2154 | mean_|grad|=0.000003 (n=1)
  [trace step 538] block 2: fast=179 medium=199 slow=134 | mean_alpha=0.2153 | mean_|grad|=0.000003 (n=1)
  [trace step 538] block 3: fast=180 medium=198 slow=134 | mean_alpha=0.2152 | mean_|grad|=0.000003 (n=1)
  [trace step 538] block 4: fast=179 medium=199 slow=134 | mean_alpha=0.2152 | mean_|grad|=0.000013 (n=1)
  [trace step 539] block 0: fast=178 medium=200 slow=134 | mean_alpha=0.2152 | mean_|grad|=0.000002 (n=1)
  [trace step 539] block 1: fast=178 medium=199 slow=135 | mean_alpha=0.2154 | mean_|grad|=0.000002 (n=1)
  [trace step 539] block 2: fast=179 medium=199 slow=134 | mean_alpha=0.2153 | mean_|grad|=0.000003 (n=1)
  [trace step 539] block 3: fast=180 medium=198 slow=134 | mean_alpha=0.2152 | mean_|grad|=0.000003 (n=1)
  [trace step 539] block 4: fast=179 medium=199 slow=134 | mean_alpha=0.2152 | mean_|grad|=0.000025 (n=1)
  [trace step 540] block 0: fast=178 medium=200 slow=134 | mean_alpha=0.2152 | mean_|grad|=0.000003 (n=1)
  [trace step 540] block 1: fast=178 medium=199 slow=135 | mean_alpha=0.2154 | mean_|grad|=0.000003 (n=1)
  [trace step 540] block 2: fast=179 medium=199 slow=134 | mean_alpha=0.2153 | mean_|grad|=0.000004 (n=1)
  [trace step 540] block 3: fast=180 medium=198 slow=134 | mean_alpha=0.2152 | mean_|grad|=0.000004 (n=1)
  [trace step 540] block 4: fast=179 medium=199 slow=134 | mean_alpha=0.2152 | mean_|grad|=0.000019 (n=1)
  [trace step 541] block 0: fast=178 medium=200 slow=134 | mean_alpha=0.2152 | mean_|grad|=0.000003 (n=1)
  [trace step 541] block 1: fast=178 medium=199 slow=135 | mean_alpha=0.2154 | mean_|grad|=0.000003 (n=1)
  [trace step 541] block 2: fast=179 medium=199 slow=134 | mean_alpha=0.2153 | mean_|grad|=0.000003 (n=1)
  [trace step 541] block 3: fast=180 medium=198 slow=134 | mean_alpha=0.2152 | mean_|grad|=0.000003 (n=1)
  [trace step 541] block 4: fast=179 medium=199 slow=134 | mean_alpha=0.2152 | mean_|grad|=0.000027 (n=1)
  [trace step 542] block 0: fast=178 medium=200 slow=134 | mean_alpha=0.2152 | mean_|grad|=0.000002 (n=1)
  [trace step 542] block 1: fast=178 medium=199 slow=135 | mean_alpha=0.2154 | mean_|grad|=0.000003 (n=1)
  [trace step 542] block 2: fast=179 medium=199 slow=134 | mean_alpha=0.2153 | mean_|grad|=0.000003 (n=1)
  [trace step 542] block 3: fast=180 medium=198 slow=134 | mean_alpha=0.2152 | mean_|grad|=0.000004 (n=1)
  [trace step 542] block 4: fast=179 medium=199 slow=134 | mean_alpha=0.2152 | mean_|grad|=0.000037 (n=1)
  [trace step 543] block 0: fast=178 medium=200 slow=134 | mean_alpha=0.2152 | mean_|grad|=0.000003 (n=1)
  [trace step 543] block 1: fast=178 medium=199 slow=135 | mean_alpha=0.2154 | mean_|grad|=0.000003 (n=1)
  [trace step 543] block 2: fast=179 medium=199 slow=134 | mean_alpha=0.2153 | mean_|grad|=0.000003 (n=1)
  [trace step 543] block 3: fast=180 medium=198 slow=134 | mean_alpha=0.2152 | mean_|grad|=0.000003 (n=1)
  [trace step 543] block 4: fast=179 medium=199 slow=134 | mean_alpha=0.2152 | mean_|grad|=0.000026 (n=1)
  [trace step 544] block 0: fast=178 medium=200 slow=134 | mean_alpha=0.2152 | mean_|grad|=0.000003 (n=1)
  [trace step 544] block 1: fast=178 medium=199 slow=135 | mean_alpha=0.2154 | mean_|grad|=0.000003 (n=1)
  [trace step 544] block 2: fast=179 medium=199 slow=134 | mean_alpha=0.2153 | mean_|grad|=0.000003 (n=1)
  [trace step 544] block 3: fast=180 medium=198 slow=134 | mean_alpha=0.2152 | mean_|grad|=0.000003 (n=1)
  [trace step 544] block 4: fast=179 medium=199 slow=134 | mean_alpha=0.2152 | mean_|grad|=0.000015 (n=1)
  [trace step 545] block 0: fast=178 medium=200 slow=134 | mean_alpha=0.2152 | mean_|grad|=0.000003 (n=1)
  [trace step 545] block 1: fast=178 medium=199 slow=135 | mean_alpha=0.2154 | mean_|grad|=0.000004 (n=1)
  [trace step 545] block 2: fast=179 medium=199 slow=134 | mean_alpha=0.2153 | mean_|grad|=0.000004 (n=1)
  [trace step 545] block 3: fast=180 medium=198 slow=134 | mean_alpha=0.2152 | mean_|grad|=0.000004 (n=1)
  [trace step 545] block 4: fast=179 medium=199 slow=134 | mean_alpha=0.2152 | mean_|grad|=0.000021 (n=1)
  [trace step 546] block 0: fast=178 medium=200 slow=134 | mean_alpha=0.2152 | mean_|grad|=0.000003 (n=1)
  [trace step 546] block 1: fast=178 medium=199 slow=135 | mean_alpha=0.2154 | mean_|grad|=0.000003 (n=1)
  [trace step 546] block 2: fast=179 medium=199 slow=134 | mean_alpha=0.2153 | mean_|grad|=0.000003 (n=1)
  [trace step 546] block 3: fast=180 medium=198 slow=134 | mean_alpha=0.2152 | mean_|grad|=0.000003 (n=1)
  [trace step 546] block 4: fast=179 medium=199 slow=134 | mean_alpha=0.2152 | mean_|grad|=0.000020 (n=1)
  [trace step 547] block 0: fast=178 medium=200 slow=134 | mean_alpha=0.2152 | mean_|grad|=0.000004 (n=1)
  [trace step 547] block 1: fast=178 medium=199 slow=135 | mean_alpha=0.2154 | mean_|grad|=0.000003 (n=1)
  [trace step 547] block 2: fast=179 medium=199 slow=134 | mean_alpha=0.2153 | mean_|grad|=0.000003 (n=1)
  [trace step 547] block 3: fast=180 medium=198 slow=134 | mean_alpha=0.2152 | mean_|grad|=0.000004 (n=1)
  [trace step 547] block 4: fast=179 medium=199 slow=134 | mean_alpha=0.2152 | mean_|grad|=0.000023 (n=1)
  [trace step 548] block 0: fast=178 medium=200 slow=134 | mean_alpha=0.2152 | mean_|grad|=0.000003 (n=1)
  [trace step 548] block 1: fast=178 medium=199 slow=135 | mean_alpha=0.2154 | mean_|grad|=0.000004 (n=1)
  [trace step 548] block 2: fast=179 medium=199 slow=134 | mean_alpha=0.2153 | mean_|grad|=0.000003 (n=1)
  [trace step 548] block 3: fast=180 medium=198 slow=134 | mean_alpha=0.2152 | mean_|grad|=0.000004 (n=1)
  [trace step 548] block 4: fast=179 medium=199 slow=134 | mean_alpha=0.2152 | mean_|grad|=0.000031 (n=1)
  [trace step 549] block 0: fast=178 medium=200 slow=134 | mean_alpha=0.2152 | mean_|grad|=0.000002 (n=1)
  [trace step 549] block 1: fast=178 medium=199 slow=135 | mean_alpha=0.2154 | mean_|grad|=0.000003 (n=1)
  [trace step 549] block 2: fast=179 medium=199 slow=134 | mean_alpha=0.2153 | mean_|grad|=0.000003 (n=1)
  [trace step 549] block 3: fast=180 medium=198 slow=134 | mean_alpha=0.2152 | mean_|grad|=0.000004 (n=1)
  [trace step 549] block 4: fast=179 medium=199 slow=134 | mean_alpha=0.2152 | mean_|grad|=0.000011 (n=1)
  [trace step 550] block 0: fast=178 medium=200 slow=134 | mean_alpha=0.2152 | mean_|grad|=0.000003 (n=1)
  [trace step 550] block 1: fast=178 medium=199 slow=135 | mean_alpha=0.2154 | mean_|grad|=0.000003 (n=1)
  [trace step 550] block 2: fast=179 medium=199 slow=134 | mean_alpha=0.2153 | mean_|grad|=0.000003 (n=1)
  [trace step 550] block 3: fast=180 medium=198 slow=134 | mean_alpha=0.2152 | mean_|grad|=0.000003 (n=1)
  [trace step 550] block 4: fast=179 medium=199 slow=134 | mean_alpha=0.2152 | mean_|grad|=0.000013 (n=1)
  [r2c trace step 550] block 0: z mean=1.0317 s mean=0.7504 min=0.7426 max=0.7583 closed=0/512 open=0/512 | mean|s*read|=0.273671 | mean|g| ar=8.02e-6 ib=7.24e-6 z=3.24e-6 (n=50)
  [r2c trace step 550] block 1: z mean=1.0236 s mean=0.7489 min=0.7432 max=0.7552 closed=0/512 open=0/512 | mean|s*read|=0.738639 | mean|g| ar=1.12e-5 ib=8.54e-6 z=2.72e-7 (n=50)
  [r2c trace step 550] block 2: z mean=1.0209 s mean=0.7484 min=0.7426 max=0.7543 closed=0/512 open=0/512 | mean|s*read|=0.943695 | mean|g| ar=1.30e-5 ib=7.91e-6 z=2.90e-7 (n=50)
  [r2c trace step 550] block 3: z mean=1.0201 s mean=0.7482 min=0.7419 max=0.7536 closed=0/512 open=0/512 | mean|s*read|=1.219107 | mean|g| ar=1.47e-5 ib=8.32e-6 z=1.95e-7 (n=50)
  [r2c trace step 550] block 4: z mean=1.0201 s mean=0.7482 min=0.7416 max=0.7541 closed=0/512 open=0/512 | mean|s*read|=1.697129 | mean|g| ar=2.26e-5 ib=1.15e-5 z=5.60e-7 (n=50)
  [trace step 551] block 0: fast=178 medium=200 slow=134 | mean_alpha=0.2152 | mean_|grad|=0.000002 (n=1)
  [trace step 551] block 1: fast=178 medium=199 slow=135 | mean_alpha=0.2154 | mean_|grad|=0.000003 (n=1)
  [trace step 551] block 2: fast=179 medium=199 slow=134 | mean_alpha=0.2153 | mean_|grad|=0.000003 (n=1)
  [trace step 551] block 3: fast=180 medium=198 slow=134 | mean_alpha=0.2152 | mean_|grad|=0.000003 (n=1)
  [trace step 551] block 4: fast=179 medium=199 slow=134 | mean_alpha=0.2152 | mean_|grad|=0.000019 (n=1)
  [trace step 552] block 0: fast=178 medium=200 slow=134 | mean_alpha=0.2152 | mean_|grad|=0.000003 (n=1)
  [trace step 552] block 1: fast=178 medium=199 slow=135 | mean_alpha=0.2154 | mean_|grad|=0.000003 (n=1)
  [trace step 552] block 2: fast=179 medium=199 slow=134 | mean_alpha=0.2153 | mean_|grad|=0.000003 (n=1)
  [trace step 552] block 3: fast=180 medium=198 slow=134 | mean_alpha=0.2152 | mean_|grad|=0.000003 (n=1)
  [trace step 552] block 4: fast=179 medium=199 slow=134 | mean_alpha=0.2152 | mean_|grad|=0.000012 (n=1)
  [trace step 553] block 0: fast=178 medium=200 slow=134 | mean_alpha=0.2152 | mean_|grad|=0.000003 (n=1)
  [trace step 553] block 1: fast=178 medium=199 slow=135 | mean_alpha=0.2154 | mean_|grad|=0.000003 (n=1)
  [trace step 553] block 2: fast=179 medium=199 slow=134 | mean_alpha=0.2153 | mean_|grad|=0.000003 (n=1)
  [trace step 553] block 3: fast=180 medium=198 slow=134 | mean_alpha=0.2152 | mean_|grad|=0.000004 (n=1)
  [trace step 553] block 4: fast=179 medium=199 slow=134 | mean_alpha=0.2152 | mean_|grad|=0.000026 (n=1)
  [trace step 554] block 0: fast=178 medium=200 slow=134 | mean_alpha=0.2152 | mean_|grad|=0.000003 (n=1)
  [trace step 554] block 1: fast=178 medium=199 slow=135 | mean_alpha=0.2154 | mean_|grad|=0.000002 (n=1)
  [trace step 554] block 2: fast=179 medium=199 slow=134 | mean_alpha=0.2153 | mean_|grad|=0.000003 (n=1)
  [trace step 554] block 3: fast=180 medium=198 slow=134 | mean_alpha=0.2152 | mean_|grad|=0.000003 (n=1)
  [trace step 554] block 4: fast=179 medium=199 slow=134 | mean_alpha=0.2152 | mean_|grad|=0.000011 (n=1)
  [trace step 555] block 0: fast=178 medium=200 slow=134 | mean_alpha=0.2152 | mean_|grad|=0.000003 (n=1)
  [trace step 555] block 1: fast=178 medium=199 slow=135 | mean_alpha=0.2154 | mean_|grad|=0.000003 (n=1)
  [trace step 555] block 2: fast=179 medium=199 slow=134 | mean_alpha=0.2153 | mean_|grad|=0.000004 (n=1)
  [trace step 555] block 3: fast=180 medium=198 slow=134 | mean_alpha=0.2152 | mean_|grad|=0.000004 (n=1)
  [trace step 555] block 4: fast=179 medium=199 slow=134 | mean_alpha=0.2152 | mean_|grad|=0.000016 (n=1)
  [trace step 556] block 0: fast=178 medium=200 slow=134 | mean_alpha=0.2152 | mean_|grad|=0.000002 (n=1)
  [trace step 556] block 1: fast=178 medium=199 slow=135 | mean_alpha=0.2154 | mean_|grad|=0.000003 (n=1)
  [trace step 556] block 2: fast=179 medium=199 slow=134 | mean_alpha=0.2153 | mean_|grad|=0.000003 (n=1)
  [trace step 556] block 3: fast=180 medium=198 slow=134 | mean_alpha=0.2152 | mean_|grad|=0.000003 (n=1)
  [trace step 556] block 4: fast=179 medium=199 slow=134 | mean_alpha=0.2152 | mean_|grad|=0.000022 (n=1)
  [trace step 557] block 0: fast=178 medium=200 slow=134 | mean_alpha=0.2152 | mean_|grad|=0.000003 (n=1)
  [trace step 557] block 1: fast=178 medium=199 slow=135 | mean_alpha=0.2154 | mean_|grad|=0.000003 (n=1)
  [trace step 557] block 2: fast=179 medium=199 slow=134 | mean_alpha=0.2153 | mean_|grad|=0.000003 (n=1)
  [trace step 557] block 3: fast=180 medium=198 slow=134 | mean_alpha=0.2152 | mean_|grad|=0.000004 (n=1)
  [trace step 557] block 4: fast=179 medium=199 slow=134 | mean_alpha=0.2152 | mean_|grad|=0.000015 (n=1)
  [trace step 558] block 0: fast=178 medium=200 slow=134 | mean_alpha=0.2152 | mean_|grad|=0.000002 (n=1)
  [trace step 558] block 1: fast=178 medium=199 slow=135 | mean_alpha=0.2154 | mean_|grad|=0.000002 (n=1)
  [trace step 558] block 2: fast=179 medium=199 slow=134 | mean_alpha=0.2153 | mean_|grad|=0.000003 (n=1)
  [trace step 558] block 3: fast=180 medium=198 slow=134 | mean_alpha=0.2152 | mean_|grad|=0.000003 (n=1)
  [trace step 558] block 4: fast=179 medium=199 slow=134 | mean_alpha=0.2152 | mean_|grad|=0.000012 (n=1)
  [trace step 559] block 0: fast=178 medium=200 slow=134 | mean_alpha=0.2152 | mean_|grad|=0.000002 (n=1)
  [trace step 559] block 1: fast=178 medium=199 slow=135 | mean_alpha=0.2154 | mean_|grad|=0.000003 (n=1)
  [trace step 559] block 2: fast=179 medium=199 slow=134 | mean_alpha=0.2153 | mean_|grad|=0.000003 (n=1)
  [trace step 559] block 3: fast=180 medium=198 slow=134 | mean_alpha=0.2152 | mean_|grad|=0.000003 (n=1)
  [trace step 559] block 4: fast=179 medium=199 slow=134 | mean_alpha=0.2152 | mean_|grad|=0.000011 (n=1)
  [trace step 560] block 0: fast=178 medium=200 slow=134 | mean_alpha=0.2152 | mean_|grad|=0.000002 (n=1)
  [trace step 560] block 1: fast=178 medium=199 slow=135 | mean_alpha=0.2154 | mean_|grad|=0.000003 (n=1)
  [trace step 560] block 2: fast=179 medium=199 slow=134 | mean_alpha=0.2153 | mean_|grad|=0.000003 (n=1)
  [trace step 560] block 3: fast=180 medium=198 slow=134 | mean_alpha=0.2152 | mean_|grad|=0.000003 (n=1)
  [trace step 560] block 4: fast=179 medium=199 slow=134 | mean_alpha=0.2152 | mean_|grad|=0.000032 (n=1)
  [trace step 561] block 0: fast=178 medium=200 slow=134 | mean_alpha=0.2152 | mean_|grad|=0.000002 (n=1)
  [trace step 561] block 1: fast=178 medium=199 slow=135 | mean_alpha=0.2154 | mean_|grad|=0.000004 (n=1)
  [trace step 561] block 2: fast=179 medium=199 slow=134 | mean_alpha=0.2153 | mean_|grad|=0.000003 (n=1)
  [trace step 561] block 3: fast=180 medium=198 slow=134 | mean_alpha=0.2152 | mean_|grad|=0.000003 (n=1)
  [trace step 561] block 4: fast=179 medium=199 slow=134 | mean_alpha=0.2152 | mean_|grad|=0.000022 (n=1)
  [trace step 562] block 0: fast=178 medium=200 slow=134 | mean_alpha=0.2152 | mean_|grad|=0.000002 (n=1)
  [trace step 562] block 1: fast=178 medium=199 slow=135 | mean_alpha=0.2154 | mean_|grad|=0.000002 (n=1)
  [trace step 562] block 2: fast=179 medium=199 slow=134 | mean_alpha=0.2153 | mean_|grad|=0.000003 (n=1)
  [trace step 562] block 3: fast=180 medium=198 slow=134 | mean_alpha=0.2152 | mean_|grad|=0.000003 (n=1)
  [trace step 562] block 4: fast=179 medium=199 slow=134 | mean_alpha=0.2152 | mean_|grad|=0.000014 (n=1)
  [trace step 563] block 0: fast=178 medium=200 slow=134 | mean_alpha=0.2152 | mean_|grad|=0.000003 (n=1)
  [trace step 563] block 1: fast=178 medium=199 slow=135 | mean_alpha=0.2154 | mean_|grad|=0.000003 (n=1)
  [trace step 563] block 2: fast=179 medium=199 slow=134 | mean_alpha=0.2153 | mean_|grad|=0.000003 (n=1)
  [trace step 563] block 3: fast=180 medium=198 slow=134 | mean_alpha=0.2152 | mean_|grad|=0.000004 (n=1)
  [trace step 563] block 4: fast=179 medium=199 slow=134 | mean_alpha=0.2152 | mean_|grad|=0.000038 (n=1)
  [trace step 564] block 0: fast=178 medium=200 slow=134 | mean_alpha=0.2152 | mean_|grad|=0.000003 (n=1)
  [trace step 564] block 1: fast=178 medium=199 slow=135 | mean_alpha=0.2154 | mean_|grad|=0.000003 (n=1)
  [trace step 564] block 2: fast=179 medium=199 slow=134 | mean_alpha=0.2153 | mean_|grad|=0.000003 (n=1)
  [trace step 564] block 3: fast=180 medium=198 slow=134 | mean_alpha=0.2152 | mean_|grad|=0.000003 (n=1)
  [trace step 564] block 4: fast=179 medium=199 slow=134 | mean_alpha=0.2152 | mean_|grad|=0.000021 (n=1)
  [trace step 565] block 0: fast=178 medium=200 slow=134 | mean_alpha=0.2152 | mean_|grad|=0.000002 (n=1)
  [trace step 565] block 1: fast=178 medium=199 slow=135 | mean_alpha=0.2154 | mean_|grad|=0.000003 (n=1)
  [trace step 565] block 2: fast=179 medium=199 slow=134 | mean_alpha=0.2153 | mean_|grad|=0.000003 (n=1)
  [trace step 565] block 3: fast=180 medium=198 slow=134 | mean_alpha=0.2152 | mean_|grad|=0.000003 (n=1)
  [trace step 565] block 4: fast=179 medium=199 slow=134 | mean_alpha=0.2152 | mean_|grad|=0.000018 (n=1)
  [trace step 566] block 0: fast=178 medium=200 slow=134 | mean_alpha=0.2152 | mean_|grad|=0.000002 (n=1)
  [trace step 566] block 1: fast=178 medium=199 slow=135 | mean_alpha=0.2154 | mean_|grad|=0.000003 (n=1)
  [trace step 566] block 2: fast=179 medium=199 slow=134 | mean_alpha=0.2153 | mean_|grad|=0.000003 (n=1)
  [trace step 566] block 3: fast=180 medium=198 slow=134 | mean_alpha=0.2152 | mean_|grad|=0.000003 (n=1)
  [trace step 566] block 4: fast=179 medium=199 slow=134 | mean_alpha=0.2152 | mean_|grad|=0.000019 (n=1)
  [trace step 567] block 0: fast=178 medium=200 slow=134 | mean_alpha=0.2152 | mean_|grad|=0.000003 (n=1)
  [trace step 567] block 1: fast=178 medium=199 slow=135 | mean_alpha=0.2154 | mean_|grad|=0.000003 (n=1)
  [trace step 567] block 2: fast=179 medium=199 slow=134 | mean_alpha=0.2153 | mean_|grad|=0.000003 (n=1)
  [trace step 567] block 3: fast=180 medium=198 slow=134 | mean_alpha=0.2152 | mean_|grad|=0.000003 (n=1)
  [trace step 567] block 4: fast=179 medium=199 slow=134 | mean_alpha=0.2152 | mean_|grad|=0.000010 (n=1)
  [trace step 568] block 0: fast=178 medium=200 slow=134 | mean_alpha=0.2152 | mean_|grad|=0.000002 (n=1)
  [trace step 568] block 1: fast=178 medium=199 slow=135 | mean_alpha=0.2154 | mean_|grad|=0.000003 (n=1)
  [trace step 568] block 2: fast=179 medium=199 slow=134 | mean_alpha=0.2153 | mean_|grad|=0.000003 (n=1)
  [trace step 568] block 3: fast=180 medium=198 slow=134 | mean_alpha=0.2152 | mean_|grad|=0.000004 (n=1)
  [trace step 568] block 4: fast=179 medium=199 slow=134 | mean_alpha=0.2152 | mean_|grad|=0.000013 (n=1)
  [trace step 569] block 0: fast=178 medium=200 slow=134 | mean_alpha=0.2152 | mean_|grad|=0.000002 (n=1)
  [trace step 569] block 1: fast=178 medium=199 slow=135 | mean_alpha=0.2154 | mean_|grad|=0.000002 (n=1)
  [trace step 569] block 2: fast=179 medium=199 slow=134 | mean_alpha=0.2153 | mean_|grad|=0.000003 (n=1)
  [trace step 569] block 3: fast=180 medium=198 slow=134 | mean_alpha=0.2152 | mean_|grad|=0.000003 (n=1)
  [trace step 569] block 4: fast=179 medium=199 slow=134 | mean_alpha=0.2152 | mean_|grad|=0.000019 (n=1)
  [trace step 570] block 0: fast=178 medium=200 slow=134 | mean_alpha=0.2152 | mean_|grad|=0.000002 (n=1)
  [trace step 570] block 1: fast=178 medium=199 slow=135 | mean_alpha=0.2154 | mean_|grad|=0.000003 (n=1)
  [trace step 570] block 2: fast=179 medium=199 slow=134 | mean_alpha=0.2153 | mean_|grad|=0.000003 (n=1)
  [trace step 570] block 3: fast=180 medium=198 slow=134 | mean_alpha=0.2152 | mean_|grad|=0.000004 (n=1)
  [trace step 570] block 4: fast=179 medium=199 slow=134 | mean_alpha=0.2152 | mean_|grad|=0.000030 (n=1)
  [trace step 571] block 0: fast=178 medium=200 slow=134 | mean_alpha=0.2152 | mean_|grad|=0.000003 (n=1)
  [trace step 571] block 1: fast=178 medium=199 slow=135 | mean_alpha=0.2154 | mean_|grad|=0.000003 (n=1)
  [trace step 571] block 2: fast=179 medium=199 slow=134 | mean_alpha=0.2153 | mean_|grad|=0.000003 (n=1)
  [trace step 571] block 3: fast=180 medium=198 slow=134 | mean_alpha=0.2152 | mean_|grad|=0.000003 (n=1)
  [trace step 571] block 4: fast=179 medium=199 slow=134 | mean_alpha=0.2152 | mean_|grad|=0.000014 (n=1)
  [trace step 572] block 0: fast=178 medium=200 slow=134 | mean_alpha=0.2152 | mean_|grad|=0.000003 (n=1)
  [trace step 572] block 1: fast=178 medium=199 slow=135 | mean_alpha=0.2154 | mean_|grad|=0.000003 (n=1)
  [trace step 572] block 2: fast=179 medium=199 slow=134 | mean_alpha=0.2153 | mean_|grad|=0.000003 (n=1)
  [trace step 572] block 3: fast=180 medium=198 slow=134 | mean_alpha=0.2152 | mean_|grad|=0.000003 (n=1)
  [trace step 572] block 4: fast=179 medium=199 slow=134 | mean_alpha=0.2152 | mean_|grad|=0.000020 (n=1)
  [trace step 573] block 0: fast=178 medium=200 slow=134 | mean_alpha=0.2152 | mean_|grad|=0.000002 (n=1)
  [trace step 573] block 1: fast=178 medium=199 slow=135 | mean_alpha=0.2154 | mean_|grad|=0.000003 (n=1)
  [trace step 573] block 2: fast=179 medium=199 slow=134 | mean_alpha=0.2153 | mean_|grad|=0.000002 (n=1)
  [trace step 573] block 3: fast=180 medium=198 slow=134 | mean_alpha=0.2152 | mean_|grad|=0.000003 (n=1)
  [trace step 573] block 4: fast=179 medium=199 slow=134 | mean_alpha=0.2152 | mean_|grad|=0.000023 (n=1)
  [trace step 574] block 0: fast=178 medium=200 slow=134 | mean_alpha=0.2152 | mean_|grad|=0.000002 (n=1)
  [trace step 574] block 1: fast=178 medium=199 slow=135 | mean_alpha=0.2154 | mean_|grad|=0.000002 (n=1)
  [trace step 574] block 2: fast=179 medium=199 slow=134 | mean_alpha=0.2153 | mean_|grad|=0.000002 (n=1)
  [trace step 574] block 3: fast=180 medium=198 slow=134 | mean_alpha=0.2152 | mean_|grad|=0.000003 (n=1)
  [trace step 574] block 4: fast=179 medium=199 slow=134 | mean_alpha=0.2152 | mean_|grad|=0.000017 (n=1)
  [trace step 575] block 0: fast=178 medium=200 slow=134 | mean_alpha=0.2152 | mean_|grad|=0.000002 (n=1)
  [trace step 575] block 1: fast=178 medium=199 slow=135 | mean_alpha=0.2154 | mean_|grad|=0.000002 (n=1)
  [trace step 575] block 2: fast=179 medium=199 slow=134 | mean_alpha=0.2153 | mean_|grad|=0.000003 (n=1)
  [trace step 575] block 3: fast=180 medium=198 slow=134 | mean_alpha=0.2152 | mean_|grad|=0.000003 (n=1)
  [trace step 575] block 4: fast=179 medium=199 slow=134 | mean_alpha=0.2152 | mean_|grad|=0.000015 (n=1)
  [trace step 576] block 0: fast=178 medium=200 slow=134 | mean_alpha=0.2152 | mean_|grad|=0.000002 (n=1)
  [trace step 576] block 1: fast=178 medium=199 slow=135 | mean_alpha=0.2154 | mean_|grad|=0.000003 (n=1)
  [trace step 576] block 2: fast=179 medium=199 slow=134 | mean_alpha=0.2153 | mean_|grad|=0.000003 (n=1)
  [trace step 576] block 3: fast=180 medium=198 slow=134 | mean_alpha=0.2152 | mean_|grad|=0.000003 (n=1)
  [trace step 576] block 4: fast=179 medium=199 slow=134 | mean_alpha=0.2152 | mean_|grad|=0.000024 (n=1)
  [trace step 577] block 0: fast=178 medium=200 slow=134 | mean_alpha=0.2152 | mean_|grad|=0.000002 (n=1)
  [trace step 577] block 1: fast=178 medium=199 slow=135 | mean_alpha=0.2154 | mean_|grad|=0.000002 (n=1)
  [trace step 577] block 2: fast=179 medium=199 slow=134 | mean_alpha=0.2153 | mean_|grad|=0.000003 (n=1)
  [trace step 577] block 3: fast=180 medium=198 slow=134 | mean_alpha=0.2152 | mean_|grad|=0.000002 (n=1)
  [trace step 577] block 4: fast=179 medium=199 slow=134 | mean_alpha=0.2152 | mean_|grad|=0.000009 (n=1)
  [trace step 578] block 0: fast=178 medium=200 slow=134 | mean_alpha=0.2152 | mean_|grad|=0.000002 (n=1)
  [trace step 578] block 1: fast=178 medium=199 slow=135 | mean_alpha=0.2154 | mean_|grad|=0.000003 (n=1)
  [trace step 578] block 2: fast=179 medium=199 slow=134 | mean_alpha=0.2153 | mean_|grad|=0.000003 (n=1)
  [trace step 578] block 3: fast=180 medium=198 slow=134 | mean_alpha=0.2152 | mean_|grad|=0.000003 (n=1)
  [trace step 578] block 4: fast=179 medium=199 slow=134 | mean_alpha=0.2152 | mean_|grad|=0.000017 (n=1)
  [trace step 579] block 0: fast=178 medium=200 slow=134 | mean_alpha=0.2152 | mean_|grad|=0.000002 (n=1)
  [trace step 579] block 1: fast=178 medium=199 slow=135 | mean_alpha=0.2154 | mean_|grad|=0.000002 (n=1)
  [trace step 579] block 2: fast=179 medium=199 slow=134 | mean_alpha=0.2153 | mean_|grad|=0.000003 (n=1)
  [trace step 579] block 3: fast=180 medium=198 slow=134 | mean_alpha=0.2152 | mean_|grad|=0.000002 (n=1)
  [trace step 579] block 4: fast=179 medium=199 slow=134 | mean_alpha=0.2152 | mean_|grad|=0.000019 (n=1)
  [trace step 580] block 0: fast=178 medium=200 slow=134 | mean_alpha=0.2152 | mean_|grad|=0.000002 (n=1)
  [trace step 580] block 1: fast=178 medium=199 slow=135 | mean_alpha=0.2154 | mean_|grad|=0.000002 (n=1)
  [trace step 580] block 2: fast=179 medium=199 slow=134 | mean_alpha=0.2153 | mean_|grad|=0.000003 (n=1)
  [trace step 580] block 3: fast=180 medium=198 slow=134 | mean_alpha=0.2152 | mean_|grad|=0.000003 (n=1)
  [trace step 580] block 4: fast=179 medium=199 slow=134 | mean_alpha=0.2152 | mean_|grad|=0.000028 (n=1)
  [trace step 581] block 0: fast=178 medium=200 slow=134 | mean_alpha=0.2152 | mean_|grad|=0.000003 (n=1)
  [trace step 581] block 1: fast=178 medium=199 slow=135 | mean_alpha=0.2154 | mean_|grad|=0.000002 (n=1)
  [trace step 581] block 2: fast=179 medium=199 slow=134 | mean_alpha=0.2153 | mean_|grad|=0.000003 (n=1)
  [trace step 581] block 3: fast=180 medium=198 slow=134 | mean_alpha=0.2152 | mean_|grad|=0.000003 (n=1)
  [trace step 581] block 4: fast=179 medium=199 slow=134 | mean_alpha=0.2152 | mean_|grad|=0.000016 (n=1)
  [trace step 582] block 0: fast=178 medium=200 slow=134 | mean_alpha=0.2152 | mean_|grad|=0.000002 (n=1)
  [trace step 582] block 1: fast=178 medium=199 slow=135 | mean_alpha=0.2154 | mean_|grad|=0.000003 (n=1)
  [trace step 582] block 2: fast=179 medium=199 slow=134 | mean_alpha=0.2153 | mean_|grad|=0.000002 (n=1)
  [trace step 582] block 3: fast=180 medium=198 slow=134 | mean_alpha=0.2152 | mean_|grad|=0.000003 (n=1)
  [trace step 582] block 4: fast=179 medium=199 slow=134 | mean_alpha=0.2152 | mean_|grad|=0.000017 (n=1)
  [trace step 583] block 0: fast=178 medium=200 slow=134 | mean_alpha=0.2152 | mean_|grad|=0.000003 (n=1)
  [trace step 583] block 1: fast=178 medium=199 slow=135 | mean_alpha=0.2154 | mean_|grad|=0.000003 (n=1)
  [trace step 583] block 2: fast=179 medium=199 slow=134 | mean_alpha=0.2153 | mean_|grad|=0.000003 (n=1)
  [trace step 583] block 3: fast=180 medium=198 slow=134 | mean_alpha=0.2152 | mean_|grad|=0.000003 (n=1)
  [trace step 583] block 4: fast=179 medium=199 slow=134 | mean_alpha=0.2152 | mean_|grad|=0.000020 (n=1)
  [trace step 584] block 0: fast=178 medium=200 slow=134 | mean_alpha=0.2152 | mean_|grad|=0.000002 (n=1)
  [trace step 584] block 1: fast=178 medium=199 slow=135 | mean_alpha=0.2154 | mean_|grad|=0.000003 (n=1)
  [trace step 584] block 2: fast=179 medium=199 slow=134 | mean_alpha=0.2153 | mean_|grad|=0.000002 (n=1)
  [trace step 584] block 3: fast=180 medium=198 slow=134 | mean_alpha=0.2152 | mean_|grad|=0.000003 (n=1)
  [trace step 584] block 4: fast=179 medium=199 slow=134 | mean_alpha=0.2152 | mean_|grad|=0.000016 (n=1)
  [trace step 585] block 0: fast=178 medium=200 slow=134 | mean_alpha=0.2152 | mean_|grad|=0.000002 (n=1)
  [trace step 585] block 1: fast=178 medium=199 slow=135 | mean_alpha=0.2154 | mean_|grad|=0.000003 (n=1)
  [trace step 585] block 2: fast=179 medium=199 slow=134 | mean_alpha=0.2153 | mean_|grad|=0.000003 (n=1)
  [trace step 585] block 3: fast=180 medium=198 slow=134 | mean_alpha=0.2152 | mean_|grad|=0.000003 (n=1)
  [trace step 585] block 4: fast=179 medium=199 slow=134 | mean_alpha=0.2152 | mean_|grad|=0.000023 (n=1)
  [trace step 586] block 0: fast=178 medium=200 slow=134 | mean_alpha=0.2152 | mean_|grad|=0.000002 (n=1)
  [trace step 586] block 1: fast=178 medium=199 slow=135 | mean_alpha=0.2154 | mean_|grad|=0.000002 (n=1)
  [trace step 586] block 2: fast=179 medium=199 slow=134 | mean_alpha=0.2153 | mean_|grad|=0.000002 (n=1)
  [trace step 586] block 3: fast=180 medium=198 slow=134 | mean_alpha=0.2152 | mean_|grad|=0.000002 (n=1)
  [trace step 586] block 4: fast=179 medium=199 slow=134 | mean_alpha=0.2152 | mean_|grad|=0.000010 (n=1)
  [trace step 587] block 0: fast=178 medium=200 slow=134 | mean_alpha=0.2152 | mean_|grad|=0.000003 (n=1)
  [trace step 587] block 1: fast=178 medium=199 slow=135 | mean_alpha=0.2154 | mean_|grad|=0.000002 (n=1)
  [trace step 587] block 2: fast=179 medium=199 slow=134 | mean_alpha=0.2153 | mean_|grad|=0.000002 (n=1)
  [trace step 587] block 3: fast=180 medium=198 slow=134 | mean_alpha=0.2152 | mean_|grad|=0.000003 (n=1)
  [trace step 587] block 4: fast=179 medium=199 slow=134 | mean_alpha=0.2152 | mean_|grad|=0.000016 (n=1)
  [trace step 588] block 0: fast=178 medium=200 slow=134 | mean_alpha=0.2152 | mean_|grad|=0.000003 (n=1)
  [trace step 588] block 1: fast=178 medium=199 slow=135 | mean_alpha=0.2154 | mean_|grad|=0.000003 (n=1)
  [trace step 588] block 2: fast=179 medium=199 slow=134 | mean_alpha=0.2153 | mean_|grad|=0.000003 (n=1)
  [trace step 588] block 3: fast=180 medium=198 slow=134 | mean_alpha=0.2152 | mean_|grad|=0.000003 (n=1)
  [trace step 588] block 4: fast=179 medium=199 slow=134 | mean_alpha=0.2152 | mean_|grad|=0.000021 (n=1)
  [trace step 589] block 0: fast=178 medium=200 slow=134 | mean_alpha=0.2152 | mean_|grad|=0.000002 (n=1)
  [trace step 589] block 1: fast=178 medium=199 slow=135 | mean_alpha=0.2154 | mean_|grad|=0.000003 (n=1)
  [trace step 589] block 2: fast=179 medium=199 slow=134 | mean_alpha=0.2153 | mean_|grad|=0.000003 (n=1)
  [trace step 589] block 3: fast=180 medium=198 slow=134 | mean_alpha=0.2152 | mean_|grad|=0.000004 (n=1)
  [trace step 589] block 4: fast=179 medium=199 slow=134 | mean_alpha=0.2152 | mean_|grad|=0.000018 (n=1)
  [trace step 590] block 0: fast=178 medium=200 slow=134 | mean_alpha=0.2152 | mean_|grad|=0.000002 (n=1)
  [trace step 590] block 1: fast=178 medium=199 slow=135 | mean_alpha=0.2154 | mean_|grad|=0.000003 (n=1)
  [trace step 590] block 2: fast=179 medium=199 slow=134 | mean_alpha=0.2153 | mean_|grad|=0.000003 (n=1)
  [trace step 590] block 3: fast=180 medium=198 slow=134 | mean_alpha=0.2152 | mean_|grad|=0.000003 (n=1)
  [trace step 590] block 4: fast=179 medium=199 slow=134 | mean_alpha=0.2152 | mean_|grad|=0.000022 (n=1)
  [trace step 591] block 0: fast=178 medium=200 slow=134 | mean_alpha=0.2152 | mean_|grad|=0.000002 (n=1)
  [trace step 591] block 1: fast=178 medium=199 slow=135 | mean_alpha=0.2154 | mean_|grad|=0.000002 (n=1)
  [trace step 591] block 2: fast=179 medium=199 slow=134 | mean_alpha=0.2153 | mean_|grad|=0.000003 (n=1)
  [trace step 591] block 3: fast=180 medium=198 slow=134 | mean_alpha=0.2152 | mean_|grad|=0.000002 (n=1)
  [trace step 591] block 4: fast=179 medium=199 slow=134 | mean_alpha=0.2152 | mean_|grad|=0.000016 (n=1)
  [trace step 592] block 0: fast=178 medium=200 slow=134 | mean_alpha=0.2152 | mean_|grad|=0.000002 (n=1)
  [trace step 592] block 1: fast=178 medium=199 slow=135 | mean_alpha=0.2154 | mean_|grad|=0.000003 (n=1)
  [trace step 592] block 2: fast=179 medium=199 slow=134 | mean_alpha=0.2153 | mean_|grad|=0.000003 (n=1)
  [trace step 592] block 3: fast=180 medium=198 slow=134 | mean_alpha=0.2152 | mean_|grad|=0.000003 (n=1)
  [trace step 592] block 4: fast=179 medium=199 slow=134 | mean_alpha=0.2152 | mean_|grad|=0.000013 (n=1)
  [trace step 593] block 0: fast=178 medium=200 slow=134 | mean_alpha=0.2152 | mean_|grad|=0.000002 (n=1)
  [trace step 593] block 1: fast=178 medium=199 slow=135 | mean_alpha=0.2154 | mean_|grad|=0.000002 (n=1)
  [trace step 593] block 2: fast=179 medium=199 slow=134 | mean_alpha=0.2153 | mean_|grad|=0.000003 (n=1)
  [trace step 593] block 3: fast=180 medium=198 slow=134 | mean_alpha=0.2152 | mean_|grad|=0.000003 (n=1)
  [trace step 593] block 4: fast=179 medium=199 slow=134 | mean_alpha=0.2152 | mean_|grad|=0.000020 (n=1)
  [trace step 594] block 0: fast=178 medium=200 slow=134 | mean_alpha=0.2152 | mean_|grad|=0.000002 (n=1)
  [trace step 594] block 1: fast=178 medium=199 slow=135 | mean_alpha=0.2154 | mean_|grad|=0.000002 (n=1)
  [trace step 594] block 2: fast=179 medium=199 slow=134 | mean_alpha=0.2153 | mean_|grad|=0.000002 (n=1)
  [trace step 594] block 3: fast=180 medium=198 slow=134 | mean_alpha=0.2152 | mean_|grad|=0.000003 (n=1)
  [trace step 594] block 4: fast=179 medium=199 slow=134 | mean_alpha=0.2152 | mean_|grad|=0.000014 (n=1)
  [trace step 595] block 0: fast=178 medium=200 slow=134 | mean_alpha=0.2152 | mean_|grad|=0.000002 (n=1)
  [trace step 595] block 1: fast=178 medium=199 slow=135 | mean_alpha=0.2154 | mean_|grad|=0.000002 (n=1)
  [trace step 595] block 2: fast=179 medium=199 slow=134 | mean_alpha=0.2153 | mean_|grad|=0.000003 (n=1)
  [trace step 595] block 3: fast=180 medium=198 slow=134 | mean_alpha=0.2152 | mean_|grad|=0.000003 (n=1)
  [trace step 595] block 4: fast=179 medium=199 slow=134 | mean_alpha=0.2152 | mean_|grad|=0.000012 (n=1)
  [trace step 596] block 0: fast=178 medium=200 slow=134 | mean_alpha=0.2152 | mean_|grad|=0.000002 (n=1)
  [trace step 596] block 1: fast=178 medium=199 slow=135 | mean_alpha=0.2154 | mean_|grad|=0.000002 (n=1)
  [trace step 596] block 2: fast=179 medium=199 slow=134 | mean_alpha=0.2153 | mean_|grad|=0.000002 (n=1)
  [trace step 596] block 3: fast=180 medium=198 slow=134 | mean_alpha=0.2152 | mean_|grad|=0.000003 (n=1)
  [trace step 596] block 4: fast=179 medium=199 slow=134 | mean_alpha=0.2152 | mean_|grad|=0.000015 (n=1)
  [trace step 597] block 0: fast=178 medium=200 slow=134 | mean_alpha=0.2152 | mean_|grad|=0.000002 (n=1)
  [trace step 597] block 1: fast=178 medium=199 slow=135 | mean_alpha=0.2154 | mean_|grad|=0.000002 (n=1)
  [trace step 597] block 2: fast=179 medium=199 slow=134 | mean_alpha=0.2153 | mean_|grad|=0.000002 (n=1)
  [trace step 597] block 3: fast=180 medium=198 slow=134 | mean_alpha=0.2152 | mean_|grad|=0.000002 (n=1)
  [trace step 597] block 4: fast=179 medium=199 slow=134 | mean_alpha=0.2152 | mean_|grad|=0.000019 (n=1)
  [trace step 598] block 0: fast=178 medium=200 slow=134 | mean_alpha=0.2152 | mean_|grad|=0.000003 (n=1)
  [trace step 598] block 1: fast=178 medium=199 slow=135 | mean_alpha=0.2154 | mean_|grad|=0.000003 (n=1)
  [trace step 598] block 2: fast=179 medium=199 slow=134 | mean_alpha=0.2153 | mean_|grad|=0.000003 (n=1)
  [trace step 598] block 3: fast=180 medium=198 slow=134 | mean_alpha=0.2152 | mean_|grad|=0.000003 (n=1)
  [trace step 598] block 4: fast=179 medium=199 slow=134 | mean_alpha=0.2152 | mean_|grad|=0.000014 (n=1)
  [trace step 599] block 0: fast=178 medium=200 slow=134 | mean_alpha=0.2152 | mean_|grad|=0.000003 (n=1)
  [trace step 599] block 1: fast=178 medium=199 slow=135 | mean_alpha=0.2154 | mean_|grad|=0.000003 (n=1)
  [trace step 599] block 2: fast=179 medium=199 slow=134 | mean_alpha=0.2153 | mean_|grad|=0.000003 (n=1)
  [trace step 599] block 3: fast=180 medium=198 slow=134 | mean_alpha=0.2152 | mean_|grad|=0.000003 (n=1)
  [trace step 599] block 4: fast=179 medium=199 slow=134 | mean_alpha=0.2152 | mean_|grad|=0.000020 (n=1)
  [trace step 600] block 0: fast=178 medium=200 slow=134 | mean_alpha=0.2152 | mean_|grad|=0.000003 (n=1)
  [trace step 600] block 1: fast=178 medium=199 slow=135 | mean_alpha=0.2154 | mean_|grad|=0.000002 (n=1)
  [trace step 600] block 2: fast=179 medium=199 slow=134 | mean_alpha=0.2153 | mean_|grad|=0.000003 (n=1)
  [trace step 600] block 3: fast=180 medium=198 slow=134 | mean_alpha=0.2152 | mean_|grad|=0.000003 (n=1)
  [trace step 600] block 4: fast=179 medium=199 slow=134 | mean_alpha=0.2152 | mean_|grad|=0.000019 (n=1)
  [r2c trace step 600] block 0: z mean=1.0317 s mean=0.7504 min=0.7426 max=0.7584 closed=0/512 open=0/512 | mean|s*read|=0.274506 | mean|g| ar=6.64e-6 ib=5.81e-6 z=2.59e-6 (n=50)
  [r2c trace step 600] block 1: z mean=1.0235 s mean=0.7489 min=0.7432 max=0.7552 closed=0/512 open=0/512 | mean|s*read|=0.743244 | mean|g| ar=9.89e-6 ib=7.21e-6 z=1.68e-7 (n=50)
  [r2c trace step 600] block 2: z mean=1.0209 s mean=0.7484 min=0.7426 max=0.7543 closed=0/512 open=0/512 | mean|s*read|=0.946148 | mean|g| ar=1.15e-5 ib=6.83e-6 z=2.65e-7 (n=50)
  [r2c trace step 600] block 3: z mean=1.0201 s mean=0.7482 min=0.7419 max=0.7536 closed=0/512 open=0/512 | mean|s*read|=1.219975 | mean|g| ar=1.27e-5 ib=7.09e-6 z=2.54e-7 (n=50)
  [r2c trace step 600] block 4: z mean=1.0201 s mean=0.7482 min=0.7414 max=0.7539 closed=0/512 open=0/512 | mean|s*read|=1.708345 | mean|g| ar=2.16e-5 ib=1.12e-5 z=4.65e-7 (n=50)
  [trace step 601] block 0: fast=178 medium=200 slow=134 | mean_alpha=0.2152 | mean_|grad|=0.000002 (n=1)
  [trace step 601] block 1: fast=178 medium=199 slow=135 | mean_alpha=0.2154 | mean_|grad|=0.000003 (n=1)
  [trace step 601] block 2: fast=179 medium=199 slow=134 | mean_alpha=0.2153 | mean_|grad|=0.000002 (n=1)
  [trace step 601] block 3: fast=180 medium=198 slow=134 | mean_alpha=0.2152 | mean_|grad|=0.000003 (n=1)
  [trace step 601] block 4: fast=179 medium=199 slow=134 | mean_alpha=0.2152 | mean_|grad|=0.000019 (n=1)
  [trace step 602] block 0: fast=178 medium=200 slow=134 | mean_alpha=0.2152 | mean_|grad|=0.000002 (n=1)
  [trace step 602] block 1: fast=178 medium=199 slow=135 | mean_alpha=0.2154 | mean_|grad|=0.000002 (n=1)
  [trace step 602] block 2: fast=179 medium=199 slow=134 | mean_alpha=0.2153 | mean_|grad|=0.000002 (n=1)
  [trace step 602] block 3: fast=180 medium=198 slow=134 | mean_alpha=0.2153 | mean_|grad|=0.000003 (n=1)
  [trace step 602] block 4: fast=179 medium=199 slow=134 | mean_alpha=0.2152 | mean_|grad|=0.000024 (n=1)
  [trace step 603] block 0: fast=178 medium=200 slow=134 | mean_alpha=0.2152 | mean_|grad|=0.000002 (n=1)
  [trace step 603] block 1: fast=178 medium=199 slow=135 | mean_alpha=0.2154 | mean_|grad|=0.000003 (n=1)
  [trace step 603] block 2: fast=179 medium=199 slow=134 | mean_alpha=0.2153 | mean_|grad|=0.000002 (n=1)
  [trace step 603] block 3: fast=180 medium=198 slow=134 | mean_alpha=0.2153 | mean_|grad|=0.000003 (n=1)
  [trace step 603] block 4: fast=179 medium=199 slow=134 | mean_alpha=0.2152 | mean_|grad|=0.000011 (n=1)
  [trace step 604] block 0: fast=178 medium=200 slow=134 | mean_alpha=0.2152 | mean_|grad|=0.000003 (n=1)
  [trace step 604] block 1: fast=178 medium=199 slow=135 | mean_alpha=0.2154 | mean_|grad|=0.000003 (n=1)
  [trace step 604] block 2: fast=179 medium=199 slow=134 | mean_alpha=0.2153 | mean_|grad|=0.000003 (n=1)
  [trace step 604] block 3: fast=180 medium=198 slow=134 | mean_alpha=0.2153 | mean_|grad|=0.000003 (n=1)
  [trace step 604] block 4: fast=179 medium=199 slow=134 | mean_alpha=0.2152 | mean_|grad|=0.000008 (n=1)
  [trace step 605] block 0: fast=178 medium=200 slow=134 | mean_alpha=0.2152 | mean_|grad|=0.000002 (n=1)
  [trace step 605] block 1: fast=178 medium=199 slow=135 | mean_alpha=0.2154 | mean_|grad|=0.000002 (n=1)
  [trace step 605] block 2: fast=179 medium=199 slow=134 | mean_alpha=0.2153 | mean_|grad|=0.000003 (n=1)
  [trace step 605] block 3: fast=180 medium=198 slow=134 | mean_alpha=0.2153 | mean_|grad|=0.000003 (n=1)
  [trace step 605] block 4: fast=179 medium=199 slow=134 | mean_alpha=0.2152 | mean_|grad|=0.000013 (n=1)
  [trace step 606] block 0: fast=178 medium=200 slow=134 | mean_alpha=0.2152 | mean_|grad|=0.000002 (n=1)
  [trace step 606] block 1: fast=178 medium=199 slow=135 | mean_alpha=0.2154 | mean_|grad|=0.000002 (n=1)
  [trace step 606] block 2: fast=179 medium=199 slow=134 | mean_alpha=0.2153 | mean_|grad|=0.000003 (n=1)
  [trace step 606] block 3: fast=180 medium=198 slow=134 | mean_alpha=0.2153 | mean_|grad|=0.000003 (n=1)
  [trace step 606] block 4: fast=179 medium=199 slow=134 | mean_alpha=0.2152 | mean_|grad|=0.000015 (n=1)
  [trace step 607] block 0: fast=178 medium=200 slow=134 | mean_alpha=0.2152 | mean_|grad|=0.000003 (n=1)
  [trace step 607] block 1: fast=178 medium=199 slow=135 | mean_alpha=0.2154 | mean_|grad|=0.000003 (n=1)
  [trace step 607] block 2: fast=179 medium=199 slow=134 | mean_alpha=0.2153 | mean_|grad|=0.000003 (n=1)
  [trace step 607] block 3: fast=180 medium=198 slow=134 | mean_alpha=0.2153 | mean_|grad|=0.000003 (n=1)
  [trace step 607] block 4: fast=179 medium=199 slow=134 | mean_alpha=0.2152 | mean_|grad|=0.000016 (n=1)
  [trace step 608] block 0: fast=178 medium=200 slow=134 | mean_alpha=0.2152 | mean_|grad|=0.000002 (n=1)
  [trace step 608] block 1: fast=178 medium=199 slow=135 | mean_alpha=0.2154 | mean_|grad|=0.000002 (n=1)
  [trace step 608] block 2: fast=179 medium=199 slow=134 | mean_alpha=0.2153 | mean_|grad|=0.000002 (n=1)
  [trace step 608] block 3: fast=180 medium=198 slow=134 | mean_alpha=0.2153 | mean_|grad|=0.000003 (n=1)
  [trace step 608] block 4: fast=179 medium=199 slow=134 | mean_alpha=0.2152 | mean_|grad|=0.000015 (n=1)
  [trace step 609] block 0: fast=178 medium=200 slow=134 | mean_alpha=0.2152 | mean_|grad|=0.000002 (n=1)
  [trace step 609] block 1: fast=178 medium=199 slow=135 | mean_alpha=0.2154 | mean_|grad|=0.000003 (n=1)
  [trace step 609] block 2: fast=179 medium=199 slow=134 | mean_alpha=0.2153 | mean_|grad|=0.000003 (n=1)
  [trace step 609] block 3: fast=180 medium=198 slow=134 | mean_alpha=0.2153 | mean_|grad|=0.000003 (n=1)
  [trace step 609] block 4: fast=179 medium=199 slow=134 | mean_alpha=0.2152 | mean_|grad|=0.000027 (n=1)
  [trace step 610] block 0: fast=178 medium=200 slow=134 | mean_alpha=0.2152 | mean_|grad|=0.000002 (n=1)
  [trace step 610] block 1: fast=178 medium=199 slow=135 | mean_alpha=0.2154 | mean_|grad|=0.000003 (n=1)
  [trace step 610] block 2: fast=179 medium=199 slow=134 | mean_alpha=0.2153 | mean_|grad|=0.000002 (n=1)
  [trace step 610] block 3: fast=180 medium=198 slow=134 | mean_alpha=0.2153 | mean_|grad|=0.000003 (n=1)
  [trace step 610] block 4: fast=179 medium=199 slow=134 | mean_alpha=0.2152 | mean_|grad|=0.000023 (n=1)
  [trace step 611] block 0: fast=178 medium=200 slow=134 | mean_alpha=0.2152 | mean_|grad|=0.000002 (n=1)
  [trace step 611] block 1: fast=178 medium=199 slow=135 | mean_alpha=0.2154 | mean_|grad|=0.000002 (n=1)
  [trace step 611] block 2: fast=179 medium=199 slow=134 | mean_alpha=0.2153 | mean_|grad|=0.000003 (n=1)
  [trace step 611] block 3: fast=180 medium=198 slow=134 | mean_alpha=0.2153 | mean_|grad|=0.000003 (n=1)
  [trace step 611] block 4: fast=179 medium=199 slow=134 | mean_alpha=0.2152 | mean_|grad|=0.000013 (n=1)
  [trace step 612] block 0: fast=178 medium=200 slow=134 | mean_alpha=0.2152 | mean_|grad|=0.000003 (n=1)
  [trace step 612] block 1: fast=178 medium=199 slow=135 | mean_alpha=0.2154 | mean_|grad|=0.000002 (n=1)
  [trace step 612] block 2: fast=179 medium=199 slow=134 | mean_alpha=0.2153 | mean_|grad|=0.000002 (n=1)
  [trace step 612] block 3: fast=180 medium=198 slow=134 | mean_alpha=0.2153 | mean_|grad|=0.000003 (n=1)
  [trace step 612] block 4: fast=179 medium=199 slow=134 | mean_alpha=0.2152 | mean_|grad|=0.000021 (n=1)
  [trace step 613] block 0: fast=178 medium=200 slow=134 | mean_alpha=0.2152 | mean_|grad|=0.000006 (n=1)
  [trace step 613] block 1: fast=178 medium=199 slow=135 | mean_alpha=0.2154 | mean_|grad|=0.000006 (n=1)
  [trace step 613] block 2: fast=179 medium=199 slow=134 | mean_alpha=0.2153 | mean_|grad|=0.000005 (n=1)
  [trace step 613] block 3: fast=180 medium=198 slow=134 | mean_alpha=0.2153 | mean_|grad|=0.000006 (n=1)
  [trace step 613] block 4: fast=179 medium=199 slow=134 | mean_alpha=0.2152 | mean_|grad|=0.000030 (n=1)
  [trace step 614] block 0: fast=178 medium=200 slow=134 | mean_alpha=0.2152 | mean_|grad|=0.000002 (n=1)
  [trace step 614] block 1: fast=178 medium=199 slow=135 | mean_alpha=0.2154 | mean_|grad|=0.000002 (n=1)
  [trace step 614] block 2: fast=179 medium=199 slow=134 | mean_alpha=0.2153 | mean_|grad|=0.000002 (n=1)
  [trace step 614] block 3: fast=180 medium=198 slow=134 | mean_alpha=0.2153 | mean_|grad|=0.000003 (n=1)
  [trace step 614] block 4: fast=179 medium=199 slow=134 | mean_alpha=0.2152 | mean_|grad|=0.000015 (n=1)
  [trace step 615] block 0: fast=178 medium=200 slow=134 | mean_alpha=0.2152 | mean_|grad|=0.000002 (n=1)
  [trace step 615] block 1: fast=178 medium=199 slow=135 | mean_alpha=0.2154 | mean_|grad|=0.000003 (n=1)
  [trace step 615] block 2: fast=179 medium=199 slow=134 | mean_alpha=0.2153 | mean_|grad|=0.000003 (n=1)
  [trace step 615] block 3: fast=180 medium=198 slow=134 | mean_alpha=0.2153 | mean_|grad|=0.000003 (n=1)
  [trace step 615] block 4: fast=179 medium=199 slow=134 | mean_alpha=0.2152 | mean_|grad|=0.000014 (n=1)
  [trace step 616] block 0: fast=178 medium=200 slow=134 | mean_alpha=0.2152 | mean_|grad|=0.000003 (n=1)
  [trace step 616] block 1: fast=178 medium=199 slow=135 | mean_alpha=0.2154 | mean_|grad|=0.000003 (n=1)
  [trace step 616] block 2: fast=179 medium=199 slow=134 | mean_alpha=0.2153 | mean_|grad|=0.000003 (n=1)
  [trace step 616] block 3: fast=180 medium=198 slow=134 | mean_alpha=0.2153 | mean_|grad|=0.000003 (n=1)
  [trace step 616] block 4: fast=179 medium=199 slow=134 | mean_alpha=0.2152 | mean_|grad|=0.000016 (n=1)
  [trace step 617] block 0: fast=178 medium=200 slow=134 | mean_alpha=0.2152 | mean_|grad|=0.000002 (n=1)
  [trace step 617] block 1: fast=178 medium=199 slow=135 | mean_alpha=0.2154 | mean_|grad|=0.000002 (n=1)
  [trace step 617] block 2: fast=179 medium=199 slow=134 | mean_alpha=0.2153 | mean_|grad|=0.000003 (n=1)
  [trace step 617] block 3: fast=180 medium=198 slow=134 | mean_alpha=0.2153 | mean_|grad|=0.000003 (n=1)
  [trace step 617] block 4: fast=179 medium=199 slow=134 | mean_alpha=0.2152 | mean_|grad|=0.000022 (n=1)
  [trace step 618] block 0: fast=178 medium=200 slow=134 | mean_alpha=0.2152 | mean_|grad|=0.000002 (n=1)
  [trace step 618] block 1: fast=178 medium=199 slow=135 | mean_alpha=0.2154 | mean_|grad|=0.000003 (n=1)
  [trace step 618] block 2: fast=179 medium=199 slow=134 | mean_alpha=0.2153 | mean_|grad|=0.000003 (n=1)
  [trace step 618] block 3: fast=180 medium=198 slow=134 | mean_alpha=0.2153 | mean_|grad|=0.000003 (n=1)
  [trace step 618] block 4: fast=179 medium=199 slow=134 | mean_alpha=0.2152 | mean_|grad|=0.000018 (n=1)
  [trace step 619] block 0: fast=178 medium=200 slow=134 | mean_alpha=0.2152 | mean_|grad|=0.000002 (n=1)
  [trace step 619] block 1: fast=178 medium=199 slow=135 | mean_alpha=0.2154 | mean_|grad|=0.000002 (n=1)
  [trace step 619] block 2: fast=179 medium=199 slow=134 | mean_alpha=0.2153 | mean_|grad|=0.000003 (n=1)
  [trace step 619] block 3: fast=180 medium=198 slow=134 | mean_alpha=0.2153 | mean_|grad|=0.000003 (n=1)
  [trace step 619] block 4: fast=179 medium=199 slow=134 | mean_alpha=0.2152 | mean_|grad|=0.000036 (n=1)
  [trace step 620] block 0: fast=178 medium=200 slow=134 | mean_alpha=0.2152 | mean_|grad|=0.000004 (n=1)
  [trace step 620] block 1: fast=178 medium=199 slow=135 | mean_alpha=0.2154 | mean_|grad|=0.000004 (n=1)
  [trace step 620] block 2: fast=179 medium=199 slow=134 | mean_alpha=0.2153 | mean_|grad|=0.000003 (n=1)
  [trace step 620] block 3: fast=180 medium=198 slow=134 | mean_alpha=0.2153 | mean_|grad|=0.000004 (n=1)
  [trace step 620] block 4: fast=179 medium=199 slow=134 | mean_alpha=0.2152 | mean_|grad|=0.000019 (n=1)
  [trace step 621] block 0: fast=178 medium=200 slow=134 | mean_alpha=0.2152 | mean_|grad|=0.000002 (n=1)
  [trace step 621] block 1: fast=178 medium=199 slow=135 | mean_alpha=0.2154 | mean_|grad|=0.000003 (n=1)
  [trace step 621] block 2: fast=179 medium=199 slow=134 | mean_alpha=0.2153 | mean_|grad|=0.000003 (n=1)
  [trace step 621] block 3: fast=180 medium=198 slow=134 | mean_alpha=0.2153 | mean_|grad|=0.000003 (n=1)
  [trace step 621] block 4: fast=179 medium=199 slow=134 | mean_alpha=0.2152 | mean_|grad|=0.000030 (n=1)
  [trace step 622] block 0: fast=178 medium=200 slow=134 | mean_alpha=0.2152 | mean_|grad|=0.000003 (n=1)
  [trace step 622] block 1: fast=178 medium=199 slow=135 | mean_alpha=0.2154 | mean_|grad|=0.000002 (n=1)
  [trace step 622] block 2: fast=179 medium=199 slow=134 | mean_alpha=0.2153 | mean_|grad|=0.000003 (n=1)
  [trace step 622] block 3: fast=180 medium=198 slow=134 | mean_alpha=0.2153 | mean_|grad|=0.000003 (n=1)
  [trace step 622] block 4: fast=179 medium=199 slow=134 | mean_alpha=0.2152 | mean_|grad|=0.000017 (n=1)
  [trace step 623] block 0: fast=178 medium=200 slow=134 | mean_alpha=0.2152 | mean_|grad|=0.000002 (n=1)
  [trace step 623] block 1: fast=178 medium=199 slow=135 | mean_alpha=0.2154 | mean_|grad|=0.000003 (n=1)
  [trace step 623] block 2: fast=179 medium=199 slow=134 | mean_alpha=0.2153 | mean_|grad|=0.000002 (n=1)
  [trace step 623] block 3: fast=180 medium=198 slow=134 | mean_alpha=0.2153 | mean_|grad|=0.000002 (n=1)
  [trace step 623] block 4: fast=179 medium=199 slow=134 | mean_alpha=0.2152 | mean_|grad|=0.000009 (n=1)
  [trace step 624] block 0: fast=178 medium=200 slow=134 | mean_alpha=0.2152 | mean_|grad|=0.000003 (n=1)
  [trace step 624] block 1: fast=178 medium=199 slow=135 | mean_alpha=0.2154 | mean_|grad|=0.000002 (n=1)
  [trace step 624] block 2: fast=179 medium=199 slow=134 | mean_alpha=0.2153 | mean_|grad|=0.000003 (n=1)
  [trace step 624] block 3: fast=180 medium=198 slow=134 | mean_alpha=0.2153 | mean_|grad|=0.000003 (n=1)
  [trace step 624] block 4: fast=179 medium=199 slow=134 | mean_alpha=0.2152 | mean_|grad|=0.000023 (n=1)
  [trace step 625] block 0: fast=178 medium=200 slow=134 | mean_alpha=0.2152 | mean_|grad|=0.000002 (n=1)
  [trace step 625] block 1: fast=178 medium=199 slow=135 | mean_alpha=0.2154 | mean_|grad|=0.000003 (n=1)
  [trace step 625] block 2: fast=179 medium=199 slow=134 | mean_alpha=0.2153 | mean_|grad|=0.000003 (n=1)
  [trace step 625] block 3: fast=180 medium=198 slow=134 | mean_alpha=0.2153 | mean_|grad|=0.000003 (n=1)
  [trace step 625] block 4: fast=179 medium=199 slow=134 | mean_alpha=0.2152 | mean_|grad|=0.000019 (n=1)
  [trace step 626] block 0: fast=178 medium=200 slow=134 | mean_alpha=0.2152 | mean_|grad|=0.000002 (n=1)
  [trace step 626] block 1: fast=178 medium=199 slow=135 | mean_alpha=0.2154 | mean_|grad|=0.000002 (n=1)
  [trace step 626] block 2: fast=179 medium=199 slow=134 | mean_alpha=0.2153 | mean_|grad|=0.000002 (n=1)
  [trace step 626] block 3: fast=180 medium=198 slow=134 | mean_alpha=0.2153 | mean_|grad|=0.000003 (n=1)
  [trace step 626] block 4: fast=179 medium=199 slow=134 | mean_alpha=0.2152 | mean_|grad|=0.000014 (n=1)
  [trace step 627] block 0: fast=178 medium=200 slow=134 | mean_alpha=0.2152 | mean_|grad|=0.000002 (n=1)
  [trace step 627] block 1: fast=178 medium=199 slow=135 | mean_alpha=0.2154 | mean_|grad|=0.000003 (n=1)
  [trace step 627] block 2: fast=179 medium=199 slow=134 | mean_alpha=0.2153 | mean_|grad|=0.000002 (n=1)
  [trace step 627] block 3: fast=180 medium=198 slow=134 | mean_alpha=0.2153 | mean_|grad|=0.000003 (n=1)
  [trace step 627] block 4: fast=179 medium=199 slow=134 | mean_alpha=0.2152 | mean_|grad|=0.000021 (n=1)
  [trace step 628] block 0: fast=178 medium=200 slow=134 | mean_alpha=0.2152 | mean_|grad|=0.000002 (n=1)
  [trace step 628] block 1: fast=178 medium=199 slow=135 | mean_alpha=0.2155 | mean_|grad|=0.000002 (n=1)
  [trace step 628] block 2: fast=179 medium=199 slow=134 | mean_alpha=0.2153 | mean_|grad|=0.000002 (n=1)
  [trace step 628] block 3: fast=180 medium=198 slow=134 | mean_alpha=0.2153 | mean_|grad|=0.000002 (n=1)
  [trace step 628] block 4: fast=179 medium=199 slow=134 | mean_alpha=0.2152 | mean_|grad|=0.000012 (n=1)
  [trace step 629] block 0: fast=178 medium=200 slow=134 | mean_alpha=0.2152 | mean_|grad|=0.000002 (n=1)
  [trace step 629] block 1: fast=178 medium=199 slow=135 | mean_alpha=0.2155 | mean_|grad|=0.000002 (n=1)
  [trace step 629] block 2: fast=179 medium=199 slow=134 | mean_alpha=0.2153 | mean_|grad|=0.000002 (n=1)
  [trace step 629] block 3: fast=180 medium=198 slow=134 | mean_alpha=0.2153 | mean_|grad|=0.000003 (n=1)
  [trace step 629] block 4: fast=179 medium=199 slow=134 | mean_alpha=0.2152 | mean_|grad|=0.000023 (n=1)
  [trace step 630] block 0: fast=178 medium=200 slow=134 | mean_alpha=0.2152 | mean_|grad|=0.000002 (n=1)
  [trace step 630] block 1: fast=178 medium=199 slow=135 | mean_alpha=0.2155 | mean_|grad|=0.000002 (n=1)
  [trace step 630] block 2: fast=179 medium=199 slow=134 | mean_alpha=0.2153 | mean_|grad|=0.000002 (n=1)
  [trace step 630] block 3: fast=180 medium=198 slow=134 | mean_alpha=0.2153 | mean_|grad|=0.000003 (n=1)
  [trace step 630] block 4: fast=179 medium=199 slow=134 | mean_alpha=0.2152 | mean_|grad|=0.000026 (n=1)
  [trace step 631] block 0: fast=178 medium=200 slow=134 | mean_alpha=0.2152 | mean_|grad|=0.000002 (n=1)
  [trace step 631] block 1: fast=178 medium=199 slow=135 | mean_alpha=0.2155 | mean_|grad|=0.000002 (n=1)
  [trace step 631] block 2: fast=179 medium=199 slow=134 | mean_alpha=0.2153 | mean_|grad|=0.000002 (n=1)
  [trace step 631] block 3: fast=180 medium=198 slow=134 | mean_alpha=0.2153 | mean_|grad|=0.000003 (n=1)
  [trace step 631] block 4: fast=179 medium=199 slow=134 | mean_alpha=0.2152 | mean_|grad|=0.000016 (n=1)
  [trace step 632] block 0: fast=178 medium=200 slow=134 | mean_alpha=0.2152 | mean_|grad|=0.000002 (n=1)
  [trace step 632] block 1: fast=178 medium=199 slow=135 | mean_alpha=0.2155 | mean_|grad|=0.000003 (n=1)
  [trace step 632] block 2: fast=179 medium=199 slow=134 | mean_alpha=0.2153 | mean_|grad|=0.000002 (n=1)
  [trace step 632] block 3: fast=180 medium=198 slow=134 | mean_alpha=0.2153 | mean_|grad|=0.000003 (n=1)
  [trace step 632] block 4: fast=179 medium=199 slow=134 | mean_alpha=0.2152 | mean_|grad|=0.000020 (n=1)
  [trace step 633] block 0: fast=178 medium=200 slow=134 | mean_alpha=0.2152 | mean_|grad|=0.000002 (n=1)
  [trace step 633] block 1: fast=178 medium=199 slow=135 | mean_alpha=0.2155 | mean_|grad|=0.000002 (n=1)
  [trace step 633] block 2: fast=179 medium=199 slow=134 | mean_alpha=0.2153 | mean_|grad|=0.000002 (n=1)
  [trace step 633] block 3: fast=180 medium=198 slow=134 | mean_alpha=0.2153 | mean_|grad|=0.000003 (n=1)
  [trace step 633] block 4: fast=179 medium=199 slow=134 | mean_alpha=0.2152 | mean_|grad|=0.000014 (n=1)
  [trace step 634] block 0: fast=178 medium=200 slow=134 | mean_alpha=0.2152 | mean_|grad|=0.000002 (n=1)
  [trace step 634] block 1: fast=178 medium=199 slow=135 | mean_alpha=0.2155 | mean_|grad|=0.000003 (n=1)
  [trace step 634] block 2: fast=179 medium=199 slow=134 | mean_alpha=0.2153 | mean_|grad|=0.000003 (n=1)
  [trace step 634] block 3: fast=180 medium=198 slow=134 | mean_alpha=0.2153 | mean_|grad|=0.000003 (n=1)
  [trace step 634] block 4: fast=179 medium=199 slow=134 | mean_alpha=0.2152 | mean_|grad|=0.000018 (n=1)
  [trace step 635] block 0: fast=178 medium=200 slow=134 | mean_alpha=0.2152 | mean_|grad|=0.000002 (n=1)
  [trace step 635] block 1: fast=178 medium=199 slow=135 | mean_alpha=0.2155 | mean_|grad|=0.000002 (n=1)
  [trace step 635] block 2: fast=179 medium=199 slow=134 | mean_alpha=0.2153 | mean_|grad|=0.000002 (n=1)
  [trace step 635] block 3: fast=180 medium=198 slow=134 | mean_alpha=0.2153 | mean_|grad|=0.000003 (n=1)
  [trace step 635] block 4: fast=179 medium=199 slow=134 | mean_alpha=0.2152 | mean_|grad|=0.000020 (n=1)
  [trace step 636] block 0: fast=178 medium=200 slow=134 | mean_alpha=0.2152 | mean_|grad|=0.000002 (n=1)
  [trace step 636] block 1: fast=178 medium=199 slow=135 | mean_alpha=0.2155 | mean_|grad|=0.000002 (n=1)
  [trace step 636] block 2: fast=179 medium=199 slow=134 | mean_alpha=0.2153 | mean_|grad|=0.000002 (n=1)
  [trace step 636] block 3: fast=180 medium=198 slow=134 | mean_alpha=0.2153 | mean_|grad|=0.000003 (n=1)
  [trace step 636] block 4: fast=179 medium=199 slow=134 | mean_alpha=0.2152 | mean_|grad|=0.000018 (n=1)
  [trace step 637] block 0: fast=178 medium=200 slow=134 | mean_alpha=0.2152 | mean_|grad|=0.000002 (n=1)
  [trace step 637] block 1: fast=178 medium=199 slow=135 | mean_alpha=0.2155 | mean_|grad|=0.000002 (n=1)
  [trace step 637] block 2: fast=179 medium=199 slow=134 | mean_alpha=0.2153 | mean_|grad|=0.000002 (n=1)
  [trace step 637] block 3: fast=180 medium=198 slow=134 | mean_alpha=0.2153 | mean_|grad|=0.000002 (n=1)
  [trace step 637] block 4: fast=179 medium=199 slow=134 | mean_alpha=0.2152 | mean_|grad|=0.000013 (n=1)
  [trace step 638] block 0: fast=178 medium=200 slow=134 | mean_alpha=0.2152 | mean_|grad|=0.000002 (n=1)
  [trace step 638] block 1: fast=178 medium=199 slow=135 | mean_alpha=0.2155 | mean_|grad|=0.000002 (n=1)
  [trace step 638] block 2: fast=179 medium=199 slow=134 | mean_alpha=0.2153 | mean_|grad|=0.000002 (n=1)
  [trace step 638] block 3: fast=180 medium=198 slow=134 | mean_alpha=0.2153 | mean_|grad|=0.000002 (n=1)
  [trace step 638] block 4: fast=179 medium=199 slow=134 | mean_alpha=0.2152 | mean_|grad|=0.000020 (n=1)
  [trace step 639] block 0: fast=178 medium=200 slow=134 | mean_alpha=0.2152 | mean_|grad|=0.000002 (n=1)
  [trace step 639] block 1: fast=178 medium=199 slow=135 | mean_alpha=0.2155 | mean_|grad|=0.000002 (n=1)
  [trace step 639] block 2: fast=179 medium=199 slow=134 | mean_alpha=0.2153 | mean_|grad|=0.000003 (n=1)
  [trace step 639] block 3: fast=180 medium=198 slow=134 | mean_alpha=0.2153 | mean_|grad|=0.000003 (n=1)
  [trace step 639] block 4: fast=179 medium=199 slow=134 | mean_alpha=0.2152 | mean_|grad|=0.000012 (n=1)
  [trace step 640] block 0: fast=178 medium=200 slow=134 | mean_alpha=0.2152 | mean_|grad|=0.000002 (n=1)
  [trace step 640] block 1: fast=178 medium=199 slow=135 | mean_alpha=0.2155 | mean_|grad|=0.000002 (n=1)
  [trace step 640] block 2: fast=179 medium=199 slow=134 | mean_alpha=0.2153 | mean_|grad|=0.000002 (n=1)
  [trace step 640] block 3: fast=180 medium=198 slow=134 | mean_alpha=0.2153 | mean_|grad|=0.000003 (n=1)
  [trace step 640] block 4: fast=179 medium=199 slow=134 | mean_alpha=0.2152 | mean_|grad|=0.000008 (n=1)
  [trace step 641] block 0: fast=178 medium=200 slow=134 | mean_alpha=0.2152 | mean_|grad|=0.000002 (n=1)
  [trace step 641] block 1: fast=178 medium=199 slow=135 | mean_alpha=0.2155 | mean_|grad|=0.000002 (n=1)
  [trace step 641] block 2: fast=179 medium=199 slow=134 | mean_alpha=0.2153 | mean_|grad|=0.000002 (n=1)
  [trace step 641] block 3: fast=180 medium=198 slow=134 | mean_alpha=0.2153 | mean_|grad|=0.000003 (n=1)
  [trace step 641] block 4: fast=179 medium=199 slow=134 | mean_alpha=0.2152 | mean_|grad|=0.000008 (n=1)
  [trace step 642] block 0: fast=178 medium=200 slow=134 | mean_alpha=0.2152 | mean_|grad|=0.000002 (n=1)
  [trace step 642] block 1: fast=178 medium=199 slow=135 | mean_alpha=0.2155 | mean_|grad|=0.000002 (n=1)
  [trace step 642] block 2: fast=179 medium=199 slow=134 | mean_alpha=0.2153 | mean_|grad|=0.000002 (n=1)
  [trace step 642] block 3: fast=180 medium=198 slow=134 | mean_alpha=0.2153 | mean_|grad|=0.000002 (n=1)
  [trace step 642] block 4: fast=179 medium=199 slow=134 | mean_alpha=0.2152 | mean_|grad|=0.000016 (n=1)
  [trace step 643] block 0: fast=178 medium=200 slow=134 | mean_alpha=0.2152 | mean_|grad|=0.000002 (n=1)
  [trace step 643] block 1: fast=178 medium=199 slow=135 | mean_alpha=0.2155 | mean_|grad|=0.000002 (n=1)
  [trace step 643] block 2: fast=179 medium=199 slow=134 | mean_alpha=0.2154 | mean_|grad|=0.000002 (n=1)
  [trace step 643] block 3: fast=180 medium=198 slow=134 | mean_alpha=0.2153 | mean_|grad|=0.000002 (n=1)
  [trace step 643] block 4: fast=179 medium=199 slow=134 | mean_alpha=0.2152 | mean_|grad|=0.000011 (n=1)
  [trace step 644] block 0: fast=178 medium=200 slow=134 | mean_alpha=0.2152 | mean_|grad|=0.000002 (n=1)
  [trace step 644] block 1: fast=178 medium=199 slow=135 | mean_alpha=0.2155 | mean_|grad|=0.000002 (n=1)
  [trace step 644] block 2: fast=179 medium=199 slow=134 | mean_alpha=0.2154 | mean_|grad|=0.000002 (n=1)
  [trace step 644] block 3: fast=180 medium=198 slow=134 | mean_alpha=0.2153 | mean_|grad|=0.000002 (n=1)
  [trace step 644] block 4: fast=179 medium=199 slow=134 | mean_alpha=0.2152 | mean_|grad|=0.000016 (n=1)
  [trace step 645] block 0: fast=178 medium=200 slow=134 | mean_alpha=0.2152 | mean_|grad|=0.000002 (n=1)
  [trace step 645] block 1: fast=178 medium=199 slow=135 | mean_alpha=0.2155 | mean_|grad|=0.000002 (n=1)
  [trace step 645] block 2: fast=179 medium=199 slow=134 | mean_alpha=0.2154 | mean_|grad|=0.000002 (n=1)
  [trace step 645] block 3: fast=180 medium=198 slow=134 | mean_alpha=0.2153 | mean_|grad|=0.000003 (n=1)
  [trace step 645] block 4: fast=179 medium=199 slow=134 | mean_alpha=0.2152 | mean_|grad|=0.000014 (n=1)
  [trace step 646] block 0: fast=178 medium=200 slow=134 | mean_alpha=0.2152 | mean_|grad|=0.000002 (n=1)
  [trace step 646] block 1: fast=178 medium=199 slow=135 | mean_alpha=0.2155 | mean_|grad|=0.000002 (n=1)
  [trace step 646] block 2: fast=179 medium=199 slow=134 | mean_alpha=0.2154 | mean_|grad|=0.000002 (n=1)
  [trace step 646] block 3: fast=180 medium=198 slow=134 | mean_alpha=0.2153 | mean_|grad|=0.000002 (n=1)
  [trace step 646] block 4: fast=179 medium=199 slow=134 | mean_alpha=0.2152 | mean_|grad|=0.000028 (n=1)
  [trace step 647] block 0: fast=178 medium=200 slow=134 | mean_alpha=0.2152 | mean_|grad|=0.000002 (n=1)
  [trace step 647] block 1: fast=178 medium=199 slow=135 | mean_alpha=0.2155 | mean_|grad|=0.000003 (n=1)
  [trace step 647] block 2: fast=179 medium=199 slow=134 | mean_alpha=0.2154 | mean_|grad|=0.000002 (n=1)
  [trace step 647] block 3: fast=180 medium=198 slow=134 | mean_alpha=0.2153 | mean_|grad|=0.000002 (n=1)
  [trace step 647] block 4: fast=179 medium=199 slow=134 | mean_alpha=0.2152 | mean_|grad|=0.000016 (n=1)
  [trace step 648] block 0: fast=178 medium=200 slow=134 | mean_alpha=0.2152 | mean_|grad|=0.000002 (n=1)
  [trace step 648] block 1: fast=178 medium=199 slow=135 | mean_alpha=0.2155 | mean_|grad|=0.000002 (n=1)
  [trace step 648] block 2: fast=179 medium=199 slow=134 | mean_alpha=0.2154 | mean_|grad|=0.000002 (n=1)
  [trace step 648] block 3: fast=180 medium=198 slow=134 | mean_alpha=0.2153 | mean_|grad|=0.000002 (n=1)
  [trace step 648] block 4: fast=179 medium=199 slow=134 | mean_alpha=0.2152 | mean_|grad|=0.000010 (n=1)
  [trace step 649] block 0: fast=178 medium=200 slow=134 | mean_alpha=0.2152 | mean_|grad|=0.000002 (n=1)
  [trace step 649] block 1: fast=178 medium=199 slow=135 | mean_alpha=0.2155 | mean_|grad|=0.000002 (n=1)
  [trace step 649] block 2: fast=179 medium=199 slow=134 | mean_alpha=0.2154 | mean_|grad|=0.000002 (n=1)
  [trace step 649] block 3: fast=180 medium=198 slow=134 | mean_alpha=0.2153 | mean_|grad|=0.000003 (n=1)
  [trace step 649] block 4: fast=179 medium=199 slow=134 | mean_alpha=0.2152 | mean_|grad|=0.000010 (n=1)
  [trace step 650] block 0: fast=178 medium=200 slow=134 | mean_alpha=0.2152 | mean_|grad|=0.000002 (n=1)
  [trace step 650] block 1: fast=178 medium=199 slow=135 | mean_alpha=0.2155 | mean_|grad|=0.000002 (n=1)
  [trace step 650] block 2: fast=179 medium=199 slow=134 | mean_alpha=0.2154 | mean_|grad|=0.000002 (n=1)
  [trace step 650] block 3: fast=180 medium=198 slow=134 | mean_alpha=0.2153 | mean_|grad|=0.000003 (n=1)
  [trace step 650] block 4: fast=179 medium=199 slow=134 | mean_alpha=0.2152 | mean_|grad|=0.000019 (n=1)
  [r2c trace step 650] block 0: z mean=1.0317 s mean=0.7504 min=0.7425 max=0.7584 closed=0/512 open=0/512 | mean|s*read|=0.275006 | mean|g| ar=6.83e-6 ib=5.97e-6 z=1.98e-6 (n=50)
  [r2c trace step 650] block 1: z mean=1.0235 s mean=0.7489 min=0.7431 max=0.7552 closed=0/512 open=0/512 | mean|s*read|=0.745023 | mean|g| ar=9.27e-6 ib=6.99e-6 z=2.47e-7 (n=50)
  [r2c trace step 650] block 2: z mean=1.0208 s mean=0.7484 min=0.7426 max=0.7542 closed=0/512 open=0/512 | mean|s*read|=0.952826 | mean|g| ar=1.08e-5 ib=6.61e-6 z=2.81e-7 (n=50)
  [r2c trace step 650] block 3: z mean=1.0201 s mean=0.7482 min=0.7418 max=0.7536 closed=0/512 open=0/512 | mean|s*read|=1.233840 | mean|g| ar=1.22e-5 ib=6.65e-6 z=1.87e-7 (n=50)
  [r2c trace step 650] block 4: z mean=1.0201 s mean=0.7482 min=0.7410 max=0.7539 closed=0/512 open=0/512 | mean|s*read|=1.726671 | mean|g| ar=1.79e-5 ib=8.87e-6 z=3.35e-7 (n=50)
  [trace step 651] block 0: fast=178 medium=200 slow=134 | mean_alpha=0.2152 | mean_|grad|=0.000002 (n=1)
  [trace step 651] block 1: fast=178 medium=199 slow=135 | mean_alpha=0.2155 | mean_|grad|=0.000002 (n=1)
  [trace step 651] block 2: fast=179 medium=199 slow=134 | mean_alpha=0.2154 | mean_|grad|=0.000002 (n=1)
  [trace step 651] block 3: fast=180 medium=198 slow=134 | mean_alpha=0.2153 | mean_|grad|=0.000003 (n=1)
  [trace step 651] block 4: fast=179 medium=199 slow=134 | mean_alpha=0.2152 | mean_|grad|=0.000028 (n=1)
  [trace step 652] block 0: fast=178 medium=200 slow=134 | mean_alpha=0.2152 | mean_|grad|=0.000002 (n=1)
  [trace step 652] block 1: fast=178 medium=199 slow=135 | mean_alpha=0.2155 | mean_|grad|=0.000002 (n=1)
  [trace step 652] block 2: fast=179 medium=199 slow=134 | mean_alpha=0.2154 | mean_|grad|=0.000002 (n=1)
  [trace step 652] block 3: fast=180 medium=198 slow=134 | mean_alpha=0.2153 | mean_|grad|=0.000003 (n=1)
  [trace step 652] block 4: fast=179 medium=199 slow=134 | mean_alpha=0.2152 | mean_|grad|=0.000018 (n=1)
  [trace step 653] block 0: fast=178 medium=200 slow=134 | mean_alpha=0.2152 | mean_|grad|=0.000002 (n=1)
  [trace step 653] block 1: fast=178 medium=199 slow=135 | mean_alpha=0.2155 | mean_|grad|=0.000002 (n=1)
  [trace step 653] block 2: fast=179 medium=199 slow=134 | mean_alpha=0.2154 | mean_|grad|=0.000002 (n=1)
  [trace step 653] block 3: fast=180 medium=198 slow=134 | mean_alpha=0.2153 | mean_|grad|=0.000003 (n=1)
  [trace step 653] block 4: fast=179 medium=199 slow=134 | mean_alpha=0.2152 | mean_|grad|=0.000012 (n=1)
  [trace step 654] block 0: fast=178 medium=200 slow=134 | mean_alpha=0.2152 | mean_|grad|=0.000002 (n=1)
  [trace step 654] block 1: fast=178 medium=199 slow=135 | mean_alpha=0.2155 | mean_|grad|=0.000002 (n=1)
  [trace step 654] block 2: fast=179 medium=199 slow=134 | mean_alpha=0.2154 | mean_|grad|=0.000002 (n=1)
  [trace step 654] block 3: fast=180 medium=198 slow=134 | mean_alpha=0.2153 | mean_|grad|=0.000003 (n=1)
  [trace step 654] block 4: fast=179 medium=199 slow=134 | mean_alpha=0.2152 | mean_|grad|=0.000013 (n=1)
  [trace step 655] block 0: fast=178 medium=200 slow=134 | mean_alpha=0.2152 | mean_|grad|=0.000002 (n=1)
  [trace step 655] block 1: fast=178 medium=199 slow=135 | mean_alpha=0.2155 | mean_|grad|=0.000002 (n=1)
  [trace step 655] block 2: fast=179 medium=199 slow=134 | mean_alpha=0.2154 | mean_|grad|=0.000002 (n=1)
  [trace step 655] block 3: fast=180 medium=198 slow=134 | mean_alpha=0.2153 | mean_|grad|=0.000003 (n=1)
  [trace step 655] block 4: fast=179 medium=199 slow=134 | mean_alpha=0.2152 | mean_|grad|=0.000016 (n=1)
  [trace step 656] block 0: fast=178 medium=200 slow=134 | mean_alpha=0.2152 | mean_|grad|=0.000002 (n=1)
  [trace step 656] block 1: fast=178 medium=199 slow=135 | mean_alpha=0.2155 | mean_|grad|=0.000002 (n=1)
  [trace step 656] block 2: fast=179 medium=199 slow=134 | mean_alpha=0.2154 | mean_|grad|=0.000003 (n=1)
  [trace step 656] block 3: fast=179 medium=199 slow=134 | mean_alpha=0.2153 | mean_|grad|=0.000003 (n=1)
  [trace step 656] block 4: fast=179 medium=199 slow=134 | mean_alpha=0.2152 | mean_|grad|=0.000018 (n=1)
  [trace step 657] block 0: fast=178 medium=200 slow=134 | mean_alpha=0.2152 | mean_|grad|=0.000002 (n=1)
  [trace step 657] block 1: fast=178 medium=199 slow=135 | mean_alpha=0.2155 | mean_|grad|=0.000002 (n=1)
  [trace step 657] block 2: fast=179 medium=199 slow=134 | mean_alpha=0.2154 | mean_|grad|=0.000003 (n=1)
  [trace step 657] block 3: fast=179 medium=199 slow=134 | mean_alpha=0.2153 | mean_|grad|=0.000003 (n=1)
  [trace step 657] block 4: fast=179 medium=199 slow=134 | mean_alpha=0.2152 | mean_|grad|=0.000008 (n=1)
  [trace step 658] block 0: fast=178 medium=200 slow=134 | mean_alpha=0.2152 | mean_|grad|=0.000002 (n=1)
  [trace step 658] block 1: fast=178 medium=199 slow=135 | mean_alpha=0.2155 | mean_|grad|=0.000002 (n=1)
  [trace step 658] block 2: fast=178 medium=200 slow=134 | mean_alpha=0.2154 | mean_|grad|=0.000002 (n=1)
  [trace step 658] block 3: fast=179 medium=199 slow=134 | mean_alpha=0.2153 | mean_|grad|=0.000003 (n=1)
  [trace step 658] block 4: fast=179 medium=199 slow=134 | mean_alpha=0.2152 | mean_|grad|=0.000014 (n=1)
  [trace step 659] block 0: fast=178 medium=200 slow=134 | mean_alpha=0.2152 | mean_|grad|=0.000002 (n=1)
  [trace step 659] block 1: fast=178 medium=199 slow=135 | mean_alpha=0.2155 | mean_|grad|=0.000003 (n=1)
  [trace step 659] block 2: fast=178 medium=200 slow=134 | mean_alpha=0.2154 | mean_|grad|=0.000002 (n=1)
  [trace step 659] block 3: fast=179 medium=199 slow=134 | mean_alpha=0.2153 | mean_|grad|=0.000004 (n=1)
  [trace step 659] block 4: fast=179 medium=199 slow=134 | mean_alpha=0.2152 | mean_|grad|=0.000022 (n=1)
  [trace step 660] block 0: fast=178 medium=200 slow=134 | mean_alpha=0.2152 | mean_|grad|=0.000002 (n=1)
  [trace step 660] block 1: fast=178 medium=199 slow=135 | mean_alpha=0.2155 | mean_|grad|=0.000003 (n=1)
  [trace step 660] block 2: fast=178 medium=200 slow=134 | mean_alpha=0.2154 | mean_|grad|=0.000003 (n=1)
  [trace step 660] block 3: fast=179 medium=199 slow=134 | mean_alpha=0.2153 | mean_|grad|=0.000003 (n=1)
  [trace step 660] block 4: fast=179 medium=199 slow=134 | mean_alpha=0.2152 | mean_|grad|=0.000041 (n=1)
  [trace step 661] block 0: fast=178 medium=200 slow=134 | mean_alpha=0.2152 | mean_|grad|=0.000002 (n=1)
  [trace step 661] block 1: fast=178 medium=199 slow=135 | mean_alpha=0.2155 | mean_|grad|=0.000002 (n=1)
  [trace step 661] block 2: fast=178 medium=200 slow=134 | mean_alpha=0.2154 | mean_|grad|=0.000002 (n=1)
  [trace step 661] block 3: fast=179 medium=199 slow=134 | mean_alpha=0.2153 | mean_|grad|=0.000003 (n=1)
  [trace step 661] block 4: fast=179 medium=199 slow=134 | mean_alpha=0.2152 | mean_|grad|=0.000025 (n=1)
  [trace step 662] block 0: fast=178 medium=200 slow=134 | mean_alpha=0.2152 | mean_|grad|=0.000002 (n=1)
  [trace step 662] block 1: fast=178 medium=199 slow=135 | mean_alpha=0.2155 | mean_|grad|=0.000003 (n=1)
  [trace step 662] block 2: fast=178 medium=200 slow=134 | mean_alpha=0.2154 | mean_|grad|=0.000003 (n=1)
  [trace step 662] block 3: fast=179 medium=199 slow=134 | mean_alpha=0.2153 | mean_|grad|=0.000004 (n=1)
  [trace step 662] block 4: fast=179 medium=199 slow=134 | mean_alpha=0.2152 | mean_|grad|=0.000041 (n=1)
  [trace step 663] block 0: fast=178 medium=200 slow=134 | mean_alpha=0.2152 | mean_|grad|=0.000002 (n=1)
  [trace step 663] block 1: fast=178 medium=199 slow=135 | mean_alpha=0.2155 | mean_|grad|=0.000003 (n=1)
  [trace step 663] block 2: fast=178 medium=200 slow=134 | mean_alpha=0.2154 | mean_|grad|=0.000002 (n=1)
  [trace step 663] block 3: fast=179 medium=199 slow=134 | mean_alpha=0.2153 | mean_|grad|=0.000003 (n=1)
  [trace step 663] block 4: fast=179 medium=199 slow=134 | mean_alpha=0.2152 | mean_|grad|=0.000021 (n=1)
  [trace step 664] block 0: fast=178 medium=200 slow=134 | mean_alpha=0.2152 | mean_|grad|=0.000002 (n=1)
  [trace step 664] block 1: fast=178 medium=199 slow=135 | mean_alpha=0.2155 | mean_|grad|=0.000002 (n=1)
  [trace step 664] block 2: fast=178 medium=200 slow=134 | mean_alpha=0.2154 | mean_|grad|=0.000002 (n=1)
  [trace step 664] block 3: fast=179 medium=199 slow=134 | mean_alpha=0.2153 | mean_|grad|=0.000003 (n=1)
  [trace step 664] block 4: fast=178 medium=200 slow=134 | mean_alpha=0.2152 | mean_|grad|=0.000021 (n=1)
  [trace step 665] block 0: fast=178 medium=200 slow=134 | mean_alpha=0.2152 | mean_|grad|=0.000002 (n=1)
  [trace step 665] block 1: fast=178 medium=199 slow=135 | mean_alpha=0.2155 | mean_|grad|=0.000002 (n=1)
  [trace step 665] block 2: fast=178 medium=200 slow=134 | mean_alpha=0.2154 | mean_|grad|=0.000002 (n=1)
  [trace step 665] block 3: fast=179 medium=199 slow=134 | mean_alpha=0.2153 | mean_|grad|=0.000003 (n=1)
  [trace step 665] block 4: fast=178 medium=200 slow=134 | mean_alpha=0.2152 | mean_|grad|=0.000040 (n=1)
  [trace step 666] block 0: fast=178 medium=200 slow=134 | mean_alpha=0.2152 | mean_|grad|=0.000002 (n=1)
  [trace step 666] block 1: fast=178 medium=199 slow=135 | mean_alpha=0.2155 | mean_|grad|=0.000002 (n=1)
  [trace step 666] block 2: fast=178 medium=200 slow=134 | mean_alpha=0.2154 | mean_|grad|=0.000002 (n=1)
  [trace step 666] block 3: fast=179 medium=199 slow=134 | mean_alpha=0.2153 | mean_|grad|=0.000003 (n=1)
  [trace step 666] block 4: fast=178 medium=200 slow=134 | mean_alpha=0.2152 | mean_|grad|=0.000015 (n=1)
  [trace step 667] block 0: fast=178 medium=200 slow=134 | mean_alpha=0.2152 | mean_|grad|=0.000002 (n=1)
  [trace step 667] block 1: fast=178 medium=199 slow=135 | mean_alpha=0.2155 | mean_|grad|=0.000002 (n=1)
  [trace step 667] block 2: fast=178 medium=200 slow=134 | mean_alpha=0.2154 | mean_|grad|=0.000003 (n=1)
  [trace step 667] block 3: fast=179 medium=199 slow=134 | mean_alpha=0.2153 | mean_|grad|=0.000003 (n=1)
  [trace step 667] block 4: fast=178 medium=200 slow=134 | mean_alpha=0.2152 | mean_|grad|=0.000019 (n=1)
  [trace step 668] block 0: fast=178 medium=200 slow=134 | mean_alpha=0.2152 | mean_|grad|=0.000003 (n=1)
  [trace step 668] block 1: fast=178 medium=199 slow=135 | mean_alpha=0.2155 | mean_|grad|=0.000002 (n=1)
  [trace step 668] block 2: fast=178 medium=200 slow=134 | mean_alpha=0.2154 | mean_|grad|=0.000002 (n=1)
  [trace step 668] block 3: fast=179 medium=199 slow=134 | mean_alpha=0.2153 | mean_|grad|=0.000003 (n=1)
  [trace step 668] block 4: fast=178 medium=200 slow=134 | mean_alpha=0.2152 | mean_|grad|=0.000018 (n=1)
  [trace step 669] block 0: fast=178 medium=200 slow=134 | mean_alpha=0.2152 | mean_|grad|=0.000002 (n=1)
  [trace step 669] block 1: fast=178 medium=199 slow=135 | mean_alpha=0.2155 | mean_|grad|=0.000002 (n=1)
  [trace step 669] block 2: fast=178 medium=200 slow=134 | mean_alpha=0.2154 | mean_|grad|=0.000002 (n=1)
  [trace step 669] block 3: fast=179 medium=199 slow=134 | mean_alpha=0.2153 | mean_|grad|=0.000003 (n=1)
  [trace step 669] block 4: fast=178 medium=200 slow=134 | mean_alpha=0.2152 | mean_|grad|=0.000017 (n=1)
  [trace step 670] block 0: fast=178 medium=200 slow=134 | mean_alpha=0.2152 | mean_|grad|=0.000002 (n=1)
  [trace step 670] block 1: fast=178 medium=199 slow=135 | mean_alpha=0.2155 | mean_|grad|=0.000002 (n=1)
  [trace step 670] block 2: fast=178 medium=200 slow=134 | mean_alpha=0.2154 | mean_|grad|=0.000002 (n=1)
  [trace step 670] block 3: fast=179 medium=199 slow=134 | mean_alpha=0.2153 | mean_|grad|=0.000003 (n=1)
  [trace step 670] block 4: fast=178 medium=200 slow=134 | mean_alpha=0.2152 | mean_|grad|=0.000030 (n=1)
  [trace step 671] block 0: fast=178 medium=200 slow=134 | mean_alpha=0.2152 | mean_|grad|=0.000002 (n=1)
  [trace step 671] block 1: fast=178 medium=199 slow=135 | mean_alpha=0.2155 | mean_|grad|=0.000002 (n=1)
  [trace step 671] block 2: fast=178 medium=200 slow=134 | mean_alpha=0.2154 | mean_|grad|=0.000002 (n=1)
  [trace step 671] block 3: fast=179 medium=199 slow=134 | mean_alpha=0.2153 | mean_|grad|=0.000003 (n=1)
  [trace step 671] block 4: fast=178 medium=200 slow=134 | mean_alpha=0.2152 | mean_|grad|=0.000035 (n=1)
  [trace step 672] block 0: fast=178 medium=200 slow=134 | mean_alpha=0.2152 | mean_|grad|=0.000002 (n=1)
  [trace step 672] block 1: fast=178 medium=199 slow=135 | mean_alpha=0.2155 | mean_|grad|=0.000002 (n=1)
  [trace step 672] block 2: fast=178 medium=200 slow=134 | mean_alpha=0.2154 | mean_|grad|=0.000002 (n=1)
  [trace step 672] block 3: fast=179 medium=199 slow=134 | mean_alpha=0.2153 | mean_|grad|=0.000003 (n=1)
  [trace step 672] block 4: fast=178 medium=200 slow=134 | mean_alpha=0.2152 | mean_|grad|=0.000012 (n=1)
  [trace step 673] block 0: fast=178 medium=200 slow=134 | mean_alpha=0.2152 | mean_|grad|=0.000002 (n=1)
  [trace step 673] block 1: fast=178 medium=199 slow=135 | mean_alpha=0.2155 | mean_|grad|=0.000002 (n=1)
  [trace step 673] block 2: fast=178 medium=200 slow=134 | mean_alpha=0.2154 | mean_|grad|=0.000002 (n=1)
  [trace step 673] block 3: fast=179 medium=199 slow=134 | mean_alpha=0.2153 | mean_|grad|=0.000003 (n=1)
  [trace step 673] block 4: fast=178 medium=200 slow=134 | mean_alpha=0.2152 | mean_|grad|=0.000022 (n=1)
  [trace step 674] block 0: fast=178 medium=200 slow=134 | mean_alpha=0.2152 | mean_|grad|=0.000002 (n=1)
  [trace step 674] block 1: fast=178 medium=199 slow=135 | mean_alpha=0.2155 | mean_|grad|=0.000002 (n=1)
  [trace step 674] block 2: fast=178 medium=200 slow=134 | mean_alpha=0.2154 | mean_|grad|=0.000002 (n=1)
  [trace step 674] block 3: fast=179 medium=199 slow=134 | mean_alpha=0.2153 | mean_|grad|=0.000002 (n=1)
  [trace step 674] block 4: fast=178 medium=200 slow=134 | mean_alpha=0.2152 | mean_|grad|=0.000006 (n=1)
  [trace step 675] block 0: fast=178 medium=200 slow=134 | mean_alpha=0.2152 | mean_|grad|=0.000002 (n=1)
  [trace step 675] block 1: fast=178 medium=199 slow=135 | mean_alpha=0.2155 | mean_|grad|=0.000002 (n=1)
  [trace step 675] block 2: fast=178 medium=200 slow=134 | mean_alpha=0.2154 | mean_|grad|=0.000002 (n=1)
  [trace step 675] block 3: fast=179 medium=199 slow=134 | mean_alpha=0.2153 | mean_|grad|=0.000003 (n=1)
  [trace step 675] block 4: fast=178 medium=200 slow=134 | mean_alpha=0.2152 | mean_|grad|=0.000014 (n=1)
  [trace step 676] block 0: fast=178 medium=200 slow=134 | mean_alpha=0.2152 | mean_|grad|=0.000003 (n=1)
  [trace step 676] block 1: fast=178 medium=199 slow=135 | mean_alpha=0.2155 | mean_|grad|=0.000002 (n=1)
  [trace step 676] block 2: fast=178 medium=200 slow=134 | mean_alpha=0.2154 | mean_|grad|=0.000002 (n=1)
  [trace step 676] block 3: fast=179 medium=199 slow=134 | mean_alpha=0.2153 | mean_|grad|=0.000003 (n=1)
  [trace step 676] block 4: fast=178 medium=200 slow=134 | mean_alpha=0.2152 | mean_|grad|=0.000014 (n=1)
  [trace step 677] block 0: fast=178 medium=200 slow=134 | mean_alpha=0.2152 | mean_|grad|=0.000003 (n=1)
  [trace step 677] block 1: fast=178 medium=199 slow=135 | mean_alpha=0.2155 | mean_|grad|=0.000004 (n=1)
  [trace step 677] block 2: fast=178 medium=200 slow=134 | mean_alpha=0.2154 | mean_|grad|=0.000004 (n=1)
  [trace step 677] block 3: fast=179 medium=199 slow=134 | mean_alpha=0.2153 | mean_|grad|=0.000005 (n=1)
  [trace step 677] block 4: fast=178 medium=200 slow=134 | mean_alpha=0.2152 | mean_|grad|=0.000017 (n=1)
  [trace step 678] block 0: fast=178 medium=200 slow=134 | mean_alpha=0.2152 | mean_|grad|=0.000002 (n=1)
  [trace step 678] block 1: fast=178 medium=199 slow=135 | mean_alpha=0.2155 | mean_|grad|=0.000002 (n=1)
  [trace step 678] block 2: fast=178 medium=200 slow=134 | mean_alpha=0.2154 | mean_|grad|=0.000002 (n=1)
  [trace step 678] block 3: fast=179 medium=199 slow=134 | mean_alpha=0.2153 | mean_|grad|=0.000003 (n=1)
  [trace step 678] block 4: fast=178 medium=200 slow=134 | mean_alpha=0.2152 | mean_|grad|=0.000015 (n=1)
  [trace step 679] block 0: fast=178 medium=200 slow=134 | mean_alpha=0.2152 | mean_|grad|=0.000002 (n=1)
  [trace step 679] block 1: fast=178 medium=199 slow=135 | mean_alpha=0.2155 | mean_|grad|=0.000002 (n=1)
  [trace step 679] block 2: fast=178 medium=200 slow=134 | mean_alpha=0.2154 | mean_|grad|=0.000002 (n=1)
  [trace step 679] block 3: fast=179 medium=199 slow=134 | mean_alpha=0.2153 | mean_|grad|=0.000003 (n=1)
  [trace step 679] block 4: fast=178 medium=200 slow=134 | mean_alpha=0.2152 | mean_|grad|=0.000019 (n=1)
  [trace step 680] block 0: fast=178 medium=200 slow=134 | mean_alpha=0.2152 | mean_|grad|=0.000002 (n=1)
  [trace step 680] block 1: fast=178 medium=199 slow=135 | mean_alpha=0.2155 | mean_|grad|=0.000002 (n=1)
  [trace step 680] block 2: fast=178 medium=200 slow=134 | mean_alpha=0.2154 | mean_|grad|=0.000002 (n=1)
  [trace step 680] block 3: fast=179 medium=199 slow=134 | mean_alpha=0.2153 | mean_|grad|=0.000002 (n=1)
  [trace step 680] block 4: fast=178 medium=200 slow=134 | mean_alpha=0.2152 | mean_|grad|=0.000010 (n=1)
  [trace step 681] block 0: fast=178 medium=200 slow=134 | mean_alpha=0.2152 | mean_|grad|=0.000002 (n=1)
  [trace step 681] block 1: fast=178 medium=199 slow=135 | mean_alpha=0.2155 | mean_|grad|=0.000002 (n=1)
  [trace step 681] block 2: fast=178 medium=200 slow=134 | mean_alpha=0.2154 | mean_|grad|=0.000002 (n=1)
  [trace step 681] block 3: fast=179 medium=199 slow=134 | mean_alpha=0.2153 | mean_|grad|=0.000002 (n=1)
  [trace step 681] block 4: fast=178 medium=200 slow=134 | mean_alpha=0.2152 | mean_|grad|=0.000018 (n=1)
  [trace step 682] block 0: fast=178 medium=200 slow=134 | mean_alpha=0.2152 | mean_|grad|=0.000002 (n=1)
  [trace step 682] block 1: fast=178 medium=199 slow=135 | mean_alpha=0.2155 | mean_|grad|=0.000002 (n=1)
  [trace step 682] block 2: fast=178 medium=200 slow=134 | mean_alpha=0.2154 | mean_|grad|=0.000002 (n=1)
  [trace step 682] block 3: fast=179 medium=199 slow=134 | mean_alpha=0.2153 | mean_|grad|=0.000003 (n=1)
  [trace step 682] block 4: fast=178 medium=200 slow=134 | mean_alpha=0.2152 | mean_|grad|=0.000017 (n=1)
  [trace step 683] block 0: fast=178 medium=200 slow=134 | mean_alpha=0.2152 | mean_|grad|=0.000002 (n=1)
  [trace step 683] block 1: fast=178 medium=199 slow=135 | mean_alpha=0.2155 | mean_|grad|=0.000003 (n=1)
  [trace step 683] block 2: fast=178 medium=200 slow=134 | mean_alpha=0.2154 | mean_|grad|=0.000003 (n=1)
  [trace step 683] block 3: fast=179 medium=199 slow=134 | mean_alpha=0.2153 | mean_|grad|=0.000003 (n=1)
  [trace step 683] block 4: fast=178 medium=200 slow=134 | mean_alpha=0.2152 | mean_|grad|=0.000036 (n=1)
  [trace step 684] block 0: fast=178 medium=200 slow=134 | mean_alpha=0.2152 | mean_|grad|=0.000002 (n=1)
  [trace step 684] block 1: fast=178 medium=199 slow=135 | mean_alpha=0.2155 | mean_|grad|=0.000002 (n=1)
  [trace step 684] block 2: fast=178 medium=200 slow=134 | mean_alpha=0.2154 | mean_|grad|=0.000002 (n=1)
  [trace step 684] block 3: fast=179 medium=199 slow=134 | mean_alpha=0.2153 | mean_|grad|=0.000003 (n=1)
  [trace step 684] block 4: fast=178 medium=200 slow=134 | mean_alpha=0.2152 | mean_|grad|=0.000016 (n=1)
  [trace step 685] block 0: fast=178 medium=200 slow=134 | mean_alpha=0.2152 | mean_|grad|=0.000002 (n=1)
  [trace step 685] block 1: fast=178 medium=199 slow=135 | mean_alpha=0.2155 | mean_|grad|=0.000002 (n=1)
  [trace step 685] block 2: fast=178 medium=200 slow=134 | mean_alpha=0.2154 | mean_|grad|=0.000002 (n=1)
  [trace step 685] block 3: fast=179 medium=199 slow=134 | mean_alpha=0.2153 | mean_|grad|=0.000003 (n=1)
  [trace step 685] block 4: fast=178 medium=200 slow=134 | mean_alpha=0.2152 | mean_|grad|=0.000015 (n=1)
  [trace step 686] block 0: fast=178 medium=200 slow=134 | mean_alpha=0.2152 | mean_|grad|=0.000002 (n=1)
  [trace step 686] block 1: fast=178 medium=199 slow=135 | mean_alpha=0.2155 | mean_|grad|=0.000002 (n=1)
  [trace step 686] block 2: fast=178 medium=200 slow=134 | mean_alpha=0.2154 | mean_|grad|=0.000002 (n=1)
  [trace step 686] block 3: fast=179 medium=199 slow=134 | mean_alpha=0.2153 | mean_|grad|=0.000002 (n=1)
  [trace step 686] block 4: fast=178 medium=200 slow=134 | mean_alpha=0.2152 | mean_|grad|=0.000014 (n=1)
  [trace step 687] block 0: fast=178 medium=200 slow=134 | mean_alpha=0.2152 | mean_|grad|=0.000002 (n=1)
  [trace step 687] block 1: fast=178 medium=199 slow=135 | mean_alpha=0.2155 | mean_|grad|=0.000002 (n=1)
  [trace step 687] block 2: fast=178 medium=200 slow=134 | mean_alpha=0.2154 | mean_|grad|=0.000002 (n=1)
  [trace step 687] block 3: fast=179 medium=199 slow=134 | mean_alpha=0.2153 | mean_|grad|=0.000003 (n=1)
  [trace step 687] block 4: fast=178 medium=200 slow=134 | mean_alpha=0.2152 | mean_|grad|=0.000019 (n=1)
  [trace step 688] block 0: fast=178 medium=200 slow=134 | mean_alpha=0.2152 | mean_|grad|=0.000002 (n=1)
  [trace step 688] block 1: fast=178 medium=199 slow=135 | mean_alpha=0.2155 | mean_|grad|=0.000002 (n=1)
  [trace step 688] block 2: fast=178 medium=200 slow=134 | mean_alpha=0.2154 | mean_|grad|=0.000002 (n=1)
  [trace step 688] block 3: fast=179 medium=199 slow=134 | mean_alpha=0.2153 | mean_|grad|=0.000003 (n=1)
  [trace step 688] block 4: fast=178 medium=200 slow=134 | mean_alpha=0.2152 | mean_|grad|=0.000023 (n=1)
  [trace step 689] block 0: fast=178 medium=200 slow=134 | mean_alpha=0.2152 | mean_|grad|=0.000002 (n=1)
  [trace step 689] block 1: fast=178 medium=199 slow=135 | mean_alpha=0.2155 | mean_|grad|=0.000003 (n=1)
  [trace step 689] block 2: fast=178 medium=200 slow=134 | mean_alpha=0.2154 | mean_|grad|=0.000003 (n=1)
  [trace step 689] block 3: fast=179 medium=199 slow=134 | mean_alpha=0.2153 | mean_|grad|=0.000003 (n=1)
  [trace step 689] block 4: fast=178 medium=200 slow=134 | mean_alpha=0.2152 | mean_|grad|=0.000013 (n=1)
  [trace step 690] block 0: fast=178 medium=200 slow=134 | mean_alpha=0.2152 | mean_|grad|=0.000002 (n=1)
  [trace step 690] block 1: fast=178 medium=199 slow=135 | mean_alpha=0.2155 | mean_|grad|=0.000002 (n=1)
  [trace step 690] block 2: fast=178 medium=200 slow=134 | mean_alpha=0.2154 | mean_|grad|=0.000002 (n=1)
  [trace step 690] block 3: fast=179 medium=199 slow=134 | mean_alpha=0.2153 | mean_|grad|=0.000002 (n=1)
  [trace step 690] block 4: fast=178 medium=200 slow=134 | mean_alpha=0.2152 | mean_|grad|=0.000015 (n=1)
  [trace step 691] block 0: fast=178 medium=200 slow=134 | mean_alpha=0.2152 | mean_|grad|=0.000002 (n=1)
  [trace step 691] block 1: fast=178 medium=199 slow=135 | mean_alpha=0.2155 | mean_|grad|=0.000002 (n=1)
  [trace step 691] block 2: fast=178 medium=200 slow=134 | mean_alpha=0.2154 | mean_|grad|=0.000002 (n=1)
  [trace step 691] block 3: fast=179 medium=199 slow=134 | mean_alpha=0.2153 | mean_|grad|=0.000003 (n=1)
  [trace step 691] block 4: fast=178 medium=200 slow=134 | mean_alpha=0.2152 | mean_|grad|=0.000024 (n=1)
  [trace step 692] block 0: fast=178 medium=200 slow=134 | mean_alpha=0.2152 | mean_|grad|=0.000002 (n=1)
  [trace step 692] block 1: fast=178 medium=199 slow=135 | mean_alpha=0.2155 | mean_|grad|=0.000002 (n=1)
  [trace step 692] block 2: fast=178 medium=200 slow=134 | mean_alpha=0.2154 | mean_|grad|=0.000002 (n=1)
  [trace step 692] block 3: fast=179 medium=199 slow=134 | mean_alpha=0.2153 | mean_|grad|=0.000003 (n=1)
  [trace step 692] block 4: fast=178 medium=200 slow=134 | mean_alpha=0.2152 | mean_|grad|=0.000017 (n=1)
  [trace step 693] block 0: fast=178 medium=200 slow=134 | mean_alpha=0.2152 | mean_|grad|=0.000002 (n=1)
  [trace step 693] block 1: fast=178 medium=199 slow=135 | mean_alpha=0.2155 | mean_|grad|=0.000002 (n=1)
  [trace step 693] block 2: fast=178 medium=200 slow=134 | mean_alpha=0.2154 | mean_|grad|=0.000002 (n=1)
  [trace step 693] block 3: fast=179 medium=199 slow=134 | mean_alpha=0.2153 | mean_|grad|=0.000003 (n=1)
  [trace step 693] block 4: fast=178 medium=200 slow=134 | mean_alpha=0.2152 | mean_|grad|=0.000012 (n=1)
  [trace step 694] block 0: fast=178 medium=200 slow=134 | mean_alpha=0.2152 | mean_|grad|=0.000002 (n=1)
  [trace step 694] block 1: fast=178 medium=199 slow=135 | mean_alpha=0.2155 | mean_|grad|=0.000002 (n=1)
  [trace step 694] block 2: fast=178 medium=200 slow=134 | mean_alpha=0.2154 | mean_|grad|=0.000002 (n=1)
  [trace step 694] block 3: fast=179 medium=199 slow=134 | mean_alpha=0.2153 | mean_|grad|=0.000003 (n=1)
  [trace step 694] block 4: fast=178 medium=200 slow=134 | mean_alpha=0.2152 | mean_|grad|=0.000017 (n=1)
  [trace step 695] block 0: fast=178 medium=200 slow=134 | mean_alpha=0.2152 | mean_|grad|=0.000002 (n=1)
  [trace step 695] block 1: fast=178 medium=199 slow=135 | mean_alpha=0.2155 | mean_|grad|=0.000002 (n=1)
  [trace step 695] block 2: fast=178 medium=200 slow=134 | mean_alpha=0.2154 | mean_|grad|=0.000002 (n=1)
  [trace step 695] block 3: fast=179 medium=199 slow=134 | mean_alpha=0.2153 | mean_|grad|=0.000003 (n=1)
  [trace step 695] block 4: fast=178 medium=200 slow=134 | mean_alpha=0.2152 | mean_|grad|=0.000026 (n=1)
  [trace step 696] block 0: fast=178 medium=200 slow=134 | mean_alpha=0.2152 | mean_|grad|=0.000002 (n=1)
  [trace step 696] block 1: fast=178 medium=199 slow=135 | mean_alpha=0.2155 | mean_|grad|=0.000002 (n=1)
  [trace step 696] block 2: fast=178 medium=200 slow=134 | mean_alpha=0.2154 | mean_|grad|=0.000002 (n=1)
  [trace step 696] block 3: fast=179 medium=199 slow=134 | mean_alpha=0.2153 | mean_|grad|=0.000003 (n=1)
  [trace step 696] block 4: fast=178 medium=200 slow=134 | mean_alpha=0.2152 | mean_|grad|=0.000020 (n=1)
  [trace step 697] block 0: fast=178 medium=200 slow=134 | mean_alpha=0.2152 | mean_|grad|=0.000002 (n=1)
  [trace step 697] block 1: fast=178 medium=199 slow=135 | mean_alpha=0.2155 | mean_|grad|=0.000002 (n=1)
  [trace step 697] block 2: fast=178 medium=200 slow=134 | mean_alpha=0.2154 | mean_|grad|=0.000002 (n=1)
  [trace step 697] block 3: fast=179 medium=199 slow=134 | mean_alpha=0.2153 | mean_|grad|=0.000003 (n=1)
  [trace step 697] block 4: fast=178 medium=200 slow=134 | mean_alpha=0.2152 | mean_|grad|=0.000013 (n=1)
  [trace step 698] block 0: fast=178 medium=200 slow=134 | mean_alpha=0.2152 | mean_|grad|=0.000002 (n=1)
  [trace step 698] block 1: fast=178 medium=199 slow=135 | mean_alpha=0.2155 | mean_|grad|=0.000002 (n=1)
  [trace step 698] block 2: fast=178 medium=200 slow=134 | mean_alpha=0.2154 | mean_|grad|=0.000002 (n=1)
  [trace step 698] block 3: fast=179 medium=199 slow=134 | mean_alpha=0.2153 | mean_|grad|=0.000002 (n=1)
  [trace step 698] block 4: fast=178 medium=200 slow=134 | mean_alpha=0.2152 | mean_|grad|=0.000013 (n=1)
  [trace step 699] block 0: fast=178 medium=200 slow=134 | mean_alpha=0.2152 | mean_|grad|=0.000002 (n=1)
  [trace step 699] block 1: fast=178 medium=199 slow=135 | mean_alpha=0.2155 | mean_|grad|=0.000002 (n=1)
  [trace step 699] block 2: fast=178 medium=200 slow=134 | mean_alpha=0.2154 | mean_|grad|=0.000002 (n=1)
  [trace step 699] block 3: fast=179 medium=199 slow=134 | mean_alpha=0.2153 | mean_|grad|=0.000002 (n=1)
  [trace step 699] block 4: fast=178 medium=200 slow=134 | mean_alpha=0.2152 | mean_|grad|=0.000008 (n=1)
  [trace step 700] block 0: fast=178 medium=200 slow=134 | mean_alpha=0.2152 | mean_|grad|=0.000002 (n=1)
  [trace step 700] block 1: fast=178 medium=199 slow=135 | mean_alpha=0.2155 | mean_|grad|=0.000002 (n=1)
  [trace step 700] block 2: fast=178 medium=200 slow=134 | mean_alpha=0.2154 | mean_|grad|=0.000002 (n=1)
  [trace step 700] block 3: fast=179 medium=199 slow=134 | mean_alpha=0.2153 | mean_|grad|=0.000003 (n=1)
  [trace step 700] block 4: fast=178 medium=200 slow=134 | mean_alpha=0.2152 | mean_|grad|=0.000021 (n=1)
  [r2c trace step 700] block 0: z mean=1.0318 s mean=0.7504 min=0.7425 max=0.7584 closed=0/512 open=0/512 | mean|s*read|=0.275398 | mean|g| ar=5.64e-6 ib=4.98e-6 z=1.86e-6 (n=50)
  [r2c trace step 700] block 1: z mean=1.0234 s mean=0.7489 min=0.7431 max=0.7551 closed=0/512 open=0/512 | mean|s*read|=0.756133 | mean|g| ar=8.38e-6 ib=6.26e-6 z=1.83e-7 (n=50)
  [r2c trace step 700] block 2: z mean=1.0208 s mean=0.7484 min=0.7426 max=0.7542 closed=0/512 open=0/512 | mean|s*read|=0.963323 | mean|g| ar=9.82e-6 ib=5.56e-6 z=3.24e-7 (n=50)
  [r2c trace step 700] block 3: z mean=1.0200 s mean=0.7482 min=0.7418 max=0.7535 closed=0/512 open=0/512 | mean|s*read|=1.253314 | mean|g| ar=1.11e-5 ib=5.98e-6 z=1.93e-7 (n=50)
  [r2c trace step 700] block 4: z mean=1.0201 s mean=0.7482 min=0.7406 max=0.7540 closed=0/512 open=0/512 | mean|s*read|=1.767448 | mean|g| ar=1.87e-5 ib=9.62e-6 z=4.09e-7 (n=50)
  [trace step 701] block 0: fast=178 medium=200 slow=134 | mean_alpha=0.2152 | mean_|grad|=0.000002 (n=1)
  [trace step 701] block 1: fast=178 medium=199 slow=135 | mean_alpha=0.2155 | mean_|grad|=0.000003 (n=1)
  [trace step 701] block 2: fast=178 medium=200 slow=134 | mean_alpha=0.2154 | mean_|grad|=0.000002 (n=1)
  [trace step 701] block 3: fast=179 medium=199 slow=134 | mean_alpha=0.2153 | mean_|grad|=0.000003 (n=1)
  [trace step 701] block 4: fast=178 medium=200 slow=134 | mean_alpha=0.2152 | mean_|grad|=0.000013 (n=1)
  [trace step 702] block 0: fast=178 medium=200 slow=134 | mean_alpha=0.2152 | mean_|grad|=0.000002 (n=1)
  [trace step 702] block 1: fast=178 medium=199 slow=135 | mean_alpha=0.2155 | mean_|grad|=0.000002 (n=1)
  [trace step 702] block 2: fast=178 medium=200 slow=134 | mean_alpha=0.2154 | mean_|grad|=0.000002 (n=1)
  [trace step 702] block 3: fast=179 medium=199 slow=134 | mean_alpha=0.2153 | mean_|grad|=0.000002 (n=1)
  [trace step 702] block 4: fast=178 medium=200 slow=134 | mean_alpha=0.2152 | mean_|grad|=0.000011 (n=1)
  [trace step 703] block 0: fast=178 medium=200 slow=134 | mean_alpha=0.2152 | mean_|grad|=0.000002 (n=1)
  [trace step 703] block 1: fast=178 medium=199 slow=135 | mean_alpha=0.2155 | mean_|grad|=0.000002 (n=1)
  [trace step 703] block 2: fast=178 medium=200 slow=134 | mean_alpha=0.2154 | mean_|grad|=0.000002 (n=1)
  [trace step 703] block 3: fast=179 medium=199 slow=134 | mean_alpha=0.2153 | mean_|grad|=0.000002 (n=1)
  [trace step 703] block 4: fast=178 medium=200 slow=134 | mean_alpha=0.2152 | mean_|grad|=0.000014 (n=1)
  [trace step 704] block 0: fast=178 medium=200 slow=134 | mean_alpha=0.2152 | mean_|grad|=0.000002 (n=1)
  [trace step 704] block 1: fast=178 medium=199 slow=135 | mean_alpha=0.2155 | mean_|grad|=0.000002 (n=1)
  [trace step 704] block 2: fast=178 medium=200 slow=134 | mean_alpha=0.2154 | mean_|grad|=0.000002 (n=1)
  [trace step 704] block 3: fast=179 medium=199 slow=134 | mean_alpha=0.2153 | mean_|grad|=0.000002 (n=1)
  [trace step 704] block 4: fast=178 medium=200 slow=134 | mean_alpha=0.2152 | mean_|grad|=0.000020 (n=1)
  [trace step 705] block 0: fast=178 medium=200 slow=134 | mean_alpha=0.2152 | mean_|grad|=0.000002 (n=1)
  [trace step 705] block 1: fast=178 medium=199 slow=135 | mean_alpha=0.2155 | mean_|grad|=0.000002 (n=1)
  [trace step 705] block 2: fast=178 medium=200 slow=134 | mean_alpha=0.2154 | mean_|grad|=0.000002 (n=1)
  [trace step 705] block 3: fast=179 medium=199 slow=134 | mean_alpha=0.2153 | mean_|grad|=0.000002 (n=1)
  [trace step 705] block 4: fast=178 medium=200 slow=134 | mean_alpha=0.2152 | mean_|grad|=0.000020 (n=1)
  [trace step 706] block 0: fast=178 medium=200 slow=134 | mean_alpha=0.2152 | mean_|grad|=0.000002 (n=1)
  [trace step 706] block 1: fast=178 medium=199 slow=135 | mean_alpha=0.2155 | mean_|grad|=0.000002 (n=1)
  [trace step 706] block 2: fast=178 medium=200 slow=134 | mean_alpha=0.2154 | mean_|grad|=0.000002 (n=1)
  [trace step 706] block 3: fast=179 medium=199 slow=134 | mean_alpha=0.2153 | mean_|grad|=0.000002 (n=1)
  [trace step 706] block 4: fast=178 medium=200 slow=134 | mean_alpha=0.2152 | mean_|grad|=0.000013 (n=1)
  [trace step 707] block 0: fast=178 medium=200 slow=134 | mean_alpha=0.2152 | mean_|grad|=0.000002 (n=1)
  [trace step 707] block 1: fast=178 medium=199 slow=135 | mean_alpha=0.2155 | mean_|grad|=0.000002 (n=1)
  [trace step 707] block 2: fast=178 medium=200 slow=134 | mean_alpha=0.2154 | mean_|grad|=0.000002 (n=1)
  [trace step 707] block 3: fast=179 medium=199 slow=134 | mean_alpha=0.2153 | mean_|grad|=0.000003 (n=1)
  [trace step 707] block 4: fast=178 medium=200 slow=134 | mean_alpha=0.2152 | mean_|grad|=0.000024 (n=1)
  [trace step 708] block 0: fast=178 medium=200 slow=134 | mean_alpha=0.2152 | mean_|grad|=0.000002 (n=1)
  [trace step 708] block 1: fast=178 medium=199 slow=135 | mean_alpha=0.2155 | mean_|grad|=0.000003 (n=1)
  [trace step 708] block 2: fast=178 medium=200 slow=134 | mean_alpha=0.2154 | mean_|grad|=0.000002 (n=1)
  [trace step 708] block 3: fast=179 medium=199 slow=134 | mean_alpha=0.2153 | mean_|grad|=0.000003 (n=1)
  [trace step 708] block 4: fast=178 medium=200 slow=134 | mean_alpha=0.2152 | mean_|grad|=0.000019 (n=1)
  [trace step 709] block 0: fast=178 medium=200 slow=134 | mean_alpha=0.2152 | mean_|grad|=0.000002 (n=1)
  [trace step 709] block 1: fast=178 medium=199 slow=135 | mean_alpha=0.2155 | mean_|grad|=0.000002 (n=1)
  [trace step 709] block 2: fast=178 medium=200 slow=134 | mean_alpha=0.2154 | mean_|grad|=0.000002 (n=1)
  [trace step 709] block 3: fast=179 medium=199 slow=134 | mean_alpha=0.2153 | mean_|grad|=0.000003 (n=1)
  [trace step 709] block 4: fast=178 medium=200 slow=134 | mean_alpha=0.2152 | mean_|grad|=0.000023 (n=1)
  [trace step 710] block 0: fast=178 medium=200 slow=134 | mean_alpha=0.2152 | mean_|grad|=0.000002 (n=1)
  [trace step 710] block 1: fast=178 medium=199 slow=135 | mean_alpha=0.2155 | mean_|grad|=0.000002 (n=1)
  [trace step 710] block 2: fast=178 medium=200 slow=134 | mean_alpha=0.2154 | mean_|grad|=0.000002 (n=1)
  [trace step 710] block 3: fast=179 medium=199 slow=134 | mean_alpha=0.2153 | mean_|grad|=0.000003 (n=1)
  [trace step 710] block 4: fast=178 medium=200 slow=134 | mean_alpha=0.2152 | mean_|grad|=0.000015 (n=1)
  [trace step 711] block 0: fast=178 medium=200 slow=134 | mean_alpha=0.2152 | mean_|grad|=0.000002 (n=1)
  [trace step 711] block 1: fast=178 medium=199 slow=135 | mean_alpha=0.2155 | mean_|grad|=0.000002 (n=1)
  [trace step 711] block 2: fast=178 medium=200 slow=134 | mean_alpha=0.2154 | mean_|grad|=0.000002 (n=1)
  [trace step 711] block 3: fast=179 medium=199 slow=134 | mean_alpha=0.2153 | mean_|grad|=0.000003 (n=1)
  [trace step 711] block 4: fast=178 medium=200 slow=134 | mean_alpha=0.2152 | mean_|grad|=0.000016 (n=1)
  [trace step 712] block 0: fast=178 medium=200 slow=134 | mean_alpha=0.2152 | mean_|grad|=0.000002 (n=1)
  [trace step 712] block 1: fast=178 medium=199 slow=135 | mean_alpha=0.2155 | mean_|grad|=0.000002 (n=1)
  [trace step 712] block 2: fast=178 medium=200 slow=134 | mean_alpha=0.2154 | mean_|grad|=0.000002 (n=1)
  [trace step 712] block 3: fast=179 medium=199 slow=134 | mean_alpha=0.2153 | mean_|grad|=0.000003 (n=1)
  [trace step 712] block 4: fast=178 medium=200 slow=134 | mean_alpha=0.2152 | mean_|grad|=0.000034 (n=1)
  [trace step 713] block 0: fast=178 medium=200 slow=134 | mean_alpha=0.2152 | mean_|grad|=0.000002 (n=1)
  [trace step 713] block 1: fast=178 medium=199 slow=135 | mean_alpha=0.2155 | mean_|grad|=0.000002 (n=1)
  [trace step 713] block 2: fast=178 medium=200 slow=134 | mean_alpha=0.2154 | mean_|grad|=0.000002 (n=1)
  [trace step 713] block 3: fast=179 medium=199 slow=134 | mean_alpha=0.2153 | mean_|grad|=0.000003 (n=1)
  [trace step 713] block 4: fast=178 medium=200 slow=134 | mean_alpha=0.2152 | mean_|grad|=0.000013 (n=1)
  [trace step 714] block 0: fast=178 medium=200 slow=134 | mean_alpha=0.2152 | mean_|grad|=0.000002 (n=1)
  [trace step 714] block 1: fast=178 medium=199 slow=135 | mean_alpha=0.2155 | mean_|grad|=0.000002 (n=1)
  [trace step 714] block 2: fast=178 medium=200 slow=134 | mean_alpha=0.2154 | mean_|grad|=0.000002 (n=1)
  [trace step 714] block 3: fast=179 medium=199 slow=134 | mean_alpha=0.2153 | mean_|grad|=0.000002 (n=1)
  [trace step 714] block 4: fast=178 medium=200 slow=134 | mean_alpha=0.2152 | mean_|grad|=0.000012 (n=1)
  [trace step 715] block 0: fast=178 medium=200 slow=134 | mean_alpha=0.2152 | mean_|grad|=0.000002 (n=1)
  [trace step 715] block 1: fast=178 medium=199 slow=135 | mean_alpha=0.2155 | mean_|grad|=0.000002 (n=1)
  [trace step 715] block 2: fast=178 medium=200 slow=134 | mean_alpha=0.2154 | mean_|grad|=0.000002 (n=1)
  [trace step 715] block 3: fast=179 medium=199 slow=134 | mean_alpha=0.2153 | mean_|grad|=0.000003 (n=1)
  [trace step 715] block 4: fast=178 medium=200 slow=134 | mean_alpha=0.2152 | mean_|grad|=0.000017 (n=1)
  [trace step 716] block 0: fast=178 medium=200 slow=134 | mean_alpha=0.2152 | mean_|grad|=0.000002 (n=1)
  [trace step 716] block 1: fast=178 medium=199 slow=135 | mean_alpha=0.2155 | mean_|grad|=0.000002 (n=1)
  [trace step 716] block 2: fast=178 medium=200 slow=134 | mean_alpha=0.2154 | mean_|grad|=0.000002 (n=1)
  [trace step 716] block 3: fast=179 medium=199 slow=134 | mean_alpha=0.2153 | mean_|grad|=0.000003 (n=1)
  [trace step 716] block 4: fast=178 medium=200 slow=134 | mean_alpha=0.2152 | mean_|grad|=0.000023 (n=1)
  [trace step 717] block 0: fast=178 medium=200 slow=134 | mean_alpha=0.2152 | mean_|grad|=0.000002 (n=1)
  [trace step 717] block 1: fast=178 medium=199 slow=135 | mean_alpha=0.2155 | mean_|grad|=0.000002 (n=1)
  [trace step 717] block 2: fast=178 medium=200 slow=134 | mean_alpha=0.2154 | mean_|grad|=0.000002 (n=1)
  [trace step 717] block 3: fast=179 medium=199 slow=134 | mean_alpha=0.2153 | mean_|grad|=0.000003 (n=1)
  [trace step 717] block 4: fast=178 medium=200 slow=134 | mean_alpha=0.2152 | mean_|grad|=0.000022 (n=1)
  [trace step 718] block 0: fast=178 medium=200 slow=134 | mean_alpha=0.2152 | mean_|grad|=0.000002 (n=1)
  [trace step 718] block 1: fast=178 medium=199 slow=135 | mean_alpha=0.2155 | mean_|grad|=0.000002 (n=1)
  [trace step 718] block 2: fast=178 medium=200 slow=134 | mean_alpha=0.2154 | mean_|grad|=0.000002 (n=1)
  [trace step 718] block 3: fast=179 medium=199 slow=134 | mean_alpha=0.2153 | mean_|grad|=0.000003 (n=1)
  [trace step 718] block 4: fast=178 medium=200 slow=134 | mean_alpha=0.2152 | mean_|grad|=0.000013 (n=1)
  [trace step 719] block 0: fast=178 medium=200 slow=134 | mean_alpha=0.2152 | mean_|grad|=0.000002 (n=1)
  [trace step 719] block 1: fast=178 medium=199 slow=135 | mean_alpha=0.2155 | mean_|grad|=0.000002 (n=1)
  [trace step 719] block 2: fast=178 medium=200 slow=134 | mean_alpha=0.2154 | mean_|grad|=0.000002 (n=1)
  [trace step 719] block 3: fast=179 medium=199 slow=134 | mean_alpha=0.2153 | mean_|grad|=0.000003 (n=1)
  [trace step 719] block 4: fast=178 medium=200 slow=134 | mean_alpha=0.2152 | mean_|grad|=0.000016 (n=1)
  [trace step 720] block 0: fast=178 medium=200 slow=134 | mean_alpha=0.2152 | mean_|grad|=0.000002 (n=1)
  [trace step 720] block 1: fast=178 medium=199 slow=135 | mean_alpha=0.2155 | mean_|grad|=0.000002 (n=1)
  [trace step 720] block 2: fast=178 medium=200 slow=134 | mean_alpha=0.2154 | mean_|grad|=0.000002 (n=1)
  [trace step 720] block 3: fast=179 medium=199 slow=134 | mean_alpha=0.2153 | mean_|grad|=0.000002 (n=1)
  [trace step 720] block 4: fast=178 medium=200 slow=134 | mean_alpha=0.2152 | mean_|grad|=0.000009 (n=1)
  [trace step 721] block 0: fast=178 medium=200 slow=134 | mean_alpha=0.2152 | mean_|grad|=0.000002 (n=1)
  [trace step 721] block 1: fast=178 medium=199 slow=135 | mean_alpha=0.2155 | mean_|grad|=0.000002 (n=1)
  [trace step 721] block 2: fast=178 medium=200 slow=134 | mean_alpha=0.2154 | mean_|grad|=0.000002 (n=1)
  [trace step 721] block 3: fast=179 medium=199 slow=134 | mean_alpha=0.2153 | mean_|grad|=0.000002 (n=1)
  [trace step 721] block 4: fast=178 medium=200 slow=134 | mean_alpha=0.2152 | mean_|grad|=0.000025 (n=1)
  [trace step 722] block 0: fast=178 medium=200 slow=134 | mean_alpha=0.2152 | mean_|grad|=0.000002 (n=1)
  [trace step 722] block 1: fast=178 medium=199 slow=135 | mean_alpha=0.2155 | mean_|grad|=0.000002 (n=1)
  [trace step 722] block 2: fast=178 medium=200 slow=134 | mean_alpha=0.2154 | mean_|grad|=0.000002 (n=1)
  [trace step 722] block 3: fast=179 medium=199 slow=134 | mean_alpha=0.2153 | mean_|grad|=0.000002 (n=1)
  [trace step 722] block 4: fast=178 medium=200 slow=134 | mean_alpha=0.2152 | mean_|grad|=0.000011 (n=1)
  [trace step 723] block 0: fast=178 medium=200 slow=134 | mean_alpha=0.2152 | mean_|grad|=0.000002 (n=1)
  [trace step 723] block 1: fast=178 medium=199 slow=135 | mean_alpha=0.2155 | mean_|grad|=0.000002 (n=1)
  [trace step 723] block 2: fast=178 medium=200 slow=134 | mean_alpha=0.2154 | mean_|grad|=0.000002 (n=1)
  [trace step 723] block 3: fast=179 medium=199 slow=134 | mean_alpha=0.2153 | mean_|grad|=0.000002 (n=1)
  [trace step 723] block 4: fast=178 medium=200 slow=134 | mean_alpha=0.2152 | mean_|grad|=0.000024 (n=1)
  [trace step 724] block 0: fast=178 medium=200 slow=134 | mean_alpha=0.2152 | mean_|grad|=0.000002 (n=1)
  [trace step 724] block 1: fast=178 medium=199 slow=135 | mean_alpha=0.2155 | mean_|grad|=0.000002 (n=1)
  [trace step 724] block 2: fast=178 medium=200 slow=134 | mean_alpha=0.2154 | mean_|grad|=0.000002 (n=1)
  [trace step 724] block 3: fast=179 medium=199 slow=134 | mean_alpha=0.2153 | mean_|grad|=0.000002 (n=1)
  [trace step 724] block 4: fast=178 medium=200 slow=134 | mean_alpha=0.2152 | mean_|grad|=0.000016 (n=1)
  [trace step 725] block 0: fast=178 medium=200 slow=134 | mean_alpha=0.2152 | mean_|grad|=0.000001 (n=1)
  [trace step 725] block 1: fast=178 medium=199 slow=135 | mean_alpha=0.2155 | mean_|grad|=0.000002 (n=1)
  [trace step 725] block 2: fast=178 medium=200 slow=134 | mean_alpha=0.2154 | mean_|grad|=0.000002 (n=1)
  [trace step 725] block 3: fast=179 medium=199 slow=134 | mean_alpha=0.2153 | mean_|grad|=0.000002 (n=1)
  [trace step 725] block 4: fast=178 medium=200 slow=134 | mean_alpha=0.2152 | mean_|grad|=0.000016 (n=1)
  [trace step 726] block 0: fast=178 medium=200 slow=134 | mean_alpha=0.2152 | mean_|grad|=0.000002 (n=1)
  [trace step 726] block 1: fast=178 medium=199 slow=135 | mean_alpha=0.2155 | mean_|grad|=0.000002 (n=1)
  [trace step 726] block 2: fast=178 medium=200 slow=134 | mean_alpha=0.2154 | mean_|grad|=0.000002 (n=1)
  [trace step 726] block 3: fast=179 medium=199 slow=134 | mean_alpha=0.2153 | mean_|grad|=0.000002 (n=1)
  [trace step 726] block 4: fast=178 medium=200 slow=134 | mean_alpha=0.2152 | mean_|grad|=0.000015 (n=1)
  [trace step 727] block 0: fast=178 medium=200 slow=134 | mean_alpha=0.2152 | mean_|grad|=0.000002 (n=1)
  [trace step 727] block 1: fast=178 medium=199 slow=135 | mean_alpha=0.2155 | mean_|grad|=0.000002 (n=1)
  [trace step 727] block 2: fast=178 medium=200 slow=134 | mean_alpha=0.2154 | mean_|grad|=0.000002 (n=1)
  [trace step 727] block 3: fast=179 medium=199 slow=134 | mean_alpha=0.2153 | mean_|grad|=0.000002 (n=1)
  [trace step 727] block 4: fast=178 medium=200 slow=134 | mean_alpha=0.2152 | mean_|grad|=0.000008 (n=1)
  [trace step 728] block 0: fast=178 medium=200 slow=134 | mean_alpha=0.2152 | mean_|grad|=0.000002 (n=1)
  [trace step 728] block 1: fast=178 medium=199 slow=135 | mean_alpha=0.2155 | mean_|grad|=0.000002 (n=1)
  [trace step 728] block 2: fast=178 medium=200 slow=134 | mean_alpha=0.2154 | mean_|grad|=0.000002 (n=1)
  [trace step 728] block 3: fast=179 medium=199 slow=134 | mean_alpha=0.2153 | mean_|grad|=0.000002 (n=1)
  [trace step 728] block 4: fast=178 medium=200 slow=134 | mean_alpha=0.2152 | mean_|grad|=0.000019 (n=1)
  [trace step 729] block 0: fast=178 medium=200 slow=134 | mean_alpha=0.2152 | mean_|grad|=0.000002 (n=1)
  [trace step 729] block 1: fast=178 medium=199 slow=135 | mean_alpha=0.2155 | mean_|grad|=0.000002 (n=1)
  [trace step 729] block 2: fast=178 medium=200 slow=134 | mean_alpha=0.2154 | mean_|grad|=0.000002 (n=1)
  [trace step 729] block 3: fast=179 medium=199 slow=134 | mean_alpha=0.2153 | mean_|grad|=0.000002 (n=1)
  [trace step 729] block 4: fast=178 medium=200 slow=134 | mean_alpha=0.2152 | mean_|grad|=0.000019 (n=1)
  [trace step 730] block 0: fast=178 medium=200 slow=134 | mean_alpha=0.2152 | mean_|grad|=0.000002 (n=1)
  [trace step 730] block 1: fast=178 medium=199 slow=135 | mean_alpha=0.2155 | mean_|grad|=0.000002 (n=1)
  [trace step 730] block 2: fast=178 medium=200 slow=134 | mean_alpha=0.2154 | mean_|grad|=0.000002 (n=1)
  [trace step 730] block 3: fast=179 medium=199 slow=134 | mean_alpha=0.2153 | mean_|grad|=0.000003 (n=1)
  [trace step 730] block 4: fast=178 medium=200 slow=134 | mean_alpha=0.2152 | mean_|grad|=0.000023 (n=1)
  [trace step 731] block 0: fast=178 medium=200 slow=134 | mean_alpha=0.2152 | mean_|grad|=0.000002 (n=1)
  [trace step 731] block 1: fast=178 medium=199 slow=135 | mean_alpha=0.2155 | mean_|grad|=0.000002 (n=1)
  [trace step 731] block 2: fast=178 medium=200 slow=134 | mean_alpha=0.2154 | mean_|grad|=0.000002 (n=1)
  [trace step 731] block 3: fast=179 medium=199 slow=134 | mean_alpha=0.2153 | mean_|grad|=0.000002 (n=1)
  [trace step 731] block 4: fast=178 medium=200 slow=134 | mean_alpha=0.2152 | mean_|grad|=0.000016 (n=1)
  [trace step 732] block 0: fast=178 medium=200 slow=134 | mean_alpha=0.2152 | mean_|grad|=0.000002 (n=1)
  [trace step 732] block 1: fast=178 medium=199 slow=135 | mean_alpha=0.2155 | mean_|grad|=0.000002 (n=1)
  [trace step 732] block 2: fast=178 medium=200 slow=134 | mean_alpha=0.2154 | mean_|grad|=0.000002 (n=1)
  [trace step 732] block 3: fast=179 medium=199 slow=134 | mean_alpha=0.2153 | mean_|grad|=0.000002 (n=1)
  [trace step 732] block 4: fast=178 medium=200 slow=134 | mean_alpha=0.2152 | mean_|grad|=0.000012 (n=1)
  [trace step 733] block 0: fast=178 medium=200 slow=134 | mean_alpha=0.2152 | mean_|grad|=0.000002 (n=1)
  [trace step 733] block 1: fast=178 medium=199 slow=135 | mean_alpha=0.2155 | mean_|grad|=0.000002 (n=1)
  [trace step 733] block 2: fast=178 medium=200 slow=134 | mean_alpha=0.2154 | mean_|grad|=0.000002 (n=1)
  [trace step 733] block 3: fast=179 medium=199 slow=134 | mean_alpha=0.2153 | mean_|grad|=0.000003 (n=1)
  [trace step 733] block 4: fast=178 medium=200 slow=134 | mean_alpha=0.2152 | mean_|grad|=0.000016 (n=1)
  [trace step 734] block 0: fast=178 medium=200 slow=134 | mean_alpha=0.2152 | mean_|grad|=0.000002 (n=1)
  [trace step 734] block 1: fast=178 medium=199 slow=135 | mean_alpha=0.2155 | mean_|grad|=0.000002 (n=1)
  [trace step 734] block 2: fast=178 medium=200 slow=134 | mean_alpha=0.2154 | mean_|grad|=0.000002 (n=1)
  [trace step 734] block 3: fast=179 medium=199 slow=134 | mean_alpha=0.2153 | mean_|grad|=0.000002 (n=1)
  [trace step 734] block 4: fast=178 medium=200 slow=134 | mean_alpha=0.2152 | mean_|grad|=0.000022 (n=1)
  [trace step 735] block 0: fast=178 medium=200 slow=134 | mean_alpha=0.2152 | mean_|grad|=0.000002 (n=1)
  [trace step 735] block 1: fast=178 medium=199 slow=135 | mean_alpha=0.2155 | mean_|grad|=0.000002 (n=1)
  [trace step 735] block 2: fast=178 medium=200 slow=134 | mean_alpha=0.2154 | mean_|grad|=0.000002 (n=1)
  [trace step 735] block 3: fast=179 medium=199 slow=134 | mean_alpha=0.2153 | mean_|grad|=0.000002 (n=1)
  [trace step 735] block 4: fast=178 medium=200 slow=134 | mean_alpha=0.2152 | mean_|grad|=0.000017 (n=1)
  [trace step 736] block 0: fast=178 medium=200 slow=134 | mean_alpha=0.2152 | mean_|grad|=0.000002 (n=1)
  [trace step 736] block 1: fast=178 medium=199 slow=135 | mean_alpha=0.2155 | mean_|grad|=0.000002 (n=1)
  [trace step 736] block 2: fast=178 medium=200 slow=134 | mean_alpha=0.2154 | mean_|grad|=0.000002 (n=1)
  [trace step 736] block 3: fast=179 medium=199 slow=134 | mean_alpha=0.2153 | mean_|grad|=0.000002 (n=1)
  [trace step 736] block 4: fast=178 medium=200 slow=134 | mean_alpha=0.2152 | mean_|grad|=0.000013 (n=1)
  [trace step 737] block 0: fast=178 medium=200 slow=134 | mean_alpha=0.2152 | mean_|grad|=0.000002 (n=1)
  [trace step 737] block 1: fast=178 medium=199 slow=135 | mean_alpha=0.2155 | mean_|grad|=0.000002 (n=1)
  [trace step 737] block 2: fast=178 medium=200 slow=134 | mean_alpha=0.2154 | mean_|grad|=0.000002 (n=1)
  [trace step 737] block 3: fast=179 medium=199 slow=134 | mean_alpha=0.2153 | mean_|grad|=0.000002 (n=1)
  [trace step 737] block 4: fast=178 medium=200 slow=134 | mean_alpha=0.2152 | mean_|grad|=0.000013 (n=1)
  [trace step 738] block 0: fast=178 medium=200 slow=134 | mean_alpha=0.2152 | mean_|grad|=0.000001 (n=1)
  [trace step 738] block 1: fast=178 medium=199 slow=135 | mean_alpha=0.2155 | mean_|grad|=0.000002 (n=1)
  [trace step 738] block 2: fast=178 medium=200 slow=134 | mean_alpha=0.2154 | mean_|grad|=0.000002 (n=1)
  [trace step 738] block 3: fast=179 medium=199 slow=134 | mean_alpha=0.2153 | mean_|grad|=0.000002 (n=1)
  [trace step 738] block 4: fast=178 medium=200 slow=134 | mean_alpha=0.2152 | mean_|grad|=0.000017 (n=1)
  [trace step 739] block 0: fast=178 medium=200 slow=134 | mean_alpha=0.2152 | mean_|grad|=0.000002 (n=1)
  [trace step 739] block 1: fast=178 medium=199 slow=135 | mean_alpha=0.2155 | mean_|grad|=0.000002 (n=1)
  [trace step 739] block 2: fast=178 medium=200 slow=134 | mean_alpha=0.2154 | mean_|grad|=0.000002 (n=1)
  [trace step 739] block 3: fast=179 medium=199 slow=134 | mean_alpha=0.2153 | mean_|grad|=0.000002 (n=1)
  [trace step 739] block 4: fast=178 medium=200 slow=134 | mean_alpha=0.2152 | mean_|grad|=0.000015 (n=1)
  [trace step 740] block 0: fast=178 medium=200 slow=134 | mean_alpha=0.2152 | mean_|grad|=0.000002 (n=1)
  [trace step 740] block 1: fast=178 medium=199 slow=135 | mean_alpha=0.2155 | mean_|grad|=0.000002 (n=1)
  [trace step 740] block 2: fast=178 medium=200 slow=134 | mean_alpha=0.2154 | mean_|grad|=0.000002 (n=1)
  [trace step 740] block 3: fast=179 medium=199 slow=134 | mean_alpha=0.2153 | mean_|grad|=0.000002 (n=1)
  [trace step 740] block 4: fast=178 medium=200 slow=134 | mean_alpha=0.2152 | mean_|grad|=0.000015 (n=1)
  [trace step 741] block 0: fast=178 medium=200 slow=134 | mean_alpha=0.2152 | mean_|grad|=0.000002 (n=1)
  [trace step 741] block 1: fast=178 medium=199 slow=135 | mean_alpha=0.2155 | mean_|grad|=0.000002 (n=1)
  [trace step 741] block 2: fast=178 medium=200 slow=134 | mean_alpha=0.2154 | mean_|grad|=0.000002 (n=1)
  [trace step 741] block 3: fast=179 medium=199 slow=134 | mean_alpha=0.2153 | mean_|grad|=0.000002 (n=1)
  [trace step 741] block 4: fast=178 medium=200 slow=134 | mean_alpha=0.2152 | mean_|grad|=0.000022 (n=1)
  [trace step 742] block 0: fast=178 medium=200 slow=134 | mean_alpha=0.2152 | mean_|grad|=0.000002 (n=1)
  [trace step 742] block 1: fast=178 medium=199 slow=135 | mean_alpha=0.2155 | mean_|grad|=0.000002 (n=1)
  [trace step 742] block 2: fast=178 medium=200 slow=134 | mean_alpha=0.2154 | mean_|grad|=0.000002 (n=1)
  [trace step 742] block 3: fast=179 medium=199 slow=134 | mean_alpha=0.2153 | mean_|grad|=0.000003 (n=1)
  [trace step 742] block 4: fast=178 medium=200 slow=134 | mean_alpha=0.2152 | mean_|grad|=0.000015 (n=1)
  [trace step 743] block 0: fast=178 medium=200 slow=134 | mean_alpha=0.2152 | mean_|grad|=0.000002 (n=1)
  [trace step 743] block 1: fast=178 medium=199 slow=135 | mean_alpha=0.2155 | mean_|grad|=0.000002 (n=1)
  [trace step 743] block 2: fast=178 medium=200 slow=134 | mean_alpha=0.2154 | mean_|grad|=0.000002 (n=1)
  [trace step 743] block 3: fast=179 medium=199 slow=134 | mean_alpha=0.2153 | mean_|grad|=0.000003 (n=1)
  [trace step 743] block 4: fast=178 medium=200 slow=134 | mean_alpha=0.2152 | mean_|grad|=0.000013 (n=1)
  [trace step 744] block 0: fast=178 medium=200 slow=134 | mean_alpha=0.2152 | mean_|grad|=0.000002 (n=1)
  [trace step 744] block 1: fast=178 medium=199 slow=135 | mean_alpha=0.2155 | mean_|grad|=0.000002 (n=1)
  [trace step 744] block 2: fast=178 medium=200 slow=134 | mean_alpha=0.2154 | mean_|grad|=0.000002 (n=1)
  [trace step 744] block 3: fast=179 medium=199 slow=134 | mean_alpha=0.2153 | mean_|grad|=0.000003 (n=1)
  [trace step 744] block 4: fast=178 medium=200 slow=134 | mean_alpha=0.2152 | mean_|grad|=0.000014 (n=1)
  [trace step 745] block 0: fast=178 medium=200 slow=134 | mean_alpha=0.2152 | mean_|grad|=0.000002 (n=1)
  [trace step 745] block 1: fast=178 medium=199 slow=135 | mean_alpha=0.2155 | mean_|grad|=0.000002 (n=1)
  [trace step 745] block 2: fast=178 medium=200 slow=134 | mean_alpha=0.2154 | mean_|grad|=0.000002 (n=1)
  [trace step 745] block 3: fast=179 medium=199 slow=134 | mean_alpha=0.2153 | mean_|grad|=0.000002 (n=1)
  [trace step 745] block 4: fast=178 medium=200 slow=134 | mean_alpha=0.2152 | mean_|grad|=0.000013 (n=1)
  [trace step 746] block 0: fast=178 medium=200 slow=134 | mean_alpha=0.2152 | mean_|grad|=0.000002 (n=1)
  [trace step 746] block 1: fast=178 medium=199 slow=135 | mean_alpha=0.2155 | mean_|grad|=0.000002 (n=1)
  [trace step 746] block 2: fast=178 medium=200 slow=134 | mean_alpha=0.2154 | mean_|grad|=0.000002 (n=1)
  [trace step 746] block 3: fast=179 medium=199 slow=134 | mean_alpha=0.2153 | mean_|grad|=0.000002 (n=1)
  [trace step 746] block 4: fast=178 medium=200 slow=134 | mean_alpha=0.2152 | mean_|grad|=0.000017 (n=1)
  [trace step 747] block 0: fast=178 medium=200 slow=134 | mean_alpha=0.2152 | mean_|grad|=0.000002 (n=1)
  [trace step 747] block 1: fast=178 medium=199 slow=135 | mean_alpha=0.2155 | mean_|grad|=0.000002 (n=1)
  [trace step 747] block 2: fast=178 medium=200 slow=134 | mean_alpha=0.2154 | mean_|grad|=0.000002 (n=1)
  [trace step 747] block 3: fast=179 medium=199 slow=134 | mean_alpha=0.2153 | mean_|grad|=0.000002 (n=1)
  [trace step 747] block 4: fast=178 medium=200 slow=134 | mean_alpha=0.2152 | mean_|grad|=0.000024 (n=1)
  [trace step 748] block 0: fast=178 medium=200 slow=134 | mean_alpha=0.2152 | mean_|grad|=0.000002 (n=1)
  [trace step 748] block 1: fast=178 medium=199 slow=135 | mean_alpha=0.2155 | mean_|grad|=0.000002 (n=1)
  [trace step 748] block 2: fast=178 medium=200 slow=134 | mean_alpha=0.2154 | mean_|grad|=0.000002 (n=1)
  [trace step 748] block 3: fast=179 medium=199 slow=134 | mean_alpha=0.2153 | mean_|grad|=0.000002 (n=1)
  [trace step 748] block 4: fast=178 medium=200 slow=134 | mean_alpha=0.2152 | mean_|grad|=0.000011 (n=1)
  [trace step 749] block 0: fast=178 medium=200 slow=134 | mean_alpha=0.2152 | mean_|grad|=0.000002 (n=1)
  [trace step 749] block 1: fast=178 medium=199 slow=135 | mean_alpha=0.2155 | mean_|grad|=0.000002 (n=1)
  [trace step 749] block 2: fast=178 medium=200 slow=134 | mean_alpha=0.2154 | mean_|grad|=0.000002 (n=1)
  [trace step 749] block 3: fast=179 medium=199 slow=134 | mean_alpha=0.2153 | mean_|grad|=0.000002 (n=1)
  [trace step 749] block 4: fast=178 medium=200 slow=134 | mean_alpha=0.2152 | mean_|grad|=0.000015 (n=1)
  [trace step 750] block 0: fast=178 medium=200 slow=134 | mean_alpha=0.2152 | mean_|grad|=0.000002 (n=1)
  [trace step 750] block 1: fast=178 medium=199 slow=135 | mean_alpha=0.2155 | mean_|grad|=0.000002 (n=1)
  [trace step 750] block 2: fast=178 medium=200 slow=134 | mean_alpha=0.2154 | mean_|grad|=0.000002 (n=1)
  [trace step 750] block 3: fast=179 medium=199 slow=134 | mean_alpha=0.2153 | mean_|grad|=0.000003 (n=1)
  [trace step 750] block 4: fast=178 medium=200 slow=134 | mean_alpha=0.2152 | mean_|grad|=0.000032 (n=1)
  [r2c trace step 750] block 0: z mean=1.0317 s mean=0.7504 min=0.7425 max=0.7584 closed=0/512 open=0/512 | mean|s*read|=0.275438 | mean|g| ar=4.76e-6 ib=4.24e-6 z=1.75e-6 (n=50)
  [r2c trace step 750] block 1: z mean=1.0234 s mean=0.7488 min=0.7431 max=0.7552 closed=0/512 open=0/512 | mean|s*read|=0.756255 | mean|g| ar=6.92e-6 ib=5.13e-6 z=1.38e-7 (n=50)
  [r2c trace step 750] block 2: z mean=1.0207 s mean=0.7483 min=0.7426 max=0.7541 closed=0/512 open=0/512 | mean|s*read|=0.968273 | mean|g| ar=8.17e-6 ib=4.76e-6 z=1.90e-7 (n=50)
  [r2c trace step 750] block 3: z mean=1.0200 s mean=0.7482 min=0.7418 max=0.7535 closed=0/512 open=0/512 | mean|s*read|=1.271585 | mean|g| ar=9.40e-6 ib=4.92e-6 z=1.39e-7 (n=50)
  [r2c trace step 750] block 4: z mean=1.0200 s mean=0.7482 min=0.7402 max=0.7540 closed=0/512 open=0/512 | mean|s*read|=1.778708 | mean|g| ar=1.44e-5 ib=7.19e-6 z=3.09e-7 (n=50)
step 750/1800 | epoch 1 | loss 2.7903 | 1.5 steps/s
  [trace step 751] block 0: fast=178 medium=200 slow=134 | mean_alpha=0.2152 | mean_|grad|=0.000002 (n=1)
  [trace step 751] block 1: fast=178 medium=199 slow=135 | mean_alpha=0.2155 | mean_|grad|=0.000002 (n=1)
  [trace step 751] block 2: fast=178 medium=200 slow=134 | mean_alpha=0.2154 | mean_|grad|=0.000002 (n=1)
  [trace step 751] block 3: fast=179 medium=199 slow=134 | mean_alpha=0.2153 | mean_|grad|=0.000002 (n=1)
  [trace step 751] block 4: fast=178 medium=200 slow=134 | mean_alpha=0.2152 | mean_|grad|=0.000012 (n=1)
  [trace step 752] block 0: fast=178 medium=200 slow=134 | mean_alpha=0.2152 | mean_|grad|=0.000001 (n=1)
  [trace step 752] block 1: fast=178 medium=199 slow=135 | mean_alpha=0.2155 | mean_|grad|=0.000002 (n=1)
  [trace step 752] block 2: fast=178 medium=200 slow=134 | mean_alpha=0.2154 | mean_|grad|=0.000002 (n=1)
  [trace step 752] block 3: fast=179 medium=199 slow=134 | mean_alpha=0.2153 | mean_|grad|=0.000002 (n=1)
  [trace step 752] block 4: fast=178 medium=200 slow=134 | mean_alpha=0.2152 | mean_|grad|=0.000014 (n=1)
  [trace step 753] block 0: fast=178 medium=200 slow=134 | mean_alpha=0.2152 | mean_|grad|=0.000002 (n=1)
  [trace step 753] block 1: fast=178 medium=199 slow=135 | mean_alpha=0.2155 | mean_|grad|=0.000002 (n=1)
  [trace step 753] block 2: fast=178 medium=200 slow=134 | mean_alpha=0.2154 | mean_|grad|=0.000002 (n=1)
  [trace step 753] block 3: fast=179 medium=199 slow=134 | mean_alpha=0.2153 | mean_|grad|=0.000002 (n=1)
  [trace step 753] block 4: fast=178 medium=200 slow=134 | mean_alpha=0.2152 | mean_|grad|=0.000024 (n=1)
  [trace step 754] block 0: fast=178 medium=200 slow=134 | mean_alpha=0.2152 | mean_|grad|=0.000002 (n=1)
  [trace step 754] block 1: fast=178 medium=199 slow=135 | mean_alpha=0.2155 | mean_|grad|=0.000002 (n=1)
  [trace step 754] block 2: fast=178 medium=200 slow=134 | mean_alpha=0.2154 | mean_|grad|=0.000002 (n=1)
  [trace step 754] block 3: fast=179 medium=199 slow=134 | mean_alpha=0.2153 | mean_|grad|=0.000002 (n=1)
  [trace step 754] block 4: fast=178 medium=200 slow=134 | mean_alpha=0.2152 | mean_|grad|=0.000025 (n=1)
  [trace step 755] block 0: fast=178 medium=200 slow=134 | mean_alpha=0.2152 | mean_|grad|=0.000002 (n=1)
  [trace step 755] block 1: fast=178 medium=199 slow=135 | mean_alpha=0.2155 | mean_|grad|=0.000002 (n=1)
  [trace step 755] block 2: fast=178 medium=200 slow=134 | mean_alpha=0.2154 | mean_|grad|=0.000002 (n=1)
  [trace step 755] block 3: fast=179 medium=199 slow=134 | mean_alpha=0.2153 | mean_|grad|=0.000002 (n=1)
  [trace step 755] block 4: fast=178 medium=200 slow=134 | mean_alpha=0.2152 | mean_|grad|=0.000014 (n=1)
  [trace step 756] block 0: fast=178 medium=200 slow=134 | mean_alpha=0.2152 | mean_|grad|=0.000001 (n=1)
  [trace step 756] block 1: fast=178 medium=199 slow=135 | mean_alpha=0.2155 | mean_|grad|=0.000002 (n=1)
  [trace step 756] block 2: fast=178 medium=200 slow=134 | mean_alpha=0.2154 | mean_|grad|=0.000002 (n=1)
  [trace step 756] block 3: fast=179 medium=199 slow=134 | mean_alpha=0.2153 | mean_|grad|=0.000002 (n=1)
  [trace step 756] block 4: fast=178 medium=200 slow=134 | mean_alpha=0.2152 | mean_|grad|=0.000025 (n=1)
  [trace step 757] block 0: fast=178 medium=200 slow=134 | mean_alpha=0.2152 | mean_|grad|=0.000001 (n=1)
  [trace step 757] block 1: fast=178 medium=199 slow=135 | mean_alpha=0.2155 | mean_|grad|=0.000002 (n=1)
  [trace step 757] block 2: fast=178 medium=200 slow=134 | mean_alpha=0.2154 | mean_|grad|=0.000002 (n=1)
  [trace step 757] block 3: fast=179 medium=199 slow=134 | mean_alpha=0.2153 | mean_|grad|=0.000002 (n=1)
  [trace step 757] block 4: fast=178 medium=200 slow=134 | mean_alpha=0.2152 | mean_|grad|=0.000008 (n=1)
  [trace step 758] block 0: fast=178 medium=200 slow=134 | mean_alpha=0.2152 | mean_|grad|=0.000001 (n=1)
  [trace step 758] block 1: fast=178 medium=199 slow=135 | mean_alpha=0.2155 | mean_|grad|=0.000002 (n=1)
  [trace step 758] block 2: fast=178 medium=200 slow=134 | mean_alpha=0.2154 | mean_|grad|=0.000002 (n=1)
  [trace step 758] block 3: fast=179 medium=199 slow=134 | mean_alpha=0.2153 | mean_|grad|=0.000002 (n=1)
  [trace step 758] block 4: fast=178 medium=200 slow=134 | mean_alpha=0.2152 | mean_|grad|=0.000014 (n=1)
  [trace step 759] block 0: fast=178 medium=200 slow=134 | mean_alpha=0.2152 | mean_|grad|=0.000001 (n=1)
  [trace step 759] block 1: fast=178 medium=199 slow=135 | mean_alpha=0.2155 | mean_|grad|=0.000002 (n=1)
  [trace step 759] block 2: fast=178 medium=200 slow=134 | mean_alpha=0.2154 | mean_|grad|=0.000002 (n=1)
  [trace step 759] block 3: fast=179 medium=199 slow=134 | mean_alpha=0.2153 | mean_|grad|=0.000002 (n=1)
  [trace step 759] block 4: fast=178 medium=200 slow=134 | mean_alpha=0.2152 | mean_|grad|=0.000011 (n=1)
  [trace step 760] block 0: fast=178 medium=200 slow=134 | mean_alpha=0.2152 | mean_|grad|=0.000001 (n=1)
  [trace step 760] block 1: fast=178 medium=199 slow=135 | mean_alpha=0.2155 | mean_|grad|=0.000002 (n=1)
  [trace step 760] block 2: fast=178 medium=200 slow=134 | mean_alpha=0.2154 | mean_|grad|=0.000002 (n=1)
  [trace step 760] block 3: fast=179 medium=199 slow=134 | mean_alpha=0.2153 | mean_|grad|=0.000002 (n=1)
  [trace step 760] block 4: fast=178 medium=200 slow=134 | mean_alpha=0.2152 | mean_|grad|=0.000006 (n=1)
  [trace step 761] block 0: fast=178 medium=200 slow=134 | mean_alpha=0.2152 | mean_|grad|=0.000001 (n=1)
  [trace step 761] block 1: fast=178 medium=199 slow=135 | mean_alpha=0.2155 | mean_|grad|=0.000002 (n=1)
  [trace step 761] block 2: fast=178 medium=200 slow=134 | mean_alpha=0.2154 | mean_|grad|=0.000002 (n=1)
  [trace step 761] block 3: fast=179 medium=199 slow=134 | mean_alpha=0.2153 | mean_|grad|=0.000002 (n=1)
  [trace step 761] block 4: fast=178 medium=200 slow=134 | mean_alpha=0.2152 | mean_|grad|=0.000014 (n=1)
  [trace step 762] block 0: fast=178 medium=200 slow=134 | mean_alpha=0.2152 | mean_|grad|=0.000003 (n=1)
  [trace step 762] block 1: fast=178 medium=199 slow=135 | mean_alpha=0.2155 | mean_|grad|=0.000003 (n=1)
  [trace step 762] block 2: fast=178 medium=200 slow=134 | mean_alpha=0.2154 | mean_|grad|=0.000002 (n=1)
  [trace step 762] block 3: fast=179 medium=199 slow=134 | mean_alpha=0.2153 | mean_|grad|=0.000002 (n=1)
  [trace step 762] block 4: fast=178 medium=200 slow=134 | mean_alpha=0.2152 | mean_|grad|=0.000006 (n=1)
  [trace step 763] block 0: fast=178 medium=200 slow=134 | mean_alpha=0.2152 | mean_|grad|=0.000001 (n=1)
  [trace step 763] block 1: fast=178 medium=199 slow=135 | mean_alpha=0.2155 | mean_|grad|=0.000002 (n=1)
  [trace step 763] block 2: fast=178 medium=200 slow=134 | mean_alpha=0.2154 | mean_|grad|=0.000002 (n=1)
  [trace step 763] block 3: fast=179 medium=199 slow=134 | mean_alpha=0.2153 | mean_|grad|=0.000002 (n=1)
  [trace step 763] block 4: fast=178 medium=200 slow=134 | mean_alpha=0.2152 | mean_|grad|=0.000016 (n=1)
  [trace step 764] block 0: fast=178 medium=200 slow=134 | mean_alpha=0.2152 | mean_|grad|=0.000002 (n=1)
  [trace step 764] block 1: fast=178 medium=199 slow=135 | mean_alpha=0.2155 | mean_|grad|=0.000002 (n=1)
  [trace step 764] block 2: fast=178 medium=200 slow=134 | mean_alpha=0.2154 | mean_|grad|=0.000002 (n=1)
  [trace step 764] block 3: fast=179 medium=199 slow=134 | mean_alpha=0.2153 | mean_|grad|=0.000002 (n=1)
  [trace step 764] block 4: fast=178 medium=200 slow=134 | mean_alpha=0.2152 | mean_|grad|=0.000013 (n=1)
  [trace step 765] block 0: fast=178 medium=200 slow=134 | mean_alpha=0.2152 | mean_|grad|=0.000002 (n=1)
  [trace step 765] block 1: fast=178 medium=199 slow=135 | mean_alpha=0.2155 | mean_|grad|=0.000002 (n=1)
  [trace step 765] block 2: fast=178 medium=200 slow=134 | mean_alpha=0.2154 | mean_|grad|=0.000002 (n=1)
  [trace step 765] block 3: fast=179 medium=199 slow=134 | mean_alpha=0.2153 | mean_|grad|=0.000002 (n=1)
  [trace step 765] block 4: fast=178 medium=200 slow=134 | mean_alpha=0.2152 | mean_|grad|=0.000007 (n=1)
  [trace step 766] block 0: fast=178 medium=200 slow=134 | mean_alpha=0.2152 | mean_|grad|=0.000002 (n=1)
  [trace step 766] block 1: fast=178 medium=199 slow=135 | mean_alpha=0.2155 | mean_|grad|=0.000002 (n=1)
  [trace step 766] block 2: fast=178 medium=200 slow=134 | mean_alpha=0.2154 | mean_|grad|=0.000002 (n=1)
  [trace step 766] block 3: fast=179 medium=199 slow=134 | mean_alpha=0.2153 | mean_|grad|=0.000002 (n=1)
  [trace step 766] block 4: fast=178 medium=200 slow=134 | mean_alpha=0.2152 | mean_|grad|=0.000010 (n=1)
  [trace step 767] block 0: fast=178 medium=200 slow=134 | mean_alpha=0.2152 | mean_|grad|=0.000002 (n=1)
  [trace step 767] block 1: fast=178 medium=199 slow=135 | mean_alpha=0.2155 | mean_|grad|=0.000002 (n=1)
  [trace step 767] block 2: fast=178 medium=200 slow=134 | mean_alpha=0.2154 | mean_|grad|=0.000002 (n=1)
  [trace step 767] block 3: fast=179 medium=199 slow=134 | mean_alpha=0.2153 | mean_|grad|=0.000002 (n=1)
  [trace step 767] block 4: fast=178 medium=200 slow=134 | mean_alpha=0.2152 | mean_|grad|=0.000006 (n=1)
  [trace step 768] block 0: fast=178 medium=200 slow=134 | mean_alpha=0.2152 | mean_|grad|=0.000002 (n=1)
  [trace step 768] block 1: fast=178 medium=199 slow=135 | mean_alpha=0.2155 | mean_|grad|=0.000002 (n=1)
  [trace step 768] block 2: fast=178 medium=200 slow=134 | mean_alpha=0.2154 | mean_|grad|=0.000002 (n=1)
  [trace step 768] block 3: fast=179 medium=199 slow=134 | mean_alpha=0.2153 | mean_|grad|=0.000002 (n=1)
  [trace step 768] block 4: fast=178 medium=200 slow=134 | mean_alpha=0.2152 | mean_|grad|=0.000010 (n=1)
  [trace step 769] block 0: fast=178 medium=200 slow=134 | mean_alpha=0.2152 | mean_|grad|=0.000001 (n=1)
  [trace step 769] block 1: fast=178 medium=199 slow=135 | mean_alpha=0.2155 | mean_|grad|=0.000002 (n=1)
  [trace step 769] block 2: fast=178 medium=200 slow=134 | mean_alpha=0.2154 | mean_|grad|=0.000002 (n=1)
  [trace step 769] block 3: fast=179 medium=199 slow=134 | mean_alpha=0.2153 | mean_|grad|=0.000002 (n=1)
  [trace step 769] block 4: fast=178 medium=200 slow=134 | mean_alpha=0.2152 | mean_|grad|=0.000024 (n=1)
  [trace step 770] block 0: fast=178 medium=200 slow=134 | mean_alpha=0.2152 | mean_|grad|=0.000002 (n=1)
  [trace step 770] block 1: fast=178 medium=199 slow=135 | mean_alpha=0.2155 | mean_|grad|=0.000002 (n=1)
  [trace step 770] block 2: fast=178 medium=200 slow=134 | mean_alpha=0.2154 | mean_|grad|=0.000002 (n=1)
  [trace step 770] block 3: fast=179 medium=199 slow=134 | mean_alpha=0.2153 | mean_|grad|=0.000003 (n=1)
  [trace step 770] block 4: fast=178 medium=200 slow=134 | mean_alpha=0.2152 | mean_|grad|=0.000016 (n=1)
  [trace step 771] block 0: fast=178 medium=200 slow=134 | mean_alpha=0.2152 | mean_|grad|=0.000002 (n=1)
  [trace step 771] block 1: fast=178 medium=199 slow=135 | mean_alpha=0.2155 | mean_|grad|=0.000002 (n=1)
  [trace step 771] block 2: fast=178 medium=200 slow=134 | mean_alpha=0.2154 | mean_|grad|=0.000002 (n=1)
  [trace step 771] block 3: fast=179 medium=199 slow=134 | mean_alpha=0.2153 | mean_|grad|=0.000002 (n=1)
  [trace step 771] block 4: fast=178 medium=200 slow=134 | mean_alpha=0.2153 | mean_|grad|=0.000011 (n=1)
  [trace step 772] block 0: fast=178 medium=200 slow=134 | mean_alpha=0.2152 | mean_|grad|=0.000003 (n=1)
  [trace step 772] block 1: fast=178 medium=199 slow=135 | mean_alpha=0.2155 | mean_|grad|=0.000003 (n=1)
  [trace step 772] block 2: fast=178 medium=200 slow=134 | mean_alpha=0.2154 | mean_|grad|=0.000003 (n=1)
  [trace step 772] block 3: fast=179 medium=199 slow=134 | mean_alpha=0.2153 | mean_|grad|=0.000003 (n=1)
  [trace step 772] block 4: fast=178 medium=200 slow=134 | mean_alpha=0.2153 | mean_|grad|=0.000016 (n=1)
  [trace step 773] block 0: fast=178 medium=200 slow=134 | mean_alpha=0.2152 | mean_|grad|=0.000001 (n=1)
  [trace step 773] block 1: fast=178 medium=199 slow=135 | mean_alpha=0.2155 | mean_|grad|=0.000002 (n=1)
  [trace step 773] block 2: fast=178 medium=200 slow=134 | mean_alpha=0.2154 | mean_|grad|=0.000002 (n=1)
  [trace step 773] block 3: fast=179 medium=199 slow=134 | mean_alpha=0.2153 | mean_|grad|=0.000002 (n=1)
  [trace step 773] block 4: fast=178 medium=200 slow=134 | mean_alpha=0.2153 | mean_|grad|=0.000018 (n=1)
  [trace step 774] block 0: fast=178 medium=200 slow=134 | mean_alpha=0.2152 | mean_|grad|=0.000002 (n=1)
  [trace step 774] block 1: fast=178 medium=199 slow=135 | mean_alpha=0.2155 | mean_|grad|=0.000002 (n=1)
  [trace step 774] block 2: fast=178 medium=200 slow=134 | mean_alpha=0.2154 | mean_|grad|=0.000002 (n=1)
  [trace step 774] block 3: fast=179 medium=199 slow=134 | mean_alpha=0.2153 | mean_|grad|=0.000002 (n=1)
  [trace step 774] block 4: fast=178 medium=200 slow=134 | mean_alpha=0.2153 | mean_|grad|=0.000020 (n=1)
  [trace step 775] block 0: fast=178 medium=200 slow=134 | mean_alpha=0.2152 | mean_|grad|=0.000002 (n=1)
  [trace step 775] block 1: fast=178 medium=199 slow=135 | mean_alpha=0.2155 | mean_|grad|=0.000002 (n=1)
  [trace step 775] block 2: fast=178 medium=200 slow=134 | mean_alpha=0.2154 | mean_|grad|=0.000002 (n=1)
  [trace step 775] block 3: fast=179 medium=199 slow=134 | mean_alpha=0.2153 | mean_|grad|=0.000002 (n=1)
  [trace step 775] block 4: fast=178 medium=200 slow=134 | mean_alpha=0.2153 | mean_|grad|=0.000024 (n=1)
  [trace step 776] block 0: fast=178 medium=200 slow=134 | mean_alpha=0.2153 | mean_|grad|=0.000001 (n=1)
  [trace step 776] block 1: fast=178 medium=199 slow=135 | mean_alpha=0.2155 | mean_|grad|=0.000002 (n=1)
  [trace step 776] block 2: fast=178 medium=200 slow=134 | mean_alpha=0.2154 | mean_|grad|=0.000002 (n=1)
  [trace step 776] block 3: fast=179 medium=199 slow=134 | mean_alpha=0.2153 | mean_|grad|=0.000002 (n=1)
  [trace step 776] block 4: fast=178 medium=200 slow=134 | mean_alpha=0.2153 | mean_|grad|=0.000010 (n=1)
  [trace step 777] block 0: fast=178 medium=200 slow=134 | mean_alpha=0.2153 | mean_|grad|=0.000002 (n=1)
  [trace step 777] block 1: fast=178 medium=199 slow=135 | mean_alpha=0.2155 | mean_|grad|=0.000002 (n=1)
  [trace step 777] block 2: fast=178 medium=200 slow=134 | mean_alpha=0.2154 | mean_|grad|=0.000002 (n=1)
  [trace step 777] block 3: fast=179 medium=199 slow=134 | mean_alpha=0.2153 | mean_|grad|=0.000002 (n=1)
  [trace step 777] block 4: fast=178 medium=200 slow=134 | mean_alpha=0.2153 | mean_|grad|=0.000015 (n=1)
  [trace step 778] block 0: fast=178 medium=200 slow=134 | mean_alpha=0.2153 | mean_|grad|=0.000002 (n=1)
  [trace step 778] block 1: fast=178 medium=199 slow=135 | mean_alpha=0.2155 | mean_|grad|=0.000002 (n=1)
  [trace step 778] block 2: fast=178 medium=200 slow=134 | mean_alpha=0.2154 | mean_|grad|=0.000002 (n=1)
  [trace step 778] block 3: fast=179 medium=199 slow=134 | mean_alpha=0.2153 | mean_|grad|=0.000002 (n=1)
  [trace step 778] block 4: fast=178 medium=200 slow=134 | mean_alpha=0.2153 | mean_|grad|=0.000022 (n=1)
  [trace step 779] block 0: fast=178 medium=200 slow=134 | mean_alpha=0.2153 | mean_|grad|=0.000002 (n=1)
  [trace step 779] block 1: fast=178 medium=199 slow=135 | mean_alpha=0.2155 | mean_|grad|=0.000002 (n=1)
  [trace step 779] block 2: fast=178 medium=200 slow=134 | mean_alpha=0.2154 | mean_|grad|=0.000002 (n=1)
  [trace step 779] block 3: fast=179 medium=199 slow=134 | mean_alpha=0.2153 | mean_|grad|=0.000002 (n=1)
  [trace step 779] block 4: fast=178 medium=200 slow=134 | mean_alpha=0.2153 | mean_|grad|=0.000010 (n=1)
  [trace step 780] block 0: fast=178 medium=200 slow=134 | mean_alpha=0.2153 | mean_|grad|=0.000002 (n=1)
  [trace step 780] block 1: fast=178 medium=199 slow=135 | mean_alpha=0.2155 | mean_|grad|=0.000002 (n=1)
  [trace step 780] block 2: fast=178 medium=200 slow=134 | mean_alpha=0.2154 | mean_|grad|=0.000002 (n=1)
  [trace step 780] block 3: fast=179 medium=199 slow=134 | mean_alpha=0.2153 | mean_|grad|=0.000002 (n=1)
  [trace step 780] block 4: fast=178 medium=200 slow=134 | mean_alpha=0.2153 | mean_|grad|=0.000008 (n=1)
  [trace step 781] block 0: fast=178 medium=200 slow=134 | mean_alpha=0.2153 | mean_|grad|=0.000002 (n=1)
  [trace step 781] block 1: fast=178 medium=199 slow=135 | mean_alpha=0.2155 | mean_|grad|=0.000002 (n=1)
  [trace step 781] block 2: fast=178 medium=200 slow=134 | mean_alpha=0.2154 | mean_|grad|=0.000002 (n=1)
  [trace step 781] block 3: fast=179 medium=199 slow=134 | mean_alpha=0.2153 | mean_|grad|=0.000002 (n=1)
  [trace step 781] block 4: fast=178 medium=200 slow=134 | mean_alpha=0.2153 | mean_|grad|=0.000014 (n=1)
  [trace step 782] block 0: fast=178 medium=200 slow=134 | mean_alpha=0.2153 | mean_|grad|=0.000002 (n=1)
  [trace step 782] block 1: fast=178 medium=199 slow=135 | mean_alpha=0.2155 | mean_|grad|=0.000002 (n=1)
  [trace step 782] block 2: fast=178 medium=200 slow=134 | mean_alpha=0.2154 | mean_|grad|=0.000002 (n=1)
  [trace step 782] block 3: fast=179 medium=199 slow=134 | mean_alpha=0.2153 | mean_|grad|=0.000002 (n=1)
  [trace step 782] block 4: fast=178 medium=200 slow=134 | mean_alpha=0.2153 | mean_|grad|=0.000009 (n=1)
  [trace step 783] block 0: fast=178 medium=200 slow=134 | mean_alpha=0.2153 | mean_|grad|=0.000001 (n=1)
  [trace step 783] block 1: fast=178 medium=199 slow=135 | mean_alpha=0.2155 | mean_|grad|=0.000002 (n=1)
  [trace step 783] block 2: fast=178 medium=200 slow=134 | mean_alpha=0.2154 | mean_|grad|=0.000002 (n=1)
  [trace step 783] block 3: fast=179 medium=199 slow=134 | mean_alpha=0.2153 | mean_|grad|=0.000002 (n=1)
  [trace step 783] block 4: fast=178 medium=200 slow=134 | mean_alpha=0.2153 | mean_|grad|=0.000019 (n=1)
  [trace step 784] block 0: fast=178 medium=200 slow=134 | mean_alpha=0.2153 | mean_|grad|=0.000002 (n=1)
  [trace step 784] block 1: fast=178 medium=199 slow=135 | mean_alpha=0.2155 | mean_|grad|=0.000002 (n=1)
  [trace step 784] block 2: fast=178 medium=200 slow=134 | mean_alpha=0.2154 | mean_|grad|=0.000002 (n=1)
  [trace step 784] block 3: fast=179 medium=199 slow=134 | mean_alpha=0.2153 | mean_|grad|=0.000002 (n=1)
  [trace step 784] block 4: fast=178 medium=200 slow=134 | mean_alpha=0.2153 | mean_|grad|=0.000015 (n=1)
  [trace step 785] block 0: fast=178 medium=200 slow=134 | mean_alpha=0.2153 | mean_|grad|=0.000002 (n=1)
  [trace step 785] block 1: fast=178 medium=199 slow=135 | mean_alpha=0.2155 | mean_|grad|=0.000002 (n=1)
  [trace step 785] block 2: fast=178 medium=200 slow=134 | mean_alpha=0.2154 | mean_|grad|=0.000002 (n=1)
  [trace step 785] block 3: fast=179 medium=199 slow=134 | mean_alpha=0.2153 | mean_|grad|=0.000002 (n=1)
  [trace step 785] block 4: fast=178 medium=200 slow=134 | mean_alpha=0.2153 | mean_|grad|=0.000016 (n=1)
  [trace step 786] block 0: fast=178 medium=200 slow=134 | mean_alpha=0.2153 | mean_|grad|=0.000002 (n=1)
  [trace step 786] block 1: fast=178 medium=199 slow=135 | mean_alpha=0.2155 | mean_|grad|=0.000002 (n=1)
  [trace step 786] block 2: fast=178 medium=200 slow=134 | mean_alpha=0.2154 | mean_|grad|=0.000002 (n=1)
  [trace step 786] block 3: fast=179 medium=199 slow=134 | mean_alpha=0.2153 | mean_|grad|=0.000003 (n=1)
  [trace step 786] block 4: fast=178 medium=200 slow=134 | mean_alpha=0.2153 | mean_|grad|=0.000017 (n=1)
  [trace step 787] block 0: fast=178 medium=200 slow=134 | mean_alpha=0.2153 | mean_|grad|=0.000002 (n=1)
  [trace step 787] block 1: fast=178 medium=199 slow=135 | mean_alpha=0.2155 | mean_|grad|=0.000002 (n=1)
  [trace step 787] block 2: fast=178 medium=200 slow=134 | mean_alpha=0.2154 | mean_|grad|=0.000002 (n=1)
  [trace step 787] block 3: fast=179 medium=199 slow=134 | mean_alpha=0.2153 | mean_|grad|=0.000002 (n=1)
  [trace step 787] block 4: fast=178 medium=200 slow=134 | mean_alpha=0.2153 | mean_|grad|=0.000026 (n=1)
  [trace step 788] block 0: fast=178 medium=200 slow=134 | mean_alpha=0.2153 | mean_|grad|=0.000002 (n=1)
  [trace step 788] block 1: fast=178 medium=199 slow=135 | mean_alpha=0.2155 | mean_|grad|=0.000002 (n=1)
  [trace step 788] block 2: fast=178 medium=200 slow=134 | mean_alpha=0.2154 | mean_|grad|=0.000002 (n=1)
  [trace step 788] block 3: fast=179 medium=199 slow=134 | mean_alpha=0.2153 | mean_|grad|=0.000003 (n=1)
  [trace step 788] block 4: fast=178 medium=200 slow=134 | mean_alpha=0.2153 | mean_|grad|=0.000030 (n=1)
  [trace step 789] block 0: fast=178 medium=200 slow=134 | mean_alpha=0.2153 | mean_|grad|=0.000002 (n=1)
  [trace step 789] block 1: fast=178 medium=199 slow=135 | mean_alpha=0.2155 | mean_|grad|=0.000002 (n=1)
  [trace step 789] block 2: fast=178 medium=200 slow=134 | mean_alpha=0.2154 | mean_|grad|=0.000002 (n=1)
  [trace step 789] block 3: fast=179 medium=199 slow=134 | mean_alpha=0.2153 | mean_|grad|=0.000002 (n=1)
  [trace step 789] block 4: fast=178 medium=200 slow=134 | mean_alpha=0.2153 | mean_|grad|=0.000018 (n=1)
  [trace step 790] block 0: fast=178 medium=200 slow=134 | mean_alpha=0.2153 | mean_|grad|=0.000002 (n=1)
  [trace step 790] block 1: fast=178 medium=199 slow=135 | mean_alpha=0.2155 | mean_|grad|=0.000002 (n=1)
  [trace step 790] block 2: fast=178 medium=200 slow=134 | mean_alpha=0.2154 | mean_|grad|=0.000002 (n=1)
  [trace step 790] block 3: fast=179 medium=199 slow=134 | mean_alpha=0.2153 | mean_|grad|=0.000002 (n=1)
  [trace step 790] block 4: fast=178 medium=200 slow=134 | mean_alpha=0.2153 | mean_|grad|=0.000015 (n=1)
  [trace step 791] block 0: fast=178 medium=200 slow=134 | mean_alpha=0.2153 | mean_|grad|=0.000002 (n=1)
  [trace step 791] block 1: fast=178 medium=199 slow=135 | mean_alpha=0.2155 | mean_|grad|=0.000002 (n=1)
  [trace step 791] block 2: fast=178 medium=200 slow=134 | mean_alpha=0.2154 | mean_|grad|=0.000002 (n=1)
  [trace step 791] block 3: fast=179 medium=199 slow=134 | mean_alpha=0.2153 | mean_|grad|=0.000002 (n=1)
  [trace step 791] block 4: fast=178 medium=200 slow=134 | mean_alpha=0.2153 | mean_|grad|=0.000021 (n=1)
  [trace step 792] block 0: fast=178 medium=200 slow=134 | mean_alpha=0.2153 | mean_|grad|=0.000002 (n=1)
  [trace step 792] block 1: fast=178 medium=199 slow=135 | mean_alpha=0.2155 | mean_|grad|=0.000002 (n=1)
  [trace step 792] block 2: fast=178 medium=200 slow=134 | mean_alpha=0.2154 | mean_|grad|=0.000002 (n=1)
  [trace step 792] block 3: fast=179 medium=199 slow=134 | mean_alpha=0.2153 | mean_|grad|=0.000002 (n=1)
  [trace step 792] block 4: fast=178 medium=200 slow=134 | mean_alpha=0.2153 | mean_|grad|=0.000025 (n=1)
  [trace step 793] block 0: fast=178 medium=200 slow=134 | mean_alpha=0.2153 | mean_|grad|=0.000001 (n=1)
  [trace step 793] block 1: fast=178 medium=199 slow=135 | mean_alpha=0.2155 | mean_|grad|=0.000002 (n=1)
  [trace step 793] block 2: fast=178 medium=200 slow=134 | mean_alpha=0.2154 | mean_|grad|=0.000002 (n=1)
  [trace step 793] block 3: fast=179 medium=199 slow=134 | mean_alpha=0.2153 | mean_|grad|=0.000002 (n=1)
  [trace step 793] block 4: fast=178 medium=200 slow=134 | mean_alpha=0.2153 | mean_|grad|=0.000020 (n=1)
  [trace step 794] block 0: fast=178 medium=200 slow=134 | mean_alpha=0.2153 | mean_|grad|=0.000002 (n=1)
  [trace step 794] block 1: fast=178 medium=199 slow=135 | mean_alpha=0.2155 | mean_|grad|=0.000002 (n=1)
  [trace step 794] block 2: fast=178 medium=200 slow=134 | mean_alpha=0.2154 | mean_|grad|=0.000002 (n=1)
  [trace step 794] block 3: fast=179 medium=199 slow=134 | mean_alpha=0.2153 | mean_|grad|=0.000002 (n=1)
  [trace step 794] block 4: fast=178 medium=200 slow=134 | mean_alpha=0.2153 | mean_|grad|=0.000013 (n=1)
  [trace step 795] block 0: fast=178 medium=200 slow=134 | mean_alpha=0.2153 | mean_|grad|=0.000002 (n=1)
  [trace step 795] block 1: fast=178 medium=199 slow=135 | mean_alpha=0.2155 | mean_|grad|=0.000002 (n=1)
  [trace step 795] block 2: fast=178 medium=200 slow=134 | mean_alpha=0.2154 | mean_|grad|=0.000002 (n=1)
  [trace step 795] block 3: fast=179 medium=199 slow=134 | mean_alpha=0.2153 | mean_|grad|=0.000002 (n=1)
  [trace step 795] block 4: fast=178 medium=200 slow=134 | mean_alpha=0.2153 | mean_|grad|=0.000018 (n=1)
  [trace step 796] block 0: fast=178 medium=200 slow=134 | mean_alpha=0.2153 | mean_|grad|=0.000002 (n=1)
  [trace step 796] block 1: fast=178 medium=199 slow=135 | mean_alpha=0.2155 | mean_|grad|=0.000002 (n=1)
  [trace step 796] block 2: fast=178 medium=200 slow=134 | mean_alpha=0.2154 | mean_|grad|=0.000002 (n=1)
  [trace step 796] block 3: fast=179 medium=199 slow=134 | mean_alpha=0.2153 | mean_|grad|=0.000002 (n=1)
  [trace step 796] block 4: fast=178 medium=200 slow=134 | mean_alpha=0.2153 | mean_|grad|=0.000007 (n=1)
  [trace step 797] block 0: fast=178 medium=200 slow=134 | mean_alpha=0.2153 | mean_|grad|=0.000001 (n=1)
  [trace step 797] block 1: fast=178 medium=199 slow=135 | mean_alpha=0.2155 | mean_|grad|=0.000002 (n=1)
  [trace step 797] block 2: fast=178 medium=200 slow=134 | mean_alpha=0.2154 | mean_|grad|=0.000002 (n=1)
  [trace step 797] block 3: fast=179 medium=199 slow=134 | mean_alpha=0.2153 | mean_|grad|=0.000002 (n=1)
  [trace step 797] block 4: fast=178 medium=200 slow=134 | mean_alpha=0.2153 | mean_|grad|=0.000014 (n=1)
  [trace step 798] block 0: fast=178 medium=200 slow=134 | mean_alpha=0.2153 | mean_|grad|=0.000002 (n=1)
  [trace step 798] block 1: fast=178 medium=199 slow=135 | mean_alpha=0.2155 | mean_|grad|=0.000002 (n=1)
  [trace step 798] block 2: fast=178 medium=200 slow=134 | mean_alpha=0.2154 | mean_|grad|=0.000002 (n=1)
  [trace step 798] block 3: fast=179 medium=199 slow=134 | mean_alpha=0.2153 | mean_|grad|=0.000002 (n=1)
  [trace step 798] block 4: fast=178 medium=200 slow=134 | mean_alpha=0.2153 | mean_|grad|=0.000014 (n=1)
  [trace step 799] block 0: fast=178 medium=200 slow=134 | mean_alpha=0.2153 | mean_|grad|=0.000002 (n=1)
  [trace step 799] block 1: fast=178 medium=199 slow=135 | mean_alpha=0.2155 | mean_|grad|=0.000002 (n=1)
  [trace step 799] block 2: fast=178 medium=200 slow=134 | mean_alpha=0.2154 | mean_|grad|=0.000002 (n=1)
  [trace step 799] block 3: fast=179 medium=199 slow=134 | mean_alpha=0.2153 | mean_|grad|=0.000002 (n=1)
  [trace step 799] block 4: fast=178 medium=200 slow=134 | mean_alpha=0.2153 | mean_|grad|=0.000019 (n=1)
  [trace step 800] block 0: fast=178 medium=200 slow=134 | mean_alpha=0.2153 | mean_|grad|=0.000002 (n=1)
  [trace step 800] block 1: fast=178 medium=199 slow=135 | mean_alpha=0.2155 | mean_|grad|=0.000002 (n=1)
  [trace step 800] block 2: fast=178 medium=200 slow=134 | mean_alpha=0.2154 | mean_|grad|=0.000002 (n=1)
  [trace step 800] block 3: fast=179 medium=199 slow=134 | mean_alpha=0.2153 | mean_|grad|=0.000002 (n=1)
  [trace step 800] block 4: fast=178 medium=200 slow=134 | mean_alpha=0.2153 | mean_|grad|=0.000010 (n=1)
  [r2c trace step 800] block 0: z mean=1.0317 s mean=0.7504 min=0.7424 max=0.7584 closed=0/512 open=0/512 | mean|s*read|=0.276205 | mean|g| ar=4.94e-6 ib=4.25e-6 z=1.67e-6 (n=50)
  [r2c trace step 800] block 1: z mean=1.0233 s mean=0.7488 min=0.7431 max=0.7551 closed=0/512 open=0/512 | mean|s*read|=0.763875 | mean|g| ar=6.98e-6 ib=5.15e-6 z=1.30e-7 (n=50)
  [r2c trace step 800] block 2: z mean=1.0206 s mean=0.7483 min=0.7426 max=0.7540 closed=0/512 open=0/512 | mean|s*read|=0.961669 | mean|g| ar=8.14e-6 ib=4.59e-6 z=2.01e-7 (n=50)
  [r2c trace step 800] block 3: z mean=1.0199 s mean=0.7482 min=0.7417 max=0.7535 closed=0/512 open=0/512 | mean|s*read|=1.269827 | mean|g| ar=9.33e-6 ib=4.80e-6 z=1.17e-7 (n=50)
  [r2c trace step 800] block 4: z mean=1.0200 s mean=0.7482 min=0.7399 max=0.7540 closed=0/512 open=0/512 | mean|s*read|=1.795787 | mean|g| ar=1.40e-5 ib=6.64e-6 z=2.38e-7 (n=50)
  [trace step 801] block 0: fast=178 medium=200 slow=134 | mean_alpha=0.2153 | mean_|grad|=0.000002 (n=1)
  [trace step 801] block 1: fast=178 medium=199 slow=135 | mean_alpha=0.2155 | mean_|grad|=0.000002 (n=1)
  [trace step 801] block 2: fast=178 medium=200 slow=134 | mean_alpha=0.2154 | mean_|grad|=0.000002 (n=1)
  [trace step 801] block 3: fast=179 medium=199 slow=134 | mean_alpha=0.2153 | mean_|grad|=0.000002 (n=1)
  [trace step 801] block 4: fast=178 medium=200 slow=134 | mean_alpha=0.2153 | mean_|grad|=0.000012 (n=1)
  [trace step 802] block 0: fast=178 medium=200 slow=134 | mean_alpha=0.2153 | mean_|grad|=0.000002 (n=1)
  [trace step 802] block 1: fast=178 medium=199 slow=135 | mean_alpha=0.2155 | mean_|grad|=0.000002 (n=1)
  [trace step 802] block 2: fast=178 medium=200 slow=134 | mean_alpha=0.2154 | mean_|grad|=0.000002 (n=1)
  [trace step 802] block 3: fast=179 medium=199 slow=134 | mean_alpha=0.2153 | mean_|grad|=0.000002 (n=1)
  [trace step 802] block 4: fast=178 medium=200 slow=134 | mean_alpha=0.2153 | mean_|grad|=0.000018 (n=1)
  [trace step 803] block 0: fast=178 medium=200 slow=134 | mean_alpha=0.2153 | mean_|grad|=0.000001 (n=1)
  [trace step 803] block 1: fast=178 medium=199 slow=135 | mean_alpha=0.2155 | mean_|grad|=0.000002 (n=1)
  [trace step 803] block 2: fast=178 medium=200 slow=134 | mean_alpha=0.2154 | mean_|grad|=0.000002 (n=1)
  [trace step 803] block 3: fast=179 medium=199 slow=134 | mean_alpha=0.2153 | mean_|grad|=0.000002 (n=1)
  [trace step 803] block 4: fast=178 medium=200 slow=134 | mean_alpha=0.2153 | mean_|grad|=0.000010 (n=1)
  [trace step 804] block 0: fast=178 medium=200 slow=134 | mean_alpha=0.2153 | mean_|grad|=0.000002 (n=1)
  [trace step 804] block 1: fast=178 medium=199 slow=135 | mean_alpha=0.2155 | mean_|grad|=0.000002 (n=1)
  [trace step 804] block 2: fast=178 medium=200 slow=134 | mean_alpha=0.2154 | mean_|grad|=0.000002 (n=1)
  [trace step 804] block 3: fast=179 medium=199 slow=134 | mean_alpha=0.2153 | mean_|grad|=0.000002 (n=1)
  [trace step 804] block 4: fast=178 medium=200 slow=134 | mean_alpha=0.2153 | mean_|grad|=0.000024 (n=1)
  [trace step 805] block 0: fast=178 medium=200 slow=134 | mean_alpha=0.2153 | mean_|grad|=0.000002 (n=1)
  [trace step 805] block 1: fast=178 medium=199 slow=135 | mean_alpha=0.2155 | mean_|grad|=0.000002 (n=1)
  [trace step 805] block 2: fast=178 medium=200 slow=134 | mean_alpha=0.2154 | mean_|grad|=0.000002 (n=1)
  [trace step 805] block 3: fast=179 medium=199 slow=134 | mean_alpha=0.2153 | mean_|grad|=0.000002 (n=1)
  [trace step 805] block 4: fast=178 medium=200 slow=134 | mean_alpha=0.2153 | mean_|grad|=0.000020 (n=1)
  [trace step 806] block 0: fast=178 medium=200 slow=134 | mean_alpha=0.2153 | mean_|grad|=0.000002 (n=1)
  [trace step 806] block 1: fast=178 medium=199 slow=135 | mean_alpha=0.2155 | mean_|grad|=0.000002 (n=1)
  [trace step 806] block 2: fast=178 medium=200 slow=134 | mean_alpha=0.2154 | mean_|grad|=0.000002 (n=1)
  [trace step 806] block 3: fast=179 medium=199 slow=134 | mean_alpha=0.2153 | mean_|grad|=0.000002 (n=1)
  [trace step 806] block 4: fast=178 medium=200 slow=134 | mean_alpha=0.2153 | mean_|grad|=0.000012 (n=1)
  [trace step 807] block 0: fast=178 medium=200 slow=134 | mean_alpha=0.2153 | mean_|grad|=0.000001 (n=1)
  [trace step 807] block 1: fast=178 medium=199 slow=135 | mean_alpha=0.2155 | mean_|grad|=0.000002 (n=1)
  [trace step 807] block 2: fast=178 medium=200 slow=134 | mean_alpha=0.2154 | mean_|grad|=0.000002 (n=1)
  [trace step 807] block 3: fast=179 medium=199 slow=134 | mean_alpha=0.2153 | mean_|grad|=0.000002 (n=1)
  [trace step 807] block 4: fast=178 medium=200 slow=134 | mean_alpha=0.2153 | mean_|grad|=0.000011 (n=1)
  [trace step 808] block 0: fast=178 medium=200 slow=134 | mean_alpha=0.2153 | mean_|grad|=0.000002 (n=1)
  [trace step 808] block 1: fast=178 medium=199 slow=135 | mean_alpha=0.2155 | mean_|grad|=0.000002 (n=1)
  [trace step 808] block 2: fast=178 medium=200 slow=134 | mean_alpha=0.2154 | mean_|grad|=0.000002 (n=1)
  [trace step 808] block 3: fast=179 medium=199 slow=134 | mean_alpha=0.2153 | mean_|grad|=0.000002 (n=1)
  [trace step 808] block 4: fast=178 medium=200 slow=134 | mean_alpha=0.2153 | mean_|grad|=0.000011 (n=1)
  [trace step 809] block 0: fast=178 medium=200 slow=134 | mean_alpha=0.2153 | mean_|grad|=0.000002 (n=1)
  [trace step 809] block 1: fast=178 medium=199 slow=135 | mean_alpha=0.2155 | mean_|grad|=0.000002 (n=1)
  [trace step 809] block 2: fast=178 medium=200 slow=134 | mean_alpha=0.2154 | mean_|grad|=0.000002 (n=1)
  [trace step 809] block 3: fast=179 medium=199 slow=134 | mean_alpha=0.2153 | mean_|grad|=0.000002 (n=1)
  [trace step 809] block 4: fast=178 medium=200 slow=134 | mean_alpha=0.2153 | mean_|grad|=0.000024 (n=1)
  [trace step 810] block 0: fast=178 medium=200 slow=134 | mean_alpha=0.2153 | mean_|grad|=0.000001 (n=1)
  [trace step 810] block 1: fast=178 medium=199 slow=135 | mean_alpha=0.2155 | mean_|grad|=0.000002 (n=1)
  [trace step 810] block 2: fast=178 medium=200 slow=134 | mean_alpha=0.2154 | mean_|grad|=0.000002 (n=1)
  [trace step 810] block 3: fast=179 medium=199 slow=134 | mean_alpha=0.2153 | mean_|grad|=0.000002 (n=1)
  [trace step 810] block 4: fast=178 medium=200 slow=134 | mean_alpha=0.2153 | mean_|grad|=0.000013 (n=1)
  [trace step 811] block 0: fast=178 medium=200 slow=134 | mean_alpha=0.2153 | mean_|grad|=0.000002 (n=1)
  [trace step 811] block 1: fast=178 medium=199 slow=135 | mean_alpha=0.2155 | mean_|grad|=0.000002 (n=1)
  [trace step 811] block 2: fast=178 medium=200 slow=134 | mean_alpha=0.2154 | mean_|grad|=0.000002 (n=1)
  [trace step 811] block 3: fast=179 medium=199 slow=134 | mean_alpha=0.2153 | mean_|grad|=0.000002 (n=1)
  [trace step 811] block 4: fast=178 medium=200 slow=134 | mean_alpha=0.2153 | mean_|grad|=0.000017 (n=1)
  [trace step 812] block 0: fast=178 medium=200 slow=134 | mean_alpha=0.2153 | mean_|grad|=0.000002 (n=1)
  [trace step 812] block 1: fast=178 medium=199 slow=135 | mean_alpha=0.2155 | mean_|grad|=0.000002 (n=1)
  [trace step 812] block 2: fast=178 medium=200 slow=134 | mean_alpha=0.2154 | mean_|grad|=0.000002 (n=1)
  [trace step 812] block 3: fast=179 medium=199 slow=134 | mean_alpha=0.2153 | mean_|grad|=0.000003 (n=1)
  [trace step 812] block 4: fast=178 medium=200 slow=134 | mean_alpha=0.2153 | mean_|grad|=0.000016 (n=1)
  [trace step 813] block 0: fast=178 medium=200 slow=134 | mean_alpha=0.2153 | mean_|grad|=0.000002 (n=1)
  [trace step 813] block 1: fast=178 medium=199 slow=135 | mean_alpha=0.2155 | mean_|grad|=0.000002 (n=1)
  [trace step 813] block 2: fast=178 medium=200 slow=134 | mean_alpha=0.2154 | mean_|grad|=0.000002 (n=1)
  [trace step 813] block 3: fast=179 medium=199 slow=134 | mean_alpha=0.2153 | mean_|grad|=0.000002 (n=1)
  [trace step 813] block 4: fast=178 medium=200 slow=134 | mean_alpha=0.2153 | mean_|grad|=0.000015 (n=1)
  [trace step 814] block 0: fast=178 medium=200 slow=134 | mean_alpha=0.2153 | mean_|grad|=0.000002 (n=1)
  [trace step 814] block 1: fast=178 medium=199 slow=135 | mean_alpha=0.2155 | mean_|grad|=0.000002 (n=1)
  [trace step 814] block 2: fast=178 medium=200 slow=134 | mean_alpha=0.2154 | mean_|grad|=0.000002 (n=1)
  [trace step 814] block 3: fast=179 medium=199 slow=134 | mean_alpha=0.2153 | mean_|grad|=0.000002 (n=1)
  [trace step 814] block 4: fast=178 medium=200 slow=134 | mean_alpha=0.2153 | mean_|grad|=0.000011 (n=1)
  [trace step 815] block 0: fast=178 medium=200 slow=134 | mean_alpha=0.2153 | mean_|grad|=0.000002 (n=1)
  [trace step 815] block 1: fast=178 medium=199 slow=135 | mean_alpha=0.2155 | mean_|grad|=0.000003 (n=1)
  [trace step 815] block 2: fast=178 medium=200 slow=134 | mean_alpha=0.2154 | mean_|grad|=0.000003 (n=1)
  [trace step 815] block 3: fast=179 medium=199 slow=134 | mean_alpha=0.2153 | mean_|grad|=0.000003 (n=1)
  [trace step 815] block 4: fast=178 medium=200 slow=134 | mean_alpha=0.2153 | mean_|grad|=0.000016 (n=1)
  [trace step 816] block 0: fast=178 medium=200 slow=134 | mean_alpha=0.2153 | mean_|grad|=0.000002 (n=1)
  [trace step 816] block 1: fast=178 medium=199 slow=135 | mean_alpha=0.2155 | mean_|grad|=0.000002 (n=1)
  [trace step 816] block 2: fast=178 medium=200 slow=134 | mean_alpha=0.2154 | mean_|grad|=0.000002 (n=1)
  [trace step 816] block 3: fast=179 medium=199 slow=134 | mean_alpha=0.2153 | mean_|grad|=0.000002 (n=1)
  [trace step 816] block 4: fast=178 medium=200 slow=134 | mean_alpha=0.2153 | mean_|grad|=0.000010 (n=1)
  [trace step 817] block 0: fast=178 medium=200 slow=134 | mean_alpha=0.2153 | mean_|grad|=0.000002 (n=1)
  [trace step 817] block 1: fast=178 medium=199 slow=135 | mean_alpha=0.2155 | mean_|grad|=0.000002 (n=1)
  [trace step 817] block 2: fast=178 medium=200 slow=134 | mean_alpha=0.2154 | mean_|grad|=0.000002 (n=1)
  [trace step 817] block 3: fast=179 medium=199 slow=134 | mean_alpha=0.2153 | mean_|grad|=0.000002 (n=1)
  [trace step 817] block 4: fast=178 medium=200 slow=134 | mean_alpha=0.2153 | mean_|grad|=0.000009 (n=1)
  [trace step 818] block 0: fast=178 medium=200 slow=134 | mean_alpha=0.2153 | mean_|grad|=0.000002 (n=1)
  [trace step 818] block 1: fast=178 medium=199 slow=135 | mean_alpha=0.2155 | mean_|grad|=0.000002 (n=1)
  [trace step 818] block 2: fast=178 medium=200 slow=134 | mean_alpha=0.2154 | mean_|grad|=0.000002 (n=1)
  [trace step 818] block 3: fast=179 medium=199 slow=134 | mean_alpha=0.2153 | mean_|grad|=0.000002 (n=1)
  [trace step 818] block 4: fast=178 medium=200 slow=134 | mean_alpha=0.2153 | mean_|grad|=0.000021 (n=1)
  [trace step 819] block 0: fast=178 medium=200 slow=134 | mean_alpha=0.2153 | mean_|grad|=0.000001 (n=1)
  [trace step 819] block 1: fast=178 medium=199 slow=135 | mean_alpha=0.2155 | mean_|grad|=0.000002 (n=1)
  [trace step 819] block 2: fast=178 medium=200 slow=134 | mean_alpha=0.2154 | mean_|grad|=0.000002 (n=1)
  [trace step 819] block 3: fast=179 medium=199 slow=134 | mean_alpha=0.2153 | mean_|grad|=0.000002 (n=1)
  [trace step 819] block 4: fast=178 medium=200 slow=134 | mean_alpha=0.2153 | mean_|grad|=0.000008 (n=1)
  [trace step 820] block 0: fast=178 medium=200 slow=134 | mean_alpha=0.2153 | mean_|grad|=0.000002 (n=1)
  [trace step 820] block 1: fast=178 medium=199 slow=135 | mean_alpha=0.2155 | mean_|grad|=0.000002 (n=1)
  [trace step 820] block 2: fast=178 medium=200 slow=134 | mean_alpha=0.2154 | mean_|grad|=0.000002 (n=1)
  [trace step 820] block 3: fast=179 medium=199 slow=134 | mean_alpha=0.2153 | mean_|grad|=0.000002 (n=1)
  [trace step 820] block 4: fast=178 medium=200 slow=134 | mean_alpha=0.2153 | mean_|grad|=0.000009 (n=1)
  [trace step 821] block 0: fast=178 medium=200 slow=134 | mean_alpha=0.2153 | mean_|grad|=0.000001 (n=1)
  [trace step 821] block 1: fast=178 medium=199 slow=135 | mean_alpha=0.2155 | mean_|grad|=0.000002 (n=1)
  [trace step 821] block 2: fast=178 medium=200 slow=134 | mean_alpha=0.2154 | mean_|grad|=0.000002 (n=1)
  [trace step 821] block 3: fast=179 medium=199 slow=134 | mean_alpha=0.2153 | mean_|grad|=0.000002 (n=1)
  [trace step 821] block 4: fast=178 medium=200 slow=134 | mean_alpha=0.2153 | mean_|grad|=0.000019 (n=1)
  [trace step 822] block 0: fast=178 medium=200 slow=134 | mean_alpha=0.2153 | mean_|grad|=0.000002 (n=1)
  [trace step 822] block 1: fast=178 medium=199 slow=135 | mean_alpha=0.2155 | mean_|grad|=0.000002 (n=1)
  [trace step 822] block 2: fast=178 medium=200 slow=134 | mean_alpha=0.2154 | mean_|grad|=0.000002 (n=1)
  [trace step 822] block 3: fast=179 medium=199 slow=134 | mean_alpha=0.2153 | mean_|grad|=0.000002 (n=1)
  [trace step 822] block 4: fast=178 medium=200 slow=134 | mean_alpha=0.2153 | mean_|grad|=0.000007 (n=1)
  [trace step 823] block 0: fast=178 medium=200 slow=134 | mean_alpha=0.2153 | mean_|grad|=0.000002 (n=1)
  [trace step 823] block 1: fast=178 medium=199 slow=135 | mean_alpha=0.2155 | mean_|grad|=0.000002 (n=1)
  [trace step 823] block 2: fast=178 medium=200 slow=134 | mean_alpha=0.2154 | mean_|grad|=0.000002 (n=1)
  [trace step 823] block 3: fast=179 medium=199 slow=134 | mean_alpha=0.2153 | mean_|grad|=0.000002 (n=1)
  [trace step 823] block 4: fast=178 medium=200 slow=134 | mean_alpha=0.2153 | mean_|grad|=0.000012 (n=1)
  [trace step 824] block 0: fast=178 medium=200 slow=134 | mean_alpha=0.2153 | mean_|grad|=0.000001 (n=1)
  [trace step 824] block 1: fast=178 medium=199 slow=135 | mean_alpha=0.2155 | mean_|grad|=0.000002 (n=1)
  [trace step 824] block 2: fast=178 medium=200 slow=134 | mean_alpha=0.2154 | mean_|grad|=0.000002 (n=1)
  [trace step 824] block 3: fast=179 medium=199 slow=134 | mean_alpha=0.2153 | mean_|grad|=0.000002 (n=1)
  [trace step 824] block 4: fast=178 medium=200 slow=134 | mean_alpha=0.2153 | mean_|grad|=0.000021 (n=1)
  [trace step 825] block 0: fast=178 medium=200 slow=134 | mean_alpha=0.2153 | mean_|grad|=0.000001 (n=1)
  [trace step 825] block 1: fast=178 medium=199 slow=135 | mean_alpha=0.2155 | mean_|grad|=0.000002 (n=1)
  [trace step 825] block 2: fast=178 medium=200 slow=134 | mean_alpha=0.2154 | mean_|grad|=0.000002 (n=1)
  [trace step 825] block 3: fast=179 medium=199 slow=134 | mean_alpha=0.2153 | mean_|grad|=0.000002 (n=1)
  [trace step 825] block 4: fast=178 medium=200 slow=134 | mean_alpha=0.2153 | mean_|grad|=0.000011 (n=1)
  [trace step 826] block 0: fast=178 medium=200 slow=134 | mean_alpha=0.2153 | mean_|grad|=0.000001 (n=1)
  [trace step 826] block 1: fast=178 medium=199 slow=135 | mean_alpha=0.2155 | mean_|grad|=0.000002 (n=1)
  [trace step 826] block 2: fast=178 medium=200 slow=134 | mean_alpha=0.2154 | mean_|grad|=0.000002 (n=1)
  [trace step 826] block 3: fast=179 medium=199 slow=134 | mean_alpha=0.2153 | mean_|grad|=0.000002 (n=1)
  [trace step 826] block 4: fast=178 medium=200 slow=134 | mean_alpha=0.2153 | mean_|grad|=0.000021 (n=1)
  [trace step 827] block 0: fast=178 medium=200 slow=134 | mean_alpha=0.2153 | mean_|grad|=0.000002 (n=1)
  [trace step 827] block 1: fast=178 medium=199 slow=135 | mean_alpha=0.2155 | mean_|grad|=0.000002 (n=1)
  [trace step 827] block 2: fast=178 medium=200 slow=134 | mean_alpha=0.2154 | mean_|grad|=0.000002 (n=1)
  [trace step 827] block 3: fast=179 medium=199 slow=134 | mean_alpha=0.2153 | mean_|grad|=0.000002 (n=1)
  [trace step 827] block 4: fast=178 medium=200 slow=134 | mean_alpha=0.2153 | mean_|grad|=0.000021 (n=1)
  [trace step 828] block 0: fast=178 medium=200 slow=134 | mean_alpha=0.2153 | mean_|grad|=0.000002 (n=1)
  [trace step 828] block 1: fast=178 medium=199 slow=135 | mean_alpha=0.2155 | mean_|grad|=0.000002 (n=1)
  [trace step 828] block 2: fast=178 medium=200 slow=134 | mean_alpha=0.2154 | mean_|grad|=0.000002 (n=1)
  [trace step 828] block 3: fast=179 medium=199 slow=134 | mean_alpha=0.2153 | mean_|grad|=0.000002 (n=1)
  [trace step 828] block 4: fast=178 medium=200 slow=134 | mean_alpha=0.2153 | mean_|grad|=0.000017 (n=1)
  [trace step 829] block 0: fast=178 medium=200 slow=134 | mean_alpha=0.2153 | mean_|grad|=0.000002 (n=1)
  [trace step 829] block 1: fast=178 medium=199 slow=135 | mean_alpha=0.2155 | mean_|grad|=0.000002 (n=1)
  [trace step 829] block 2: fast=178 medium=200 slow=134 | mean_alpha=0.2154 | mean_|grad|=0.000002 (n=1)
  [trace step 829] block 3: fast=179 medium=199 slow=134 | mean_alpha=0.2153 | mean_|grad|=0.000002 (n=1)
  [trace step 829] block 4: fast=178 medium=200 slow=134 | mean_alpha=0.2153 | mean_|grad|=0.000017 (n=1)
  [trace step 830] block 0: fast=178 medium=200 slow=134 | mean_alpha=0.2153 | mean_|grad|=0.000001 (n=1)
  [trace step 830] block 1: fast=178 medium=199 slow=135 | mean_alpha=0.2155 | mean_|grad|=0.000002 (n=1)
  [trace step 830] block 2: fast=178 medium=200 slow=134 | mean_alpha=0.2154 | mean_|grad|=0.000002 (n=1)
  [trace step 830] block 3: fast=179 medium=199 slow=134 | mean_alpha=0.2153 | mean_|grad|=0.000002 (n=1)
  [trace step 830] block 4: fast=178 medium=200 slow=134 | mean_alpha=0.2153 | mean_|grad|=0.000012 (n=1)
  [trace step 831] block 0: fast=178 medium=200 slow=134 | mean_alpha=0.2153 | mean_|grad|=0.000001 (n=1)
  [trace step 831] block 1: fast=178 medium=199 slow=135 | mean_alpha=0.2155 | mean_|grad|=0.000002 (n=1)
  [trace step 831] block 2: fast=178 medium=200 slow=134 | mean_alpha=0.2154 | mean_|grad|=0.000002 (n=1)
  [trace step 831] block 3: fast=179 medium=199 slow=134 | mean_alpha=0.2153 | mean_|grad|=0.000002 (n=1)
  [trace step 831] block 4: fast=178 medium=200 slow=134 | mean_alpha=0.2153 | mean_|grad|=0.000018 (n=1)
  [trace step 832] block 0: fast=178 medium=200 slow=134 | mean_alpha=0.2153 | mean_|grad|=0.000002 (n=1)
  [trace step 832] block 1: fast=178 medium=199 slow=135 | mean_alpha=0.2155 | mean_|grad|=0.000002 (n=1)
  [trace step 832] block 2: fast=178 medium=200 slow=134 | mean_alpha=0.2154 | mean_|grad|=0.000002 (n=1)
  [trace step 832] block 3: fast=179 medium=199 slow=134 | mean_alpha=0.2153 | mean_|grad|=0.000002 (n=1)
  [trace step 832] block 4: fast=178 medium=200 slow=134 | mean_alpha=0.2153 | mean_|grad|=0.000012 (n=1)
  [trace step 833] block 0: fast=178 medium=200 slow=134 | mean_alpha=0.2153 | mean_|grad|=0.000002 (n=1)
  [trace step 833] block 1: fast=178 medium=199 slow=135 | mean_alpha=0.2155 | mean_|grad|=0.000002 (n=1)
  [trace step 833] block 2: fast=178 medium=200 slow=134 | mean_alpha=0.2154 | mean_|grad|=0.000002 (n=1)
  [trace step 833] block 3: fast=179 medium=199 slow=134 | mean_alpha=0.2153 | mean_|grad|=0.000002 (n=1)
  [trace step 833] block 4: fast=178 medium=200 slow=134 | mean_alpha=0.2153 | mean_|grad|=0.000015 (n=1)
  [trace step 834] block 0: fast=178 medium=200 slow=134 | mean_alpha=0.2153 | mean_|grad|=0.000001 (n=1)
  [trace step 834] block 1: fast=178 medium=199 slow=135 | mean_alpha=0.2155 | mean_|grad|=0.000001 (n=1)
  [trace step 834] block 2: fast=178 medium=200 slow=134 | mean_alpha=0.2154 | mean_|grad|=0.000002 (n=1)
  [trace step 834] block 3: fast=179 medium=199 slow=134 | mean_alpha=0.2153 | mean_|grad|=0.000002 (n=1)
  [trace step 834] block 4: fast=178 medium=200 slow=134 | mean_alpha=0.2153 | mean_|grad|=0.000008 (n=1)
  [trace step 835] block 0: fast=178 medium=200 slow=134 | mean_alpha=0.2153 | mean_|grad|=0.000002 (n=1)
  [trace step 835] block 1: fast=178 medium=199 slow=135 | mean_alpha=0.2155 | mean_|grad|=0.000001 (n=1)
  [trace step 835] block 2: fast=178 medium=200 slow=134 | mean_alpha=0.2154 | mean_|grad|=0.000002 (n=1)
  [trace step 835] block 3: fast=179 medium=199 slow=134 | mean_alpha=0.2153 | mean_|grad|=0.000002 (n=1)
  [trace step 835] block 4: fast=178 medium=200 slow=134 | mean_alpha=0.2153 | mean_|grad|=0.000020 (n=1)
  [trace step 836] block 0: fast=178 medium=200 slow=134 | mean_alpha=0.2153 | mean_|grad|=0.000001 (n=1)
  [trace step 836] block 1: fast=178 medium=199 slow=135 | mean_alpha=0.2155 | mean_|grad|=0.000002 (n=1)
  [trace step 836] block 2: fast=178 medium=200 slow=134 | mean_alpha=0.2154 | mean_|grad|=0.000002 (n=1)
  [trace step 836] block 3: fast=179 medium=199 slow=134 | mean_alpha=0.2153 | mean_|grad|=0.000002 (n=1)
  [trace step 836] block 4: fast=178 medium=200 slow=134 | mean_alpha=0.2153 | mean_|grad|=0.000022 (n=1)
  [trace step 837] block 0: fast=178 medium=200 slow=134 | mean_alpha=0.2153 | mean_|grad|=0.000001 (n=1)
  [trace step 837] block 1: fast=178 medium=199 slow=135 | mean_alpha=0.2155 | mean_|grad|=0.000001 (n=1)
  [trace step 837] block 2: fast=178 medium=200 slow=134 | mean_alpha=0.2154 | mean_|grad|=0.000002 (n=1)
  [trace step 837] block 3: fast=179 medium=199 slow=134 | mean_alpha=0.2153 | mean_|grad|=0.000002 (n=1)
  [trace step 837] block 4: fast=178 medium=200 slow=134 | mean_alpha=0.2153 | mean_|grad|=0.000018 (n=1)
  [trace step 838] block 0: fast=178 medium=200 slow=134 | mean_alpha=0.2153 | mean_|grad|=0.000001 (n=1)
  [trace step 838] block 1: fast=178 medium=199 slow=135 | mean_alpha=0.2155 | mean_|grad|=0.000002 (n=1)
  [trace step 838] block 2: fast=178 medium=200 slow=134 | mean_alpha=0.2154 | mean_|grad|=0.000002 (n=1)
  [trace step 838] block 3: fast=179 medium=199 slow=134 | mean_alpha=0.2153 | mean_|grad|=0.000002 (n=1)
  [trace step 838] block 4: fast=178 medium=200 slow=134 | mean_alpha=0.2153 | mean_|grad|=0.000014 (n=1)
  [trace step 839] block 0: fast=178 medium=200 slow=134 | mean_alpha=0.2153 | mean_|grad|=0.000001 (n=1)
  [trace step 839] block 1: fast=178 medium=199 slow=135 | mean_alpha=0.2155 | mean_|grad|=0.000002 (n=1)
  [trace step 839] block 2: fast=178 medium=200 slow=134 | mean_alpha=0.2154 | mean_|grad|=0.000002 (n=1)
  [trace step 839] block 3: fast=179 medium=199 slow=134 | mean_alpha=0.2153 | mean_|grad|=0.000002 (n=1)
  [trace step 839] block 4: fast=178 medium=200 slow=134 | mean_alpha=0.2153 | mean_|grad|=0.000012 (n=1)
  [trace step 840] block 0: fast=178 medium=200 slow=134 | mean_alpha=0.2153 | mean_|grad|=0.000001 (n=1)
  [trace step 840] block 1: fast=178 medium=199 slow=135 | mean_alpha=0.2155 | mean_|grad|=0.000002 (n=1)
  [trace step 840] block 2: fast=178 medium=200 slow=134 | mean_alpha=0.2154 | mean_|grad|=0.000002 (n=1)
  [trace step 840] block 3: fast=179 medium=199 slow=134 | mean_alpha=0.2153 | mean_|grad|=0.000002 (n=1)
  [trace step 840] block 4: fast=178 medium=200 slow=134 | mean_alpha=0.2153 | mean_|grad|=0.000014 (n=1)
  [trace step 841] block 0: fast=178 medium=200 slow=134 | mean_alpha=0.2153 | mean_|grad|=0.000001 (n=1)
  [trace step 841] block 1: fast=178 medium=199 slow=135 | mean_alpha=0.2155 | mean_|grad|=0.000002 (n=1)
  [trace step 841] block 2: fast=178 medium=200 slow=134 | mean_alpha=0.2154 | mean_|grad|=0.000002 (n=1)
  [trace step 841] block 3: fast=179 medium=199 slow=134 | mean_alpha=0.2153 | mean_|grad|=0.000002 (n=1)
  [trace step 841] block 4: fast=178 medium=200 slow=134 | mean_alpha=0.2153 | mean_|grad|=0.000012 (n=1)
  [trace step 842] block 0: fast=178 medium=200 slow=134 | mean_alpha=0.2153 | mean_|grad|=0.000002 (n=1)
  [trace step 842] block 1: fast=178 medium=199 slow=135 | mean_alpha=0.2155 | mean_|grad|=0.000002 (n=1)
  [trace step 842] block 2: fast=178 medium=200 slow=134 | mean_alpha=0.2154 | mean_|grad|=0.000002 (n=1)
  [trace step 842] block 3: fast=179 medium=199 slow=134 | mean_alpha=0.2153 | mean_|grad|=0.000002 (n=1)
  [trace step 842] block 4: fast=178 medium=200 slow=134 | mean_alpha=0.2153 | mean_|grad|=0.000014 (n=1)
  [trace step 843] block 0: fast=178 medium=200 slow=134 | mean_alpha=0.2153 | mean_|grad|=0.000001 (n=1)
  [trace step 843] block 1: fast=178 medium=199 slow=135 | mean_alpha=0.2155 | mean_|grad|=0.000002 (n=1)
  [trace step 843] block 2: fast=178 medium=200 slow=134 | mean_alpha=0.2154 | mean_|grad|=0.000002 (n=1)
  [trace step 843] block 3: fast=179 medium=199 slow=134 | mean_alpha=0.2153 | mean_|grad|=0.000002 (n=1)
  [trace step 843] block 4: fast=178 medium=200 slow=134 | mean_alpha=0.2153 | mean_|grad|=0.000020 (n=1)
  [trace step 844] block 0: fast=178 medium=200 slow=134 | mean_alpha=0.2153 | mean_|grad|=0.000002 (n=1)
  [trace step 844] block 1: fast=178 medium=199 slow=135 | mean_alpha=0.2155 | mean_|grad|=0.000002 (n=1)
  [trace step 844] block 2: fast=178 medium=200 slow=134 | mean_alpha=0.2154 | mean_|grad|=0.000002 (n=1)
  [trace step 844] block 3: fast=179 medium=199 slow=134 | mean_alpha=0.2153 | mean_|grad|=0.000002 (n=1)
  [trace step 844] block 4: fast=178 medium=200 slow=134 | mean_alpha=0.2153 | mean_|grad|=0.000010 (n=1)
  [trace step 845] block 0: fast=178 medium=200 slow=134 | mean_alpha=0.2153 | mean_|grad|=0.000002 (n=1)
  [trace step 845] block 1: fast=178 medium=199 slow=135 | mean_alpha=0.2155 | mean_|grad|=0.000002 (n=1)
  [trace step 845] block 2: fast=178 medium=200 slow=134 | mean_alpha=0.2154 | mean_|grad|=0.000001 (n=1)
  [trace step 845] block 3: fast=179 medium=199 slow=134 | mean_alpha=0.2153 | mean_|grad|=0.000002 (n=1)
  [trace step 845] block 4: fast=178 medium=200 slow=134 | mean_alpha=0.2153 | mean_|grad|=0.000008 (n=1)
  [trace step 846] block 0: fast=178 medium=200 slow=134 | mean_alpha=0.2153 | mean_|grad|=0.000002 (n=1)
  [trace step 846] block 1: fast=178 medium=199 slow=135 | mean_alpha=0.2155 | mean_|grad|=0.000001 (n=1)
  [trace step 846] block 2: fast=178 medium=200 slow=134 | mean_alpha=0.2154 | mean_|grad|=0.000001 (n=1)
  [trace step 846] block 3: fast=179 medium=199 slow=134 | mean_alpha=0.2153 | mean_|grad|=0.000002 (n=1)
  [trace step 846] block 4: fast=178 medium=200 slow=134 | mean_alpha=0.2153 | mean_|grad|=0.000012 (n=1)
  [trace step 847] block 0: fast=178 medium=200 slow=134 | mean_alpha=0.2153 | mean_|grad|=0.000001 (n=1)
  [trace step 847] block 1: fast=178 medium=199 slow=135 | mean_alpha=0.2155 | mean_|grad|=0.000001 (n=1)
  [trace step 847] block 2: fast=178 medium=200 slow=134 | mean_alpha=0.2154 | mean_|grad|=0.000001 (n=1)
  [trace step 847] block 3: fast=179 medium=199 slow=134 | mean_alpha=0.2153 | mean_|grad|=0.000002 (n=1)
  [trace step 847] block 4: fast=178 medium=200 slow=134 | mean_alpha=0.2153 | mean_|grad|=0.000012 (n=1)
  [trace step 848] block 0: fast=178 medium=200 slow=134 | mean_alpha=0.2153 | mean_|grad|=0.000002 (n=1)
  [trace step 848] block 1: fast=178 medium=199 slow=135 | mean_alpha=0.2155 | mean_|grad|=0.000001 (n=1)
  [trace step 848] block 2: fast=178 medium=200 slow=134 | mean_alpha=0.2154 | mean_|grad|=0.000001 (n=1)
  [trace step 848] block 3: fast=179 medium=199 slow=134 | mean_alpha=0.2153 | mean_|grad|=0.000002 (n=1)
  [trace step 848] block 4: fast=178 medium=200 slow=134 | mean_alpha=0.2153 | mean_|grad|=0.000021 (n=1)
  [trace step 849] block 0: fast=178 medium=200 slow=134 | mean_alpha=0.2153 | mean_|grad|=0.000002 (n=1)
  [trace step 849] block 1: fast=178 medium=199 slow=135 | mean_alpha=0.2155 | mean_|grad|=0.000002 (n=1)
  [trace step 849] block 2: fast=178 medium=200 slow=134 | mean_alpha=0.2154 | mean_|grad|=0.000002 (n=1)
  [trace step 849] block 3: fast=179 medium=199 slow=134 | mean_alpha=0.2153 | mean_|grad|=0.000003 (n=1)
  [trace step 849] block 4: fast=178 medium=200 slow=134 | mean_alpha=0.2153 | mean_|grad|=0.000011 (n=1)
  [trace step 850] block 0: fast=178 medium=200 slow=134 | mean_alpha=0.2153 | mean_|grad|=0.000001 (n=1)
  [trace step 850] block 1: fast=178 medium=199 slow=135 | mean_alpha=0.2155 | mean_|grad|=0.000002 (n=1)
  [trace step 850] block 2: fast=178 medium=200 slow=134 | mean_alpha=0.2154 | mean_|grad|=0.000002 (n=1)
  [trace step 850] block 3: fast=179 medium=199 slow=134 | mean_alpha=0.2153 | mean_|grad|=0.000002 (n=1)
  [trace step 850] block 4: fast=178 medium=200 slow=134 | mean_alpha=0.2153 | mean_|grad|=0.000011 (n=1)
  [r2c trace step 850] block 0: z mean=1.0317 s mean=0.7504 min=0.7424 max=0.7584 closed=0/512 open=0/512 | mean|s*read|=0.276387 | mean|g| ar=4.56e-6 ib=3.89e-6 z=1.39e-6 (n=50)
  [r2c trace step 850] block 1: z mean=1.0232 s mean=0.7488 min=0.7430 max=0.7551 closed=0/512 open=0/512 | mean|s*read|=0.761937 | mean|g| ar=6.62e-6 ib=4.79e-6 z=1.22e-7 (n=50)
  [r2c trace step 850] block 2: z mean=1.0205 s mean=0.7483 min=0.7425 max=0.7540 closed=0/512 open=0/512 | mean|s*read|=0.945487 | mean|g| ar=7.74e-6 ib=4.26e-6 z=2.48e-7 (n=50)
  [r2c trace step 850] block 3: z mean=1.0198 s mean=0.7482 min=0.7417 max=0.7534 closed=0/512 open=0/512 | mean|s*read|=1.239824 | mean|g| ar=8.77e-6 ib=4.29e-6 z=1.77e-7 (n=50)
  [r2c trace step 850] block 4: z mean=1.0199 s mean=0.7482 min=0.7393 max=0.7541 closed=0/512 open=0/512 | mean|s*read|=1.758145 | mean|g| ar=1.34e-5 ib=6.04e-6 z=2.60e-7 (n=50)
  [trace step 851] block 0: fast=178 medium=200 slow=134 | mean_alpha=0.2153 | mean_|grad|=0.000001 (n=1)
  [trace step 851] block 1: fast=178 medium=199 slow=135 | mean_alpha=0.2155 | mean_|grad|=0.000001 (n=1)
  [trace step 851] block 2: fast=178 medium=200 slow=134 | mean_alpha=0.2154 | mean_|grad|=0.000001 (n=1)
  [trace step 851] block 3: fast=179 medium=199 slow=134 | mean_alpha=0.2153 | mean_|grad|=0.000002 (n=1)
  [trace step 851] block 4: fast=178 medium=200 slow=134 | mean_alpha=0.2153 | mean_|grad|=0.000008 (n=1)
  [trace step 852] block 0: fast=178 medium=200 slow=134 | mean_alpha=0.2153 | mean_|grad|=0.000001 (n=1)
  [trace step 852] block 1: fast=178 medium=199 slow=135 | mean_alpha=0.2155 | mean_|grad|=0.000001 (n=1)
  [trace step 852] block 2: fast=178 medium=200 slow=134 | mean_alpha=0.2154 | mean_|grad|=0.000001 (n=1)
  [trace step 852] block 3: fast=179 medium=199 slow=134 | mean_alpha=0.2153 | mean_|grad|=0.000002 (n=1)
  [trace step 852] block 4: fast=178 medium=200 slow=134 | mean_alpha=0.2153 | mean_|grad|=0.000008 (n=1)
  [trace step 853] block 0: fast=178 medium=200 slow=134 | mean_alpha=0.2153 | mean_|grad|=0.000002 (n=1)
  [trace step 853] block 1: fast=178 medium=199 slow=135 | mean_alpha=0.2155 | mean_|grad|=0.000002 (n=1)
  [trace step 853] block 2: fast=178 medium=200 slow=134 | mean_alpha=0.2154 | mean_|grad|=0.000002 (n=1)
  [trace step 853] block 3: fast=179 medium=199 slow=134 | mean_alpha=0.2153 | mean_|grad|=0.000002 (n=1)
  [trace step 853] block 4: fast=178 medium=200 slow=134 | mean_alpha=0.2153 | mean_|grad|=0.000007 (n=1)
  [trace step 854] block 0: fast=178 medium=200 slow=134 | mean_alpha=0.2153 | mean_|grad|=0.000001 (n=1)
  [trace step 854] block 1: fast=178 medium=199 slow=135 | mean_alpha=0.2155 | mean_|grad|=0.000002 (n=1)
  [trace step 854] block 2: fast=178 medium=200 slow=134 | mean_alpha=0.2154 | mean_|grad|=0.000001 (n=1)
  [trace step 854] block 3: fast=179 medium=199 slow=134 | mean_alpha=0.2153 | mean_|grad|=0.000002 (n=1)
  [trace step 854] block 4: fast=178 medium=200 slow=134 | mean_alpha=0.2153 | mean_|grad|=0.000010 (n=1)
  [trace step 855] block 0: fast=178 medium=200 slow=134 | mean_alpha=0.2153 | mean_|grad|=0.000001 (n=1)
  [trace step 855] block 1: fast=178 medium=199 slow=135 | mean_alpha=0.2155 | mean_|grad|=0.000002 (n=1)
  [trace step 855] block 2: fast=178 medium=200 slow=134 | mean_alpha=0.2154 | mean_|grad|=0.000001 (n=1)
  [trace step 855] block 3: fast=179 medium=199 slow=134 | mean_alpha=0.2153 | mean_|grad|=0.000002 (n=1)
  [trace step 855] block 4: fast=178 medium=200 slow=134 | mean_alpha=0.2153 | mean_|grad|=0.000013 (n=1)
  [trace step 856] block 0: fast=178 medium=200 slow=134 | mean_alpha=0.2153 | mean_|grad|=0.000001 (n=1)
  [trace step 856] block 1: fast=178 medium=199 slow=135 | mean_alpha=0.2155 | mean_|grad|=0.000002 (n=1)
  [trace step 856] block 2: fast=178 medium=200 slow=134 | mean_alpha=0.2154 | mean_|grad|=0.000002 (n=1)
  [trace step 856] block 3: fast=179 medium=199 slow=134 | mean_alpha=0.2153 | mean_|grad|=0.000002 (n=1)
  [trace step 856] block 4: fast=178 medium=200 slow=134 | mean_alpha=0.2153 | mean_|grad|=0.000021 (n=1)
  [trace step 857] block 0: fast=178 medium=200 slow=134 | mean_alpha=0.2153 | mean_|grad|=0.000001 (n=1)
  [trace step 857] block 1: fast=178 medium=199 slow=135 | mean_alpha=0.2155 | mean_|grad|=0.000002 (n=1)
  [trace step 857] block 2: fast=178 medium=200 slow=134 | mean_alpha=0.2154 | mean_|grad|=0.000002 (n=1)
  [trace step 857] block 3: fast=179 medium=199 slow=134 | mean_alpha=0.2153 | mean_|grad|=0.000002 (n=1)
  [trace step 857] block 4: fast=178 medium=200 slow=134 | mean_alpha=0.2153 | mean_|grad|=0.000012 (n=1)
  [trace step 858] block 0: fast=178 medium=200 slow=134 | mean_alpha=0.2153 | mean_|grad|=0.000001 (n=1)
  [trace step 858] block 1: fast=178 medium=199 slow=135 | mean_alpha=0.2155 | mean_|grad|=0.000002 (n=1)
  [trace step 858] block 2: fast=178 medium=200 slow=134 | mean_alpha=0.2154 | mean_|grad|=0.000002 (n=1)
  [trace step 858] block 3: fast=179 medium=199 slow=134 | mean_alpha=0.2153 | mean_|grad|=0.000002 (n=1)
  [trace step 858] block 4: fast=178 medium=200 slow=134 | mean_alpha=0.2153 | mean_|grad|=0.000030 (n=1)
  [trace step 859] block 0: fast=178 medium=200 slow=134 | mean_alpha=0.2153 | mean_|grad|=0.000001 (n=1)
  [trace step 859] block 1: fast=178 medium=199 slow=135 | mean_alpha=0.2155 | mean_|grad|=0.000002 (n=1)
  [trace step 859] block 2: fast=178 medium=200 slow=134 | mean_alpha=0.2154 | mean_|grad|=0.000002 (n=1)
  [trace step 859] block 3: fast=179 medium=199 slow=134 | mean_alpha=0.2153 | mean_|grad|=0.000002 (n=1)
  [trace step 859] block 4: fast=178 medium=200 slow=134 | mean_alpha=0.2153 | mean_|grad|=0.000026 (n=1)
  [trace step 860] block 0: fast=178 medium=200 slow=134 | mean_alpha=0.2153 | mean_|grad|=0.000001 (n=1)
  [trace step 860] block 1: fast=178 medium=199 slow=135 | mean_alpha=0.2155 | mean_|grad|=0.000002 (n=1)
  [trace step 860] block 2: fast=178 medium=200 slow=134 | mean_alpha=0.2154 | mean_|grad|=0.000002 (n=1)
  [trace step 860] block 3: fast=179 medium=199 slow=134 | mean_alpha=0.2153 | mean_|grad|=0.000002 (n=1)
  [trace step 860] block 4: fast=178 medium=200 slow=134 | mean_alpha=0.2153 | mean_|grad|=0.000015 (n=1)
  [trace step 861] block 0: fast=178 medium=200 slow=134 | mean_alpha=0.2153 | mean_|grad|=0.000002 (n=1)
  [trace step 861] block 1: fast=178 medium=199 slow=135 | mean_alpha=0.2155 | mean_|grad|=0.000002 (n=1)
  [trace step 861] block 2: fast=178 medium=200 slow=134 | mean_alpha=0.2154 | mean_|grad|=0.000002 (n=1)
  [trace step 861] block 3: fast=179 medium=199 slow=134 | mean_alpha=0.2153 | mean_|grad|=0.000002 (n=1)
  [trace step 861] block 4: fast=178 medium=200 slow=134 | mean_alpha=0.2153 | mean_|grad|=0.000009 (n=1)
  [trace step 862] block 0: fast=178 medium=200 slow=134 | mean_alpha=0.2153 | mean_|grad|=0.000001 (n=1)
  [trace step 862] block 1: fast=178 medium=199 slow=135 | mean_alpha=0.2155 | mean_|grad|=0.000002 (n=1)
  [trace step 862] block 2: fast=178 medium=200 slow=134 | mean_alpha=0.2154 | mean_|grad|=0.000002 (n=1)
  [trace step 862] block 3: fast=179 medium=199 slow=134 | mean_alpha=0.2153 | mean_|grad|=0.000002 (n=1)
  [trace step 862] block 4: fast=178 medium=200 slow=134 | mean_alpha=0.2153 | mean_|grad|=0.000018 (n=1)
  [trace step 863] block 0: fast=178 medium=200 slow=134 | mean_alpha=0.2153 | mean_|grad|=0.000002 (n=1)
  [trace step 863] block 1: fast=178 medium=199 slow=135 | mean_alpha=0.2155 | mean_|grad|=0.000002 (n=1)
  [trace step 863] block 2: fast=178 medium=200 slow=134 | mean_alpha=0.2154 | mean_|grad|=0.000002 (n=1)
  [trace step 863] block 3: fast=179 medium=199 slow=134 | mean_alpha=0.2153 | mean_|grad|=0.000002 (n=1)
  [trace step 863] block 4: fast=178 medium=200 slow=134 | mean_alpha=0.2153 | mean_|grad|=0.000025 (n=1)
  [trace step 864] block 0: fast=178 medium=200 slow=134 | mean_alpha=0.2153 | mean_|grad|=0.000001 (n=1)
  [trace step 864] block 1: fast=178 medium=199 slow=135 | mean_alpha=0.2155 | mean_|grad|=0.000001 (n=1)
  [trace step 864] block 2: fast=178 medium=200 slow=134 | mean_alpha=0.2154 | mean_|grad|=0.000001 (n=1)
  [trace step 864] block 3: fast=179 medium=199 slow=134 | mean_alpha=0.2153 | mean_|grad|=0.000002 (n=1)
  [trace step 864] block 4: fast=178 medium=200 slow=134 | mean_alpha=0.2153 | mean_|grad|=0.000010 (n=1)
  [trace step 865] block 0: fast=178 medium=200 slow=134 | mean_alpha=0.2153 | mean_|grad|=0.000001 (n=1)
  [trace step 865] block 1: fast=178 medium=199 slow=135 | mean_alpha=0.2155 | mean_|grad|=0.000002 (n=1)
  [trace step 865] block 2: fast=178 medium=200 slow=134 | mean_alpha=0.2154 | mean_|grad|=0.000002 (n=1)
  [trace step 865] block 3: fast=179 medium=199 slow=134 | mean_alpha=0.2153 | mean_|grad|=0.000002 (n=1)
  [trace step 865] block 4: fast=178 medium=200 slow=134 | mean_alpha=0.2153 | mean_|grad|=0.000010 (n=1)
  [trace step 866] block 0: fast=178 medium=200 slow=134 | mean_alpha=0.2153 | mean_|grad|=0.000002 (n=1)
  [trace step 866] block 1: fast=178 medium=199 slow=135 | mean_alpha=0.2155 | mean_|grad|=0.000002 (n=1)
  [trace step 866] block 2: fast=178 medium=200 slow=134 | mean_alpha=0.2154 | mean_|grad|=0.000001 (n=1)
  [trace step 866] block 3: fast=179 medium=199 slow=134 | mean_alpha=0.2153 | mean_|grad|=0.000002 (n=1)
  [trace step 866] block 4: fast=178 medium=200 slow=134 | mean_alpha=0.2153 | mean_|grad|=0.000016 (n=1)
  [trace step 867] block 0: fast=178 medium=200 slow=134 | mean_alpha=0.2153 | mean_|grad|=0.000003 (n=1)
  [trace step 867] block 1: fast=178 medium=199 slow=135 | mean_alpha=0.2155 | mean_|grad|=0.000003 (n=1)
  [trace step 867] block 2: fast=178 medium=200 slow=134 | mean_alpha=0.2154 | mean_|grad|=0.000003 (n=1)
  [trace step 867] block 3: fast=179 medium=199 slow=134 | mean_alpha=0.2153 | mean_|grad|=0.000003 (n=1)
  [trace step 867] block 4: fast=178 medium=200 slow=134 | mean_alpha=0.2153 | mean_|grad|=0.000015 (n=1)
  [trace step 868] block 0: fast=178 medium=200 slow=134 | mean_alpha=0.2153 | mean_|grad|=0.000002 (n=1)
  [trace step 868] block 1: fast=178 medium=199 slow=135 | mean_alpha=0.2155 | mean_|grad|=0.000002 (n=1)
  [trace step 868] block 2: fast=178 medium=200 slow=134 | mean_alpha=0.2154 | mean_|grad|=0.000002 (n=1)
  [trace step 868] block 3: fast=179 medium=199 slow=134 | mean_alpha=0.2153 | mean_|grad|=0.000002 (n=1)
  [trace step 868] block 4: fast=178 medium=200 slow=134 | mean_alpha=0.2153 | mean_|grad|=0.000010 (n=1)
  [trace step 869] block 0: fast=178 medium=200 slow=134 | mean_alpha=0.2153 | mean_|grad|=0.000002 (n=1)
  [trace step 869] block 1: fast=178 medium=199 slow=135 | mean_alpha=0.2155 | mean_|grad|=0.000001 (n=1)
  [trace step 869] block 2: fast=178 medium=200 slow=134 | mean_alpha=0.2154 | mean_|grad|=0.000002 (n=1)
  [trace step 869] block 3: fast=179 medium=199 slow=134 | mean_alpha=0.2153 | mean_|grad|=0.000002 (n=1)
  [trace step 869] block 4: fast=178 medium=200 slow=134 | mean_alpha=0.2153 | mean_|grad|=0.000010 (n=1)
  [trace step 870] block 0: fast=178 medium=200 slow=134 | mean_alpha=0.2153 | mean_|grad|=0.000001 (n=1)
  [trace step 870] block 1: fast=178 medium=199 slow=135 | mean_alpha=0.2155 | mean_|grad|=0.000001 (n=1)
  [trace step 870] block 2: fast=178 medium=200 slow=134 | mean_alpha=0.2154 | mean_|grad|=0.000002 (n=1)
  [trace step 870] block 3: fast=179 medium=199 slow=134 | mean_alpha=0.2153 | mean_|grad|=0.000002 (n=1)
  [trace step 870] block 4: fast=178 medium=200 slow=134 | mean_alpha=0.2153 | mean_|grad|=0.000016 (n=1)
  [trace step 871] block 0: fast=178 medium=200 slow=134 | mean_alpha=0.2153 | mean_|grad|=0.000001 (n=1)
  [trace step 871] block 1: fast=178 medium=199 slow=135 | mean_alpha=0.2155 | mean_|grad|=0.000001 (n=1)
  [trace step 871] block 2: fast=178 medium=200 slow=134 | mean_alpha=0.2154 | mean_|grad|=0.000002 (n=1)
  [trace step 871] block 3: fast=179 medium=199 slow=134 | mean_alpha=0.2153 | mean_|grad|=0.000002 (n=1)
  [trace step 871] block 4: fast=178 medium=200 slow=134 | mean_alpha=0.2153 | mean_|grad|=0.000016 (n=1)
  [trace step 872] block 0: fast=178 medium=200 slow=134 | mean_alpha=0.2153 | mean_|grad|=0.000001 (n=1)
  [trace step 872] block 1: fast=178 medium=199 slow=135 | mean_alpha=0.2155 | mean_|grad|=0.000002 (n=1)
  [trace step 872] block 2: fast=178 medium=200 slow=134 | mean_alpha=0.2154 | mean_|grad|=0.000002 (n=1)
  [trace step 872] block 3: fast=179 medium=199 slow=134 | mean_alpha=0.2153 | mean_|grad|=0.000002 (n=1)
  [trace step 872] block 4: fast=178 medium=200 slow=134 | mean_alpha=0.2153 | mean_|grad|=0.000010 (n=1)
  [trace step 873] block 0: fast=178 medium=200 slow=134 | mean_alpha=0.2153 | mean_|grad|=0.000002 (n=1)
  [trace step 873] block 1: fast=178 medium=199 slow=135 | mean_alpha=0.2155 | mean_|grad|=0.000002 (n=1)
  [trace step 873] block 2: fast=178 medium=200 slow=134 | mean_alpha=0.2154 | mean_|grad|=0.000002 (n=1)
  [trace step 873] block 3: fast=179 medium=199 slow=134 | mean_alpha=0.2153 | mean_|grad|=0.000002 (n=1)
  [trace step 873] block 4: fast=178 medium=200 slow=134 | mean_alpha=0.2153 | mean_|grad|=0.000022 (n=1)
  [trace step 874] block 0: fast=178 medium=200 slow=134 | mean_alpha=0.2153 | mean_|grad|=0.000001 (n=1)
  [trace step 874] block 1: fast=178 medium=199 slow=135 | mean_alpha=0.2155 | mean_|grad|=0.000002 (n=1)
  [trace step 874] block 2: fast=178 medium=200 slow=134 | mean_alpha=0.2154 | mean_|grad|=0.000002 (n=1)
  [trace step 874] block 3: fast=179 medium=199 slow=134 | mean_alpha=0.2153 | mean_|grad|=0.000002 (n=1)
  [trace step 874] block 4: fast=178 medium=200 slow=134 | mean_alpha=0.2153 | mean_|grad|=0.000023 (n=1)
  [trace step 875] block 0: fast=178 medium=200 slow=134 | mean_alpha=0.2153 | mean_|grad|=0.000001 (n=1)
  [trace step 875] block 1: fast=178 medium=199 slow=135 | mean_alpha=0.2155 | mean_|grad|=0.000001 (n=1)
  [trace step 875] block 2: fast=178 medium=200 slow=134 | mean_alpha=0.2154 | mean_|grad|=0.000002 (n=1)
  [trace step 875] block 3: fast=179 medium=199 slow=134 | mean_alpha=0.2153 | mean_|grad|=0.000002 (n=1)
  [trace step 875] block 4: fast=178 medium=200 slow=134 | mean_alpha=0.2153 | mean_|grad|=0.000011 (n=1)
  [trace step 876] block 0: fast=178 medium=200 slow=134 | mean_alpha=0.2153 | mean_|grad|=0.000002 (n=1)
  [trace step 876] block 1: fast=178 medium=199 slow=135 | mean_alpha=0.2155 | mean_|grad|=0.000002 (n=1)
  [trace step 876] block 2: fast=178 medium=200 slow=134 | mean_alpha=0.2154 | mean_|grad|=0.000002 (n=1)
  [trace step 876] block 3: fast=179 medium=199 slow=134 | mean_alpha=0.2153 | mean_|grad|=0.000002 (n=1)
  [trace step 876] block 4: fast=178 medium=200 slow=134 | mean_alpha=0.2153 | mean_|grad|=0.000022 (n=1)
  [trace step 877] block 0: fast=178 medium=200 slow=134 | mean_alpha=0.2153 | mean_|grad|=0.000001 (n=1)
  [trace step 877] block 1: fast=178 medium=199 slow=135 | mean_alpha=0.2155 | mean_|grad|=0.000002 (n=1)
  [trace step 877] block 2: fast=178 medium=200 slow=134 | mean_alpha=0.2154 | mean_|grad|=0.000002 (n=1)
  [trace step 877] block 3: fast=179 medium=199 slow=134 | mean_alpha=0.2153 | mean_|grad|=0.000002 (n=1)
  [trace step 877] block 4: fast=178 medium=200 slow=134 | mean_alpha=0.2153 | mean_|grad|=0.000021 (n=1)
  [trace step 878] block 0: fast=178 medium=200 slow=134 | mean_alpha=0.2153 | mean_|grad|=0.000002 (n=1)
  [trace step 878] block 1: fast=178 medium=199 slow=135 | mean_alpha=0.2155 | mean_|grad|=0.000002 (n=1)
  [trace step 878] block 2: fast=178 medium=200 slow=134 | mean_alpha=0.2154 | mean_|grad|=0.000002 (n=1)
  [trace step 878] block 3: fast=179 medium=199 slow=134 | mean_alpha=0.2153 | mean_|grad|=0.000002 (n=1)
  [trace step 878] block 4: fast=178 medium=200 slow=134 | mean_alpha=0.2153 | mean_|grad|=0.000014 (n=1)
  [trace step 879] block 0: fast=178 medium=200 slow=134 | mean_alpha=0.2153 | mean_|grad|=0.000002 (n=1)
  [trace step 879] block 1: fast=178 medium=199 slow=135 | mean_alpha=0.2155 | mean_|grad|=0.000002 (n=1)
  [trace step 879] block 2: fast=178 medium=200 slow=134 | mean_alpha=0.2154 | mean_|grad|=0.000002 (n=1)
  [trace step 879] block 3: fast=179 medium=199 slow=134 | mean_alpha=0.2153 | mean_|grad|=0.000002 (n=1)
  [trace step 879] block 4: fast=178 medium=200 slow=134 | mean_alpha=0.2153 | mean_|grad|=0.000013 (n=1)
  [trace step 880] block 0: fast=178 medium=200 slow=134 | mean_alpha=0.2153 | mean_|grad|=0.000001 (n=1)
  [trace step 880] block 1: fast=178 medium=199 slow=135 | mean_alpha=0.2155 | mean_|grad|=0.000002 (n=1)
  [trace step 880] block 2: fast=178 medium=200 slow=134 | mean_alpha=0.2154 | mean_|grad|=0.000002 (n=1)
  [trace step 880] block 3: fast=179 medium=199 slow=134 | mean_alpha=0.2153 | mean_|grad|=0.000002 (n=1)
  [trace step 880] block 4: fast=178 medium=200 slow=134 | mean_alpha=0.2153 | mean_|grad|=0.000014 (n=1)
  [trace step 881] block 0: fast=178 medium=200 slow=134 | mean_alpha=0.2153 | mean_|grad|=0.000005 (n=1)
  [trace step 881] block 1: fast=178 medium=199 slow=135 | mean_alpha=0.2155 | mean_|grad|=0.000007 (n=1)
  [trace step 881] block 2: fast=178 medium=200 slow=134 | mean_alpha=0.2154 | mean_|grad|=0.000006 (n=1)
  [trace step 881] block 3: fast=179 medium=199 slow=134 | mean_alpha=0.2153 | mean_|grad|=0.000006 (n=1)
  [trace step 881] block 4: fast=178 medium=200 slow=134 | mean_alpha=0.2153 | mean_|grad|=0.000017 (n=1)
  [trace step 882] block 0: fast=178 medium=200 slow=134 | mean_alpha=0.2153 | mean_|grad|=0.000002 (n=1)
  [trace step 882] block 1: fast=178 medium=199 slow=135 | mean_alpha=0.2155 | mean_|grad|=0.000002 (n=1)
  [trace step 882] block 2: fast=178 medium=200 slow=134 | mean_alpha=0.2154 | mean_|grad|=0.000002 (n=1)
  [trace step 882] block 3: fast=179 medium=199 slow=134 | mean_alpha=0.2153 | mean_|grad|=0.000002 (n=1)
  [trace step 882] block 4: fast=178 medium=200 slow=134 | mean_alpha=0.2153 | mean_|grad|=0.000006 (n=1)
  [trace step 883] block 0: fast=178 medium=200 slow=134 | mean_alpha=0.2153 | mean_|grad|=0.000002 (n=1)
  [trace step 883] block 1: fast=178 medium=199 slow=135 | mean_alpha=0.2155 | mean_|grad|=0.000002 (n=1)
  [trace step 883] block 2: fast=178 medium=200 slow=134 | mean_alpha=0.2154 | mean_|grad|=0.000002 (n=1)
  [trace step 883] block 3: fast=179 medium=199 slow=134 | mean_alpha=0.2153 | mean_|grad|=0.000002 (n=1)
  [trace step 883] block 4: fast=178 medium=200 slow=134 | mean_alpha=0.2153 | mean_|grad|=0.000007 (n=1)
  [trace step 884] block 0: fast=178 medium=200 slow=134 | mean_alpha=0.2153 | mean_|grad|=0.000002 (n=1)
  [trace step 884] block 1: fast=178 medium=199 slow=135 | mean_alpha=0.2155 | mean_|grad|=0.000002 (n=1)
  [trace step 884] block 2: fast=178 medium=200 slow=134 | mean_alpha=0.2154 | mean_|grad|=0.000002 (n=1)
  [trace step 884] block 3: fast=179 medium=199 slow=134 | mean_alpha=0.2153 | mean_|grad|=0.000002 (n=1)
  [trace step 884] block 4: fast=178 medium=200 slow=134 | mean_alpha=0.2153 | mean_|grad|=0.000037 (n=1)
  [trace step 885] block 0: fast=178 medium=200 slow=134 | mean_alpha=0.2153 | mean_|grad|=0.000002 (n=1)
  [trace step 885] block 1: fast=178 medium=199 slow=135 | mean_alpha=0.2155 | mean_|grad|=0.000002 (n=1)
  [trace step 885] block 2: fast=178 medium=200 slow=134 | mean_alpha=0.2154 | mean_|grad|=0.000002 (n=1)
  [trace step 885] block 3: fast=179 medium=199 slow=134 | mean_alpha=0.2153 | mean_|grad|=0.000002 (n=1)
  [trace step 885] block 4: fast=178 medium=200 slow=134 | mean_alpha=0.2153 | mean_|grad|=0.000015 (n=1)
  [trace step 886] block 0: fast=178 medium=200 slow=134 | mean_alpha=0.2153 | mean_|grad|=0.000002 (n=1)
  [trace step 886] block 1: fast=178 medium=199 slow=135 | mean_alpha=0.2155 | mean_|grad|=0.000002 (n=1)
  [trace step 886] block 2: fast=178 medium=200 slow=134 | mean_alpha=0.2154 | mean_|grad|=0.000002 (n=1)
  [trace step 886] block 3: fast=179 medium=199 slow=134 | mean_alpha=0.2153 | mean_|grad|=0.000002 (n=1)
  [trace step 886] block 4: fast=178 medium=200 slow=134 | mean_alpha=0.2153 | mean_|grad|=0.000019 (n=1)
  [trace step 887] block 0: fast=178 medium=200 slow=134 | mean_alpha=0.2153 | mean_|grad|=0.000002 (n=1)
  [trace step 887] block 1: fast=178 medium=199 slow=135 | mean_alpha=0.2155 | mean_|grad|=0.000002 (n=1)
  [trace step 887] block 2: fast=178 medium=200 slow=134 | mean_alpha=0.2154 | mean_|grad|=0.000002 (n=1)
  [trace step 887] block 3: fast=179 medium=199 slow=134 | mean_alpha=0.2153 | mean_|grad|=0.000003 (n=1)
  [trace step 887] block 4: fast=178 medium=200 slow=134 | mean_alpha=0.2153 | mean_|grad|=0.000035 (n=1)
  [trace step 888] block 0: fast=178 medium=200 slow=134 | mean_alpha=0.2153 | mean_|grad|=0.000002 (n=1)
  [trace step 888] block 1: fast=178 medium=199 slow=135 | mean_alpha=0.2155 | mean_|grad|=0.000002 (n=1)
  [trace step 888] block 2: fast=178 medium=200 slow=134 | mean_alpha=0.2154 | mean_|grad|=0.000002 (n=1)
  [trace step 888] block 3: fast=179 medium=199 slow=134 | mean_alpha=0.2153 | mean_|grad|=0.000002 (n=1)
  [trace step 888] block 4: fast=178 medium=200 slow=134 | mean_alpha=0.2153 | mean_|grad|=0.000019 (n=1)
  [trace step 889] block 0: fast=178 medium=200 slow=134 | mean_alpha=0.2153 | mean_|grad|=0.000002 (n=1)
  [trace step 889] block 1: fast=178 medium=199 slow=135 | mean_alpha=0.2155 | mean_|grad|=0.000002 (n=1)
  [trace step 889] block 2: fast=178 medium=200 slow=134 | mean_alpha=0.2154 | mean_|grad|=0.000002 (n=1)
  [trace step 889] block 3: fast=179 medium=199 slow=134 | mean_alpha=0.2153 | mean_|grad|=0.000003 (n=1)
  [trace step 889] block 4: fast=178 medium=200 slow=134 | mean_alpha=0.2153 | mean_|grad|=0.000011 (n=1)
  [trace step 890] block 0: fast=178 medium=200 slow=134 | mean_alpha=0.2153 | mean_|grad|=0.000002 (n=1)
  [trace step 890] block 1: fast=178 medium=199 slow=135 | mean_alpha=0.2155 | mean_|grad|=0.000002 (n=1)
  [trace step 890] block 2: fast=178 medium=200 slow=134 | mean_alpha=0.2154 | mean_|grad|=0.000002 (n=1)
  [trace step 890] block 3: fast=179 medium=199 slow=134 | mean_alpha=0.2153 | mean_|grad|=0.000002 (n=1)
  [trace step 890] block 4: fast=178 medium=200 slow=134 | mean_alpha=0.2153 | mean_|grad|=0.000025 (n=1)
  [trace step 891] block 0: fast=178 medium=200 slow=134 | mean_alpha=0.2153 | mean_|grad|=0.000001 (n=1)
  [trace step 891] block 1: fast=178 medium=199 slow=135 | mean_alpha=0.2155 | mean_|grad|=0.000002 (n=1)
  [trace step 891] block 2: fast=178 medium=200 slow=134 | mean_alpha=0.2154 | mean_|grad|=0.000001 (n=1)
  [trace step 891] block 3: fast=179 medium=199 slow=134 | mean_alpha=0.2153 | mean_|grad|=0.000002 (n=1)
  [trace step 891] block 4: fast=178 medium=200 slow=134 | mean_alpha=0.2153 | mean_|grad|=0.000013 (n=1)
  [trace step 892] block 0: fast=178 medium=200 slow=134 | mean_alpha=0.2153 | mean_|grad|=0.000002 (n=1)
  [trace step 892] block 1: fast=178 medium=199 slow=135 | mean_alpha=0.2155 | mean_|grad|=0.000002 (n=1)
  [trace step 892] block 2: fast=178 medium=200 slow=134 | mean_alpha=0.2154 | mean_|grad|=0.000002 (n=1)
  [trace step 892] block 3: fast=179 medium=199 slow=134 | mean_alpha=0.2153 | mean_|grad|=0.000002 (n=1)
  [trace step 892] block 4: fast=178 medium=200 slow=134 | mean_alpha=0.2153 | mean_|grad|=0.000015 (n=1)
  [trace step 893] block 0: fast=178 medium=200 slow=134 | mean_alpha=0.2153 | mean_|grad|=0.000002 (n=1)
  [trace step 893] block 1: fast=178 medium=199 slow=135 | mean_alpha=0.2155 | mean_|grad|=0.000002 (n=1)
  [trace step 893] block 2: fast=178 medium=200 slow=134 | mean_alpha=0.2154 | mean_|grad|=0.000002 (n=1)
  [trace step 893] block 3: fast=179 medium=199 slow=134 | mean_alpha=0.2153 | mean_|grad|=0.000002 (n=1)
  [trace step 893] block 4: fast=178 medium=200 slow=134 | mean_alpha=0.2153 | mean_|grad|=0.000010 (n=1)
  [trace step 894] block 0: fast=178 medium=200 slow=134 | mean_alpha=0.2153 | mean_|grad|=0.000001 (n=1)
  [trace step 894] block 1: fast=178 medium=199 slow=135 | mean_alpha=0.2155 | mean_|grad|=0.000001 (n=1)
  [trace step 894] block 2: fast=178 medium=200 slow=134 | mean_alpha=0.2154 | mean_|grad|=0.000002 (n=1)
  [trace step 894] block 3: fast=179 medium=199 slow=134 | mean_alpha=0.2153 | mean_|grad|=0.000002 (n=1)
  [trace step 894] block 4: fast=178 medium=200 slow=134 | mean_alpha=0.2153 | mean_|grad|=0.000015 (n=1)
  [trace step 895] block 0: fast=178 medium=200 slow=134 | mean_alpha=0.2153 | mean_|grad|=0.000002 (n=1)
  [trace step 895] block 1: fast=178 medium=199 slow=135 | mean_alpha=0.2155 | mean_|grad|=0.000002 (n=1)
  [trace step 895] block 2: fast=178 medium=200 slow=134 | mean_alpha=0.2154 | mean_|grad|=0.000002 (n=1)
  [trace step 895] block 3: fast=179 medium=199 slow=134 | mean_alpha=0.2153 | mean_|grad|=0.000002 (n=1)
  [trace step 895] block 4: fast=178 medium=200 slow=134 | mean_alpha=0.2153 | mean_|grad|=0.000017 (n=1)
  [trace step 896] block 0: fast=178 medium=200 slow=134 | mean_alpha=0.2153 | mean_|grad|=0.000001 (n=1)
  [trace step 896] block 1: fast=178 medium=199 slow=135 | mean_alpha=0.2155 | mean_|grad|=0.000002 (n=1)
  [trace step 896] block 2: fast=178 medium=200 slow=134 | mean_alpha=0.2154 | mean_|grad|=0.000001 (n=1)
  [trace step 896] block 3: fast=179 medium=199 slow=134 | mean_alpha=0.2153 | mean_|grad|=0.000002 (n=1)
  [trace step 896] block 4: fast=178 medium=200 slow=134 | mean_alpha=0.2153 | mean_|grad|=0.000009 (n=1)
  [trace step 897] block 0: fast=178 medium=200 slow=134 | mean_alpha=0.2153 | mean_|grad|=0.000002 (n=1)
  [trace step 897] block 1: fast=178 medium=199 slow=135 | mean_alpha=0.2155 | mean_|grad|=0.000002 (n=1)
  [trace step 897] block 2: fast=178 medium=200 slow=134 | mean_alpha=0.2154 | mean_|grad|=0.000002 (n=1)
  [trace step 897] block 3: fast=179 medium=199 slow=134 | mean_alpha=0.2153 | mean_|grad|=0.000002 (n=1)
  [trace step 897] block 4: fast=178 medium=200 slow=134 | mean_alpha=0.2153 | mean_|grad|=0.000014 (n=1)
  [trace step 898] block 0: fast=178 medium=200 slow=134 | mean_alpha=0.2153 | mean_|grad|=0.000002 (n=1)
  [trace step 898] block 1: fast=178 medium=199 slow=135 | mean_alpha=0.2155 | mean_|grad|=0.000002 (n=1)
  [trace step 898] block 2: fast=178 medium=200 slow=134 | mean_alpha=0.2154 | mean_|grad|=0.000002 (n=1)
  [trace step 898] block 3: fast=179 medium=199 slow=134 | mean_alpha=0.2153 | mean_|grad|=0.000003 (n=1)
  [trace step 898] block 4: fast=178 medium=200 slow=134 | mean_alpha=0.2153 | mean_|grad|=0.000035 (n=1)
  [trace step 899] block 0: fast=178 medium=200 slow=134 | mean_alpha=0.2153 | mean_|grad|=0.000002 (n=1)
  [trace step 899] block 1: fast=178 medium=199 slow=135 | mean_alpha=0.2155 | mean_|grad|=0.000002 (n=1)
  [trace step 899] block 2: fast=178 medium=200 slow=134 | mean_alpha=0.2154 | mean_|grad|=0.000002 (n=1)
  [trace step 899] block 3: fast=179 medium=199 slow=134 | mean_alpha=0.2153 | mean_|grad|=0.000002 (n=1)
  [trace step 899] block 4: fast=178 medium=200 slow=134 | mean_alpha=0.2153 | mean_|grad|=0.000012 (n=1)
  [trace step 900] block 0: fast=178 medium=200 slow=134 | mean_alpha=0.2153 | mean_|grad|=0.000001 (n=1)
  [trace step 900] block 1: fast=178 medium=199 slow=135 | mean_alpha=0.2155 | mean_|grad|=0.000002 (n=1)
  [trace step 900] block 2: fast=178 medium=200 slow=134 | mean_alpha=0.2154 | mean_|grad|=0.000002 (n=1)
  [trace step 900] block 3: fast=179 medium=199 slow=134 | mean_alpha=0.2153 | mean_|grad|=0.000002 (n=1)
  [trace step 900] block 4: fast=178 medium=200 slow=134 | mean_alpha=0.2153 | mean_|grad|=0.000019 (n=1)
  [r2c trace step 900] block 0: z mean=1.0317 s mean=0.7504 min=0.7424 max=0.7584 closed=0/512 open=0/512 | mean|s*read|=0.276610 | mean|g| ar=4.88e-6 ib=4.30e-6 z=1.05e-6 (n=50)
  [r2c trace step 900] block 1: z mean=1.0232 s mean=0.7488 min=0.7430 max=0.7550 closed=0/512 open=0/512 | mean|s*read|=0.773502 | mean|g| ar=6.88e-6 ib=5.01e-6 z=1.40e-7 (n=50)
  [r2c trace step 900] block 2: z mean=1.0205 s mean=0.7483 min=0.7425 max=0.7539 closed=0/512 open=0/512 | mean|s*read|=0.942115 | mean|g| ar=7.77e-6 ib=4.48e-6 z=1.75e-7 (n=50)
  [r2c trace step 900] block 3: z mean=1.0198 s mean=0.7482 min=0.7417 max=0.7534 closed=0/512 open=0/512 | mean|s*read|=1.235776 | mean|g| ar=8.79e-6 ib=4.57e-6 z=2.17e-7 (n=50)
  [r2c trace step 900] block 4: z mean=1.0199 s mean=0.7482 min=0.7390 max=0.7541 closed=0/512 open=0/512 | mean|s*read|=1.756258 | mean|g| ar=1.12e-5 ib=5.00e-6 z=3.14e-7 (n=50)
  [trace step 901] block 0: fast=178 medium=200 slow=134 | mean_alpha=0.2153 | mean_|grad|=0.000002 (n=1)
  [trace step 901] block 1: fast=178 medium=199 slow=135 | mean_alpha=0.2155 | mean_|grad|=0.000002 (n=1)
  [trace step 901] block 2: fast=178 medium=200 slow=134 | mean_alpha=0.2154 | mean_|grad|=0.000002 (n=1)
  [trace step 901] block 3: fast=179 medium=199 slow=134 | mean_alpha=0.2153 | mean_|grad|=0.000002 (n=1)
  [trace step 901] block 4: fast=178 medium=200 slow=134 | mean_alpha=0.2153 | mean_|grad|=0.000015 (n=1)
  [trace step 902] block 0: fast=178 medium=200 slow=134 | mean_alpha=0.2153 | mean_|grad|=0.000002 (n=1)
  [trace step 902] block 1: fast=178 medium=199 slow=135 | mean_alpha=0.2155 | mean_|grad|=0.000002 (n=1)
  [trace step 902] block 2: fast=178 medium=200 slow=134 | mean_alpha=0.2154 | mean_|grad|=0.000003 (n=1)
  [trace step 902] block 3: fast=179 medium=199 slow=134 | mean_alpha=0.2153 | mean_|grad|=0.000003 (n=1)
  [trace step 902] block 4: fast=178 medium=200 slow=134 | mean_alpha=0.2153 | mean_|grad|=0.000010 (n=1)
  [trace step 903] block 0: fast=178 medium=200 slow=134 | mean_alpha=0.2153 | mean_|grad|=0.000002 (n=1)
  [trace step 903] block 1: fast=178 medium=199 slow=135 | mean_alpha=0.2155 | mean_|grad|=0.000002 (n=1)
  [trace step 903] block 2: fast=178 medium=200 slow=134 | mean_alpha=0.2154 | mean_|grad|=0.000002 (n=1)
  [trace step 903] block 3: fast=179 medium=199 slow=134 | mean_alpha=0.2153 | mean_|grad|=0.000002 (n=1)
  [trace step 903] block 4: fast=178 medium=200 slow=134 | mean_alpha=0.2153 | mean_|grad|=0.000014 (n=1)
  [trace step 904] block 0: fast=178 medium=200 slow=134 | mean_alpha=0.2153 | mean_|grad|=0.000002 (n=1)
  [trace step 904] block 1: fast=178 medium=199 slow=135 | mean_alpha=0.2155 | mean_|grad|=0.000002 (n=1)
  [trace step 904] block 2: fast=178 medium=200 slow=134 | mean_alpha=0.2154 | mean_|grad|=0.000002 (n=1)
  [trace step 904] block 3: fast=179 medium=199 slow=134 | mean_alpha=0.2153 | mean_|grad|=0.000002 (n=1)
  [trace step 904] block 4: fast=178 medium=200 slow=134 | mean_alpha=0.2153 | mean_|grad|=0.000009 (n=1)
  [trace step 905] block 0: fast=178 medium=200 slow=134 | mean_alpha=0.2153 | mean_|grad|=0.000001 (n=1)
  [trace step 905] block 1: fast=178 medium=199 slow=135 | mean_alpha=0.2155 | mean_|grad|=0.000002 (n=1)
  [trace step 905] block 2: fast=178 medium=200 slow=134 | mean_alpha=0.2154 | mean_|grad|=0.000002 (n=1)
  [trace step 905] block 3: fast=179 medium=199 slow=134 | mean_alpha=0.2153 | mean_|grad|=0.000002 (n=1)
  [trace step 905] block 4: fast=178 medium=200 slow=134 | mean_alpha=0.2153 | mean_|grad|=0.000007 (n=1)
  [trace step 906] block 0: fast=178 medium=200 slow=134 | mean_alpha=0.2153 | mean_|grad|=0.000002 (n=1)
  [trace step 906] block 1: fast=178 medium=199 slow=135 | mean_alpha=0.2155 | mean_|grad|=0.000002 (n=1)
  [trace step 906] block 2: fast=178 medium=200 slow=134 | mean_alpha=0.2154 | mean_|grad|=0.000002 (n=1)
  [trace step 906] block 3: fast=179 medium=199 slow=134 | mean_alpha=0.2153 | mean_|grad|=0.000003 (n=1)
  [trace step 906] block 4: fast=178 medium=200 slow=134 | mean_alpha=0.2153 | mean_|grad|=0.000015 (n=1)
  [trace step 907] block 0: fast=178 medium=200 slow=134 | mean_alpha=0.2153 | mean_|grad|=0.000002 (n=1)
  [trace step 907] block 1: fast=178 medium=199 slow=135 | mean_alpha=0.2155 | mean_|grad|=0.000002 (n=1)
  [trace step 907] block 2: fast=178 medium=200 slow=134 | mean_alpha=0.2154 | mean_|grad|=0.000002 (n=1)
  [trace step 907] block 3: fast=179 medium=199 slow=134 | mean_alpha=0.2153 | mean_|grad|=0.000002 (n=1)
  [trace step 907] block 4: fast=178 medium=200 slow=134 | mean_alpha=0.2153 | mean_|grad|=0.000013 (n=1)
  [trace step 908] block 0: fast=178 medium=200 slow=134 | mean_alpha=0.2153 | mean_|grad|=0.000002 (n=1)
  [trace step 908] block 1: fast=178 medium=199 slow=135 | mean_alpha=0.2155 | mean_|grad|=0.000002 (n=1)
  [trace step 908] block 2: fast=178 medium=200 slow=134 | mean_alpha=0.2154 | mean_|grad|=0.000002 (n=1)
  [trace step 908] block 3: fast=179 medium=199 slow=134 | mean_alpha=0.2153 | mean_|grad|=0.000003 (n=1)
  [trace step 908] block 4: fast=178 medium=200 slow=134 | mean_alpha=0.2153 | mean_|grad|=0.000013 (n=1)
  [trace step 909] block 0: fast=178 medium=200 slow=134 | mean_alpha=0.2153 | mean_|grad|=0.000002 (n=1)
  [trace step 909] block 1: fast=178 medium=199 slow=135 | mean_alpha=0.2155 | mean_|grad|=0.000002 (n=1)
  [trace step 909] block 2: fast=178 medium=200 slow=134 | mean_alpha=0.2154 | mean_|grad|=0.000002 (n=1)
  [trace step 909] block 3: fast=179 medium=199 slow=134 | mean_alpha=0.2153 | mean_|grad|=0.000002 (n=1)
  [trace step 909] block 4: fast=178 medium=200 slow=134 | mean_alpha=0.2153 | mean_|grad|=0.000017 (n=1)
  [trace step 910] block 0: fast=178 medium=200 slow=134 | mean_alpha=0.2153 | mean_|grad|=0.000002 (n=1)
  [trace step 910] block 1: fast=178 medium=199 slow=135 | mean_alpha=0.2155 | mean_|grad|=0.000002 (n=1)
  [trace step 910] block 2: fast=178 medium=200 slow=134 | mean_alpha=0.2154 | mean_|grad|=0.000002 (n=1)
  [trace step 910] block 3: fast=179 medium=199 slow=134 | mean_alpha=0.2153 | mean_|grad|=0.000002 (n=1)
  [trace step 910] block 4: fast=178 medium=200 slow=134 | mean_alpha=0.2153 | mean_|grad|=0.000013 (n=1)
  [trace step 911] block 0: fast=178 medium=200 slow=134 | mean_alpha=0.2153 | mean_|grad|=0.000002 (n=1)
  [trace step 911] block 1: fast=178 medium=199 slow=135 | mean_alpha=0.2155 | mean_|grad|=0.000002 (n=1)
  [trace step 911] block 2: fast=178 medium=200 slow=134 | mean_alpha=0.2154 | mean_|grad|=0.000002 (n=1)
  [trace step 911] block 3: fast=179 medium=199 slow=134 | mean_alpha=0.2153 | mean_|grad|=0.000003 (n=1)
  [trace step 911] block 4: fast=178 medium=200 slow=134 | mean_alpha=0.2153 | mean_|grad|=0.000014 (n=1)
  [trace step 912] block 0: fast=178 medium=200 slow=134 | mean_alpha=0.2153 | mean_|grad|=0.000002 (n=1)
  [trace step 912] block 1: fast=178 medium=199 slow=135 | mean_alpha=0.2155 | mean_|grad|=0.000002 (n=1)
  [trace step 912] block 2: fast=178 medium=200 slow=134 | mean_alpha=0.2154 | mean_|grad|=0.000002 (n=1)
  [trace step 912] block 3: fast=179 medium=199 slow=134 | mean_alpha=0.2153 | mean_|grad|=0.000003 (n=1)
  [trace step 912] block 4: fast=178 medium=200 slow=134 | mean_alpha=0.2153 | mean_|grad|=0.000027 (n=1)
  [trace step 913] block 0: fast=178 medium=200 slow=134 | mean_alpha=0.2153 | mean_|grad|=0.000002 (n=1)
  [trace step 913] block 1: fast=178 medium=199 slow=135 | mean_alpha=0.2155 | mean_|grad|=0.000003 (n=1)
  [trace step 913] block 2: fast=178 medium=200 slow=134 | mean_alpha=0.2154 | mean_|grad|=0.000003 (n=1)
  [trace step 913] block 3: fast=179 medium=199 slow=134 | mean_alpha=0.2153 | mean_|grad|=0.000003 (n=1)
  [trace step 913] block 4: fast=178 medium=200 slow=134 | mean_alpha=0.2153 | mean_|grad|=0.000009 (n=1)
  [trace step 914] block 0: fast=178 medium=200 slow=134 | mean_alpha=0.2153 | mean_|grad|=0.000003 (n=1)
  [trace step 914] block 1: fast=178 medium=199 slow=135 | mean_alpha=0.2155 | mean_|grad|=0.000003 (n=1)
  [trace step 914] block 2: fast=178 medium=200 slow=134 | mean_alpha=0.2154 | mean_|grad|=0.000003 (n=1)
  [trace step 914] block 3: fast=179 medium=199 slow=134 | mean_alpha=0.2153 | mean_|grad|=0.000004 (n=1)
  [trace step 914] block 4: fast=178 medium=200 slow=134 | mean_alpha=0.2153 | mean_|grad|=0.000020 (n=1)
  [trace step 915] block 0: fast=178 medium=200 slow=134 | mean_alpha=0.2153 | mean_|grad|=0.000002 (n=1)
  [trace step 915] block 1: fast=178 medium=199 slow=135 | mean_alpha=0.2155 | mean_|grad|=0.000004 (n=1)
  [trace step 915] block 2: fast=178 medium=200 slow=134 | mean_alpha=0.2154 | mean_|grad|=0.000003 (n=1)
  [trace step 915] block 3: fast=179 medium=199 slow=134 | mean_alpha=0.2153 | mean_|grad|=0.000003 (n=1)
  [trace step 915] block 4: fast=178 medium=200 slow=134 | mean_alpha=0.2153 | mean_|grad|=0.000015 (n=1)
  [trace step 916] block 0: fast=178 medium=200 slow=134 | mean_alpha=0.2153 | mean_|grad|=0.000002 (n=1)
  [trace step 916] block 1: fast=178 medium=199 slow=135 | mean_alpha=0.2155 | mean_|grad|=0.000003 (n=1)
  [trace step 916] block 2: fast=178 medium=200 slow=134 | mean_alpha=0.2154 | mean_|grad|=0.000002 (n=1)
  [trace step 916] block 3: fast=179 medium=199 slow=134 | mean_alpha=0.2153 | mean_|grad|=0.000003 (n=1)
  [trace step 916] block 4: fast=178 medium=200 slow=134 | mean_alpha=0.2153 | mean_|grad|=0.000012 (n=1)
  [trace step 917] block 0: fast=178 medium=200 slow=134 | mean_alpha=0.2153 | mean_|grad|=0.000002 (n=1)
  [trace step 917] block 1: fast=178 medium=199 slow=135 | mean_alpha=0.2155 | mean_|grad|=0.000003 (n=1)
  [trace step 917] block 2: fast=178 medium=200 slow=134 | mean_alpha=0.2154 | mean_|grad|=0.000003 (n=1)
  [trace step 917] block 3: fast=179 medium=199 slow=134 | mean_alpha=0.2153 | mean_|grad|=0.000003 (n=1)
  [trace step 917] block 4: fast=178 medium=200 slow=134 | mean_alpha=0.2153 | mean_|grad|=0.000018 (n=1)
  [trace step 918] block 0: fast=178 medium=200 slow=134 | mean_alpha=0.2153 | mean_|grad|=0.000003 (n=1)
  [trace step 918] block 1: fast=178 medium=199 slow=135 | mean_alpha=0.2155 | mean_|grad|=0.000004 (n=1)
  [trace step 918] block 2: fast=178 medium=200 slow=134 | mean_alpha=0.2154 | mean_|grad|=0.000004 (n=1)
  [trace step 918] block 3: fast=179 medium=199 slow=134 | mean_alpha=0.2153 | mean_|grad|=0.000004 (n=1)
  [trace step 918] block 4: fast=178 medium=200 slow=134 | mean_alpha=0.2153 | mean_|grad|=0.000009 (n=1)
  [trace step 919] block 0: fast=178 medium=200 slow=134 | mean_alpha=0.2153 | mean_|grad|=0.000003 (n=1)
  [trace step 919] block 1: fast=178 medium=199 slow=135 | mean_alpha=0.2155 | mean_|grad|=0.000005 (n=1)
  [trace step 919] block 2: fast=178 medium=200 slow=134 | mean_alpha=0.2154 | mean_|grad|=0.000003 (n=1)
  [trace step 919] block 3: fast=179 medium=199 slow=134 | mean_alpha=0.2153 | mean_|grad|=0.000003 (n=1)
  [trace step 919] block 4: fast=178 medium=200 slow=134 | mean_alpha=0.2153 | mean_|grad|=0.000015 (n=1)
  [trace step 920] block 0: fast=178 medium=200 slow=134 | mean_alpha=0.2153 | mean_|grad|=0.000004 (n=1)
  [trace step 920] block 1: fast=178 medium=199 slow=135 | mean_alpha=0.2155 | mean_|grad|=0.000005 (n=1)
  [trace step 920] block 2: fast=178 medium=200 slow=134 | mean_alpha=0.2154 | mean_|grad|=0.000004 (n=1)
  [trace step 920] block 3: fast=179 medium=199 slow=134 | mean_alpha=0.2153 | mean_|grad|=0.000004 (n=1)
  [trace step 920] block 4: fast=178 medium=200 slow=134 | mean_alpha=0.2153 | mean_|grad|=0.000019 (n=1)
  [trace step 921] block 0: fast=178 medium=200 slow=134 | mean_alpha=0.2153 | mean_|grad|=0.000003 (n=1)
  [trace step 921] block 1: fast=178 medium=199 slow=135 | mean_alpha=0.2155 | mean_|grad|=0.000004 (n=1)
  [trace step 921] block 2: fast=178 medium=200 slow=134 | mean_alpha=0.2154 | mean_|grad|=0.000004 (n=1)
  [trace step 921] block 3: fast=179 medium=199 slow=134 | mean_alpha=0.2153 | mean_|grad|=0.000004 (n=1)
  [trace step 921] block 4: fast=178 medium=200 slow=134 | mean_alpha=0.2153 | mean_|grad|=0.000024 (n=1)
  [trace step 922] block 0: fast=178 medium=200 slow=134 | mean_alpha=0.2153 | mean_|grad|=0.000003 (n=1)
  [trace step 922] block 1: fast=178 medium=199 slow=135 | mean_alpha=0.2155 | mean_|grad|=0.000004 (n=1)
  [trace step 922] block 2: fast=178 medium=200 slow=134 | mean_alpha=0.2154 | mean_|grad|=0.000004 (n=1)
  [trace step 922] block 3: fast=179 medium=199 slow=134 | mean_alpha=0.2153 | mean_|grad|=0.000004 (n=1)
  [trace step 922] block 4: fast=178 medium=200 slow=134 | mean_alpha=0.2153 | mean_|grad|=0.000014 (n=1)
  [trace step 923] block 0: fast=178 medium=200 slow=134 | mean_alpha=0.2153 | mean_|grad|=0.000004 (n=1)
  [trace step 923] block 1: fast=178 medium=199 slow=135 | mean_alpha=0.2155 | mean_|grad|=0.000009 (n=1)
  [trace step 923] block 2: fast=178 medium=200 slow=134 | mean_alpha=0.2154 | mean_|grad|=0.000005 (n=1)
  [trace step 923] block 3: fast=179 medium=199 slow=134 | mean_alpha=0.2153 | mean_|grad|=0.000006 (n=1)
  [trace step 923] block 4: fast=178 medium=200 slow=134 | mean_alpha=0.2153 | mean_|grad|=0.000017 (n=1)
  [trace step 924] block 0: fast=178 medium=200 slow=134 | mean_alpha=0.2153 | mean_|grad|=0.000004 (n=1)
  [trace step 924] block 1: fast=178 medium=199 slow=135 | mean_alpha=0.2155 | mean_|grad|=0.000007 (n=1)
  [trace step 924] block 2: fast=178 medium=200 slow=134 | mean_alpha=0.2154 | mean_|grad|=0.000005 (n=1)
  [trace step 924] block 3: fast=179 medium=199 slow=134 | mean_alpha=0.2153 | mean_|grad|=0.000004 (n=1)
  [trace step 924] block 4: fast=178 medium=200 slow=134 | mean_alpha=0.2153 | mean_|grad|=0.000015 (n=1)
  [trace step 925] block 0: fast=178 medium=200 slow=134 | mean_alpha=0.2153 | mean_|grad|=0.000005 (n=1)
  [trace step 925] block 1: fast=178 medium=199 slow=135 | mean_alpha=0.2155 | mean_|grad|=0.000009 (n=1)
  [trace step 925] block 2: fast=178 medium=200 slow=134 | mean_alpha=0.2154 | mean_|grad|=0.000005 (n=1)
  [trace step 925] block 3: fast=179 medium=199 slow=134 | mean_alpha=0.2153 | mean_|grad|=0.000006 (n=1)
  [trace step 925] block 4: fast=178 medium=200 slow=134 | mean_alpha=0.2153 | mean_|grad|=0.000026 (n=1)
  [trace step 926] block 0: fast=178 medium=200 slow=134 | mean_alpha=0.2153 | mean_|grad|=0.000006 (n=1)
  [trace step 926] block 1: fast=178 medium=199 slow=135 | mean_alpha=0.2155 | mean_|grad|=0.000007 (n=1)
  [trace step 926] block 2: fast=178 medium=200 slow=134 | mean_alpha=0.2154 | mean_|grad|=0.000006 (n=1)
  [trace step 926] block 3: fast=179 medium=199 slow=134 | mean_alpha=0.2153 | mean_|grad|=0.000005 (n=1)
  [trace step 926] block 4: fast=178 medium=200 slow=134 | mean_alpha=0.2153 | mean_|grad|=0.000017 (n=1)
  [trace step 927] block 0: fast=178 medium=200 slow=134 | mean_alpha=0.2153 | mean_|grad|=0.000005 (n=1)
  [trace step 927] block 1: fast=178 medium=199 slow=135 | mean_alpha=0.2155 | mean_|grad|=0.000008 (n=1)
  [trace step 927] block 2: fast=178 medium=200 slow=134 | mean_alpha=0.2154 | mean_|grad|=0.000007 (n=1)
  [trace step 927] block 3: fast=179 medium=199 slow=134 | mean_alpha=0.2153 | mean_|grad|=0.000007 (n=1)
  [trace step 927] block 4: fast=178 medium=200 slow=134 | mean_alpha=0.2153 | mean_|grad|=0.000015 (n=1)
  [trace step 928] block 0: fast=178 medium=200 slow=134 | mean_alpha=0.2153 | mean_|grad|=0.000008 (n=1)
  [trace step 928] block 1: fast=178 medium=199 slow=135 | mean_alpha=0.2155 | mean_|grad|=0.000013 (n=1)
  [trace step 928] block 2: fast=178 medium=200 slow=134 | mean_alpha=0.2154 | mean_|grad|=0.000008 (n=1)
  [trace step 928] block 3: fast=179 medium=199 slow=134 | mean_alpha=0.2153 | mean_|grad|=0.000008 (n=1)
  [trace step 928] block 4: fast=178 medium=200 slow=134 | mean_alpha=0.2153 | mean_|grad|=0.000027 (n=1)
  [trace step 929] block 0: fast=178 medium=200 slow=134 | mean_alpha=0.2153 | mean_|grad|=0.000005 (n=1)
  [trace step 929] block 1: fast=178 medium=199 slow=135 | mean_alpha=0.2155 | mean_|grad|=0.000007 (n=1)
  [trace step 929] block 2: fast=178 medium=200 slow=134 | mean_alpha=0.2154 | mean_|grad|=0.000007 (n=1)
  [trace step 929] block 3: fast=179 medium=199 slow=134 | mean_alpha=0.2153 | mean_|grad|=0.000006 (n=1)
  [trace step 929] block 4: fast=178 medium=200 slow=134 | mean_alpha=0.2153 | mean_|grad|=0.000014 (n=1)
  [trace step 930] block 0: fast=178 medium=200 slow=134 | mean_alpha=0.2153 | mean_|grad|=0.000008 (n=1)
  [trace step 930] block 1: fast=178 medium=199 slow=135 | mean_alpha=0.2155 | mean_|grad|=0.000008 (n=1)
  [trace step 930] block 2: fast=178 medium=200 slow=134 | mean_alpha=0.2154 | mean_|grad|=0.000007 (n=1)
  [trace step 930] block 3: fast=179 medium=199 slow=134 | mean_alpha=0.2153 | mean_|grad|=0.000008 (n=1)
  [trace step 930] block 4: fast=178 medium=200 slow=134 | mean_alpha=0.2153 | mean_|grad|=0.000018 (n=1)
  [trace step 931] block 0: fast=178 medium=200 slow=134 | mean_alpha=0.2153 | mean_|grad|=0.000006 (n=1)
  [trace step 931] block 1: fast=178 medium=199 slow=135 | mean_alpha=0.2155 | mean_|grad|=0.000008 (n=1)
  [trace step 931] block 2: fast=178 medium=200 slow=134 | mean_alpha=0.2154 | mean_|grad|=0.000007 (n=1)
  [trace step 931] block 3: fast=179 medium=199 slow=134 | mean_alpha=0.2153 | mean_|grad|=0.000007 (n=1)
  [trace step 931] block 4: fast=178 medium=200 slow=134 | mean_alpha=0.2153 | mean_|grad|=0.000015 (n=1)
  [trace step 932] block 0: fast=178 medium=200 slow=134 | mean_alpha=0.2153 | mean_|grad|=0.000005 (n=1)
  [trace step 932] block 1: fast=178 medium=199 slow=135 | mean_alpha=0.2155 | mean_|grad|=0.000007 (n=1)
  [trace step 932] block 2: fast=178 medium=200 slow=134 | mean_alpha=0.2154 | mean_|grad|=0.000007 (n=1)
  [trace step 932] block 3: fast=179 medium=199 slow=134 | mean_alpha=0.2153 | mean_|grad|=0.000005 (n=1)
  [trace step 932] block 4: fast=178 medium=200 slow=134 | mean_alpha=0.2153 | mean_|grad|=0.000030 (n=1)
  [trace step 933] block 0: fast=178 medium=200 slow=134 | mean_alpha=0.2153 | mean_|grad|=0.000006 (n=1)
  [trace step 933] block 1: fast=178 medium=199 slow=135 | mean_alpha=0.2155 | mean_|grad|=0.000012 (n=1)
  [trace step 933] block 2: fast=178 medium=200 slow=134 | mean_alpha=0.2154 | mean_|grad|=0.000007 (n=1)
  [trace step 933] block 3: fast=179 medium=199 slow=134 | mean_alpha=0.2153 | mean_|grad|=0.000006 (n=1)
  [trace step 933] block 4: fast=178 medium=200 slow=134 | mean_alpha=0.2153 | mean_|grad|=0.000018 (n=1)
  [trace step 934] block 0: fast=178 medium=200 slow=134 | mean_alpha=0.2153 | mean_|grad|=0.000006 (n=1)
  [trace step 934] block 1: fast=178 medium=199 slow=135 | mean_alpha=0.2155 | mean_|grad|=0.000008 (n=1)
  [trace step 934] block 2: fast=178 medium=200 slow=134 | mean_alpha=0.2154 | mean_|grad|=0.000007 (n=1)
  [trace step 934] block 3: fast=179 medium=199 slow=134 | mean_alpha=0.2153 | mean_|grad|=0.000006 (n=1)
  [trace step 934] block 4: fast=178 medium=200 slow=134 | mean_alpha=0.2153 | mean_|grad|=0.000012 (n=1)
  [trace step 935] block 0: fast=178 medium=200 slow=134 | mean_alpha=0.2153 | mean_|grad|=0.000007 (n=1)
  [trace step 935] block 1: fast=178 medium=199 slow=135 | mean_alpha=0.2155 | mean_|grad|=0.000008 (n=1)
  [trace step 935] block 2: fast=178 medium=200 slow=134 | mean_alpha=0.2154 | mean_|grad|=0.000008 (n=1)
  [trace step 935] block 3: fast=179 medium=199 slow=134 | mean_alpha=0.2153 | mean_|grad|=0.000007 (n=1)
  [trace step 935] block 4: fast=178 medium=200 slow=134 | mean_alpha=0.2153 | mean_|grad|=0.000019 (n=1)
  [trace step 936] block 0: fast=178 medium=200 slow=134 | mean_alpha=0.2153 | mean_|grad|=0.000008 (n=1)
  [trace step 936] block 1: fast=178 medium=199 slow=135 | mean_alpha=0.2155 | mean_|grad|=0.000011 (n=1)
  [trace step 936] block 2: fast=178 medium=200 slow=134 | mean_alpha=0.2154 | mean_|grad|=0.000010 (n=1)
  [trace step 936] block 3: fast=179 medium=199 slow=134 | mean_alpha=0.2153 | mean_|grad|=0.000009 (n=1)
  [trace step 936] block 4: fast=178 medium=200 slow=134 | mean_alpha=0.2153 | mean_|grad|=0.000017 (n=1)
  [trace step 937] block 0: fast=178 medium=200 slow=134 | mean_alpha=0.2153 | mean_|grad|=0.000008 (n=1)
  [trace step 937] block 1: fast=178 medium=199 slow=135 | mean_alpha=0.2155 | mean_|grad|=0.000011 (n=1)
  [trace step 937] block 2: fast=178 medium=200 slow=134 | mean_alpha=0.2154 | mean_|grad|=0.000010 (n=1)
  [trace step 937] block 3: fast=179 medium=199 slow=134 | mean_alpha=0.2153 | mean_|grad|=0.000009 (n=1)
  [trace step 937] block 4: fast=178 medium=200 slow=134 | mean_alpha=0.2153 | mean_|grad|=0.000034 (n=1)
  [trace step 938] block 0: fast=178 medium=200 slow=134 | mean_alpha=0.2153 | mean_|grad|=0.000011 (n=1)
  [trace step 938] block 1: fast=178 medium=199 slow=135 | mean_alpha=0.2155 | mean_|grad|=0.000020 (n=1)
  [trace step 938] block 2: fast=178 medium=200 slow=134 | mean_alpha=0.2154 | mean_|grad|=0.000012 (n=1)
  [trace step 938] block 3: fast=179 medium=199 slow=134 | mean_alpha=0.2153 | mean_|grad|=0.000013 (n=1)
  [trace step 938] block 4: fast=178 medium=200 slow=134 | mean_alpha=0.2153 | mean_|grad|=0.000029 (n=1)
  [trace step 939] block 0: fast=178 medium=200 slow=134 | mean_alpha=0.2153 | mean_|grad|=0.000010 (n=1)
  [trace step 939] block 1: fast=178 medium=199 slow=135 | mean_alpha=0.2155 | mean_|grad|=0.000013 (n=1)
  [trace step 939] block 2: fast=178 medium=200 slow=134 | mean_alpha=0.2154 | mean_|grad|=0.000013 (n=1)
  [trace step 939] block 3: fast=179 medium=199 slow=134 | mean_alpha=0.2153 | mean_|grad|=0.000012 (n=1)
  [trace step 939] block 4: fast=178 medium=200 slow=134 | mean_alpha=0.2153 | mean_|grad|=0.000026 (n=1)
  [trace step 940] block 0: fast=178 medium=200 slow=134 | mean_alpha=0.2153 | mean_|grad|=0.000007 (n=1)
  [trace step 940] block 1: fast=178 medium=199 slow=135 | mean_alpha=0.2155 | mean_|grad|=0.000010 (n=1)
  [trace step 940] block 2: fast=178 medium=200 slow=134 | mean_alpha=0.2154 | mean_|grad|=0.000008 (n=1)
  [trace step 940] block 3: fast=179 medium=199 slow=134 | mean_alpha=0.2153 | mean_|grad|=0.000008 (n=1)
  [trace step 940] block 4: fast=178 medium=200 slow=134 | mean_alpha=0.2153 | mean_|grad|=0.000025 (n=1)
  [trace step 941] block 0: fast=178 medium=200 slow=134 | mean_alpha=0.2153 | mean_|grad|=0.000008 (n=1)
  [trace step 941] block 1: fast=178 medium=199 slow=135 | mean_alpha=0.2155 | mean_|grad|=0.000008 (n=1)
  [trace step 941] block 2: fast=178 medium=200 slow=134 | mean_alpha=0.2154 | mean_|grad|=0.000008 (n=1)
  [trace step 941] block 3: fast=179 medium=199 slow=134 | mean_alpha=0.2153 | mean_|grad|=0.000008 (n=1)
  [trace step 941] block 4: fast=178 medium=200 slow=134 | mean_alpha=0.2153 | mean_|grad|=0.000029 (n=1)
  [trace step 942] block 0: fast=178 medium=200 slow=134 | mean_alpha=0.2153 | mean_|grad|=0.000007 (n=1)
  [trace step 942] block 1: fast=178 medium=199 slow=135 | mean_alpha=0.2155 | mean_|grad|=0.000008 (n=1)
  [trace step 942] block 2: fast=178 medium=200 slow=134 | mean_alpha=0.2154 | mean_|grad|=0.000008 (n=1)
  [trace step 942] block 3: fast=179 medium=199 slow=134 | mean_alpha=0.2153 | mean_|grad|=0.000007 (n=1)
  [trace step 942] block 4: fast=178 medium=200 slow=134 | mean_alpha=0.2153 | mean_|grad|=0.000015 (n=1)
  [trace step 943] block 0: fast=178 medium=200 slow=134 | mean_alpha=0.2153 | mean_|grad|=0.000007 (n=1)
  [trace step 943] block 1: fast=178 medium=199 slow=135 | mean_alpha=0.2155 | mean_|grad|=0.000008 (n=1)
  [trace step 943] block 2: fast=178 medium=200 slow=134 | mean_alpha=0.2154 | mean_|grad|=0.000008 (n=1)
  [trace step 943] block 3: fast=179 medium=199 slow=134 | mean_alpha=0.2153 | mean_|grad|=0.000007 (n=1)
  [trace step 943] block 4: fast=178 medium=200 slow=134 | mean_alpha=0.2153 | mean_|grad|=0.000026 (n=1)
  [trace step 944] block 0: fast=178 medium=200 slow=134 | mean_alpha=0.2153 | mean_|grad|=0.000006 (n=1)
  [trace step 944] block 1: fast=178 medium=199 slow=135 | mean_alpha=0.2155 | mean_|grad|=0.000008 (n=1)
  [trace step 944] block 2: fast=178 medium=200 slow=134 | mean_alpha=0.2154 | mean_|grad|=0.000007 (n=1)
  [trace step 944] block 3: fast=179 medium=199 slow=134 | mean_alpha=0.2153 | mean_|grad|=0.000007 (n=1)
  [trace step 944] block 4: fast=178 medium=200 slow=134 | mean_alpha=0.2153 | mean_|grad|=0.000022 (n=1)
  [trace step 945] block 0: fast=178 medium=200 slow=134 | mean_alpha=0.2153 | mean_|grad|=0.000007 (n=1)
  [trace step 945] block 1: fast=178 medium=199 slow=135 | mean_alpha=0.2155 | mean_|grad|=0.000008 (n=1)
  [trace step 945] block 2: fast=178 medium=200 slow=134 | mean_alpha=0.2154 | mean_|grad|=0.000008 (n=1)
  [trace step 945] block 3: fast=179 medium=199 slow=134 | mean_alpha=0.2153 | mean_|grad|=0.000008 (n=1)
  [trace step 945] block 4: fast=178 medium=200 slow=134 | mean_alpha=0.2153 | mean_|grad|=0.000014 (n=1)
  [trace step 946] block 0: fast=178 medium=200 slow=134 | mean_alpha=0.2153 | mean_|grad|=0.000006 (n=1)
  [trace step 946] block 1: fast=178 medium=199 slow=135 | mean_alpha=0.2155 | mean_|grad|=0.000008 (n=1)
  [trace step 946] block 2: fast=178 medium=200 slow=134 | mean_alpha=0.2154 | mean_|grad|=0.000009 (n=1)
  [trace step 946] block 3: fast=179 medium=199 slow=134 | mean_alpha=0.2153 | mean_|grad|=0.000007 (n=1)
  [trace step 946] block 4: fast=178 medium=200 slow=134 | mean_alpha=0.2153 | mean_|grad|=0.000016 (n=1)
  [trace step 947] block 0: fast=178 medium=200 slow=134 | mean_alpha=0.2153 | mean_|grad|=0.000006 (n=1)
  [trace step 947] block 1: fast=178 medium=199 slow=135 | mean_alpha=0.2155 | mean_|grad|=0.000007 (n=1)
  [trace step 947] block 2: fast=178 medium=200 slow=134 | mean_alpha=0.2154 | mean_|grad|=0.000007 (n=1)
  [trace step 947] block 3: fast=179 medium=199 slow=134 | mean_alpha=0.2153 | mean_|grad|=0.000007 (n=1)
  [trace step 947] block 4: fast=178 medium=200 slow=134 | mean_alpha=0.2153 | mean_|grad|=0.000020 (n=1)
  [trace step 948] block 0: fast=178 medium=200 slow=134 | mean_alpha=0.2153 | mean_|grad|=0.000006 (n=1)
  [trace step 948] block 1: fast=178 medium=199 slow=135 | mean_alpha=0.2155 | mean_|grad|=0.000008 (n=1)
  [trace step 948] block 2: fast=178 medium=200 slow=134 | mean_alpha=0.2154 | mean_|grad|=0.000009 (n=1)
  [trace step 948] block 3: fast=179 medium=199 slow=134 | mean_alpha=0.2153 | mean_|grad|=0.000008 (n=1)
  [trace step 948] block 4: fast=178 medium=200 slow=134 | mean_alpha=0.2153 | mean_|grad|=0.000019 (n=1)
  [trace step 949] block 0: fast=178 medium=200 slow=134 | mean_alpha=0.2153 | mean_|grad|=0.000006 (n=1)
  [trace step 949] block 1: fast=178 medium=199 slow=135 | mean_alpha=0.2155 | mean_|grad|=0.000009 (n=1)
  [trace step 949] block 2: fast=178 medium=200 slow=134 | mean_alpha=0.2154 | mean_|grad|=0.000008 (n=1)
  [trace step 949] block 3: fast=179 medium=199 slow=134 | mean_alpha=0.2153 | mean_|grad|=0.000006 (n=1)
  [trace step 949] block 4: fast=178 medium=200 slow=134 | mean_alpha=0.2153 | mean_|grad|=0.000015 (n=1)
  [trace step 950] block 0: fast=178 medium=200 slow=134 | mean_alpha=0.2153 | mean_|grad|=0.000007 (n=1)
  [trace step 950] block 1: fast=178 medium=199 slow=135 | mean_alpha=0.2155 | mean_|grad|=0.000009 (n=1)
  [trace step 950] block 2: fast=178 medium=200 slow=134 | mean_alpha=0.2154 | mean_|grad|=0.000006 (n=1)
  [trace step 950] block 3: fast=179 medium=199 slow=134 | mean_alpha=0.2153 | mean_|grad|=0.000008 (n=1)
  [trace step 950] block 4: fast=178 medium=200 slow=134 | mean_alpha=0.2153 | mean_|grad|=0.000031 (n=1)
  [r2c trace step 950] block 0: z mean=1.0317 s mean=0.7504 min=0.7424 max=0.7585 closed=0/512 open=0/512 | mean|s*read|=0.277131 | mean|g| ar=9.09e-6 ib=7.56e-6 z=1.98e-6 (n=50)
  [r2c trace step 950] block 1: z mean=1.0230 s mean=0.7488 min=0.7430 max=0.7550 closed=0/512 open=0/512 | mean|s*read|=0.712809 | mean|g| ar=1.30e-5 ib=9.29e-6 z=2.26e-7 (n=50)
  [r2c trace step 950] block 2: z mean=1.0205 s mean=0.7483 min=0.7425 max=0.7540 closed=0/512 open=0/512 | mean|s*read|=0.781463 | mean|g| ar=1.23e-5 ib=6.89e-6 z=3.89e-7 (n=50)
  [r2c trace step 950] block 3: z mean=1.0198 s mean=0.7482 min=0.7416 max=0.7535 closed=0/512 open=0/512 | mean|s*read|=0.943218 | mean|g| ar=1.22e-5 ib=5.94e-6 z=3.82e-7 (n=50)
  [r2c trace step 950] block 4: z mean=1.0199 s mean=0.7482 min=0.7398 max=0.7541 closed=0/512 open=0/512 | mean|s*read|=1.340357 | mean|g| ar=1.69e-5 ib=6.71e-6 z=3.37e-7 (n=50)
  [trace step 951] block 0: fast=178 medium=200 slow=134 | mean_alpha=0.2153 | mean_|grad|=0.000007 (n=1)
  [trace step 951] block 1: fast=178 medium=199 slow=135 | mean_alpha=0.2155 | mean_|grad|=0.000008 (n=1)
  [trace step 951] block 2: fast=178 medium=200 slow=134 | mean_alpha=0.2154 | mean_|grad|=0.000008 (n=1)
  [trace step 951] block 3: fast=179 medium=199 slow=134 | mean_alpha=0.2153 | mean_|grad|=0.000008 (n=1)
  [trace step 951] block 4: fast=178 medium=200 slow=134 | mean_alpha=0.2153 | mean_|grad|=0.000022 (n=1)
  [trace step 952] block 0: fast=178 medium=200 slow=134 | mean_alpha=0.2153 | mean_|grad|=0.000008 (n=1)
  [trace step 952] block 1: fast=178 medium=199 slow=135 | mean_alpha=0.2155 | mean_|grad|=0.000010 (n=1)
  [trace step 952] block 2: fast=178 medium=200 slow=134 | mean_alpha=0.2154 | mean_|grad|=0.000008 (n=1)
  [trace step 952] block 3: fast=179 medium=199 slow=134 | mean_alpha=0.2153 | mean_|grad|=0.000007 (n=1)
  [trace step 952] block 4: fast=178 medium=200 slow=134 | mean_alpha=0.2153 | mean_|grad|=0.000018 (n=1)
  [trace step 953] block 0: fast=178 medium=200 slow=134 | mean_alpha=0.2153 | mean_|grad|=0.000009 (n=1)
  [trace step 953] block 1: fast=178 medium=199 slow=135 | mean_alpha=0.2155 | mean_|grad|=0.000009 (n=1)
  [trace step 953] block 2: fast=178 medium=200 slow=134 | mean_alpha=0.2154 | mean_|grad|=0.000010 (n=1)
  [trace step 953] block 3: fast=179 medium=199 slow=134 | mean_alpha=0.2153 | mean_|grad|=0.000009 (n=1)
  [trace step 953] block 4: fast=178 medium=200 slow=134 | mean_alpha=0.2153 | mean_|grad|=0.000030 (n=1)
  [trace step 954] block 0: fast=178 medium=200 slow=134 | mean_alpha=0.2153 | mean_|grad|=0.000010 (n=1)
  [trace step 954] block 1: fast=178 medium=199 slow=135 | mean_alpha=0.2155 | mean_|grad|=0.000011 (n=1)
  [trace step 954] block 2: fast=178 medium=200 slow=134 | mean_alpha=0.2154 | mean_|grad|=0.000010 (n=1)
  [trace step 954] block 3: fast=179 medium=199 slow=134 | mean_alpha=0.2153 | mean_|grad|=0.000009 (n=1)
  [trace step 954] block 4: fast=178 medium=200 slow=134 | mean_alpha=0.2153 | mean_|grad|=0.000021 (n=1)
  [trace step 955] block 0: fast=178 medium=200 slow=134 | mean_alpha=0.2153 | mean_|grad|=0.000014 (n=1)
  [trace step 955] block 1: fast=178 medium=199 slow=135 | mean_alpha=0.2155 | mean_|grad|=0.000020 (n=1)
  [trace step 955] block 2: fast=178 medium=200 slow=134 | mean_alpha=0.2154 | mean_|grad|=0.000014 (n=1)
  [trace step 955] block 3: fast=179 medium=199 slow=134 | mean_alpha=0.2153 | mean_|grad|=0.000012 (n=1)
  [trace step 955] block 4: fast=178 medium=200 slow=134 | mean_alpha=0.2153 | mean_|grad|=0.000032 (n=1)
  [trace step 956] block 0: fast=178 medium=200 slow=134 | mean_alpha=0.2153 | mean_|grad|=0.000010 (n=1)
  [trace step 956] block 1: fast=178 medium=199 slow=135 | mean_alpha=0.2155 | mean_|grad|=0.000014 (n=1)
  [trace step 956] block 2: fast=178 medium=200 slow=134 | mean_alpha=0.2154 | mean_|grad|=0.000014 (n=1)
  [trace step 956] block 3: fast=179 medium=199 slow=134 | mean_alpha=0.2153 | mean_|grad|=0.000011 (n=1)
  [trace step 956] block 4: fast=178 medium=200 slow=134 | mean_alpha=0.2153 | mean_|grad|=0.000024 (n=1)
  [trace step 957] block 0: fast=178 medium=200 slow=134 | mean_alpha=0.2153 | mean_|grad|=0.000012 (n=1)
  [trace step 957] block 1: fast=178 medium=199 slow=135 | mean_alpha=0.2155 | mean_|grad|=0.000017 (n=1)
  [trace step 957] block 2: fast=178 medium=200 slow=134 | mean_alpha=0.2154 | mean_|grad|=0.000014 (n=1)
  [trace step 957] block 3: fast=179 medium=199 slow=134 | mean_alpha=0.2153 | mean_|grad|=0.000013 (n=1)
  [trace step 957] block 4: fast=178 medium=200 slow=134 | mean_alpha=0.2153 | mean_|grad|=0.000036 (n=1)
  [trace step 958] block 0: fast=178 medium=200 slow=134 | mean_alpha=0.2153 | mean_|grad|=0.000013 (n=1)
  [trace step 958] block 1: fast=178 medium=199 slow=135 | mean_alpha=0.2155 | mean_|grad|=0.000025 (n=1)
  [trace step 958] block 2: fast=178 medium=200 slow=134 | mean_alpha=0.2154 | mean_|grad|=0.000016 (n=1)
  [trace step 958] block 3: fast=179 medium=199 slow=134 | mean_alpha=0.2153 | mean_|grad|=0.000016 (n=1)
  [trace step 958] block 4: fast=178 medium=200 slow=134 | mean_alpha=0.2153 | mean_|grad|=0.000034 (n=1)
  [trace step 959] block 0: fast=178 medium=200 slow=134 | mean_alpha=0.2153 | mean_|grad|=0.000012 (n=1)
  [trace step 959] block 1: fast=178 medium=199 slow=135 | mean_alpha=0.2155 | mean_|grad|=0.000017 (n=1)
  [trace step 959] block 2: fast=178 medium=200 slow=134 | mean_alpha=0.2154 | mean_|grad|=0.000014 (n=1)
  [trace step 959] block 3: fast=179 medium=199 slow=134 | mean_alpha=0.2153 | mean_|grad|=0.000013 (n=1)
  [trace step 959] block 4: fast=178 medium=200 slow=134 | mean_alpha=0.2153 | mean_|grad|=0.000028 (n=1)
  [trace step 960] block 0: fast=178 medium=200 slow=134 | mean_alpha=0.2153 | mean_|grad|=0.000012 (n=1)
  [trace step 960] block 1: fast=178 medium=199 slow=135 | mean_alpha=0.2155 | mean_|grad|=0.000014 (n=1)
  [trace step 960] block 2: fast=178 medium=200 slow=134 | mean_alpha=0.2154 | mean_|grad|=0.000012 (n=1)
  [trace step 960] block 3: fast=179 medium=199 slow=134 | mean_alpha=0.2153 | mean_|grad|=0.000012 (n=1)
  [trace step 960] block 4: fast=178 medium=200 slow=134 | mean_alpha=0.2153 | mean_|grad|=0.000021 (n=1)
  [trace step 961] block 0: fast=178 medium=200 slow=134 | mean_alpha=0.2153 | mean_|grad|=0.000011 (n=1)
  [trace step 961] block 1: fast=178 medium=199 slow=135 | mean_alpha=0.2155 | mean_|grad|=0.000018 (n=1)
  [trace step 961] block 2: fast=178 medium=200 slow=134 | mean_alpha=0.2154 | mean_|grad|=0.000014 (n=1)
  [trace step 961] block 3: fast=179 medium=199 slow=134 | mean_alpha=0.2153 | mean_|grad|=0.000014 (n=1)
  [trace step 961] block 4: fast=178 medium=200 slow=134 | mean_alpha=0.2153 | mean_|grad|=0.000035 (n=1)
  [trace step 962] block 0: fast=178 medium=200 slow=134 | mean_alpha=0.2153 | mean_|grad|=0.000010 (n=1)
  [trace step 962] block 1: fast=178 medium=199 slow=135 | mean_alpha=0.2155 | mean_|grad|=0.000014 (n=1)
  [trace step 962] block 2: fast=178 medium=200 slow=134 | mean_alpha=0.2154 | mean_|grad|=0.000014 (n=1)
  [trace step 962] block 3: fast=179 medium=199 slow=134 | mean_alpha=0.2153 | mean_|grad|=0.000013 (n=1)
  [trace step 962] block 4: fast=178 medium=200 slow=134 | mean_alpha=0.2153 | mean_|grad|=0.000032 (n=1)
  [trace step 963] block 0: fast=178 medium=200 slow=134 | mean_alpha=0.2153 | mean_|grad|=0.000012 (n=1)
  [trace step 963] block 1: fast=178 medium=199 slow=135 | mean_alpha=0.2155 | mean_|grad|=0.000014 (n=1)
  [trace step 963] block 2: fast=178 medium=200 slow=134 | mean_alpha=0.2154 | mean_|grad|=0.000013 (n=1)
  [trace step 963] block 3: fast=179 medium=199 slow=134 | mean_alpha=0.2153 | mean_|grad|=0.000013 (n=1)
  [trace step 963] block 4: fast=178 medium=200 slow=134 | mean_alpha=0.2153 | mean_|grad|=0.000023 (n=1)
  [trace step 964] block 0: fast=178 medium=200 slow=134 | mean_alpha=0.2153 | mean_|grad|=0.000015 (n=1)
  [trace step 964] block 1: fast=178 medium=199 slow=135 | mean_alpha=0.2155 | mean_|grad|=0.000020 (n=1)
  [trace step 964] block 2: fast=178 medium=200 slow=134 | mean_alpha=0.2154 | mean_|grad|=0.000020 (n=1)
  [trace step 964] block 3: fast=179 medium=199 slow=134 | mean_alpha=0.2153 | mean_|grad|=0.000016 (n=1)
  [trace step 964] block 4: fast=178 medium=200 slow=134 | mean_alpha=0.2153 | mean_|grad|=0.000036 (n=1)
  [trace step 965] block 0: fast=178 medium=200 slow=134 | mean_alpha=0.2153 | mean_|grad|=0.000016 (n=1)
  [trace step 965] block 1: fast=178 medium=199 slow=135 | mean_alpha=0.2155 | mean_|grad|=0.000025 (n=1)
  [trace step 965] block 2: fast=178 medium=200 slow=134 | mean_alpha=0.2154 | mean_|grad|=0.000020 (n=1)
  [trace step 965] block 3: fast=179 medium=199 slow=134 | mean_alpha=0.2153 | mean_|grad|=0.000017 (n=1)
  [trace step 965] block 4: fast=178 medium=200 slow=134 | mean_alpha=0.2153 | mean_|grad|=0.000044 (n=1)
  [trace step 966] block 0: fast=178 medium=200 slow=134 | mean_alpha=0.2153 | mean_|grad|=0.000014 (n=1)
  [trace step 966] block 1: fast=178 medium=199 slow=135 | mean_alpha=0.2155 | mean_|grad|=0.000018 (n=1)
  [trace step 966] block 2: fast=178 medium=200 slow=134 | mean_alpha=0.2154 | mean_|grad|=0.000016 (n=1)
  [trace step 966] block 3: fast=179 medium=199 slow=134 | mean_alpha=0.2154 | mean_|grad|=0.000017 (n=1)
  [trace step 966] block 4: fast=178 medium=200 slow=134 | mean_alpha=0.2153 | mean_|grad|=0.000036 (n=1)
  [trace step 967] block 0: fast=178 medium=200 slow=134 | mean_alpha=0.2153 | mean_|grad|=0.000012 (n=1)
  [trace step 967] block 1: fast=178 medium=199 slow=135 | mean_alpha=0.2155 | mean_|grad|=0.000016 (n=1)
  [trace step 967] block 2: fast=178 medium=200 slow=134 | mean_alpha=0.2154 | mean_|grad|=0.000016 (n=1)
  [trace step 967] block 3: fast=179 medium=199 slow=134 | mean_alpha=0.2154 | mean_|grad|=0.000015 (n=1)
  [trace step 967] block 4: fast=178 medium=200 slow=134 | mean_alpha=0.2153 | mean_|grad|=0.000036 (n=1)
  [trace step 968] block 0: fast=178 medium=200 slow=134 | mean_alpha=0.2153 | mean_|grad|=0.000016 (n=1)
  [trace step 968] block 1: fast=178 medium=199 slow=135 | mean_alpha=0.2155 | mean_|grad|=0.000023 (n=1)
  [trace step 968] block 2: fast=178 medium=200 slow=134 | mean_alpha=0.2154 | mean_|grad|=0.000015 (n=1)
  [trace step 968] block 3: fast=179 medium=199 slow=134 | mean_alpha=0.2154 | mean_|grad|=0.000015 (n=1)
  [trace step 968] block 4: fast=178 medium=200 slow=134 | mean_alpha=0.2153 | mean_|grad|=0.000029 (n=1)
  [trace step 969] block 0: fast=178 medium=200 slow=134 | mean_alpha=0.2153 | mean_|grad|=0.000021 (n=1)
  [trace step 969] block 1: fast=178 medium=199 slow=135 | mean_alpha=0.2155 | mean_|grad|=0.000027 (n=1)
  [trace step 969] block 2: fast=178 medium=200 slow=134 | mean_alpha=0.2154 | mean_|grad|=0.000020 (n=1)
  [trace step 969] block 3: fast=179 medium=199 slow=134 | mean_alpha=0.2154 | mean_|grad|=0.000019 (n=1)
  [trace step 969] block 4: fast=178 medium=200 slow=134 | mean_alpha=0.2153 | mean_|grad|=0.000034 (n=1)
  [trace step 970] block 0: fast=178 medium=200 slow=134 | mean_alpha=0.2153 | mean_|grad|=0.000019 (n=1)
  [trace step 970] block 1: fast=178 medium=199 slow=135 | mean_alpha=0.2155 | mean_|grad|=0.000020 (n=1)
  [trace step 970] block 2: fast=178 medium=200 slow=134 | mean_alpha=0.2154 | mean_|grad|=0.000021 (n=1)
  [trace step 970] block 3: fast=179 medium=199 slow=134 | mean_alpha=0.2154 | mean_|grad|=0.000021 (n=1)
  [trace step 970] block 4: fast=178 medium=200 slow=134 | mean_alpha=0.2153 | mean_|grad|=0.000036 (n=1)
  [trace step 971] block 0: fast=178 medium=200 slow=134 | mean_alpha=0.2153 | mean_|grad|=0.000019 (n=1)
  [trace step 971] block 1: fast=178 medium=199 slow=135 | mean_alpha=0.2155 | mean_|grad|=0.000029 (n=1)
  [trace step 971] block 2: fast=178 medium=200 slow=134 | mean_alpha=0.2154 | mean_|grad|=0.000026 (n=1)
  [trace step 971] block 3: fast=179 medium=199 slow=134 | mean_alpha=0.2154 | mean_|grad|=0.000024 (n=1)
  [trace step 971] block 4: fast=178 medium=200 slow=134 | mean_alpha=0.2153 | mean_|grad|=0.000054 (n=1)
  [trace step 972] block 0: fast=178 medium=200 slow=134 | mean_alpha=0.2153 | mean_|grad|=0.000018 (n=1)
  [trace step 972] block 1: fast=178 medium=199 slow=135 | mean_alpha=0.2155 | mean_|grad|=0.000019 (n=1)
  [trace step 972] block 2: fast=178 medium=200 slow=134 | mean_alpha=0.2154 | mean_|grad|=0.000019 (n=1)
  [trace step 972] block 3: fast=179 medium=199 slow=134 | mean_alpha=0.2154 | mean_|grad|=0.000018 (n=1)
  [trace step 972] block 4: fast=178 medium=200 slow=134 | mean_alpha=0.2153 | mean_|grad|=0.000034 (n=1)
  [trace step 973] block 0: fast=178 medium=200 slow=134 | mean_alpha=0.2153 | mean_|grad|=0.000014 (n=1)
  [trace step 973] block 1: fast=178 medium=199 slow=135 | mean_alpha=0.2155 | mean_|grad|=0.000015 (n=1)
  [trace step 973] block 2: fast=178 medium=200 slow=134 | mean_alpha=0.2154 | mean_|grad|=0.000015 (n=1)
  [trace step 973] block 3: fast=179 medium=199 slow=134 | mean_alpha=0.2154 | mean_|grad|=0.000015 (n=1)
  [trace step 973] block 4: fast=178 medium=200 slow=134 | mean_alpha=0.2153 | mean_|grad|=0.000023 (n=1)
  [trace step 974] block 0: fast=178 medium=200 slow=134 | mean_alpha=0.2153 | mean_|grad|=0.000011 (n=1)
  [trace step 974] block 1: fast=178 medium=199 slow=135 | mean_alpha=0.2155 | mean_|grad|=0.000016 (n=1)
  [trace step 974] block 2: fast=178 medium=200 slow=134 | mean_alpha=0.2154 | mean_|grad|=0.000014 (n=1)
  [trace step 974] block 3: fast=179 medium=199 slow=134 | mean_alpha=0.2154 | mean_|grad|=0.000015 (n=1)
  [trace step 974] block 4: fast=178 medium=200 slow=134 | mean_alpha=0.2153 | mean_|grad|=0.000041 (n=1)
  [trace step 975] block 0: fast=178 medium=200 slow=134 | mean_alpha=0.2153 | mean_|grad|=0.000012 (n=1)
  [trace step 975] block 1: fast=178 medium=199 slow=135 | mean_alpha=0.2155 | mean_|grad|=0.000015 (n=1)
  [trace step 975] block 2: fast=178 medium=200 slow=134 | mean_alpha=0.2154 | mean_|grad|=0.000013 (n=1)
  [trace step 975] block 3: fast=179 medium=199 slow=134 | mean_alpha=0.2154 | mean_|grad|=0.000012 (n=1)
  [trace step 975] block 4: fast=178 medium=200 slow=134 | mean_alpha=0.2153 | mean_|grad|=0.000025 (n=1)
  [trace step 976] block 0: fast=178 medium=200 slow=134 | mean_alpha=0.2153 | mean_|grad|=0.000010 (n=1)
  [trace step 976] block 1: fast=178 medium=199 slow=135 | mean_alpha=0.2155 | mean_|grad|=0.000012 (n=1)
  [trace step 976] block 2: fast=178 medium=200 slow=134 | mean_alpha=0.2154 | mean_|grad|=0.000011 (n=1)
  [trace step 976] block 3: fast=179 medium=199 slow=134 | mean_alpha=0.2154 | mean_|grad|=0.000013 (n=1)
  [trace step 976] block 4: fast=178 medium=200 slow=134 | mean_alpha=0.2153 | mean_|grad|=0.000023 (n=1)
  [trace step 977] block 0: fast=178 medium=200 slow=134 | mean_alpha=0.2153 | mean_|grad|=0.000009 (n=1)
  [trace step 977] block 1: fast=178 medium=199 slow=135 | mean_alpha=0.2155 | mean_|grad|=0.000011 (n=1)
  [trace step 977] block 2: fast=178 medium=200 slow=134 | mean_alpha=0.2154 | mean_|grad|=0.000012 (n=1)
  [trace step 977] block 3: fast=179 medium=199 slow=134 | mean_alpha=0.2154 | mean_|grad|=0.000011 (n=1)
  [trace step 977] block 4: fast=178 medium=200 slow=134 | mean_alpha=0.2153 | mean_|grad|=0.000026 (n=1)
  [trace step 978] block 0: fast=178 medium=200 slow=134 | mean_alpha=0.2153 | mean_|grad|=0.000011 (n=1)
  [trace step 978] block 1: fast=178 medium=199 slow=135 | mean_alpha=0.2155 | mean_|grad|=0.000013 (n=1)
  [trace step 978] block 2: fast=178 medium=200 slow=134 | mean_alpha=0.2154 | mean_|grad|=0.000011 (n=1)
  [trace step 978] block 3: fast=179 medium=199 slow=134 | mean_alpha=0.2154 | mean_|grad|=0.000011 (n=1)
  [trace step 978] block 4: fast=178 medium=200 slow=134 | mean_alpha=0.2153 | mean_|grad|=0.000020 (n=1)
  [trace step 979] block 0: fast=178 medium=200 slow=134 | mean_alpha=0.2153 | mean_|grad|=0.000009 (n=1)
  [trace step 979] block 1: fast=178 medium=199 slow=135 | mean_alpha=0.2155 | mean_|grad|=0.000013 (n=1)
  [trace step 979] block 2: fast=178 medium=200 slow=134 | mean_alpha=0.2154 | mean_|grad|=0.000011 (n=1)
  [trace step 979] block 3: fast=179 medium=199 slow=134 | mean_alpha=0.2154 | mean_|grad|=0.000010 (n=1)
  [trace step 979] block 4: fast=178 medium=200 slow=134 | mean_alpha=0.2153 | mean_|grad|=0.000017 (n=1)
  [trace step 980] block 0: fast=178 medium=200 slow=134 | mean_alpha=0.2153 | mean_|grad|=0.000010 (n=1)
  [trace step 980] block 1: fast=178 medium=199 slow=135 | mean_alpha=0.2155 | mean_|grad|=0.000010 (n=1)
  [trace step 980] block 2: fast=178 medium=200 slow=134 | mean_alpha=0.2154 | mean_|grad|=0.000010 (n=1)
  [trace step 980] block 3: fast=179 medium=199 slow=134 | mean_alpha=0.2154 | mean_|grad|=0.000011 (n=1)
  [trace step 980] block 4: fast=178 medium=200 slow=134 | mean_alpha=0.2153 | mean_|grad|=0.000026 (n=1)
  [trace step 981] block 0: fast=178 medium=200 slow=134 | mean_alpha=0.2153 | mean_|grad|=0.000009 (n=1)
  [trace step 981] block 1: fast=178 medium=199 slow=135 | mean_alpha=0.2155 | mean_|grad|=0.000008 (n=1)
  [trace step 981] block 2: fast=178 medium=200 slow=134 | mean_alpha=0.2154 | mean_|grad|=0.000009 (n=1)
  [trace step 981] block 3: fast=179 medium=199 slow=134 | mean_alpha=0.2154 | mean_|grad|=0.000011 (n=1)
  [trace step 981] block 4: fast=178 medium=200 slow=134 | mean_alpha=0.2153 | mean_|grad|=0.000017 (n=1)
  [trace step 982] block 0: fast=178 medium=200 slow=134 | mean_alpha=0.2153 | mean_|grad|=0.000009 (n=1)
  [trace step 982] block 1: fast=178 medium=199 slow=135 | mean_alpha=0.2155 | mean_|grad|=0.000009 (n=1)
  [trace step 982] block 2: fast=178 medium=200 slow=134 | mean_alpha=0.2154 | mean_|grad|=0.000008 (n=1)
  [trace step 982] block 3: fast=179 medium=199 slow=134 | mean_alpha=0.2154 | mean_|grad|=0.000010 (n=1)
  [trace step 982] block 4: fast=178 medium=200 slow=134 | mean_alpha=0.2153 | mean_|grad|=0.000023 (n=1)
  [trace step 983] block 0: fast=178 medium=200 slow=134 | mean_alpha=0.2153 | mean_|grad|=0.000011 (n=1)
  [trace step 983] block 1: fast=178 medium=199 slow=135 | mean_alpha=0.2155 | mean_|grad|=0.000010 (n=1)
  [trace step 983] block 2: fast=178 medium=200 slow=134 | mean_alpha=0.2154 | mean_|grad|=0.000010 (n=1)
  [trace step 983] block 3: fast=179 medium=199 slow=134 | mean_alpha=0.2154 | mean_|grad|=0.000010 (n=1)
  [trace step 983] block 4: fast=178 medium=200 slow=134 | mean_alpha=0.2153 | mean_|grad|=0.000022 (n=1)
  [trace step 984] block 0: fast=178 medium=200 slow=134 | mean_alpha=0.2153 | mean_|grad|=0.000009 (n=1)
  [trace step 984] block 1: fast=178 medium=199 slow=135 | mean_alpha=0.2155 | mean_|grad|=0.000009 (n=1)
  [trace step 984] block 2: fast=178 medium=200 slow=134 | mean_alpha=0.2154 | mean_|grad|=0.000010 (n=1)
  [trace step 984] block 3: fast=179 medium=199 slow=134 | mean_alpha=0.2154 | mean_|grad|=0.000010 (n=1)
  [trace step 984] block 4: fast=178 medium=200 slow=134 | mean_alpha=0.2153 | mean_|grad|=0.000019 (n=1)
  [trace step 985] block 0: fast=178 medium=200 slow=134 | mean_alpha=0.2153 | mean_|grad|=0.000010 (n=1)
  [trace step 985] block 1: fast=178 medium=199 slow=135 | mean_alpha=0.2155 | mean_|grad|=0.000011 (n=1)
  [trace step 985] block 2: fast=178 medium=200 slow=134 | mean_alpha=0.2154 | mean_|grad|=0.000012 (n=1)
  [trace step 985] block 3: fast=179 medium=199 slow=134 | mean_alpha=0.2154 | mean_|grad|=0.000010 (n=1)
  [trace step 985] block 4: fast=178 medium=200 slow=134 | mean_alpha=0.2153 | mean_|grad|=0.000027 (n=1)
  [trace step 986] block 0: fast=178 medium=200 slow=134 | mean_alpha=0.2153 | mean_|grad|=0.000008 (n=1)
  [trace step 986] block 1: fast=178 medium=199 slow=135 | mean_alpha=0.2155 | mean_|grad|=0.000009 (n=1)
  [trace step 986] block 2: fast=178 medium=200 slow=134 | mean_alpha=0.2154 | mean_|grad|=0.000009 (n=1)
  [trace step 986] block 3: fast=179 medium=199 slow=134 | mean_alpha=0.2154 | mean_|grad|=0.000011 (n=1)
  [trace step 986] block 4: fast=178 medium=200 slow=134 | mean_alpha=0.2153 | mean_|grad|=0.000020 (n=1)
  [trace step 987] block 0: fast=178 medium=200 slow=134 | mean_alpha=0.2153 | mean_|grad|=0.000011 (n=1)
  [trace step 987] block 1: fast=178 medium=199 slow=135 | mean_alpha=0.2155 | mean_|grad|=0.000010 (n=1)
  [trace step 987] block 2: fast=178 medium=200 slow=134 | mean_alpha=0.2154 | mean_|grad|=0.000011 (n=1)
  [trace step 987] block 3: fast=179 medium=199 slow=134 | mean_alpha=0.2154 | mean_|grad|=0.000011 (n=1)
  [trace step 987] block 4: fast=178 medium=200 slow=134 | mean_alpha=0.2153 | mean_|grad|=0.000038 (n=1)
  [trace step 988] block 0: fast=178 medium=200 slow=134 | mean_alpha=0.2153 | mean_|grad|=0.000010 (n=1)
  [trace step 988] block 1: fast=178 medium=199 slow=135 | mean_alpha=0.2155 | mean_|grad|=0.000010 (n=1)
  [trace step 988] block 2: fast=178 medium=200 slow=134 | mean_alpha=0.2154 | mean_|grad|=0.000011 (n=1)
  [trace step 988] block 3: fast=179 medium=199 slow=134 | mean_alpha=0.2154 | mean_|grad|=0.000011 (n=1)
  [trace step 988] block 4: fast=178 medium=200 slow=134 | mean_alpha=0.2153 | mean_|grad|=0.000025 (n=1)
  [trace step 989] block 0: fast=178 medium=200 slow=134 | mean_alpha=0.2153 | mean_|grad|=0.000013 (n=1)
  [trace step 989] block 1: fast=178 medium=199 slow=135 | mean_alpha=0.2155 | mean_|grad|=0.000012 (n=1)
  [trace step 989] block 2: fast=178 medium=200 slow=134 | mean_alpha=0.2154 | mean_|grad|=0.000012 (n=1)
  [trace step 989] block 3: fast=179 medium=199 slow=134 | mean_alpha=0.2154 | mean_|grad|=0.000013 (n=1)
  [trace step 989] block 4: fast=178 medium=200 slow=134 | mean_alpha=0.2153 | mean_|grad|=0.000020 (n=1)
  [trace step 990] block 0: fast=178 medium=200 slow=134 | mean_alpha=0.2153 | mean_|grad|=0.000011 (n=1)
  [trace step 990] block 1: fast=178 medium=199 slow=135 | mean_alpha=0.2155 | mean_|grad|=0.000010 (n=1)
  [trace step 990] block 2: fast=178 medium=200 slow=134 | mean_alpha=0.2154 | mean_|grad|=0.000011 (n=1)
  [trace step 990] block 3: fast=179 medium=199 slow=134 | mean_alpha=0.2154 | mean_|grad|=0.000012 (n=1)
  [trace step 990] block 4: fast=178 medium=200 slow=134 | mean_alpha=0.2153 | mean_|grad|=0.000021 (n=1)
  [trace step 991] block 0: fast=178 medium=200 slow=134 | mean_alpha=0.2153 | mean_|grad|=0.000014 (n=1)
  [trace step 991] block 1: fast=178 medium=199 slow=135 | mean_alpha=0.2155 | mean_|grad|=0.000011 (n=1)
  [trace step 991] block 2: fast=178 medium=200 slow=134 | mean_alpha=0.2154 | mean_|grad|=0.000012 (n=1)
  [trace step 991] block 3: fast=179 medium=199 slow=134 | mean_alpha=0.2154 | mean_|grad|=0.000015 (n=1)
  [trace step 991] block 4: fast=178 medium=200 slow=134 | mean_alpha=0.2153 | mean_|grad|=0.000037 (n=1)
  [trace step 992] block 0: fast=178 medium=200 slow=134 | mean_alpha=0.2153 | mean_|grad|=0.000013 (n=1)
  [trace step 992] block 1: fast=178 medium=199 slow=135 | mean_alpha=0.2155 | mean_|grad|=0.000014 (n=1)
  [trace step 992] block 2: fast=178 medium=200 slow=134 | mean_alpha=0.2154 | mean_|grad|=0.000012 (n=1)
  [trace step 992] block 3: fast=179 medium=199 slow=134 | mean_alpha=0.2154 | mean_|grad|=0.000013 (n=1)
  [trace step 992] block 4: fast=178 medium=200 slow=134 | mean_alpha=0.2153 | mean_|grad|=0.000030 (n=1)
  [trace step 993] block 0: fast=178 medium=200 slow=134 | mean_alpha=0.2153 | mean_|grad|=0.000012 (n=1)
  [trace step 993] block 1: fast=178 medium=199 slow=135 | mean_alpha=0.2155 | mean_|grad|=0.000012 (n=1)
  [trace step 993] block 2: fast=178 medium=200 slow=134 | mean_alpha=0.2154 | mean_|grad|=0.000012 (n=1)
  [trace step 993] block 3: fast=179 medium=199 slow=134 | mean_alpha=0.2154 | mean_|grad|=0.000013 (n=1)
  [trace step 993] block 4: fast=178 medium=200 slow=134 | mean_alpha=0.2153 | mean_|grad|=0.000041 (n=1)
  [trace step 994] block 0: fast=178 medium=200 slow=134 | mean_alpha=0.2153 | mean_|grad|=0.000012 (n=1)
  [trace step 994] block 1: fast=178 medium=199 slow=135 | mean_alpha=0.2155 | mean_|grad|=0.000010 (n=1)
  [trace step 994] block 2: fast=178 medium=200 slow=134 | mean_alpha=0.2154 | mean_|grad|=0.000013 (n=1)
  [trace step 994] block 3: fast=179 medium=199 slow=134 | mean_alpha=0.2154 | mean_|grad|=0.000012 (n=1)
  [trace step 994] block 4: fast=178 medium=200 slow=134 | mean_alpha=0.2153 | mean_|grad|=0.000022 (n=1)
  [trace step 995] block 0: fast=178 medium=200 slow=134 | mean_alpha=0.2153 | mean_|grad|=0.000015 (n=1)
  [trace step 995] block 1: fast=178 medium=199 slow=135 | mean_alpha=0.2155 | mean_|grad|=0.000013 (n=1)
  [trace step 995] block 2: fast=178 medium=200 slow=134 | mean_alpha=0.2154 | mean_|grad|=0.000015 (n=1)
  [trace step 995] block 3: fast=179 medium=199 slow=134 | mean_alpha=0.2154 | mean_|grad|=0.000014 (n=1)
  [trace step 995] block 4: fast=178 medium=200 slow=134 | mean_alpha=0.2153 | mean_|grad|=0.000023 (n=1)
  [trace step 996] block 0: fast=178 medium=200 slow=134 | mean_alpha=0.2153 | mean_|grad|=0.000014 (n=1)
  [trace step 996] block 1: fast=178 medium=199 slow=135 | mean_alpha=0.2155 | mean_|grad|=0.000013 (n=1)
  [trace step 996] block 2: fast=178 medium=200 slow=134 | mean_alpha=0.2154 | mean_|grad|=0.000013 (n=1)
  [trace step 996] block 3: fast=179 medium=199 slow=134 | mean_alpha=0.2154 | mean_|grad|=0.000014 (n=1)
  [trace step 996] block 4: fast=178 medium=200 slow=134 | mean_alpha=0.2153 | mean_|grad|=0.000036 (n=1)
  [trace step 997] block 0: fast=178 medium=200 slow=134 | mean_alpha=0.2153 | mean_|grad|=0.000015 (n=1)
  [trace step 997] block 1: fast=178 medium=199 slow=135 | mean_alpha=0.2155 | mean_|grad|=0.000014 (n=1)
  [trace step 997] block 2: fast=178 medium=200 slow=134 | mean_alpha=0.2154 | mean_|grad|=0.000014 (n=1)
  [trace step 997] block 3: fast=179 medium=199 slow=134 | mean_alpha=0.2154 | mean_|grad|=0.000015 (n=1)
  [trace step 997] block 4: fast=178 medium=200 slow=134 | mean_alpha=0.2153 | mean_|grad|=0.000027 (n=1)
  [trace step 998] block 0: fast=178 medium=200 slow=134 | mean_alpha=0.2153 | mean_|grad|=0.000013 (n=1)
  [trace step 998] block 1: fast=178 medium=199 slow=135 | mean_alpha=0.2155 | mean_|grad|=0.000014 (n=1)
  [trace step 998] block 2: fast=178 medium=200 slow=134 | mean_alpha=0.2154 | mean_|grad|=0.000013 (n=1)
  [trace step 998] block 3: fast=179 medium=199 slow=134 | mean_alpha=0.2154 | mean_|grad|=0.000014 (n=1)
  [trace step 998] block 4: fast=178 medium=200 slow=134 | mean_alpha=0.2153 | mean_|grad|=0.000042 (n=1)
  [trace step 999] block 0: fast=178 medium=200 slow=134 | mean_alpha=0.2153 | mean_|grad|=0.000014 (n=1)
  [trace step 999] block 1: fast=178 medium=199 slow=135 | mean_alpha=0.2155 | mean_|grad|=0.000014 (n=1)
  [trace step 999] block 2: fast=178 medium=200 slow=134 | mean_alpha=0.2154 | mean_|grad|=0.000015 (n=1)
  [trace step 999] block 3: fast=179 medium=199 slow=134 | mean_alpha=0.2154 | mean_|grad|=0.000015 (n=1)
  [trace step 999] block 4: fast=178 medium=200 slow=134 | mean_alpha=0.2153 | mean_|grad|=0.000049 (n=1)
  [trace step 1000] block 0: fast=178 medium=200 slow=134 | mean_alpha=0.2153 | mean_|grad|=0.000011 (n=1)
  [trace step 1000] block 1: fast=178 medium=199 slow=135 | mean_alpha=0.2155 | mean_|grad|=0.000012 (n=1)
  [trace step 1000] block 2: fast=178 medium=200 slow=134 | mean_alpha=0.2154 | mean_|grad|=0.000012 (n=1)
  [trace step 1000] block 3: fast=179 medium=199 slow=134 | mean_alpha=0.2154 | mean_|grad|=0.000011 (n=1)
  [trace step 1000] block 4: fast=178 medium=200 slow=134 | mean_alpha=0.2153 | mean_|grad|=0.000034 (n=1)
  [r2c trace step 1000] block 0: z mean=1.0318 s mean=0.7504 min=0.7424 max=0.7584 closed=0/512 open=0/512 | mean|s*read|=0.277060 | mean|g| ar=2.17e-5 ib=1.84e-5 z=4.41e-6 (n=50)
  [r2c trace step 1000] block 1: z mean=1.0232 s mean=0.7488 min=0.7431 max=0.7553 closed=0/512 open=0/512 | mean|s*read|=0.580512 | mean|g| ar=2.53e-5 ib=1.87e-5 z=6.20e-7 (n=50)
  [r2c trace step 1000] block 2: z mean=1.0205 s mean=0.7483 min=0.7424 max=0.7540 closed=0/512 open=0/512 | mean|s*read|=0.605793 | mean|g| ar=2.30e-5 ib=1.44e-5 z=8.37e-7 (n=50)
  [r2c trace step 1000] block 3: z mean=1.0198 s mean=0.7482 min=0.7416 max=0.7537 closed=0/512 open=0/512 | mean|s*read|=0.699404 | mean|g| ar=2.22e-5 ib=1.16e-5 z=8.19e-7 (n=50)
  [r2c trace step 1000] block 4: z mean=1.0199 s mean=0.7482 min=0.7401 max=0.7542 closed=0/512 open=0/512 | mean|s*read|=0.876381 | mean|g| ar=2.28e-5 ib=8.79e-6 z=5.82e-7 (n=50)
step 1000/1800 | epoch 2 | loss 2.7833 | 1.5 steps/s
  [trace step 1001] block 0: fast=178 medium=200 slow=134 | mean_alpha=0.2153 | mean_|grad|=0.000012 (n=1)
  [trace step 1001] block 1: fast=178 medium=199 slow=135 | mean_alpha=0.2155 | mean_|grad|=0.000012 (n=1)
  [trace step 1001] block 2: fast=178 medium=200 slow=134 | mean_alpha=0.2154 | mean_|grad|=0.000012 (n=1)
  [trace step 1001] block 3: fast=179 medium=199 slow=134 | mean_alpha=0.2154 | mean_|grad|=0.000012 (n=1)
  [trace step 1001] block 4: fast=178 medium=200 slow=134 | mean_alpha=0.2153 | mean_|grad|=0.000025 (n=1)
  [trace step 1002] block 0: fast=178 medium=200 slow=134 | mean_alpha=0.2153 | mean_|grad|=0.000012 (n=1)
  [trace step 1002] block 1: fast=178 medium=199 slow=135 | mean_alpha=0.2155 | mean_|grad|=0.000013 (n=1)
  [trace step 1002] block 2: fast=178 medium=200 slow=134 | mean_alpha=0.2154 | mean_|grad|=0.000014 (n=1)
  [trace step 1002] block 3: fast=179 medium=199 slow=134 | mean_alpha=0.2154 | mean_|grad|=0.000014 (n=1)
  [trace step 1002] block 4: fast=178 medium=200 slow=134 | mean_alpha=0.2153 | mean_|grad|=0.000023 (n=1)
  [trace step 1003] block 0: fast=178 medium=200 slow=134 | mean_alpha=0.2153 | mean_|grad|=0.000010 (n=1)
  [trace step 1003] block 1: fast=178 medium=199 slow=135 | mean_alpha=0.2155 | mean_|grad|=0.000013 (n=1)
  [trace step 1003] block 2: fast=178 medium=200 slow=134 | mean_alpha=0.2154 | mean_|grad|=0.000013 (n=1)
  [trace step 1003] block 3: fast=179 medium=199 slow=134 | mean_alpha=0.2154 | mean_|grad|=0.000011 (n=1)
  [trace step 1003] block 4: fast=178 medium=200 slow=134 | mean_alpha=0.2153 | mean_|grad|=0.000029 (n=1)
  [trace step 1004] block 0: fast=178 medium=200 slow=134 | mean_alpha=0.2153 | mean_|grad|=0.000014 (n=1)
  [trace step 1004] block 1: fast=178 medium=199 slow=135 | mean_alpha=0.2155 | mean_|grad|=0.000011 (n=1)
  [trace step 1004] block 2: fast=178 medium=200 slow=134 | mean_alpha=0.2154 | mean_|grad|=0.000012 (n=1)
  [trace step 1004] block 3: fast=179 medium=199 slow=134 | mean_alpha=0.2154 | mean_|grad|=0.000011 (n=1)
  [trace step 1004] block 4: fast=178 medium=200 slow=134 | mean_alpha=0.2153 | mean_|grad|=0.000031 (n=1)
  [trace step 1005] block 0: fast=178 medium=200 slow=134 | mean_alpha=0.2153 | mean_|grad|=0.000013 (n=1)
  [trace step 1005] block 1: fast=178 medium=199 slow=135 | mean_alpha=0.2155 | mean_|grad|=0.000013 (n=1)
  [trace step 1005] block 2: fast=178 medium=200 slow=134 | mean_alpha=0.2154 | mean_|grad|=0.000012 (n=1)
  [trace step 1005] block 3: fast=179 medium=199 slow=134 | mean_alpha=0.2154 | mean_|grad|=0.000013 (n=1)
  [trace step 1005] block 4: fast=178 medium=200 slow=134 | mean_alpha=0.2153 | mean_|grad|=0.000031 (n=1)
  [trace step 1006] block 0: fast=178 medium=200 slow=134 | mean_alpha=0.2153 | mean_|grad|=0.000012 (n=1)
  [trace step 1006] block 1: fast=178 medium=199 slow=135 | mean_alpha=0.2155 | mean_|grad|=0.000012 (n=1)
  [trace step 1006] block 2: fast=178 medium=200 slow=134 | mean_alpha=0.2154 | mean_|grad|=0.000014 (n=1)
  [trace step 1006] block 3: fast=179 medium=199 slow=134 | mean_alpha=0.2154 | mean_|grad|=0.000012 (n=1)
  [trace step 1006] block 4: fast=178 medium=200 slow=134 | mean_alpha=0.2153 | mean_|grad|=0.000028 (n=1)
  [trace step 1007] block 0: fast=178 medium=200 slow=134 | mean_alpha=0.2153 | mean_|grad|=0.000010 (n=1)
  [trace step 1007] block 1: fast=178 medium=199 slow=135 | mean_alpha=0.2155 | mean_|grad|=0.000010 (n=1)
  [trace step 1007] block 2: fast=178 medium=200 slow=134 | mean_alpha=0.2154 | mean_|grad|=0.000013 (n=1)
  [trace step 1007] block 3: fast=179 medium=199 slow=134 | mean_alpha=0.2154 | mean_|grad|=0.000012 (n=1)
  [trace step 1007] block 4: fast=178 medium=200 slow=134 | mean_alpha=0.2153 | mean_|grad|=0.000034 (n=1)
  [trace step 1008] block 0: fast=178 medium=200 slow=134 | mean_alpha=0.2153 | mean_|grad|=0.000010 (n=1)
  [trace step 1008] block 1: fast=178 medium=199 slow=135 | mean_alpha=0.2155 | mean_|grad|=0.000010 (n=1)
  [trace step 1008] block 2: fast=178 medium=200 slow=134 | mean_alpha=0.2154 | mean_|grad|=0.000011 (n=1)
  [trace step 1008] block 3: fast=179 medium=199 slow=134 | mean_alpha=0.2154 | mean_|grad|=0.000011 (n=1)
  [trace step 1008] block 4: fast=178 medium=200 slow=134 | mean_alpha=0.2153 | mean_|grad|=0.000025 (n=1)
  [trace step 1009] block 0: fast=178 medium=200 slow=134 | mean_alpha=0.2153 | mean_|grad|=0.000012 (n=1)
  [trace step 1009] block 1: fast=178 medium=199 slow=135 | mean_alpha=0.2155 | mean_|grad|=0.000011 (n=1)
  [trace step 1009] block 2: fast=178 medium=200 slow=134 | mean_alpha=0.2154 | mean_|grad|=0.000012 (n=1)
  [trace step 1009] block 3: fast=179 medium=199 slow=134 | mean_alpha=0.2154 | mean_|grad|=0.000012 (n=1)
  [trace step 1009] block 4: fast=178 medium=200 slow=134 | mean_alpha=0.2153 | mean_|grad|=0.000023 (n=1)
  [trace step 1010] block 0: fast=178 medium=200 slow=134 | mean_alpha=0.2153 | mean_|grad|=0.000011 (n=1)
  [trace step 1010] block 1: fast=178 medium=199 slow=135 | mean_alpha=0.2155 | mean_|grad|=0.000012 (n=1)
  [trace step 1010] block 2: fast=178 medium=200 slow=134 | mean_alpha=0.2154 | mean_|grad|=0.000010 (n=1)
  [trace step 1010] block 3: fast=179 medium=199 slow=134 | mean_alpha=0.2154 | mean_|grad|=0.000010 (n=1)
  [trace step 1010] block 4: fast=178 medium=200 slow=134 | mean_alpha=0.2153 | mean_|grad|=0.000037 (n=1)
  [trace step 1011] block 0: fast=178 medium=200 slow=134 | mean_alpha=0.2153 | mean_|grad|=0.000012 (n=1)
  [trace step 1011] block 1: fast=178 medium=199 slow=135 | mean_alpha=0.2155 | mean_|grad|=0.000013 (n=1)
  [trace step 1011] block 2: fast=178 medium=200 slow=134 | mean_alpha=0.2154 | mean_|grad|=0.000013 (n=1)
  [trace step 1011] block 3: fast=179 medium=199 slow=134 | mean_alpha=0.2154 | mean_|grad|=0.000014 (n=1)
  [trace step 1011] block 4: fast=178 medium=200 slow=134 | mean_alpha=0.2153 | mean_|grad|=0.000043 (n=1)
  [trace step 1012] block 0: fast=178 medium=200 slow=134 | mean_alpha=0.2153 | mean_|grad|=0.000013 (n=1)
  [trace step 1012] block 1: fast=178 medium=199 slow=135 | mean_alpha=0.2155 | mean_|grad|=0.000013 (n=1)
  [trace step 1012] block 2: fast=178 medium=200 slow=134 | mean_alpha=0.2155 | mean_|grad|=0.000013 (n=1)
  [trace step 1012] block 3: fast=179 medium=199 slow=134 | mean_alpha=0.2154 | mean_|grad|=0.000013 (n=1)
  [trace step 1012] block 4: fast=178 medium=200 slow=134 | mean_alpha=0.2153 | mean_|grad|=0.000031 (n=1)
  [trace step 1013] block 0: fast=178 medium=200 slow=134 | mean_alpha=0.2153 | mean_|grad|=0.000014 (n=1)
  [trace step 1013] block 1: fast=178 medium=199 slow=135 | mean_alpha=0.2155 | mean_|grad|=0.000012 (n=1)
  [trace step 1013] block 2: fast=178 medium=200 slow=134 | mean_alpha=0.2155 | mean_|grad|=0.000013 (n=1)
  [trace step 1013] block 3: fast=179 medium=199 slow=134 | mean_alpha=0.2154 | mean_|grad|=0.000014 (n=1)
  [trace step 1013] block 4: fast=178 medium=200 slow=134 | mean_alpha=0.2153 | mean_|grad|=0.000038 (n=1)
  [trace step 1014] block 0: fast=178 medium=200 slow=134 | mean_alpha=0.2153 | mean_|grad|=0.000013 (n=1)
  [trace step 1014] block 1: fast=178 medium=199 slow=135 | mean_alpha=0.2155 | mean_|grad|=0.000015 (n=1)
  [trace step 1014] block 2: fast=178 medium=200 slow=134 | mean_alpha=0.2155 | mean_|grad|=0.000016 (n=1)
  [trace step 1014] block 3: fast=179 medium=199 slow=134 | mean_alpha=0.2154 | mean_|grad|=0.000015 (n=1)
  [trace step 1014] block 4: fast=178 medium=200 slow=134 | mean_alpha=0.2153 | mean_|grad|=0.000030 (n=1)
  [trace step 1015] block 0: fast=178 medium=200 slow=134 | mean_alpha=0.2153 | mean_|grad|=0.000017 (n=1)
  [trace step 1015] block 1: fast=178 medium=199 slow=135 | mean_alpha=0.2155 | mean_|grad|=0.000016 (n=1)
  [trace step 1015] block 2: fast=178 medium=200 slow=134 | mean_alpha=0.2155 | mean_|grad|=0.000018 (n=1)
  [trace step 1015] block 3: fast=179 medium=199 slow=134 | mean_alpha=0.2154 | mean_|grad|=0.000017 (n=1)
  [trace step 1015] block 4: fast=178 medium=200 slow=134 | mean_alpha=0.2153 | mean_|grad|=0.000043 (n=1)
  [trace step 1016] block 0: fast=178 medium=200 slow=134 | mean_alpha=0.2153 | mean_|grad|=0.000018 (n=1)
  [trace step 1016] block 1: fast=178 medium=199 slow=135 | mean_alpha=0.2155 | mean_|grad|=0.000017 (n=1)
  [trace step 1016] block 2: fast=178 medium=200 slow=134 | mean_alpha=0.2155 | mean_|grad|=0.000017 (n=1)
  [trace step 1016] block 3: fast=179 medium=199 slow=134 | mean_alpha=0.2154 | mean_|grad|=0.000016 (n=1)
  [trace step 1016] block 4: fast=178 medium=200 slow=134 | mean_alpha=0.2153 | mean_|grad|=0.000026 (n=1)
  [trace step 1017] block 0: fast=178 medium=200 slow=134 | mean_alpha=0.2153 | mean_|grad|=0.000019 (n=1)
  [trace step 1017] block 1: fast=178 medium=199 slow=135 | mean_alpha=0.2155 | mean_|grad|=0.000019 (n=1)
  [trace step 1017] block 2: fast=178 medium=200 slow=134 | mean_alpha=0.2155 | mean_|grad|=0.000019 (n=1)
  [trace step 1017] block 3: fast=179 medium=199 slow=134 | mean_alpha=0.2154 | mean_|grad|=0.000018 (n=1)
  [trace step 1017] block 4: fast=178 medium=200 slow=134 | mean_alpha=0.2153 | mean_|grad|=0.000039 (n=1)
  [trace step 1018] block 0: fast=178 medium=200 slow=134 | mean_alpha=0.2153 | mean_|grad|=0.000018 (n=1)
  [trace step 1018] block 1: fast=178 medium=199 slow=135 | mean_alpha=0.2155 | mean_|grad|=0.000020 (n=1)
  [trace step 1018] block 2: fast=178 medium=200 slow=134 | mean_alpha=0.2155 | mean_|grad|=0.000018 (n=1)
  [trace step 1018] block 3: fast=179 medium=199 slow=134 | mean_alpha=0.2154 | mean_|grad|=0.000017 (n=1)
  [trace step 1018] block 4: fast=178 medium=200 slow=134 | mean_alpha=0.2153 | mean_|grad|=0.000044 (n=1)
  [trace step 1019] block 0: fast=178 medium=200 slow=134 | mean_alpha=0.2153 | mean_|grad|=0.000019 (n=1)
  [trace step 1019] block 1: fast=178 medium=199 slow=135 | mean_alpha=0.2155 | mean_|grad|=0.000019 (n=1)
  [trace step 1019] block 2: fast=178 medium=200 slow=134 | mean_alpha=0.2155 | mean_|grad|=0.000018 (n=1)
  [trace step 1019] block 3: fast=179 medium=199 slow=134 | mean_alpha=0.2153 | mean_|grad|=0.000018 (n=1)
  [trace step 1019] block 4: fast=178 medium=200 slow=134 | mean_alpha=0.2153 | mean_|grad|=0.000050 (n=1)
  [trace step 1020] block 0: fast=178 medium=200 slow=134 | mean_alpha=0.2153 | mean_|grad|=0.000016 (n=1)
  [trace step 1020] block 1: fast=178 medium=199 slow=135 | mean_alpha=0.2155 | mean_|grad|=0.000014 (n=1)
  [trace step 1020] block 2: fast=178 medium=200 slow=134 | mean_alpha=0.2154 | mean_|grad|=0.000014 (n=1)
  [trace step 1020] block 3: fast=179 medium=199 slow=134 | mean_alpha=0.2153 | mean_|grad|=0.000014 (n=1)
  [trace step 1020] block 4: fast=178 medium=200 slow=134 | mean_alpha=0.2153 | mean_|grad|=0.000028 (n=1)
  [trace step 1021] block 0: fast=178 medium=200 slow=134 | mean_alpha=0.2153 | mean_|grad|=0.000016 (n=1)
  [trace step 1021] block 1: fast=178 medium=199 slow=135 | mean_alpha=0.2155 | mean_|grad|=0.000014 (n=1)
  [trace step 1021] block 2: fast=178 medium=200 slow=134 | mean_alpha=0.2154 | mean_|grad|=0.000014 (n=1)
  [trace step 1021] block 3: fast=179 medium=199 slow=134 | mean_alpha=0.2153 | mean_|grad|=0.000015 (n=1)
  [trace step 1021] block 4: fast=178 medium=200 slow=134 | mean_alpha=0.2153 | mean_|grad|=0.000023 (n=1)
  [trace step 1022] block 0: fast=178 medium=200 slow=134 | mean_alpha=0.2153 | mean_|grad|=0.000012 (n=1)
  [trace step 1022] block 1: fast=178 medium=199 slow=135 | mean_alpha=0.2155 | mean_|grad|=0.000013 (n=1)
  [trace step 1022] block 2: fast=178 medium=200 slow=134 | mean_alpha=0.2154 | mean_|grad|=0.000013 (n=1)
  [trace step 1022] block 3: fast=179 medium=199 slow=134 | mean_alpha=0.2153 | mean_|grad|=0.000013 (n=1)
  [trace step 1022] block 4: fast=178 medium=200 slow=134 | mean_alpha=0.2153 | mean_|grad|=0.000019 (n=1)
  [trace step 1023] block 0: fast=178 medium=200 slow=134 | mean_alpha=0.2153 | mean_|grad|=0.000012 (n=1)
  [trace step 1023] block 1: fast=178 medium=199 slow=135 | mean_alpha=0.2155 | mean_|grad|=0.000011 (n=1)
  [trace step 1023] block 2: fast=178 medium=200 slow=134 | mean_alpha=0.2154 | mean_|grad|=0.000012 (n=1)
  [trace step 1023] block 3: fast=179 medium=199 slow=134 | mean_alpha=0.2153 | mean_|grad|=0.000013 (n=1)
  [trace step 1023] block 4: fast=178 medium=200 slow=134 | mean_alpha=0.2153 | mean_|grad|=0.000029 (n=1)
  [trace step 1024] block 0: fast=178 medium=200 slow=134 | mean_alpha=0.2153 | mean_|grad|=0.000015 (n=1)
  [trace step 1024] block 1: fast=178 medium=199 slow=135 | mean_alpha=0.2155 | mean_|grad|=0.000013 (n=1)
  [trace step 1024] block 2: fast=178 medium=200 slow=134 | mean_alpha=0.2154 | mean_|grad|=0.000013 (n=1)
  [trace step 1024] block 3: fast=179 medium=199 slow=134 | mean_alpha=0.2153 | mean_|grad|=0.000012 (n=1)
  [trace step 1024] block 4: fast=178 medium=200 slow=134 | mean_alpha=0.2153 | mean_|grad|=0.000043 (n=1)
  [trace step 1025] block 0: fast=178 medium=200 slow=134 | mean_alpha=0.2153 | mean_|grad|=0.000011 (n=1)
  [trace step 1025] block 1: fast=178 medium=199 slow=135 | mean_alpha=0.2155 | mean_|grad|=0.000010 (n=1)
  [trace step 1025] block 2: fast=178 medium=200 slow=134 | mean_alpha=0.2154 | mean_|grad|=0.000011 (n=1)
  [trace step 1025] block 3: fast=179 medium=199 slow=134 | mean_alpha=0.2153 | mean_|grad|=0.000011 (n=1)
  [trace step 1025] block 4: fast=178 medium=200 slow=134 | mean_alpha=0.2153 | mean_|grad|=0.000032 (n=1)
  [trace step 1026] block 0: fast=178 medium=200 slow=134 | mean_alpha=0.2153 | mean_|grad|=0.000012 (n=1)
  [trace step 1026] block 1: fast=178 medium=199 slow=135 | mean_alpha=0.2155 | mean_|grad|=0.000010 (n=1)
  [trace step 1026] block 2: fast=178 medium=200 slow=134 | mean_alpha=0.2154 | mean_|grad|=0.000010 (n=1)
  [trace step 1026] block 3: fast=179 medium=199 slow=134 | mean_alpha=0.2153 | mean_|grad|=0.000010 (n=1)
  [trace step 1026] block 4: fast=178 medium=200 slow=134 | mean_alpha=0.2153 | mean_|grad|=0.000016 (n=1)
  [trace step 1027] block 0: fast=178 medium=200 slow=134 | mean_alpha=0.2153 | mean_|grad|=0.000010 (n=1)
  [trace step 1027] block 1: fast=178 medium=199 slow=135 | mean_alpha=0.2155 | mean_|grad|=0.000011 (n=1)
  [trace step 1027] block 2: fast=178 medium=200 slow=134 | mean_alpha=0.2154 | mean_|grad|=0.000010 (n=1)
  [trace step 1027] block 3: fast=179 medium=199 slow=134 | mean_alpha=0.2153 | mean_|grad|=0.000010 (n=1)
  [trace step 1027] block 4: fast=178 medium=200 slow=134 | mean_alpha=0.2153 | mean_|grad|=0.000023 (n=1)
  [trace step 1028] block 0: fast=178 medium=200 slow=134 | mean_alpha=0.2153 | mean_|grad|=0.000011 (n=1)
  [trace step 1028] block 1: fast=178 medium=199 slow=135 | mean_alpha=0.2155 | mean_|grad|=0.000010 (n=1)
  [trace step 1028] block 2: fast=178 medium=200 slow=134 | mean_alpha=0.2154 | mean_|grad|=0.000009 (n=1)
  [trace step 1028] block 3: fast=179 medium=199 slow=134 | mean_alpha=0.2153 | mean_|grad|=0.000010 (n=1)
  [trace step 1028] block 4: fast=178 medium=200 slow=134 | mean_alpha=0.2153 | mean_|grad|=0.000012 (n=1)
  [trace step 1029] block 0: fast=178 medium=200 slow=134 | mean_alpha=0.2153 | mean_|grad|=0.000012 (n=1)
  [trace step 1029] block 1: fast=178 medium=199 slow=135 | mean_alpha=0.2155 | mean_|grad|=0.000011 (n=1)
  [trace step 1029] block 2: fast=178 medium=200 slow=134 | mean_alpha=0.2154 | mean_|grad|=0.000011 (n=1)
  [trace step 1029] block 3: fast=179 medium=199 slow=134 | mean_alpha=0.2153 | mean_|grad|=0.000012 (n=1)
  [trace step 1029] block 4: fast=178 medium=200 slow=134 | mean_alpha=0.2153 | mean_|grad|=0.000030 (n=1)
  [trace step 1030] block 0: fast=178 medium=200 slow=134 | mean_alpha=0.2153 | mean_|grad|=0.000009 (n=1)
  [trace step 1030] block 1: fast=178 medium=199 slow=135 | mean_alpha=0.2155 | mean_|grad|=0.000010 (n=1)
  [trace step 1030] block 2: fast=178 medium=200 slow=134 | mean_alpha=0.2154 | mean_|grad|=0.000009 (n=1)
  [trace step 1030] block 3: fast=179 medium=199 slow=134 | mean_alpha=0.2153 | mean_|grad|=0.000008 (n=1)
  [trace step 1030] block 4: fast=178 medium=200 slow=134 | mean_alpha=0.2153 | mean_|grad|=0.000032 (n=1)
  [trace step 1031] block 0: fast=178 medium=200 slow=134 | mean_alpha=0.2153 | mean_|grad|=0.000011 (n=1)
  [trace step 1031] block 1: fast=178 medium=199 slow=135 | mean_alpha=0.2155 | mean_|grad|=0.000011 (n=1)
  [trace step 1031] block 2: fast=178 medium=200 slow=134 | mean_alpha=0.2154 | mean_|grad|=0.000010 (n=1)
  [trace step 1031] block 3: fast=179 medium=199 slow=134 | mean_alpha=0.2153 | mean_|grad|=0.000010 (n=1)
  [trace step 1031] block 4: fast=178 medium=200 slow=134 | mean_alpha=0.2153 | mean_|grad|=0.000017 (n=1)
  [trace step 1032] block 0: fast=178 medium=200 slow=134 | mean_alpha=0.2153 | mean_|grad|=0.000009 (n=1)
  [trace step 1032] block 1: fast=178 medium=199 slow=135 | mean_alpha=0.2155 | mean_|grad|=0.000009 (n=1)
  [trace step 1032] block 2: fast=178 medium=200 slow=134 | mean_alpha=0.2154 | mean_|grad|=0.000010 (n=1)
  [trace step 1032] block 3: fast=179 medium=199 slow=134 | mean_alpha=0.2153 | mean_|grad|=0.000009 (n=1)
  [trace step 1032] block 4: fast=178 medium=200 slow=134 | mean_alpha=0.2153 | mean_|grad|=0.000029 (n=1)
  [trace step 1033] block 0: fast=178 medium=200 slow=134 | mean_alpha=0.2153 | mean_|grad|=0.000010 (n=1)
  [trace step 1033] block 1: fast=178 medium=199 slow=135 | mean_alpha=0.2155 | mean_|grad|=0.000009 (n=1)
  [trace step 1033] block 2: fast=178 medium=200 slow=134 | mean_alpha=0.2154 | mean_|grad|=0.000010 (n=1)
  [trace step 1033] block 3: fast=179 medium=199 slow=134 | mean_alpha=0.2153 | mean_|grad|=0.000008 (n=1)
  [trace step 1033] block 4: fast=178 medium=200 slow=134 | mean_alpha=0.2153 | mean_|grad|=0.000021 (n=1)
  [trace step 1034] block 0: fast=178 medium=200 slow=134 | mean_alpha=0.2153 | mean_|grad|=0.000009 (n=1)
  [trace step 1034] block 1: fast=178 medium=199 slow=135 | mean_alpha=0.2155 | mean_|grad|=0.000008 (n=1)
  [trace step 1034] block 2: fast=178 medium=200 slow=134 | mean_alpha=0.2154 | mean_|grad|=0.000009 (n=1)
  [trace step 1034] block 3: fast=179 medium=199 slow=134 | mean_alpha=0.2153 | mean_|grad|=0.000009 (n=1)
  [trace step 1034] block 4: fast=178 medium=200 slow=134 | mean_alpha=0.2153 | mean_|grad|=0.000023 (n=1)
  [trace step 1035] block 0: fast=178 medium=200 slow=134 | mean_alpha=0.2153 | mean_|grad|=0.000009 (n=1)
  [trace step 1035] block 1: fast=178 medium=199 slow=135 | mean_alpha=0.2155 | mean_|grad|=0.000007 (n=1)
  [trace step 1035] block 2: fast=178 medium=200 slow=134 | mean_alpha=0.2154 | mean_|grad|=0.000008 (n=1)
  [trace step 1035] block 3: fast=179 medium=199 slow=134 | mean_alpha=0.2153 | mean_|grad|=0.000009 (n=1)
  [trace step 1035] block 4: fast=178 medium=200 slow=134 | mean_alpha=0.2153 | mean_|grad|=0.000015 (n=1)
  [trace step 1036] block 0: fast=178 medium=200 slow=134 | mean_alpha=0.2153 | mean_|grad|=0.000009 (n=1)
  [trace step 1036] block 1: fast=178 medium=199 slow=135 | mean_alpha=0.2155 | mean_|grad|=0.000008 (n=1)
  [trace step 1036] block 2: fast=178 medium=200 slow=134 | mean_alpha=0.2154 | mean_|grad|=0.000008 (n=1)
  [trace step 1036] block 3: fast=179 medium=199 slow=134 | mean_alpha=0.2153 | mean_|grad|=0.000008 (n=1)
  [trace step 1036] block 4: fast=178 medium=200 slow=134 | mean_alpha=0.2153 | mean_|grad|=0.000022 (n=1)
  [trace step 1037] block 0: fast=178 medium=200 slow=134 | mean_alpha=0.2153 | mean_|grad|=0.000011 (n=1)
  [trace step 1037] block 1: fast=178 medium=199 slow=135 | mean_alpha=0.2155 | mean_|grad|=0.000009 (n=1)
  [trace step 1037] block 2: fast=178 medium=200 slow=134 | mean_alpha=0.2154 | mean_|grad|=0.000009 (n=1)
  [trace step 1037] block 3: fast=179 medium=199 slow=134 | mean_alpha=0.2153 | mean_|grad|=0.000008 (n=1)
  [trace step 1037] block 4: fast=178 medium=200 slow=134 | mean_alpha=0.2153 | mean_|grad|=0.000020 (n=1)
  [trace step 1038] block 0: fast=178 medium=200 slow=134 | mean_alpha=0.2153 | mean_|grad|=0.000009 (n=1)
  [trace step 1038] block 1: fast=178 medium=199 slow=135 | mean_alpha=0.2155 | mean_|grad|=0.000008 (n=1)
  [trace step 1038] block 2: fast=178 medium=200 slow=134 | mean_alpha=0.2154 | mean_|grad|=0.000007 (n=1)
  [trace step 1038] block 3: fast=179 medium=199 slow=134 | mean_alpha=0.2153 | mean_|grad|=0.000007 (n=1)
  [trace step 1038] block 4: fast=178 medium=200 slow=134 | mean_alpha=0.2153 | mean_|grad|=0.000026 (n=1)
  [trace step 1039] block 0: fast=178 medium=200 slow=134 | mean_alpha=0.2153 | mean_|grad|=0.000008 (n=1)
  [trace step 1039] block 1: fast=178 medium=199 slow=135 | mean_alpha=0.2155 | mean_|grad|=0.000008 (n=1)
  [trace step 1039] block 2: fast=178 medium=200 slow=134 | mean_alpha=0.2154 | mean_|grad|=0.000008 (n=1)
  [trace step 1039] block 3: fast=179 medium=199 slow=134 | mean_alpha=0.2153 | mean_|grad|=0.000008 (n=1)
  [trace step 1039] block 4: fast=178 medium=200 slow=134 | mean_alpha=0.2153 | mean_|grad|=0.000026 (n=1)
  [trace step 1040] block 0: fast=178 medium=200 slow=134 | mean_alpha=0.2153 | mean_|grad|=0.000007 (n=1)
  [trace step 1040] block 1: fast=178 medium=199 slow=135 | mean_alpha=0.2155 | mean_|grad|=0.000006 (n=1)
  [trace step 1040] block 2: fast=178 medium=200 slow=134 | mean_alpha=0.2154 | mean_|grad|=0.000007 (n=1)
  [trace step 1040] block 3: fast=179 medium=199 slow=134 | mean_alpha=0.2153 | mean_|grad|=0.000007 (n=1)
  [trace step 1040] block 4: fast=178 medium=200 slow=134 | mean_alpha=0.2153 | mean_|grad|=0.000019 (n=1)
  [trace step 1041] block 0: fast=178 medium=200 slow=134 | mean_alpha=0.2153 | mean_|grad|=0.000008 (n=1)
  [trace step 1041] block 1: fast=178 medium=199 slow=135 | mean_alpha=0.2155 | mean_|grad|=0.000007 (n=1)
  [trace step 1041] block 2: fast=178 medium=200 slow=134 | mean_alpha=0.2154 | mean_|grad|=0.000007 (n=1)
  [trace step 1041] block 3: fast=179 medium=199 slow=134 | mean_alpha=0.2153 | mean_|grad|=0.000009 (n=1)
  [trace step 1041] block 4: fast=178 medium=200 slow=134 | mean_alpha=0.2153 | mean_|grad|=0.000024 (n=1)
  [trace step 1042] block 0: fast=178 medium=200 slow=134 | mean_alpha=0.2153 | mean_|grad|=0.000008 (n=1)
  [trace step 1042] block 1: fast=178 medium=199 slow=135 | mean_alpha=0.2155 | mean_|grad|=0.000010 (n=1)
  [trace step 1042] block 2: fast=178 medium=200 slow=134 | mean_alpha=0.2154 | mean_|grad|=0.000009 (n=1)
  [trace step 1042] block 3: fast=179 medium=199 slow=134 | mean_alpha=0.2153 | mean_|grad|=0.000008 (n=1)
  [trace step 1042] block 4: fast=178 medium=200 slow=134 | mean_alpha=0.2153 | mean_|grad|=0.000026 (n=1)
  [trace step 1043] block 0: fast=178 medium=200 slow=134 | mean_alpha=0.2153 | mean_|grad|=0.000008 (n=1)
  [trace step 1043] block 1: fast=178 medium=199 slow=135 | mean_alpha=0.2155 | mean_|grad|=0.000007 (n=1)
  [trace step 1043] block 2: fast=178 medium=200 slow=134 | mean_alpha=0.2154 | mean_|grad|=0.000007 (n=1)
  [trace step 1043] block 3: fast=179 medium=199 slow=134 | mean_alpha=0.2153 | mean_|grad|=0.000007 (n=1)
  [trace step 1043] block 4: fast=178 medium=200 slow=134 | mean_alpha=0.2153 | mean_|grad|=0.000015 (n=1)
  [trace step 1044] block 0: fast=178 medium=200 slow=134 | mean_alpha=0.2153 | mean_|grad|=0.000008 (n=1)
  [trace step 1044] block 1: fast=178 medium=199 slow=135 | mean_alpha=0.2155 | mean_|grad|=0.000007 (n=1)
  [trace step 1044] block 2: fast=178 medium=200 slow=134 | mean_alpha=0.2154 | mean_|grad|=0.000008 (n=1)
  [trace step 1044] block 3: fast=179 medium=199 slow=134 | mean_alpha=0.2153 | mean_|grad|=0.000008 (n=1)
  [trace step 1044] block 4: fast=178 medium=200 slow=134 | mean_alpha=0.2153 | mean_|grad|=0.000019 (n=1)
  [trace step 1045] block 0: fast=178 medium=200 slow=134 | mean_alpha=0.2153 | mean_|grad|=0.000008 (n=1)
  [trace step 1045] block 1: fast=178 medium=199 slow=135 | mean_alpha=0.2155 | mean_|grad|=0.000009 (n=1)
  [trace step 1045] block 2: fast=178 medium=200 slow=134 | mean_alpha=0.2154 | mean_|grad|=0.000010 (n=1)
  [trace step 1045] block 3: fast=179 medium=199 slow=134 | mean_alpha=0.2153 | mean_|grad|=0.000009 (n=1)
  [trace step 1045] block 4: fast=178 medium=200 slow=134 | mean_alpha=0.2153 | mean_|grad|=0.000030 (n=1)
  [trace step 1046] block 0: fast=178 medium=200 slow=134 | mean_alpha=0.2153 | mean_|grad|=0.000008 (n=1)
  [trace step 1046] block 1: fast=178 medium=199 slow=135 | mean_alpha=0.2155 | mean_|grad|=0.000008 (n=1)
  [trace step 1046] block 2: fast=178 medium=200 slow=134 | mean_alpha=0.2154 | mean_|grad|=0.000008 (n=1)
  [trace step 1046] block 3: fast=179 medium=199 slow=134 | mean_alpha=0.2153 | mean_|grad|=0.000009 (n=1)
  [trace step 1046] block 4: fast=178 medium=200 slow=134 | mean_alpha=0.2153 | mean_|grad|=0.000025 (n=1)
  [trace step 1047] block 0: fast=178 medium=200 slow=134 | mean_alpha=0.2153 | mean_|grad|=0.000011 (n=1)
  [trace step 1047] block 1: fast=178 medium=199 slow=135 | mean_alpha=0.2155 | mean_|grad|=0.000009 (n=1)
  [trace step 1047] block 2: fast=178 medium=200 slow=134 | mean_alpha=0.2154 | mean_|grad|=0.000009 (n=1)
  [trace step 1047] block 3: fast=179 medium=199 slow=134 | mean_alpha=0.2153 | mean_|grad|=0.000008 (n=1)
  [trace step 1047] block 4: fast=178 medium=200 slow=134 | mean_alpha=0.2153 | mean_|grad|=0.000022 (n=1)
  [trace step 1048] block 0: fast=178 medium=200 slow=134 | mean_alpha=0.2153 | mean_|grad|=0.000012 (n=1)
  [trace step 1048] block 1: fast=178 medium=199 slow=135 | mean_alpha=0.2155 | mean_|grad|=0.000011 (n=1)
  [trace step 1048] block 2: fast=178 medium=200 slow=134 | mean_alpha=0.2154 | mean_|grad|=0.000011 (n=1)
  [trace step 1048] block 3: fast=179 medium=199 slow=134 | mean_alpha=0.2153 | mean_|grad|=0.000011 (n=1)
  [trace step 1048] block 4: fast=178 medium=200 slow=134 | mean_alpha=0.2153 | mean_|grad|=0.000029 (n=1)
  [trace step 1049] block 0: fast=178 medium=200 slow=134 | mean_alpha=0.2153 | mean_|grad|=0.000012 (n=1)
  [trace step 1049] block 1: fast=178 medium=199 slow=135 | mean_alpha=0.2155 | mean_|grad|=0.000013 (n=1)
  [trace step 1049] block 2: fast=178 medium=200 slow=134 | mean_alpha=0.2154 | mean_|grad|=0.000011 (n=1)
  [trace step 1049] block 3: fast=179 medium=199 slow=134 | mean_alpha=0.2153 | mean_|grad|=0.000013 (n=1)
  [trace step 1049] block 4: fast=178 medium=200 slow=134 | mean_alpha=0.2153 | mean_|grad|=0.000032 (n=1)
  [trace step 1050] block 0: fast=178 medium=200 slow=134 | mean_alpha=0.2153 | mean_|grad|=0.000012 (n=1)
  [trace step 1050] block 1: fast=178 medium=199 slow=135 | mean_alpha=0.2155 | mean_|grad|=0.000010 (n=1)
  [trace step 1050] block 2: fast=178 medium=200 slow=134 | mean_alpha=0.2155 | mean_|grad|=0.000012 (n=1)
  [trace step 1050] block 3: fast=179 medium=199 slow=134 | mean_alpha=0.2153 | mean_|grad|=0.000011 (n=1)
  [trace step 1050] block 4: fast=178 medium=200 slow=134 | mean_alpha=0.2153 | mean_|grad|=0.000029 (n=1)
  [r2c trace step 1050] block 0: z mean=1.0320 s mean=0.7504 min=0.7424 max=0.7586 closed=0/512 open=0/512 | mean|s*read|=0.277290 | mean|g| ar=1.99e-5 ib=1.68e-5 z=4.07e-6 (n=50)
  [r2c trace step 1050] block 1: z mean=1.0235 s mean=0.7489 min=0.7431 max=0.7565 closed=0/512 open=0/512 | mean|s*read|=0.499318 | mean|g| ar=2.01e-5 ib=1.59e-5 z=8.22e-7 (n=50)
  [r2c trace step 1050] block 2: z mean=1.0208 s mean=0.7484 min=0.7423 max=0.7542 closed=0/512 open=0/512 | mean|s*read|=0.580194 | mean|g| ar=2.00e-5 ib=1.29e-5 z=8.49e-7 (n=50)
  [r2c trace step 1050] block 3: z mean=1.0200 s mean=0.7482 min=0.7415 max=0.7540 closed=0/512 open=0/512 | mean|s*read|=0.691556 | mean|g| ar=1.98e-5 ib=1.11e-5 z=6.64e-7 (n=50)
  [r2c trace step 1050] block 4: z mean=1.0198 s mean=0.7482 min=0.7398 max=0.7542 closed=0/512 open=0/512 | mean|s*read|=0.889464 | mean|g| ar=2.13e-5 ib=9.30e-6 z=3.71e-7 (n=50)
  [trace step 1051] block 0: fast=178 medium=200 slow=134 | mean_alpha=0.2153 | mean_|grad|=0.000013 (n=1)
  [trace step 1051] block 1: fast=178 medium=199 slow=135 | mean_alpha=0.2155 | mean_|grad|=0.000013 (n=1)
  [trace step 1051] block 2: fast=178 medium=200 slow=134 | mean_alpha=0.2155 | mean_|grad|=0.000013 (n=1)
  [trace step 1051] block 3: fast=179 medium=199 slow=134 | mean_alpha=0.2153 | mean_|grad|=0.000012 (n=1)
  [trace step 1051] block 4: fast=178 medium=200 slow=134 | mean_alpha=0.2153 | mean_|grad|=0.000026 (n=1)
  [trace step 1052] block 0: fast=178 medium=200 slow=134 | mean_alpha=0.2153 | mean_|grad|=0.000014 (n=1)
  [trace step 1052] block 1: fast=178 medium=199 slow=135 | mean_alpha=0.2155 | mean_|grad|=0.000013 (n=1)
  [trace step 1052] block 2: fast=178 medium=200 slow=134 | mean_alpha=0.2154 | mean_|grad|=0.000012 (n=1)
  [trace step 1052] block 3: fast=179 medium=199 slow=134 | mean_alpha=0.2153 | mean_|grad|=0.000014 (n=1)
  [trace step 1052] block 4: fast=179 medium=199 slow=134 | mean_alpha=0.2153 | mean_|grad|=0.000041 (n=1)
  [trace step 1053] block 0: fast=178 medium=200 slow=134 | mean_alpha=0.2153 | mean_|grad|=0.000018 (n=1)
  [trace step 1053] block 1: fast=178 medium=199 slow=135 | mean_alpha=0.2155 | mean_|grad|=0.000016 (n=1)
  [trace step 1053] block 2: fast=178 medium=200 slow=134 | mean_alpha=0.2155 | mean_|grad|=0.000014 (n=1)
  [trace step 1053] block 3: fast=179 medium=199 slow=134 | mean_alpha=0.2153 | mean_|grad|=0.000014 (n=1)
  [trace step 1053] block 4: fast=179 medium=199 slow=134 | mean_alpha=0.2153 | mean_|grad|=0.000041 (n=1)
  [trace step 1054] block 0: fast=178 medium=200 slow=134 | mean_alpha=0.2153 | mean_|grad|=0.000014 (n=1)
  [trace step 1054] block 1: fast=178 medium=199 slow=135 | mean_alpha=0.2155 | mean_|grad|=0.000013 (n=1)
  [trace step 1054] block 2: fast=178 medium=200 slow=134 | mean_alpha=0.2155 | mean_|grad|=0.000013 (n=1)
  [trace step 1054] block 3: fast=179 medium=199 slow=134 | mean_alpha=0.2153 | mean_|grad|=0.000013 (n=1)
  [trace step 1054] block 4: fast=179 medium=199 slow=134 | mean_alpha=0.2153 | mean_|grad|=0.000026 (n=1)
  [trace step 1055] block 0: fast=178 medium=200 slow=134 | mean_alpha=0.2153 | mean_|grad|=0.000018 (n=1)
  [trace step 1055] block 1: fast=178 medium=199 slow=135 | mean_alpha=0.2155 | mean_|grad|=0.000015 (n=1)
  [trace step 1055] block 2: fast=178 medium=200 slow=134 | mean_alpha=0.2155 | mean_|grad|=0.000017 (n=1)
  [trace step 1055] block 3: fast=179 medium=199 slow=134 | mean_alpha=0.2153 | mean_|grad|=0.000016 (n=1)
  [trace step 1055] block 4: fast=179 medium=199 slow=134 | mean_alpha=0.2153 | mean_|grad|=0.000041 (n=1)
  [trace step 1056] block 0: fast=178 medium=200 slow=134 | mean_alpha=0.2153 | mean_|grad|=0.000018 (n=1)
  [trace step 1056] block 1: fast=178 medium=199 slow=135 | mean_alpha=0.2155 | mean_|grad|=0.000017 (n=1)
  [trace step 1056] block 2: fast=178 medium=200 slow=134 | mean_alpha=0.2155 | mean_|grad|=0.000018 (n=1)
  [trace step 1056] block 3: fast=179 medium=199 slow=134 | mean_alpha=0.2153 | mean_|grad|=0.000015 (n=1)
  [trace step 1056] block 4: fast=179 medium=199 slow=134 | mean_alpha=0.2153 | mean_|grad|=0.000048 (n=1)
  [trace step 1057] block 0: fast=178 medium=200 slow=134 | mean_alpha=0.2153 | mean_|grad|=0.000016 (n=1)
  [trace step 1057] block 1: fast=178 medium=199 slow=135 | mean_alpha=0.2155 | mean_|grad|=0.000018 (n=1)
  [trace step 1057] block 2: fast=178 medium=200 slow=134 | mean_alpha=0.2154 | mean_|grad|=0.000014 (n=1)
  [trace step 1057] block 3: fast=179 medium=199 slow=134 | mean_alpha=0.2153 | mean_|grad|=0.000015 (n=1)
  [trace step 1057] block 4: fast=179 medium=199 slow=134 | mean_alpha=0.2153 | mean_|grad|=0.000041 (n=1)
  [trace step 1058] block 0: fast=178 medium=200 slow=134 | mean_alpha=0.2153 | mean_|grad|=0.000014 (n=1)
  [trace step 1058] block 1: fast=178 medium=199 slow=135 | mean_alpha=0.2155 | mean_|grad|=0.000011 (n=1)
  [trace step 1058] block 2: fast=178 medium=200 slow=134 | mean_alpha=0.2154 | mean_|grad|=0.000013 (n=1)
  [trace step 1058] block 3: fast=179 medium=199 slow=134 | mean_alpha=0.2153 | mean_|grad|=0.000013 (n=1)
  [trace step 1058] block 4: fast=179 medium=199 slow=134 | mean_alpha=0.2153 | mean_|grad|=0.000024 (n=1)
  [trace step 1059] block 0: fast=178 medium=200 slow=134 | mean_alpha=0.2153 | mean_|grad|=0.000015 (n=1)
  [trace step 1059] block 1: fast=178 medium=199 slow=135 | mean_alpha=0.2155 | mean_|grad|=0.000013 (n=1)
  [trace step 1059] block 2: fast=178 medium=200 slow=134 | mean_alpha=0.2154 | mean_|grad|=0.000012 (n=1)
  [trace step 1059] block 3: fast=179 medium=199 slow=134 | mean_alpha=0.2153 | mean_|grad|=0.000012 (n=1)
  [trace step 1059] block 4: fast=179 medium=199 slow=134 | mean_alpha=0.2153 | mean_|grad|=0.000027 (n=1)
  [trace step 1060] block 0: fast=178 medium=200 slow=134 | mean_alpha=0.2153 | mean_|grad|=0.000014 (n=1)
  [trace step 1060] block 1: fast=178 medium=199 slow=135 | mean_alpha=0.2155 | mean_|grad|=0.000011 (n=1)
  [trace step 1060] block 2: fast=178 medium=200 slow=134 | mean_alpha=0.2154 | mean_|grad|=0.000012 (n=1)
  [trace step 1060] block 3: fast=179 medium=199 slow=134 | mean_alpha=0.2153 | mean_|grad|=0.000013 (n=1)
  [trace step 1060] block 4: fast=179 medium=199 slow=134 | mean_alpha=0.2153 | mean_|grad|=0.000032 (n=1)
  [trace step 1061] block 0: fast=178 medium=200 slow=134 | mean_alpha=0.2153 | mean_|grad|=0.000010 (n=1)
  [trace step 1061] block 1: fast=178 medium=199 slow=135 | mean_alpha=0.2155 | mean_|grad|=0.000011 (n=1)
  [trace step 1061] block 2: fast=178 medium=200 slow=134 | mean_alpha=0.2154 | mean_|grad|=0.000011 (n=1)
  [trace step 1061] block 3: fast=179 medium=199 slow=134 | mean_alpha=0.2153 | mean_|grad|=0.000011 (n=1)
  [trace step 1061] block 4: fast=179 medium=199 slow=134 | mean_alpha=0.2153 | mean_|grad|=0.000023 (n=1)
  [trace step 1062] block 0: fast=178 medium=200 slow=134 | mean_alpha=0.2153 | mean_|grad|=0.000011 (n=1)
  [trace step 1062] block 1: fast=178 medium=199 slow=135 | mean_alpha=0.2155 | mean_|grad|=0.000013 (n=1)
  [trace step 1062] block 2: fast=178 medium=200 slow=134 | mean_alpha=0.2154 | mean_|grad|=0.000011 (n=1)
  [trace step 1062] block 3: fast=179 medium=199 slow=134 | mean_alpha=0.2153 | mean_|grad|=0.000011 (n=1)
  [trace step 1062] block 4: fast=179 medium=199 slow=134 | mean_alpha=0.2153 | mean_|grad|=0.000034 (n=1)
  [trace step 1063] block 0: fast=178 medium=200 slow=134 | mean_alpha=0.2153 | mean_|grad|=0.000012 (n=1)
  [trace step 1063] block 1: fast=178 medium=199 slow=135 | mean_alpha=0.2155 | mean_|grad|=0.000011 (n=1)
  [trace step 1063] block 2: fast=178 medium=200 slow=134 | mean_alpha=0.2154 | mean_|grad|=0.000010 (n=1)
  [trace step 1063] block 3: fast=179 medium=199 slow=134 | mean_alpha=0.2153 | mean_|grad|=0.000010 (n=1)
  [trace step 1063] block 4: fast=179 medium=199 slow=134 | mean_alpha=0.2153 | mean_|grad|=0.000030 (n=1)
  [trace step 1064] block 0: fast=178 medium=200 slow=134 | mean_alpha=0.2153 | mean_|grad|=0.000011 (n=1)
  [trace step 1064] block 1: fast=178 medium=199 slow=135 | mean_alpha=0.2155 | mean_|grad|=0.000009 (n=1)
  [trace step 1064] block 2: fast=178 medium=200 slow=134 | mean_alpha=0.2154 | mean_|grad|=0.000011 (n=1)
  [trace step 1064] block 3: fast=179 medium=199 slow=134 | mean_alpha=0.2153 | mean_|grad|=0.000009 (n=1)
  [trace step 1064] block 4: fast=179 medium=199 slow=134 | mean_alpha=0.2153 | mean_|grad|=0.000026 (n=1)
  [trace step 1065] block 0: fast=178 medium=200 slow=134 | mean_alpha=0.2153 | mean_|grad|=0.000010 (n=1)
  [trace step 1065] block 1: fast=178 medium=199 slow=135 | mean_alpha=0.2155 | mean_|grad|=0.000009 (n=1)
  [trace step 1065] block 2: fast=178 medium=200 slow=134 | mean_alpha=0.2154 | mean_|grad|=0.000009 (n=1)
  [trace step 1065] block 3: fast=179 medium=199 slow=134 | mean_alpha=0.2153 | mean_|grad|=0.000010 (n=1)
  [trace step 1065] block 4: fast=179 medium=199 slow=134 | mean_alpha=0.2153 | mean_|grad|=0.000026 (n=1)
  [trace step 1066] block 0: fast=178 medium=200 slow=134 | mean_alpha=0.2153 | mean_|grad|=0.000009 (n=1)
  [trace step 1066] block 1: fast=178 medium=199 slow=135 | mean_alpha=0.2155 | mean_|grad|=0.000009 (n=1)
  [trace step 1066] block 2: fast=178 medium=200 slow=134 | mean_alpha=0.2154 | mean_|grad|=0.000008 (n=1)
  [trace step 1066] block 3: fast=179 medium=199 slow=134 | mean_alpha=0.2153 | mean_|grad|=0.000009 (n=1)
  [trace step 1066] block 4: fast=179 medium=199 slow=134 | mean_alpha=0.2153 | mean_|grad|=0.000024 (n=1)
  [trace step 1067] block 0: fast=178 medium=200 slow=134 | mean_alpha=0.2153 | mean_|grad|=0.000010 (n=1)
  [trace step 1067] block 1: fast=178 medium=199 slow=135 | mean_alpha=0.2155 | mean_|grad|=0.000009 (n=1)
  [trace step 1067] block 2: fast=178 medium=200 slow=134 | mean_alpha=0.2154 | mean_|grad|=0.000008 (n=1)
  [trace step 1067] block 3: fast=179 medium=199 slow=134 | mean_alpha=0.2153 | mean_|grad|=0.000009 (n=1)
  [trace step 1067] block 4: fast=179 medium=199 slow=134 | mean_alpha=0.2153 | mean_|grad|=0.000023 (n=1)
  [trace step 1068] block 0: fast=178 medium=200 slow=134 | mean_alpha=0.2153 | mean_|grad|=0.000008 (n=1)
  [trace step 1068] block 1: fast=178 medium=199 slow=135 | mean_alpha=0.2155 | mean_|grad|=0.000008 (n=1)
  [trace step 1068] block 2: fast=178 medium=200 slow=134 | mean_alpha=0.2154 | mean_|grad|=0.000008 (n=1)
  [trace step 1068] block 3: fast=179 medium=199 slow=134 | mean_alpha=0.2153 | mean_|grad|=0.000008 (n=1)
  [trace step 1068] block 4: fast=179 medium=199 slow=134 | mean_alpha=0.2153 | mean_|grad|=0.000023 (n=1)
  [trace step 1069] block 0: fast=178 medium=200 slow=134 | mean_alpha=0.2153 | mean_|grad|=0.000008 (n=1)
  [trace step 1069] block 1: fast=178 medium=199 slow=135 | mean_alpha=0.2155 | mean_|grad|=0.000007 (n=1)
  [trace step 1069] block 2: fast=178 medium=200 slow=134 | mean_alpha=0.2154 | mean_|grad|=0.000009 (n=1)
  [trace step 1069] block 3: fast=179 medium=199 slow=134 | mean_alpha=0.2153 | mean_|grad|=0.000007 (n=1)
  [trace step 1069] block 4: fast=179 medium=199 slow=134 | mean_alpha=0.2153 | mean_|grad|=0.000019 (n=1)
  [trace step 1070] block 0: fast=178 medium=200 slow=134 | mean_alpha=0.2153 | mean_|grad|=0.000010 (n=1)
  [trace step 1070] block 1: fast=178 medium=199 slow=135 | mean_alpha=0.2155 | mean_|grad|=0.000010 (n=1)
  [trace step 1070] block 2: fast=178 medium=200 slow=134 | mean_alpha=0.2154 | mean_|grad|=0.000010 (n=1)
  [trace step 1070] block 3: fast=179 medium=199 slow=134 | mean_alpha=0.2153 | mean_|grad|=0.000011 (n=1)
  [trace step 1070] block 4: fast=179 medium=199 slow=134 | mean_alpha=0.2153 | mean_|grad|=0.000022 (n=1)
  [trace step 1071] block 0: fast=178 medium=200 slow=134 | mean_alpha=0.2153 | mean_|grad|=0.000009 (n=1)
  [trace step 1071] block 1: fast=178 medium=199 slow=135 | mean_alpha=0.2155 | mean_|grad|=0.000009 (n=1)
  [trace step 1071] block 2: fast=178 medium=200 slow=134 | mean_alpha=0.2154 | mean_|grad|=0.000008 (n=1)
  [trace step 1071] block 3: fast=179 medium=199 slow=134 | mean_alpha=0.2153 | mean_|grad|=0.000009 (n=1)
  [trace step 1071] block 4: fast=179 medium=199 slow=134 | mean_alpha=0.2153 | mean_|grad|=0.000016 (n=1)
  [trace step 1072] block 0: fast=178 medium=200 slow=134 | mean_alpha=0.2153 | mean_|grad|=0.000008 (n=1)
  [trace step 1072] block 1: fast=178 medium=199 slow=135 | mean_alpha=0.2155 | mean_|grad|=0.000007 (n=1)
  [trace step 1072] block 2: fast=178 medium=200 slow=134 | mean_alpha=0.2154 | mean_|grad|=0.000008 (n=1)
  [trace step 1072] block 3: fast=179 medium=199 slow=134 | mean_alpha=0.2153 | mean_|grad|=0.000008 (n=1)
  [trace step 1072] block 4: fast=179 medium=199 slow=134 | mean_alpha=0.2153 | mean_|grad|=0.000020 (n=1)
  [trace step 1073] block 0: fast=178 medium=200 slow=134 | mean_alpha=0.2153 | mean_|grad|=0.000011 (n=1)
  [trace step 1073] block 1: fast=178 medium=199 slow=135 | mean_alpha=0.2155 | mean_|grad|=0.000009 (n=1)
  [trace step 1073] block 2: fast=178 medium=200 slow=134 | mean_alpha=0.2154 | mean_|grad|=0.000009 (n=1)
  [trace step 1073] block 3: fast=179 medium=199 slow=134 | mean_alpha=0.2153 | mean_|grad|=0.000008 (n=1)
  [trace step 1073] block 4: fast=179 medium=199 slow=134 | mean_alpha=0.2153 | mean_|grad|=0.000023 (n=1)
  [trace step 1074] block 0: fast=178 medium=200 slow=134 | mean_alpha=0.2154 | mean_|grad|=0.000010 (n=1)
  [trace step 1074] block 1: fast=178 medium=199 slow=135 | mean_alpha=0.2155 | mean_|grad|=0.000008 (n=1)
  [trace step 1074] block 2: fast=178 medium=200 slow=134 | mean_alpha=0.2154 | mean_|grad|=0.000008 (n=1)
  [trace step 1074] block 3: fast=179 medium=199 slow=134 | mean_alpha=0.2153 | mean_|grad|=0.000008 (n=1)
  [trace step 1074] block 4: fast=179 medium=199 slow=134 | mean_alpha=0.2153 | mean_|grad|=0.000015 (n=1)
  [trace step 1075] block 0: fast=178 medium=200 slow=134 | mean_alpha=0.2154 | mean_|grad|=0.000008 (n=1)
  [trace step 1075] block 1: fast=178 medium=199 slow=135 | mean_alpha=0.2155 | mean_|grad|=0.000007 (n=1)
  [trace step 1075] block 2: fast=178 medium=200 slow=134 | mean_alpha=0.2154 | mean_|grad|=0.000007 (n=1)
  [trace step 1075] block 3: fast=179 medium=199 slow=134 | mean_alpha=0.2153 | mean_|grad|=0.000008 (n=1)
  [trace step 1075] block 4: fast=179 medium=199 slow=134 | mean_alpha=0.2153 | mean_|grad|=0.000016 (n=1)
  [trace step 1076] block 0: fast=178 medium=200 slow=134 | mean_alpha=0.2154 | mean_|grad|=0.000010 (n=1)
  [trace step 1076] block 1: fast=178 medium=199 slow=135 | mean_alpha=0.2155 | mean_|grad|=0.000007 (n=1)
  [trace step 1076] block 2: fast=178 medium=200 slow=134 | mean_alpha=0.2154 | mean_|grad|=0.000008 (n=1)
  [trace step 1076] block 3: fast=179 medium=199 slow=134 | mean_alpha=0.2153 | mean_|grad|=0.000008 (n=1)
  [trace step 1076] block 4: fast=179 medium=199 slow=134 | mean_alpha=0.2153 | mean_|grad|=0.000028 (n=1)
  [trace step 1077] block 0: fast=178 medium=200 slow=134 | mean_alpha=0.2154 | mean_|grad|=0.000009 (n=1)
  [trace step 1077] block 1: fast=178 medium=199 slow=135 | mean_alpha=0.2155 | mean_|grad|=0.000007 (n=1)
  [trace step 1077] block 2: fast=178 medium=200 slow=134 | mean_alpha=0.2154 | mean_|grad|=0.000008 (n=1)
  [trace step 1077] block 3: fast=179 medium=199 slow=134 | mean_alpha=0.2153 | mean_|grad|=0.000008 (n=1)
  [trace step 1077] block 4: fast=179 medium=199 slow=134 | mean_alpha=0.2153 | mean_|grad|=0.000016 (n=1)
  [trace step 1078] block 0: fast=178 medium=200 slow=134 | mean_alpha=0.2154 | mean_|grad|=0.000009 (n=1)
  [trace step 1078] block 1: fast=178 medium=199 slow=135 | mean_alpha=0.2155 | mean_|grad|=0.000008 (n=1)
  [trace step 1078] block 2: fast=178 medium=200 slow=134 | mean_alpha=0.2154 | mean_|grad|=0.000008 (n=1)
  [trace step 1078] block 3: fast=179 medium=199 slow=134 | mean_alpha=0.2153 | mean_|grad|=0.000008 (n=1)
  [trace step 1078] block 4: fast=179 medium=199 slow=134 | mean_alpha=0.2153 | mean_|grad|=0.000025 (n=1)
  [trace step 1079] block 0: fast=178 medium=200 slow=134 | mean_alpha=0.2154 | mean_|grad|=0.000008 (n=1)
  [trace step 1079] block 1: fast=178 medium=199 slow=135 | mean_alpha=0.2155 | mean_|grad|=0.000010 (n=1)
  [trace step 1079] block 2: fast=178 medium=200 slow=134 | mean_alpha=0.2154 | mean_|grad|=0.000009 (n=1)
  [trace step 1079] block 3: fast=179 medium=199 slow=134 | mean_alpha=0.2153 | mean_|grad|=0.000008 (n=1)
  [trace step 1079] block 4: fast=179 medium=199 slow=134 | mean_alpha=0.2153 | mean_|grad|=0.000030 (n=1)
  [trace step 1080] block 0: fast=178 medium=200 slow=134 | mean_alpha=0.2154 | mean_|grad|=0.000010 (n=1)
  [trace step 1080] block 1: fast=178 medium=199 slow=135 | mean_alpha=0.2155 | mean_|grad|=0.000008 (n=1)
  [trace step 1080] block 2: fast=178 medium=200 slow=134 | mean_alpha=0.2154 | mean_|grad|=0.000009 (n=1)
  [trace step 1080] block 3: fast=179 medium=199 slow=134 | mean_alpha=0.2153 | mean_|grad|=0.000008 (n=1)
  [trace step 1080] block 4: fast=179 medium=199 slow=134 | mean_alpha=0.2153 | mean_|grad|=0.000021 (n=1)
  [trace step 1081] block 0: fast=178 medium=200 slow=134 | mean_alpha=0.2154 | mean_|grad|=0.000010 (n=1)
  [trace step 1081] block 1: fast=178 medium=199 slow=135 | mean_alpha=0.2155 | mean_|grad|=0.000009 (n=1)
  [trace step 1081] block 2: fast=178 medium=200 slow=134 | mean_alpha=0.2154 | mean_|grad|=0.000009 (n=1)
  [trace step 1081] block 3: fast=179 medium=199 slow=134 | mean_alpha=0.2153 | mean_|grad|=0.000009 (n=1)
  [trace step 1081] block 4: fast=179 medium=199 slow=134 | mean_alpha=0.2153 | mean_|grad|=0.000025 (n=1)
  [trace step 1082] block 0: fast=178 medium=200 slow=134 | mean_alpha=0.2154 | mean_|grad|=0.000009 (n=1)
  [trace step 1082] block 1: fast=178 medium=199 slow=135 | mean_alpha=0.2155 | mean_|grad|=0.000008 (n=1)
  [trace step 1082] block 2: fast=178 medium=200 slow=134 | mean_alpha=0.2154 | mean_|grad|=0.000008 (n=1)
  [trace step 1082] block 3: fast=179 medium=199 slow=134 | mean_alpha=0.2153 | mean_|grad|=0.000009 (n=1)
  [trace step 1082] block 4: fast=179 medium=199 slow=134 | mean_alpha=0.2153 | mean_|grad|=0.000025 (n=1)
  [trace step 1083] block 0: fast=178 medium=200 slow=134 | mean_alpha=0.2154 | mean_|grad|=0.000008 (n=1)
  [trace step 1083] block 1: fast=178 medium=199 slow=135 | mean_alpha=0.2155 | mean_|grad|=0.000008 (n=1)
  [trace step 1083] block 2: fast=178 medium=200 slow=134 | mean_alpha=0.2154 | mean_|grad|=0.000009 (n=1)
  [trace step 1083] block 3: fast=179 medium=199 slow=134 | mean_alpha=0.2153 | mean_|grad|=0.000008 (n=1)
  [trace step 1083] block 4: fast=179 medium=199 slow=134 | mean_alpha=0.2153 | mean_|grad|=0.000026 (n=1)
  [trace step 1084] block 0: fast=178 medium=200 slow=134 | mean_alpha=0.2154 | mean_|grad|=0.000009 (n=1)
  [trace step 1084] block 1: fast=178 medium=199 slow=135 | mean_alpha=0.2155 | mean_|grad|=0.000009 (n=1)
  [trace step 1084] block 2: fast=178 medium=200 slow=134 | mean_alpha=0.2154 | mean_|grad|=0.000008 (n=1)
  [trace step 1084] block 3: fast=179 medium=199 slow=134 | mean_alpha=0.2153 | mean_|grad|=0.000009 (n=1)
  [trace step 1084] block 4: fast=179 medium=199 slow=134 | mean_alpha=0.2153 | mean_|grad|=0.000031 (n=1)
  [trace step 1085] block 0: fast=178 medium=200 slow=134 | mean_alpha=0.2154 | mean_|grad|=0.000010 (n=1)
  [trace step 1085] block 1: fast=178 medium=199 slow=135 | mean_alpha=0.2155 | mean_|grad|=0.000008 (n=1)
  [trace step 1085] block 2: fast=178 medium=200 slow=134 | mean_alpha=0.2154 | mean_|grad|=0.000010 (n=1)
  [trace step 1085] block 3: fast=179 medium=199 slow=134 | mean_alpha=0.2153 | mean_|grad|=0.000009 (n=1)
  [trace step 1085] block 4: fast=179 medium=199 slow=134 | mean_alpha=0.2153 | mean_|grad|=0.000016 (n=1)
  [trace step 1086] block 0: fast=178 medium=200 slow=134 | mean_alpha=0.2154 | mean_|grad|=0.000010 (n=1)
  [trace step 1086] block 1: fast=178 medium=199 slow=135 | mean_alpha=0.2155 | mean_|grad|=0.000010 (n=1)
  [trace step 1086] block 2: fast=178 medium=200 slow=134 | mean_alpha=0.2154 | mean_|grad|=0.000010 (n=1)
  [trace step 1086] block 3: fast=179 medium=199 slow=134 | mean_alpha=0.2153 | mean_|grad|=0.000010 (n=1)
  [trace step 1086] block 4: fast=179 medium=199 slow=134 | mean_alpha=0.2153 | mean_|grad|=0.000020 (n=1)
  [trace step 1087] block 0: fast=178 medium=200 slow=134 | mean_alpha=0.2154 | mean_|grad|=0.000010 (n=1)
  [trace step 1087] block 1: fast=178 medium=199 slow=135 | mean_alpha=0.2155 | mean_|grad|=0.000010 (n=1)
  [trace step 1087] block 2: fast=178 medium=200 slow=134 | mean_alpha=0.2154 | mean_|grad|=0.000010 (n=1)
  [trace step 1087] block 3: fast=179 medium=199 slow=134 | mean_alpha=0.2153 | mean_|grad|=0.000008 (n=1)
  [trace step 1087] block 4: fast=179 medium=199 slow=134 | mean_alpha=0.2153 | mean_|grad|=0.000035 (n=1)
  [trace step 1088] block 0: fast=178 medium=200 slow=134 | mean_alpha=0.2154 | mean_|grad|=0.000009 (n=1)
  [trace step 1088] block 1: fast=178 medium=199 slow=135 | mean_alpha=0.2155 | mean_|grad|=0.000008 (n=1)
  [trace step 1088] block 2: fast=178 medium=200 slow=134 | mean_alpha=0.2154 | mean_|grad|=0.000009 (n=1)
  [trace step 1088] block 3: fast=179 medium=199 slow=134 | mean_alpha=0.2153 | mean_|grad|=0.000009 (n=1)
  [trace step 1088] block 4: fast=179 medium=199 slow=134 | mean_alpha=0.2153 | mean_|grad|=0.000031 (n=1)
  [trace step 1089] block 0: fast=178 medium=200 slow=134 | mean_alpha=0.2154 | mean_|grad|=0.000009 (n=1)
  [trace step 1089] block 1: fast=178 medium=199 slow=135 | mean_alpha=0.2155 | mean_|grad|=0.000009 (n=1)
  [trace step 1089] block 2: fast=178 medium=200 slow=134 | mean_alpha=0.2154 | mean_|grad|=0.000008 (n=1)
  [trace step 1089] block 3: fast=179 medium=199 slow=134 | mean_alpha=0.2153 | mean_|grad|=0.000009 (n=1)
  [trace step 1089] block 4: fast=179 medium=199 slow=134 | mean_alpha=0.2153 | mean_|grad|=0.000026 (n=1)
  [trace step 1090] block 0: fast=178 medium=200 slow=134 | mean_alpha=0.2154 | mean_|grad|=0.000010 (n=1)
  [trace step 1090] block 1: fast=178 medium=199 slow=135 | mean_alpha=0.2155 | mean_|grad|=0.000009 (n=1)
  [trace step 1090] block 2: fast=178 medium=200 slow=134 | mean_alpha=0.2154 | mean_|grad|=0.000010 (n=1)
  [trace step 1090] block 3: fast=179 medium=199 slow=134 | mean_alpha=0.2153 | mean_|grad|=0.000009 (n=1)
  [trace step 1090] block 4: fast=179 medium=199 slow=134 | mean_alpha=0.2153 | mean_|grad|=0.000029 (n=1)
  [trace step 1091] block 0: fast=178 medium=200 slow=134 | mean_alpha=0.2154 | mean_|grad|=0.000011 (n=1)
  [trace step 1091] block 1: fast=178 medium=199 slow=135 | mean_alpha=0.2155 | mean_|grad|=0.000010 (n=1)
  [trace step 1091] block 2: fast=178 medium=200 slow=134 | mean_alpha=0.2154 | mean_|grad|=0.000010 (n=1)
  [trace step 1091] block 3: fast=179 medium=199 slow=134 | mean_alpha=0.2153 | mean_|grad|=0.000011 (n=1)
  [trace step 1091] block 4: fast=179 medium=199 slow=134 | mean_alpha=0.2153 | mean_|grad|=0.000020 (n=1)
  [trace step 1092] block 0: fast=178 medium=200 slow=134 | mean_alpha=0.2154 | mean_|grad|=0.000014 (n=1)
  [trace step 1092] block 1: fast=178 medium=199 slow=135 | mean_alpha=0.2155 | mean_|grad|=0.000012 (n=1)
  [trace step 1092] block 2: fast=178 medium=200 slow=134 | mean_alpha=0.2154 | mean_|grad|=0.000011 (n=1)
  [trace step 1092] block 3: fast=179 medium=199 slow=134 | mean_alpha=0.2153 | mean_|grad|=0.000011 (n=1)
  [trace step 1092] block 4: fast=179 medium=199 slow=134 | mean_alpha=0.2153 | mean_|grad|=0.000030 (n=1)
  [trace step 1093] block 0: fast=178 medium=200 slow=134 | mean_alpha=0.2154 | mean_|grad|=0.000010 (n=1)
  [trace step 1093] block 1: fast=178 medium=199 slow=135 | mean_alpha=0.2155 | mean_|grad|=0.000010 (n=1)
  [trace step 1093] block 2: fast=178 medium=200 slow=134 | mean_alpha=0.2154 | mean_|grad|=0.000010 (n=1)
  [trace step 1093] block 3: fast=179 medium=199 slow=134 | mean_alpha=0.2153 | mean_|grad|=0.000010 (n=1)
  [trace step 1093] block 4: fast=179 medium=199 slow=134 | mean_alpha=0.2153 | mean_|grad|=0.000031 (n=1)
  [trace step 1094] block 0: fast=178 medium=200 slow=134 | mean_alpha=0.2154 | mean_|grad|=0.000012 (n=1)
  [trace step 1094] block 1: fast=178 medium=199 slow=135 | mean_alpha=0.2155 | mean_|grad|=0.000011 (n=1)
  [trace step 1094] block 2: fast=178 medium=200 slow=134 | mean_alpha=0.2154 | mean_|grad|=0.000011 (n=1)
  [trace step 1094] block 3: fast=179 medium=199 slow=134 | mean_alpha=0.2153 | mean_|grad|=0.000011 (n=1)
  [trace step 1094] block 4: fast=179 medium=199 slow=134 | mean_alpha=0.2153 | mean_|grad|=0.000021 (n=1)
  [trace step 1095] block 0: fast=178 medium=200 slow=134 | mean_alpha=0.2154 | mean_|grad|=0.000012 (n=1)
  [trace step 1095] block 1: fast=178 medium=199 slow=135 | mean_alpha=0.2155 | mean_|grad|=0.000011 (n=1)
  [trace step 1095] block 2: fast=178 medium=200 slow=134 | mean_alpha=0.2154 | mean_|grad|=0.000012 (n=1)
  [trace step 1095] block 3: fast=179 medium=199 slow=134 | mean_alpha=0.2153 | mean_|grad|=0.000010 (n=1)
  [trace step 1095] block 4: fast=179 medium=199 slow=134 | mean_alpha=0.2153 | mean_|grad|=0.000034 (n=1)
  [trace step 1096] block 0: fast=178 medium=200 slow=134 | mean_alpha=0.2154 | mean_|grad|=0.000012 (n=1)
  [trace step 1096] block 1: fast=178 medium=199 slow=135 | mean_alpha=0.2155 | mean_|grad|=0.000011 (n=1)
  [trace step 1096] block 2: fast=178 medium=200 slow=134 | mean_alpha=0.2154 | mean_|grad|=0.000011 (n=1)
  [trace step 1096] block 3: fast=179 medium=199 slow=134 | mean_alpha=0.2153 | mean_|grad|=0.000010 (n=1)
  [trace step 1096] block 4: fast=179 medium=199 slow=134 | mean_alpha=0.2153 | mean_|grad|=0.000029 (n=1)
  [trace step 1097] block 0: fast=178 medium=200 slow=134 | mean_alpha=0.2154 | mean_|grad|=0.000012 (n=1)
  [trace step 1097] block 1: fast=178 medium=199 slow=135 | mean_alpha=0.2155 | mean_|grad|=0.000012 (n=1)
  [trace step 1097] block 2: fast=178 medium=200 slow=134 | mean_alpha=0.2154 | mean_|grad|=0.000012 (n=1)
  [trace step 1097] block 3: fast=179 medium=199 slow=134 | mean_alpha=0.2153 | mean_|grad|=0.000011 (n=1)
  [trace step 1097] block 4: fast=179 medium=199 slow=134 | mean_alpha=0.2153 | mean_|grad|=0.000026 (n=1)
  [trace step 1098] block 0: fast=178 medium=200 slow=134 | mean_alpha=0.2154 | mean_|grad|=0.000012 (n=1)
  [trace step 1098] block 1: fast=178 medium=199 slow=135 | mean_alpha=0.2155 | mean_|grad|=0.000012 (n=1)
  [trace step 1098] block 2: fast=178 medium=200 slow=134 | mean_alpha=0.2154 | mean_|grad|=0.000010 (n=1)
  [trace step 1098] block 3: fast=179 medium=199 slow=134 | mean_alpha=0.2153 | mean_|grad|=0.000011 (n=1)
  [trace step 1098] block 4: fast=179 medium=199 slow=134 | mean_alpha=0.2153 | mean_|grad|=0.000023 (n=1)
  [trace step 1099] block 0: fast=178 medium=200 slow=134 | mean_alpha=0.2154 | mean_|grad|=0.000011 (n=1)
  [trace step 1099] block 1: fast=178 medium=199 slow=135 | mean_alpha=0.2155 | mean_|grad|=0.000010 (n=1)
  [trace step 1099] block 2: fast=178 medium=200 slow=134 | mean_alpha=0.2154 | mean_|grad|=0.000009 (n=1)
  [trace step 1099] block 3: fast=179 medium=199 slow=134 | mean_alpha=0.2153 | mean_|grad|=0.000010 (n=1)
  [trace step 1099] block 4: fast=179 medium=199 slow=134 | mean_alpha=0.2153 | mean_|grad|=0.000020 (n=1)
  [trace step 1100] block 0: fast=178 medium=200 slow=134 | mean_alpha=0.2154 | mean_|grad|=0.000011 (n=1)
  [trace step 1100] block 1: fast=178 medium=199 slow=135 | mean_alpha=0.2155 | mean_|grad|=0.000012 (n=1)
  [trace step 1100] block 2: fast=178 medium=200 slow=134 | mean_alpha=0.2154 | mean_|grad|=0.000009 (n=1)
  [trace step 1100] block 3: fast=179 medium=199 slow=134 | mean_alpha=0.2153 | mean_|grad|=0.000010 (n=1)
  [trace step 1100] block 4: fast=179 medium=199 slow=134 | mean_alpha=0.2153 | mean_|grad|=0.000036 (n=1)
  [r2c trace step 1100] block 0: z mean=1.0323 s mean=0.7505 min=0.7422 max=0.7588 closed=0/512 open=0/512 | mean|s*read|=0.278673 | mean|g| ar=2.06e-5 ib=1.72e-5 z=5.39e-6 (n=50)
  [r2c trace step 1100] block 1: z mean=1.0238 s mean=0.7489 min=0.7431 max=0.7570 closed=0/512 open=0/512 | mean|s*read|=0.487244 | mean|g| ar=2.01e-5 ib=1.59e-5 z=9.14e-7 (n=50)
  [r2c trace step 1100] block 2: z mean=1.0210 s mean=0.7484 min=0.7422 max=0.7544 closed=0/512 open=0/512 | mean|s*read|=0.558969 | mean|g| ar=1.97e-5 ib=1.26e-5 z=6.40e-7 (n=50)
  [r2c trace step 1100] block 3: z mean=1.0201 s mean=0.7482 min=0.7415 max=0.7544 closed=0/512 open=0/512 | mean|s*read|=0.679590 | mean|g| ar=2.01e-5 ib=1.09e-5 z=8.54e-7 (n=50)
  [r2c trace step 1100] block 4: z mean=1.0198 s mean=0.7482 min=0.7396 max=0.7544 closed=0/512 open=0/512 | mean|s*read|=0.891412 | mean|g| ar=2.28e-5 ib=8.81e-6 z=3.69e-7 (n=50)
  [trace step 1101] block 0: fast=178 medium=200 slow=134 | mean_alpha=0.2154 | mean_|grad|=0.000013 (n=1)
  [trace step 1101] block 1: fast=178 medium=199 slow=135 | mean_alpha=0.2155 | mean_|grad|=0.000011 (n=1)
  [trace step 1101] block 2: fast=178 medium=200 slow=134 | mean_alpha=0.2154 | mean_|grad|=0.000011 (n=1)
  [trace step 1101] block 3: fast=179 medium=199 slow=134 | mean_alpha=0.2153 | mean_|grad|=0.000012 (n=1)
  [trace step 1101] block 4: fast=179 medium=199 slow=134 | mean_alpha=0.2153 | mean_|grad|=0.000035 (n=1)
  [trace step 1102] block 0: fast=178 medium=200 slow=134 | mean_alpha=0.2154 | mean_|grad|=0.000015 (n=1)
  [trace step 1102] block 1: fast=178 medium=199 slow=135 | mean_alpha=0.2155 | mean_|grad|=0.000015 (n=1)
  [trace step 1102] block 2: fast=178 medium=200 slow=134 | mean_alpha=0.2154 | mean_|grad|=0.000013 (n=1)
  [trace step 1102] block 3: fast=179 medium=199 slow=134 | mean_alpha=0.2153 | mean_|grad|=0.000014 (n=1)
  [trace step 1102] block 4: fast=179 medium=199 slow=134 | mean_alpha=0.2153 | mean_|grad|=0.000038 (n=1)
  [trace step 1103] block 0: fast=178 medium=200 slow=134 | mean_alpha=0.2154 | mean_|grad|=0.000012 (n=1)
  [trace step 1103] block 1: fast=178 medium=199 slow=135 | mean_alpha=0.2155 | mean_|grad|=0.000013 (n=1)
  [trace step 1103] block 2: fast=178 medium=200 slow=134 | mean_alpha=0.2154 | mean_|grad|=0.000013 (n=1)
  [trace step 1103] block 3: fast=179 medium=199 slow=134 | mean_alpha=0.2153 | mean_|grad|=0.000013 (n=1)
  [trace step 1103] block 4: fast=179 medium=199 slow=134 | mean_alpha=0.2153 | mean_|grad|=0.000023 (n=1)
  [trace step 1104] block 0: fast=178 medium=200 slow=134 | mean_alpha=0.2154 | mean_|grad|=0.000015 (n=1)
  [trace step 1104] block 1: fast=178 medium=199 slow=135 | mean_alpha=0.2155 | mean_|grad|=0.000014 (n=1)
  [trace step 1104] block 2: fast=178 medium=200 slow=134 | mean_alpha=0.2154 | mean_|grad|=0.000013 (n=1)
  [trace step 1104] block 3: fast=179 medium=199 slow=134 | mean_alpha=0.2153 | mean_|grad|=0.000013 (n=1)
  [trace step 1104] block 4: fast=179 medium=199 slow=134 | mean_alpha=0.2153 | mean_|grad|=0.000031 (n=1)
  [trace step 1105] block 0: fast=178 medium=200 slow=134 | mean_alpha=0.2154 | mean_|grad|=0.000017 (n=1)
  [trace step 1105] block 1: fast=178 medium=199 slow=135 | mean_alpha=0.2155 | mean_|grad|=0.000017 (n=1)
  [trace step 1105] block 2: fast=178 medium=200 slow=134 | mean_alpha=0.2154 | mean_|grad|=0.000016 (n=1)
  [trace step 1105] block 3: fast=179 medium=199 slow=134 | mean_alpha=0.2153 | mean_|grad|=0.000014 (n=1)
  [trace step 1105] block 4: fast=179 medium=199 slow=134 | mean_alpha=0.2153 | mean_|grad|=0.000046 (n=1)
  [trace step 1106] block 0: fast=178 medium=200 slow=134 | mean_alpha=0.2154 | mean_|grad|=0.000016 (n=1)
  [trace step 1106] block 1: fast=178 medium=199 slow=135 | mean_alpha=0.2155 | mean_|grad|=0.000014 (n=1)
  [trace step 1106] block 2: fast=178 medium=200 slow=134 | mean_alpha=0.2154 | mean_|grad|=0.000016 (n=1)
  [trace step 1106] block 3: fast=179 medium=199 slow=134 | mean_alpha=0.2153 | mean_|grad|=0.000014 (n=1)
  [trace step 1106] block 4: fast=179 medium=199 slow=134 | mean_alpha=0.2153 | mean_|grad|=0.000033 (n=1)
  [trace step 1107] block 0: fast=178 medium=200 slow=134 | mean_alpha=0.2154 | mean_|grad|=0.000016 (n=1)
  [trace step 1107] block 1: fast=178 medium=199 slow=135 | mean_alpha=0.2155 | mean_|grad|=0.000012 (n=1)
  [trace step 1107] block 2: fast=178 medium=200 slow=134 | mean_alpha=0.2154 | mean_|grad|=0.000013 (n=1)
  [trace step 1107] block 3: fast=179 medium=199 slow=134 | mean_alpha=0.2153 | mean_|grad|=0.000013 (n=1)
  [trace step 1107] block 4: fast=179 medium=199 slow=134 | mean_alpha=0.2153 | mean_|grad|=0.000028 (n=1)
  [trace step 1108] block 0: fast=178 medium=200 slow=134 | mean_alpha=0.2154 | mean_|grad|=0.000015 (n=1)
  [trace step 1108] block 1: fast=178 medium=199 slow=135 | mean_alpha=0.2155 | mean_|grad|=0.000014 (n=1)
  [trace step 1108] block 2: fast=178 medium=200 slow=134 | mean_alpha=0.2154 | mean_|grad|=0.000013 (n=1)
  [trace step 1108] block 3: fast=179 medium=199 slow=134 | mean_alpha=0.2153 | mean_|grad|=0.000012 (n=1)
  [trace step 1108] block 4: fast=179 medium=199 slow=134 | mean_alpha=0.2153 | mean_|grad|=0.000027 (n=1)
  [trace step 1109] block 0: fast=178 medium=200 slow=134 | mean_alpha=0.2154 | mean_|grad|=0.000013 (n=1)
  [trace step 1109] block 1: fast=178 medium=199 slow=135 | mean_alpha=0.2155 | mean_|grad|=0.000014 (n=1)
  [trace step 1109] block 2: fast=178 medium=200 slow=134 | mean_alpha=0.2154 | mean_|grad|=0.000012 (n=1)
  [trace step 1109] block 3: fast=179 medium=199 slow=134 | mean_alpha=0.2153 | mean_|grad|=0.000013 (n=1)
  [trace step 1109] block 4: fast=179 medium=199 slow=134 | mean_alpha=0.2153 | mean_|grad|=0.000018 (n=1)
  [trace step 1110] block 0: fast=178 medium=200 slow=134 | mean_alpha=0.2154 | mean_|grad|=0.000012 (n=1)
  [trace step 1110] block 1: fast=178 medium=199 slow=135 | mean_alpha=0.2155 | mean_|grad|=0.000012 (n=1)
  [trace step 1110] block 2: fast=178 medium=200 slow=134 | mean_alpha=0.2154 | mean_|grad|=0.000013 (n=1)
  [trace step 1110] block 3: fast=179 medium=199 slow=134 | mean_alpha=0.2153 | mean_|grad|=0.000011 (n=1)
  [trace step 1110] block 4: fast=179 medium=199 slow=134 | mean_alpha=0.2153 | mean_|grad|=0.000025 (n=1)
  [trace step 1111] block 0: fast=178 medium=200 slow=134 | mean_alpha=0.2154 | mean_|grad|=0.000011 (n=1)
  [trace step 1111] block 1: fast=178 medium=199 slow=135 | mean_alpha=0.2155 | mean_|grad|=0.000010 (n=1)
  [trace step 1111] block 2: fast=178 medium=200 slow=134 | mean_alpha=0.2154 | mean_|grad|=0.000011 (n=1)
  [trace step 1111] block 3: fast=179 medium=199 slow=134 | mean_alpha=0.2153 | mean_|grad|=0.000012 (n=1)
  [trace step 1111] block 4: fast=179 medium=199 slow=134 | mean_alpha=0.2153 | mean_|grad|=0.000023 (n=1)
  [trace step 1112] block 0: fast=178 medium=200 slow=134 | mean_alpha=0.2154 | mean_|grad|=0.000014 (n=1)
  [trace step 1112] block 1: fast=178 medium=199 slow=135 | mean_alpha=0.2155 | mean_|grad|=0.000012 (n=1)
  [trace step 1112] block 2: fast=178 medium=200 slow=134 | mean_alpha=0.2154 | mean_|grad|=0.000012 (n=1)
  [trace step 1112] block 3: fast=179 medium=199 slow=134 | mean_alpha=0.2153 | mean_|grad|=0.000013 (n=1)
  [trace step 1112] block 4: fast=179 medium=199 slow=134 | mean_alpha=0.2153 | mean_|grad|=0.000033 (n=1)
  [trace step 1113] block 0: fast=178 medium=200 slow=134 | mean_alpha=0.2154 | mean_|grad|=0.000011 (n=1)
  [trace step 1113] block 1: fast=178 medium=199 slow=135 | mean_alpha=0.2155 | mean_|grad|=0.000011 (n=1)
  [trace step 1113] block 2: fast=178 medium=200 slow=134 | mean_alpha=0.2155 | mean_|grad|=0.000010 (n=1)
  [trace step 1113] block 3: fast=179 medium=199 slow=134 | mean_alpha=0.2153 | mean_|grad|=0.000011 (n=1)
  [trace step 1113] block 4: fast=179 medium=199 slow=134 | mean_alpha=0.2153 | mean_|grad|=0.000037 (n=1)
  [trace step 1114] block 0: fast=178 medium=200 slow=134 | mean_alpha=0.2154 | mean_|grad|=0.000011 (n=1)
  [trace step 1114] block 1: fast=178 medium=199 slow=135 | mean_alpha=0.2155 | mean_|grad|=0.000012 (n=1)
  [trace step 1114] block 2: fast=178 medium=200 slow=134 | mean_alpha=0.2155 | mean_|grad|=0.000011 (n=1)
  [trace step 1114] block 3: fast=179 medium=199 slow=134 | mean_alpha=0.2153 | mean_|grad|=0.000011 (n=1)
  [trace step 1114] block 4: fast=179 medium=199 slow=134 | mean_alpha=0.2153 | mean_|grad|=0.000033 (n=1)
  [trace step 1115] block 0: fast=178 medium=200 slow=134 | mean_alpha=0.2154 | mean_|grad|=0.000010 (n=1)
  [trace step 1115] block 1: fast=178 medium=199 slow=135 | mean_alpha=0.2155 | mean_|grad|=0.000010 (n=1)
  [trace step 1115] block 2: fast=178 medium=200 slow=134 | mean_alpha=0.2155 | mean_|grad|=0.000012 (n=1)
  [trace step 1115] block 3: fast=179 medium=199 slow=134 | mean_alpha=0.2153 | mean_|grad|=0.000010 (n=1)
  [trace step 1115] block 4: fast=179 medium=199 slow=134 | mean_alpha=0.2153 | mean_|grad|=0.000024 (n=1)
  [trace step 1116] block 0: fast=178 medium=200 slow=134 | mean_alpha=0.2154 | mean_|grad|=0.000010 (n=1)
  [trace step 1116] block 1: fast=178 medium=199 slow=135 | mean_alpha=0.2155 | mean_|grad|=0.000010 (n=1)
  [trace step 1116] block 2: fast=178 medium=200 slow=134 | mean_alpha=0.2155 | mean_|grad|=0.000011 (n=1)
  [trace step 1116] block 3: fast=179 medium=199 slow=134 | mean_alpha=0.2154 | mean_|grad|=0.000011 (n=1)
  [trace step 1116] block 4: fast=179 medium=199 slow=134 | mean_alpha=0.2153 | mean_|grad|=0.000023 (n=1)
  [trace step 1117] block 0: fast=178 medium=200 slow=134 | mean_alpha=0.2154 | mean_|grad|=0.000010 (n=1)
  [trace step 1117] block 1: fast=178 medium=199 slow=135 | mean_alpha=0.2155 | mean_|grad|=0.000011 (n=1)
  [trace step 1117] block 2: fast=178 medium=200 slow=134 | mean_alpha=0.2155 | mean_|grad|=0.000012 (n=1)
  [trace step 1117] block 3: fast=179 medium=199 slow=134 | mean_alpha=0.2154 | mean_|grad|=0.000011 (n=1)
  [trace step 1117] block 4: fast=179 medium=199 slow=134 | mean_alpha=0.2153 | mean_|grad|=0.000034 (n=1)
  [trace step 1118] block 0: fast=178 medium=200 slow=134 | mean_alpha=0.2154 | mean_|grad|=0.000013 (n=1)
  [trace step 1118] block 1: fast=178 medium=199 slow=135 | mean_alpha=0.2155 | mean_|grad|=0.000012 (n=1)
  [trace step 1118] block 2: fast=178 medium=200 slow=134 | mean_alpha=0.2155 | mean_|grad|=0.000011 (n=1)
  [trace step 1118] block 3: fast=179 medium=199 slow=134 | mean_alpha=0.2154 | mean_|grad|=0.000011 (n=1)
  [trace step 1118] block 4: fast=179 medium=199 slow=134 | mean_alpha=0.2153 | mean_|grad|=0.000044 (n=1)
  [trace step 1119] block 0: fast=178 medium=200 slow=134 | mean_alpha=0.2154 | mean_|grad|=0.000012 (n=1)
  [trace step 1119] block 1: fast=178 medium=199 slow=135 | mean_alpha=0.2155 | mean_|grad|=0.000011 (n=1)
  [trace step 1119] block 2: fast=178 medium=200 slow=134 | mean_alpha=0.2155 | mean_|grad|=0.000011 (n=1)
  [trace step 1119] block 3: fast=179 medium=199 slow=134 | mean_alpha=0.2154 | mean_|grad|=0.000012 (n=1)
  [trace step 1119] block 4: fast=179 medium=199 slow=134 | mean_alpha=0.2153 | mean_|grad|=0.000034 (n=1)
  [trace step 1120] block 0: fast=178 medium=200 slow=134 | mean_alpha=0.2154 | mean_|grad|=0.000010 (n=1)
  [trace step 1120] block 1: fast=178 medium=199 slow=135 | mean_alpha=0.2155 | mean_|grad|=0.000009 (n=1)
  [trace step 1120] block 2: fast=178 medium=200 slow=134 | mean_alpha=0.2155 | mean_|grad|=0.000009 (n=1)
  [trace step 1120] block 3: fast=179 medium=199 slow=134 | mean_alpha=0.2154 | mean_|grad|=0.000010 (n=1)
  [trace step 1120] block 4: fast=179 medium=199 slow=134 | mean_alpha=0.2153 | mean_|grad|=0.000021 (n=1)
  [trace step 1121] block 0: fast=178 medium=200 slow=134 | mean_alpha=0.2154 | mean_|grad|=0.000010 (n=1)
  [trace step 1121] block 1: fast=178 medium=199 slow=135 | mean_alpha=0.2155 | mean_|grad|=0.000010 (n=1)
  [trace step 1121] block 2: fast=178 medium=200 slow=134 | mean_alpha=0.2155 | mean_|grad|=0.000012 (n=1)
  [trace step 1121] block 3: fast=179 medium=199 slow=134 | mean_alpha=0.2154 | mean_|grad|=0.000010 (n=1)
  [trace step 1121] block 4: fast=179 medium=199 slow=134 | mean_alpha=0.2153 | mean_|grad|=0.000031 (n=1)
  [trace step 1122] block 0: fast=178 medium=200 slow=134 | mean_alpha=0.2154 | mean_|grad|=0.000013 (n=1)
  [trace step 1122] block 1: fast=178 medium=199 slow=135 | mean_alpha=0.2155 | mean_|grad|=0.000011 (n=1)
  [trace step 1122] block 2: fast=178 medium=200 slow=134 | mean_alpha=0.2155 | mean_|grad|=0.000012 (n=1)
  [trace step 1122] block 3: fast=179 medium=199 slow=134 | mean_alpha=0.2154 | mean_|grad|=0.000012 (n=1)
  [trace step 1122] block 4: fast=179 medium=199 slow=134 | mean_alpha=0.2153 | mean_|grad|=0.000037 (n=1)
  [trace step 1123] block 0: fast=178 medium=200 slow=134 | mean_alpha=0.2154 | mean_|grad|=0.000011 (n=1)
  [trace step 1123] block 1: fast=178 medium=199 slow=135 | mean_alpha=0.2155 | mean_|grad|=0.000010 (n=1)
  [trace step 1123] block 2: fast=178 medium=200 slow=134 | mean_alpha=0.2155 | mean_|grad|=0.000009 (n=1)
  [trace step 1123] block 3: fast=179 medium=199 slow=134 | mean_alpha=0.2154 | mean_|grad|=0.000009 (n=1)
  [trace step 1123] block 4: fast=179 medium=199 slow=134 | mean_alpha=0.2153 | mean_|grad|=0.000019 (n=1)
  [trace step 1124] block 0: fast=178 medium=200 slow=134 | mean_alpha=0.2154 | mean_|grad|=0.000011 (n=1)
  [trace step 1124] block 1: fast=178 medium=199 slow=135 | mean_alpha=0.2155 | mean_|grad|=0.000010 (n=1)
  [trace step 1124] block 2: fast=178 medium=200 slow=134 | mean_alpha=0.2155 | mean_|grad|=0.000010 (n=1)
  [trace step 1124] block 3: fast=179 medium=199 slow=134 | mean_alpha=0.2154 | mean_|grad|=0.000010 (n=1)
  [trace step 1124] block 4: fast=179 medium=199 slow=134 | mean_alpha=0.2153 | mean_|grad|=0.000026 (n=1)
  [trace step 1125] block 0: fast=178 medium=200 slow=134 | mean_alpha=0.2154 | mean_|grad|=0.000011 (n=1)
  [trace step 1125] block 1: fast=178 medium=199 slow=135 | mean_alpha=0.2155 | mean_|grad|=0.000010 (n=1)
  [trace step 1125] block 2: fast=178 medium=200 slow=134 | mean_alpha=0.2155 | mean_|grad|=0.000010 (n=1)
  [trace step 1125] block 3: fast=179 medium=199 slow=134 | mean_alpha=0.2154 | mean_|grad|=0.000011 (n=1)
  [trace step 1125] block 4: fast=179 medium=199 slow=134 | mean_alpha=0.2153 | mean_|grad|=0.000034 (n=1)
  [trace step 1126] block 0: fast=178 medium=200 slow=134 | mean_alpha=0.2154 | mean_|grad|=0.000011 (n=1)
  [trace step 1126] block 1: fast=178 medium=199 slow=135 | mean_alpha=0.2155 | mean_|grad|=0.000011 (n=1)
  [trace step 1126] block 2: fast=178 medium=200 slow=134 | mean_alpha=0.2155 | mean_|grad|=0.000011 (n=1)
  [trace step 1126] block 3: fast=179 medium=199 slow=134 | mean_alpha=0.2154 | mean_|grad|=0.000011 (n=1)
  [trace step 1126] block 4: fast=179 medium=199 slow=134 | mean_alpha=0.2153 | mean_|grad|=0.000037 (n=1)
  [trace step 1127] block 0: fast=178 medium=200 slow=134 | mean_alpha=0.2154 | mean_|grad|=0.000012 (n=1)
  [trace step 1127] block 1: fast=178 medium=199 slow=135 | mean_alpha=0.2155 | mean_|grad|=0.000013 (n=1)
  [trace step 1127] block 2: fast=178 medium=200 slow=134 | mean_alpha=0.2155 | mean_|grad|=0.000011 (n=1)
  [trace step 1127] block 3: fast=179 medium=199 slow=134 | mean_alpha=0.2154 | mean_|grad|=0.000011 (n=1)
  [trace step 1127] block 4: fast=179 medium=199 slow=134 | mean_alpha=0.2153 | mean_|grad|=0.000036 (n=1)
  [trace step 1128] block 0: fast=178 medium=200 slow=134 | mean_alpha=0.2154 | mean_|grad|=0.000012 (n=1)
  [trace step 1128] block 1: fast=178 medium=199 slow=135 | mean_alpha=0.2155 | mean_|grad|=0.000010 (n=1)
  [trace step 1128] block 2: fast=178 medium=200 slow=134 | mean_alpha=0.2155 | mean_|grad|=0.000010 (n=1)
  [trace step 1128] block 3: fast=179 medium=199 slow=134 | mean_alpha=0.2154 | mean_|grad|=0.000009 (n=1)
  [trace step 1128] block 4: fast=179 medium=199 slow=134 | mean_alpha=0.2153 | mean_|grad|=0.000028 (n=1)
  [trace step 1129] block 0: fast=178 medium=200 slow=134 | mean_alpha=0.2154 | mean_|grad|=0.000012 (n=1)
  [trace step 1129] block 1: fast=178 medium=199 slow=135 | mean_alpha=0.2155 | mean_|grad|=0.000011 (n=1)
  [trace step 1129] block 2: fast=178 medium=200 slow=134 | mean_alpha=0.2155 | mean_|grad|=0.000013 (n=1)
  [trace step 1129] block 3: fast=179 medium=199 slow=134 | mean_alpha=0.2154 | mean_|grad|=0.000010 (n=1)
  [trace step 1129] block 4: fast=179 medium=199 slow=134 | mean_alpha=0.2153 | mean_|grad|=0.000027 (n=1)
  [trace step 1130] block 0: fast=178 medium=200 slow=134 | mean_alpha=0.2154 | mean_|grad|=0.000012 (n=1)
  [trace step 1130] block 1: fast=178 medium=199 slow=135 | mean_alpha=0.2155 | mean_|grad|=0.000012 (n=1)
  [trace step 1130] block 2: fast=178 medium=200 slow=134 | mean_alpha=0.2155 | mean_|grad|=0.000009 (n=1)
  [trace step 1130] block 3: fast=179 medium=199 slow=134 | mean_alpha=0.2154 | mean_|grad|=0.000012 (n=1)
  [trace step 1130] block 4: fast=179 medium=199 slow=134 | mean_alpha=0.2153 | mean_|grad|=0.000023 (n=1)
  [trace step 1131] block 0: fast=178 medium=200 slow=134 | mean_alpha=0.2154 | mean_|grad|=0.000014 (n=1)
  [trace step 1131] block 1: fast=178 medium=199 slow=135 | mean_alpha=0.2155 | mean_|grad|=0.000012 (n=1)
  [trace step 1131] block 2: fast=178 medium=200 slow=134 | mean_alpha=0.2155 | mean_|grad|=0.000011 (n=1)
  [trace step 1131] block 3: fast=179 medium=199 slow=134 | mean_alpha=0.2154 | mean_|grad|=0.000012 (n=1)
  [trace step 1131] block 4: fast=179 medium=199 slow=134 | mean_alpha=0.2153 | mean_|grad|=0.000018 (n=1)
  [trace step 1132] block 0: fast=178 medium=200 slow=134 | mean_alpha=0.2154 | mean_|grad|=0.000016 (n=1)
  [trace step 1132] block 1: fast=178 medium=199 slow=135 | mean_alpha=0.2155 | mean_|grad|=0.000013 (n=1)
  [trace step 1132] block 2: fast=178 medium=200 slow=134 | mean_alpha=0.2155 | mean_|grad|=0.000014 (n=1)
  [trace step 1132] block 3: fast=179 medium=199 slow=134 | mean_alpha=0.2154 | mean_|grad|=0.000011 (n=1)
  [trace step 1132] block 4: fast=179 medium=199 slow=134 | mean_alpha=0.2153 | mean_|grad|=0.000022 (n=1)
  [trace step 1133] block 0: fast=178 medium=200 slow=134 | mean_alpha=0.2154 | mean_|grad|=0.000016 (n=1)
  [trace step 1133] block 1: fast=178 medium=199 slow=135 | mean_alpha=0.2155 | mean_|grad|=0.000013 (n=1)
  [trace step 1133] block 2: fast=178 medium=200 slow=134 | mean_alpha=0.2155 | mean_|grad|=0.000014 (n=1)
  [trace step 1133] block 3: fast=179 medium=199 slow=134 | mean_alpha=0.2154 | mean_|grad|=0.000013 (n=1)
  [trace step 1133] block 4: fast=179 medium=199 slow=134 | mean_alpha=0.2153 | mean_|grad|=0.000024 (n=1)
  [trace step 1134] block 0: fast=178 medium=200 slow=134 | mean_alpha=0.2154 | mean_|grad|=0.000015 (n=1)
  [trace step 1134] block 1: fast=178 medium=199 slow=135 | mean_alpha=0.2155 | mean_|grad|=0.000014 (n=1)
  [trace step 1134] block 2: fast=178 medium=200 slow=134 | mean_alpha=0.2155 | mean_|grad|=0.000013 (n=1)
  [trace step 1134] block 3: fast=179 medium=199 slow=134 | mean_alpha=0.2154 | mean_|grad|=0.000014 (n=1)
  [trace step 1134] block 4: fast=179 medium=199 slow=134 | mean_alpha=0.2153 | mean_|grad|=0.000022 (n=1)
  [trace step 1135] block 0: fast=178 medium=200 slow=134 | mean_alpha=0.2154 | mean_|grad|=0.000016 (n=1)
  [trace step 1135] block 1: fast=178 medium=199 slow=135 | mean_alpha=0.2155 | mean_|grad|=0.000014 (n=1)
  [trace step 1135] block 2: fast=178 medium=200 slow=134 | mean_alpha=0.2155 | mean_|grad|=0.000015 (n=1)
  [trace step 1135] block 3: fast=179 medium=199 slow=134 | mean_alpha=0.2154 | mean_|grad|=0.000014 (n=1)
  [trace step 1135] block 4: fast=179 medium=199 slow=134 | mean_alpha=0.2153 | mean_|grad|=0.000023 (n=1)
  [trace step 1136] block 0: fast=178 medium=200 slow=134 | mean_alpha=0.2154 | mean_|grad|=0.000015 (n=1)
  [trace step 1136] block 1: fast=178 medium=199 slow=135 | mean_alpha=0.2155 | mean_|grad|=0.000014 (n=1)
  [trace step 1136] block 2: fast=178 medium=200 slow=134 | mean_alpha=0.2155 | mean_|grad|=0.000015 (n=1)
  [trace step 1136] block 3: fast=179 medium=199 slow=134 | mean_alpha=0.2154 | mean_|grad|=0.000014 (n=1)
  [trace step 1136] block 4: fast=179 medium=199 slow=134 | mean_alpha=0.2153 | mean_|grad|=0.000034 (n=1)
  [trace step 1137] block 0: fast=178 medium=200 slow=134 | mean_alpha=0.2154 | mean_|grad|=0.000016 (n=1)
  [trace step 1137] block 1: fast=178 medium=199 slow=135 | mean_alpha=0.2155 | mean_|grad|=0.000015 (n=1)
  [trace step 1137] block 2: fast=178 medium=200 slow=134 | mean_alpha=0.2155 | mean_|grad|=0.000015 (n=1)
  [trace step 1137] block 3: fast=179 medium=199 slow=134 | mean_alpha=0.2154 | mean_|grad|=0.000012 (n=1)
  [trace step 1137] block 4: fast=179 medium=199 slow=134 | mean_alpha=0.2153 | mean_|grad|=0.000031 (n=1)
  [trace step 1138] block 0: fast=178 medium=200 slow=134 | mean_alpha=0.2154 | mean_|grad|=0.000015 (n=1)
  [trace step 1138] block 1: fast=178 medium=199 slow=135 | mean_alpha=0.2155 | mean_|grad|=0.000013 (n=1)
  [trace step 1138] block 2: fast=178 medium=200 slow=134 | mean_alpha=0.2155 | mean_|grad|=0.000014 (n=1)
  [trace step 1138] block 3: fast=179 medium=199 slow=134 | mean_alpha=0.2154 | mean_|grad|=0.000013 (n=1)
  [trace step 1138] block 4: fast=179 medium=199 slow=134 | mean_alpha=0.2153 | mean_|grad|=0.000027 (n=1)
  [trace step 1139] block 0: fast=178 medium=200 slow=134 | mean_alpha=0.2154 | mean_|grad|=0.000013 (n=1)
  [trace step 1139] block 1: fast=178 medium=199 slow=135 | mean_alpha=0.2155 | mean_|grad|=0.000014 (n=1)
  [trace step 1139] block 2: fast=178 medium=200 slow=134 | mean_alpha=0.2155 | mean_|grad|=0.000011 (n=1)
  [trace step 1139] block 3: fast=179 medium=199 slow=134 | mean_alpha=0.2154 | mean_|grad|=0.000012 (n=1)
  [trace step 1139] block 4: fast=179 medium=199 slow=134 | mean_alpha=0.2153 | mean_|grad|=0.000038 (n=1)
  [trace step 1140] block 0: fast=178 medium=200 slow=134 | mean_alpha=0.2154 | mean_|grad|=0.000015 (n=1)
  [trace step 1140] block 1: fast=178 medium=199 slow=135 | mean_alpha=0.2155 | mean_|grad|=0.000013 (n=1)
  [trace step 1140] block 2: fast=178 medium=200 slow=134 | mean_alpha=0.2155 | mean_|grad|=0.000015 (n=1)
  [trace step 1140] block 3: fast=179 medium=199 slow=134 | mean_alpha=0.2154 | mean_|grad|=0.000013 (n=1)
  [trace step 1140] block 4: fast=179 medium=199 slow=134 | mean_alpha=0.2153 | mean_|grad|=0.000023 (n=1)
  [trace step 1141] block 0: fast=178 medium=200 slow=134 | mean_alpha=0.2154 | mean_|grad|=0.000014 (n=1)
  [trace step 1141] block 1: fast=178 medium=199 slow=135 | mean_alpha=0.2155 | mean_|grad|=0.000011 (n=1)
  [trace step 1141] block 2: fast=178 medium=200 slow=134 | mean_alpha=0.2155 | mean_|grad|=0.000012 (n=1)
  [trace step 1141] block 3: fast=179 medium=199 slow=134 | mean_alpha=0.2154 | mean_|grad|=0.000011 (n=1)
  [trace step 1141] block 4: fast=179 medium=199 slow=134 | mean_alpha=0.2153 | mean_|grad|=0.000018 (n=1)
  [trace step 1142] block 0: fast=178 medium=200 slow=134 | mean_alpha=0.2154 | mean_|grad|=0.000013 (n=1)
  [trace step 1142] block 1: fast=178 medium=199 slow=135 | mean_alpha=0.2155 | mean_|grad|=0.000013 (n=1)
  [trace step 1142] block 2: fast=178 medium=200 slow=134 | mean_alpha=0.2155 | mean_|grad|=0.000011 (n=1)
  [trace step 1142] block 3: fast=179 medium=199 slow=134 | mean_alpha=0.2154 | mean_|grad|=0.000013 (n=1)
  [trace step 1142] block 4: fast=179 medium=199 slow=134 | mean_alpha=0.2153 | mean_|grad|=0.000045 (n=1)
  [trace step 1143] block 0: fast=178 medium=200 slow=134 | mean_alpha=0.2154 | mean_|grad|=0.000014 (n=1)
  [trace step 1143] block 1: fast=178 medium=199 slow=135 | mean_alpha=0.2155 | mean_|grad|=0.000013 (n=1)
  [trace step 1143] block 2: fast=178 medium=200 slow=134 | mean_alpha=0.2155 | mean_|grad|=0.000012 (n=1)
  [trace step 1143] block 3: fast=179 medium=199 slow=134 | mean_alpha=0.2154 | mean_|grad|=0.000011 (n=1)
  [trace step 1143] block 4: fast=179 medium=199 slow=134 | mean_alpha=0.2153 | mean_|grad|=0.000036 (n=1)
  [trace step 1144] block 0: fast=178 medium=200 slow=134 | mean_alpha=0.2154 | mean_|grad|=0.000014 (n=1)
  [trace step 1144] block 1: fast=178 medium=199 slow=135 | mean_alpha=0.2155 | mean_|grad|=0.000012 (n=1)
  [trace step 1144] block 2: fast=178 medium=200 slow=134 | mean_alpha=0.2155 | mean_|grad|=0.000010 (n=1)
  [trace step 1144] block 3: fast=179 medium=199 slow=134 | mean_alpha=0.2154 | mean_|grad|=0.000012 (n=1)
  [trace step 1144] block 4: fast=179 medium=199 slow=134 | mean_alpha=0.2153 | mean_|grad|=0.000017 (n=1)
  [trace step 1145] block 0: fast=178 medium=200 slow=134 | mean_alpha=0.2154 | mean_|grad|=0.000011 (n=1)
  [trace step 1145] block 1: fast=178 medium=199 slow=135 | mean_alpha=0.2155 | mean_|grad|=0.000010 (n=1)
  [trace step 1145] block 2: fast=178 medium=200 slow=134 | mean_alpha=0.2155 | mean_|grad|=0.000011 (n=1)
  [trace step 1145] block 3: fast=179 medium=199 slow=134 | mean_alpha=0.2154 | mean_|grad|=0.000011 (n=1)
  [trace step 1145] block 4: fast=179 medium=199 slow=134 | mean_alpha=0.2153 | mean_|grad|=0.000026 (n=1)
  [trace step 1146] block 0: fast=178 medium=200 slow=134 | mean_alpha=0.2154 | mean_|grad|=0.000011 (n=1)
  [trace step 1146] block 1: fast=178 medium=199 slow=135 | mean_alpha=0.2155 | mean_|grad|=0.000010 (n=1)
  [trace step 1146] block 2: fast=178 medium=200 slow=134 | mean_alpha=0.2155 | mean_|grad|=0.000010 (n=1)
  [trace step 1146] block 3: fast=179 medium=199 slow=134 | mean_alpha=0.2154 | mean_|grad|=0.000010 (n=1)
  [trace step 1146] block 4: fast=179 medium=199 slow=134 | mean_alpha=0.2153 | mean_|grad|=0.000017 (n=1)
  [trace step 1147] block 0: fast=178 medium=200 slow=134 | mean_alpha=0.2154 | mean_|grad|=0.000012 (n=1)
  [trace step 1147] block 1: fast=178 medium=199 slow=135 | mean_alpha=0.2155 | mean_|grad|=0.000011 (n=1)
  [trace step 1147] block 2: fast=178 medium=200 slow=134 | mean_alpha=0.2155 | mean_|grad|=0.000010 (n=1)
  [trace step 1147] block 3: fast=179 medium=199 slow=134 | mean_alpha=0.2154 | mean_|grad|=0.000011 (n=1)
  [trace step 1147] block 4: fast=179 medium=199 slow=134 | mean_alpha=0.2153 | mean_|grad|=0.000031 (n=1)
  [trace step 1148] block 0: fast=178 medium=200 slow=134 | mean_alpha=0.2154 | mean_|grad|=0.000012 (n=1)
  [trace step 1148] block 1: fast=178 medium=199 slow=135 | mean_alpha=0.2155 | mean_|grad|=0.000010 (n=1)
  [trace step 1148] block 2: fast=178 medium=200 slow=134 | mean_alpha=0.2155 | mean_|grad|=0.000008 (n=1)
  [trace step 1148] block 3: fast=179 medium=199 slow=134 | mean_alpha=0.2154 | mean_|grad|=0.000012 (n=1)
  [trace step 1148] block 4: fast=179 medium=199 slow=134 | mean_alpha=0.2153 | mean_|grad|=0.000025 (n=1)
  [trace step 1149] block 0: fast=178 medium=200 slow=134 | mean_alpha=0.2154 | mean_|grad|=0.000013 (n=1)
  [trace step 1149] block 1: fast=178 medium=199 slow=135 | mean_alpha=0.2155 | mean_|grad|=0.000013 (n=1)
  [trace step 1149] block 2: fast=178 medium=200 slow=134 | mean_alpha=0.2155 | mean_|grad|=0.000011 (n=1)
  [trace step 1149] block 3: fast=179 medium=199 slow=134 | mean_alpha=0.2154 | mean_|grad|=0.000013 (n=1)
  [trace step 1149] block 4: fast=179 medium=199 slow=134 | mean_alpha=0.2153 | mean_|grad|=0.000046 (n=1)
  [trace step 1150] block 0: fast=178 medium=200 slow=134 | mean_alpha=0.2154 | mean_|grad|=0.000018 (n=1)
  [trace step 1150] block 1: fast=178 medium=199 slow=135 | mean_alpha=0.2155 | mean_|grad|=0.000016 (n=1)
  [trace step 1150] block 2: fast=178 medium=200 slow=134 | mean_alpha=0.2155 | mean_|grad|=0.000013 (n=1)
  [trace step 1150] block 3: fast=179 medium=199 slow=134 | mean_alpha=0.2154 | mean_|grad|=0.000016 (n=1)
  [trace step 1150] block 4: fast=179 medium=199 slow=134 | mean_alpha=0.2153 | mean_|grad|=0.000057 (n=1)
  [r2c trace step 1150] block 0: z mean=1.0325 s mean=0.7505 min=0.7422 max=0.7589 closed=0/512 open=0/512 | mean|s*read|=0.279709 | mean|g| ar=2.02e-5 ib=1.73e-5 z=4.52e-6 (n=50)
  [r2c trace step 1150] block 1: z mean=1.0241 s mean=0.7490 min=0.7432 max=0.7574 closed=0/512 open=0/512 | mean|s*read|=0.470465 | mean|g| ar=1.96e-5 ib=1.54e-5 z=8.29e-7 (n=50)
  [r2c trace step 1150] block 2: z mean=1.0213 s mean=0.7485 min=0.7422 max=0.7545 closed=0/512 open=0/512 | mean|s*read|=0.542253 | mean|g| ar=1.91e-5 ib=1.25e-5 z=6.23e-7 (n=50)
  [r2c trace step 1150] block 3: z mean=1.0203 s mean=0.7483 min=0.7414 max=0.7545 closed=0/512 open=0/512 | mean|s*read|=0.638003 | mean|g| ar=1.84e-5 ib=1.05e-5 z=1.16e-6 (n=50)
  [r2c trace step 1150] block 4: z mean=1.0197 s mean=0.7482 min=0.7398 max=0.7544 closed=0/512 open=0/512 | mean|s*read|=0.829650 | mean|g| ar=1.94e-5 ib=7.98e-6 z=5.29e-7 (n=50)
  [trace step 1151] block 0: fast=178 medium=200 slow=134 | mean_alpha=0.2154 | mean_|grad|=0.000011 (n=1)
  [trace step 1151] block 1: fast=178 medium=199 slow=135 | mean_alpha=0.2155 | mean_|grad|=0.000010 (n=1)
  [trace step 1151] block 2: fast=178 medium=200 slow=134 | mean_alpha=0.2155 | mean_|grad|=0.000011 (n=1)
  [trace step 1151] block 3: fast=179 medium=199 slow=134 | mean_alpha=0.2154 | mean_|grad|=0.000011 (n=1)
  [trace step 1151] block 4: fast=179 medium=199 slow=134 | mean_alpha=0.2153 | mean_|grad|=0.000015 (n=1)
  [trace step 1152] block 0: fast=178 medium=200 slow=134 | mean_alpha=0.2154 | mean_|grad|=0.000014 (n=1)
  [trace step 1152] block 1: fast=178 medium=199 slow=135 | mean_alpha=0.2155 | mean_|grad|=0.000015 (n=1)
  [trace step 1152] block 2: fast=178 medium=200 slow=134 | mean_alpha=0.2155 | mean_|grad|=0.000015 (n=1)
  [trace step 1152] block 3: fast=179 medium=199 slow=134 | mean_alpha=0.2154 | mean_|grad|=0.000013 (n=1)
  [trace step 1152] block 4: fast=179 medium=199 slow=134 | mean_alpha=0.2153 | mean_|grad|=0.000037 (n=1)
  [trace step 1153] block 0: fast=178 medium=200 slow=134 | mean_alpha=0.2154 | mean_|grad|=0.000018 (n=1)
  [trace step 1153] block 1: fast=178 medium=199 slow=135 | mean_alpha=0.2155 | mean_|grad|=0.000014 (n=1)
  [trace step 1153] block 2: fast=178 medium=200 slow=134 | mean_alpha=0.2155 | mean_|grad|=0.000014 (n=1)
  [trace step 1153] block 3: fast=179 medium=199 slow=134 | mean_alpha=0.2154 | mean_|grad|=0.000013 (n=1)
  [trace step 1153] block 4: fast=179 medium=199 slow=134 | mean_alpha=0.2153 | mean_|grad|=0.000033 (n=1)
  [trace step 1154] block 0: fast=178 medium=200 slow=134 | mean_alpha=0.2154 | mean_|grad|=0.000015 (n=1)
  [trace step 1154] block 1: fast=178 medium=199 slow=135 | mean_alpha=0.2155 | mean_|grad|=0.000014 (n=1)
  [trace step 1154] block 2: fast=178 medium=200 slow=134 | mean_alpha=0.2155 | mean_|grad|=0.000013 (n=1)
  [trace step 1154] block 3: fast=179 medium=199 slow=134 | mean_alpha=0.2154 | mean_|grad|=0.000013 (n=1)
  [trace step 1154] block 4: fast=179 medium=199 slow=134 | mean_alpha=0.2153 | mean_|grad|=0.000028 (n=1)
  [trace step 1155] block 0: fast=178 medium=200 slow=134 | mean_alpha=0.2154 | mean_|grad|=0.000017 (n=1)
  [trace step 1155] block 1: fast=178 medium=199 slow=135 | mean_alpha=0.2155 | mean_|grad|=0.000014 (n=1)
  [trace step 1155] block 2: fast=178 medium=200 slow=134 | mean_alpha=0.2155 | mean_|grad|=0.000017 (n=1)
  [trace step 1155] block 3: fast=179 medium=199 slow=134 | mean_alpha=0.2154 | mean_|grad|=0.000016 (n=1)
  [trace step 1155] block 4: fast=179 medium=199 slow=134 | mean_alpha=0.2153 | mean_|grad|=0.000037 (n=1)
  [trace step 1156] block 0: fast=178 medium=200 slow=134 | mean_alpha=0.2154 | mean_|grad|=0.000016 (n=1)
  [trace step 1156] block 1: fast=178 medium=199 slow=135 | mean_alpha=0.2155 | mean_|grad|=0.000016 (n=1)
  [trace step 1156] block 2: fast=178 medium=200 slow=134 | mean_alpha=0.2155 | mean_|grad|=0.000013 (n=1)
  [trace step 1156] block 3: fast=179 medium=199 slow=134 | mean_alpha=0.2154 | mean_|grad|=0.000015 (n=1)
  [trace step 1156] block 4: fast=179 medium=199 slow=134 | mean_alpha=0.2153 | mean_|grad|=0.000026 (n=1)
  [trace step 1157] block 0: fast=178 medium=200 slow=134 | mean_alpha=0.2154 | mean_|grad|=0.000015 (n=1)
  [trace step 1157] block 1: fast=178 medium=199 slow=135 | mean_alpha=0.2155 | mean_|grad|=0.000014 (n=1)
  [trace step 1157] block 2: fast=178 medium=200 slow=134 | mean_alpha=0.2155 | mean_|grad|=0.000013 (n=1)
  [trace step 1157] block 3: fast=179 medium=199 slow=134 | mean_alpha=0.2154 | mean_|grad|=0.000012 (n=1)
  [trace step 1157] block 4: fast=179 medium=199 slow=134 | mean_alpha=0.2153 | mean_|grad|=0.000024 (n=1)
  [trace step 1158] block 0: fast=178 medium=200 slow=134 | mean_alpha=0.2154 | mean_|grad|=0.000015 (n=1)
  [trace step 1158] block 1: fast=178 medium=199 slow=135 | mean_alpha=0.2155 | mean_|grad|=0.000014 (n=1)
  [trace step 1158] block 2: fast=178 medium=200 slow=134 | mean_alpha=0.2155 | mean_|grad|=0.000014 (n=1)
  [trace step 1158] block 3: fast=179 medium=199 slow=134 | mean_alpha=0.2154 | mean_|grad|=0.000014 (n=1)
  [trace step 1158] block 4: fast=179 medium=199 slow=134 | mean_alpha=0.2153 | mean_|grad|=0.000036 (n=1)
  [trace step 1159] block 0: fast=178 medium=200 slow=134 | mean_alpha=0.2154 | mean_|grad|=0.000014 (n=1)
  [trace step 1159] block 1: fast=178 medium=199 slow=135 | mean_alpha=0.2155 | mean_|grad|=0.000013 (n=1)
  [trace step 1159] block 2: fast=178 medium=200 slow=134 | mean_alpha=0.2155 | mean_|grad|=0.000013 (n=1)
  [trace step 1159] block 3: fast=179 medium=199 slow=134 | mean_alpha=0.2154 | mean_|grad|=0.000012 (n=1)
  [trace step 1159] block 4: fast=179 medium=199 slow=134 | mean_alpha=0.2153 | mean_|grad|=0.000029 (n=1)
  [trace step 1160] block 0: fast=178 medium=200 slow=134 | mean_alpha=0.2154 | mean_|grad|=0.000015 (n=1)
  [trace step 1160] block 1: fast=178 medium=199 slow=135 | mean_alpha=0.2155 | mean_|grad|=0.000013 (n=1)
  [trace step 1160] block 2: fast=178 medium=200 slow=134 | mean_alpha=0.2155 | mean_|grad|=0.000014 (n=1)
  [trace step 1160] block 3: fast=179 medium=199 slow=134 | mean_alpha=0.2154 | mean_|grad|=0.000013 (n=1)
  [trace step 1160] block 4: fast=179 medium=199 slow=134 | mean_alpha=0.2153 | mean_|grad|=0.000041 (n=1)
  [trace step 1161] block 0: fast=178 medium=200 slow=134 | mean_alpha=0.2154 | mean_|grad|=0.000014 (n=1)
  [trace step 1161] block 1: fast=178 medium=199 slow=135 | mean_alpha=0.2155 | mean_|grad|=0.000012 (n=1)
  [trace step 1161] block 2: fast=178 medium=200 slow=134 | mean_alpha=0.2155 | mean_|grad|=0.000012 (n=1)
  [trace step 1161] block 3: fast=179 medium=199 slow=134 | mean_alpha=0.2154 | mean_|grad|=0.000013 (n=1)
  [trace step 1161] block 4: fast=179 medium=199 slow=134 | mean_alpha=0.2153 | mean_|grad|=0.000025 (n=1)
  [trace step 1162] block 0: fast=178 medium=200 slow=134 | mean_alpha=0.2154 | mean_|grad|=0.000014 (n=1)
  [trace step 1162] block 1: fast=178 medium=199 slow=135 | mean_alpha=0.2155 | mean_|grad|=0.000013 (n=1)
  [trace step 1162] block 2: fast=178 medium=200 slow=134 | mean_alpha=0.2155 | mean_|grad|=0.000011 (n=1)
  [trace step 1162] block 3: fast=179 medium=199 slow=134 | mean_alpha=0.2154 | mean_|grad|=0.000010 (n=1)
  [trace step 1162] block 4: fast=179 medium=199 slow=134 | mean_alpha=0.2153 | mean_|grad|=0.000025 (n=1)
  [trace step 1163] block 0: fast=178 medium=200 slow=134 | mean_alpha=0.2154 | mean_|grad|=0.000014 (n=1)
  [trace step 1163] block 1: fast=178 medium=199 slow=135 | mean_alpha=0.2155 | mean_|grad|=0.000013 (n=1)
  [trace step 1163] block 2: fast=178 medium=200 slow=134 | mean_alpha=0.2155 | mean_|grad|=0.000011 (n=1)
  [trace step 1163] block 3: fast=179 medium=199 slow=134 | mean_alpha=0.2154 | mean_|grad|=0.000012 (n=1)
  [trace step 1163] block 4: fast=179 medium=199 slow=134 | mean_alpha=0.2153 | mean_|grad|=0.000032 (n=1)
  [trace step 1164] block 0: fast=178 medium=200 slow=134 | mean_alpha=0.2154 | mean_|grad|=0.000012 (n=1)
  [trace step 1164] block 1: fast=178 medium=199 slow=135 | mean_alpha=0.2155 | mean_|grad|=0.000009 (n=1)
  [trace step 1164] block 2: fast=178 medium=200 slow=134 | mean_alpha=0.2155 | mean_|grad|=0.000010 (n=1)
  [trace step 1164] block 3: fast=179 medium=199 slow=134 | mean_alpha=0.2154 | mean_|grad|=0.000010 (n=1)
  [trace step 1164] block 4: fast=179 medium=199 slow=134 | mean_alpha=0.2153 | mean_|grad|=0.000022 (n=1)
  [trace step 1165] block 0: fast=178 medium=200 slow=134 | mean_alpha=0.2154 | mean_|grad|=0.000011 (n=1)
  [trace step 1165] block 1: fast=178 medium=199 slow=135 | mean_alpha=0.2155 | mean_|grad|=0.000011 (n=1)
  [trace step 1165] block 2: fast=178 medium=200 slow=134 | mean_alpha=0.2155 | mean_|grad|=0.000010 (n=1)
  [trace step 1165] block 3: fast=179 medium=199 slow=134 | mean_alpha=0.2154 | mean_|grad|=0.000011 (n=1)
  [trace step 1165] block 4: fast=179 medium=199 slow=134 | mean_alpha=0.2153 | mean_|grad|=0.000013 (n=1)
  [trace step 1166] block 0: fast=178 medium=200 slow=134 | mean_alpha=0.2154 | mean_|grad|=0.000011 (n=1)
  [trace step 1166] block 1: fast=178 medium=199 slow=135 | mean_alpha=0.2155 | mean_|grad|=0.000011 (n=1)
  [trace step 1166] block 2: fast=178 medium=200 slow=134 | mean_alpha=0.2155 | mean_|grad|=0.000010 (n=1)
  [trace step 1166] block 3: fast=179 medium=199 slow=134 | mean_alpha=0.2154 | mean_|grad|=0.000011 (n=1)
  [trace step 1166] block 4: fast=179 medium=199 slow=134 | mean_alpha=0.2153 | mean_|grad|=0.000022 (n=1)
  [trace step 1167] block 0: fast=178 medium=200 slow=134 | mean_alpha=0.2154 | mean_|grad|=0.000012 (n=1)
  [trace step 1167] block 1: fast=178 medium=199 slow=135 | mean_alpha=0.2155 | mean_|grad|=0.000011 (n=1)
  [trace step 1167] block 2: fast=178 medium=200 slow=134 | mean_alpha=0.2155 | mean_|grad|=0.000010 (n=1)
  [trace step 1167] block 3: fast=179 medium=199 slow=134 | mean_alpha=0.2154 | mean_|grad|=0.000011 (n=1)
  [trace step 1167] block 4: fast=179 medium=199 slow=134 | mean_alpha=0.2153 | mean_|grad|=0.000035 (n=1)
  [trace step 1168] block 0: fast=178 medium=200 slow=134 | mean_alpha=0.2154 | mean_|grad|=0.000012 (n=1)
  [trace step 1168] block 1: fast=178 medium=199 slow=135 | mean_alpha=0.2155 | mean_|grad|=0.000011 (n=1)
  [trace step 1168] block 2: fast=178 medium=200 slow=134 | mean_alpha=0.2155 | mean_|grad|=0.000010 (n=1)
  [trace step 1168] block 3: fast=179 medium=199 slow=134 | mean_alpha=0.2154 | mean_|grad|=0.000010 (n=1)
  [trace step 1168] block 4: fast=179 medium=199 slow=134 | mean_alpha=0.2153 | mean_|grad|=0.000032 (n=1)
  [trace step 1169] block 0: fast=178 medium=200 slow=134 | mean_alpha=0.2154 | mean_|grad|=0.000012 (n=1)
  [trace step 1169] block 1: fast=178 medium=199 slow=135 | mean_alpha=0.2155 | mean_|grad|=0.000011 (n=1)
  [trace step 1169] block 2: fast=178 medium=200 slow=134 | mean_alpha=0.2155 | mean_|grad|=0.000011 (n=1)
  [trace step 1169] block 3: fast=179 medium=199 slow=134 | mean_alpha=0.2154 | mean_|grad|=0.000011 (n=1)
  [trace step 1169] block 4: fast=179 medium=199 slow=134 | mean_alpha=0.2153 | mean_|grad|=0.000019 (n=1)
  [trace step 1170] block 0: fast=178 medium=200 slow=134 | mean_alpha=0.2154 | mean_|grad|=0.000015 (n=1)
  [trace step 1170] block 1: fast=178 medium=199 slow=135 | mean_alpha=0.2155 | mean_|grad|=0.000012 (n=1)
  [trace step 1170] block 2: fast=178 medium=200 slow=134 | mean_alpha=0.2155 | mean_|grad|=0.000011 (n=1)
  [trace step 1170] block 3: fast=179 medium=199 slow=134 | mean_alpha=0.2154 | mean_|grad|=0.000013 (n=1)
  [trace step 1170] block 4: fast=179 medium=199 slow=134 | mean_alpha=0.2153 | mean_|grad|=0.000026 (n=1)
  [trace step 1171] block 0: fast=178 medium=200 slow=134 | mean_alpha=0.2154 | mean_|grad|=0.000013 (n=1)
  [trace step 1171] block 1: fast=178 medium=199 slow=135 | mean_alpha=0.2155 | mean_|grad|=0.000012 (n=1)
  [trace step 1171] block 2: fast=178 medium=200 slow=134 | mean_alpha=0.2155 | mean_|grad|=0.000012 (n=1)
  [trace step 1171] block 3: fast=179 medium=199 slow=134 | mean_alpha=0.2154 | mean_|grad|=0.000012 (n=1)
  [trace step 1171] block 4: fast=179 medium=199 slow=134 | mean_alpha=0.2153 | mean_|grad|=0.000030 (n=1)
  [trace step 1172] block 0: fast=178 medium=200 slow=134 | mean_alpha=0.2154 | mean_|grad|=0.000016 (n=1)
  [trace step 1172] block 1: fast=178 medium=199 slow=135 | mean_alpha=0.2155 | mean_|grad|=0.000016 (n=1)
  [trace step 1172] block 2: fast=178 medium=200 slow=134 | mean_alpha=0.2155 | mean_|grad|=0.000013 (n=1)
  [trace step 1172] block 3: fast=179 medium=199 slow=134 | mean_alpha=0.2154 | mean_|grad|=0.000016 (n=1)
  [trace step 1172] block 4: fast=179 medium=199 slow=134 | mean_alpha=0.2153 | mean_|grad|=0.000043 (n=1)
  [trace step 1173] block 0: fast=178 medium=200 slow=134 | mean_alpha=0.2154 | mean_|grad|=0.000013 (n=1)
  [trace step 1173] block 1: fast=178 medium=199 slow=135 | mean_alpha=0.2155 | mean_|grad|=0.000012 (n=1)
  [trace step 1173] block 2: fast=178 medium=200 slow=134 | mean_alpha=0.2155 | mean_|grad|=0.000011 (n=1)
  [trace step 1173] block 3: fast=179 medium=199 slow=134 | mean_alpha=0.2154 | mean_|grad|=0.000011 (n=1)
  [trace step 1173] block 4: fast=179 medium=199 slow=134 | mean_alpha=0.2153 | mean_|grad|=0.000025 (n=1)
  [trace step 1174] block 0: fast=178 medium=200 slow=134 | mean_alpha=0.2154 | mean_|grad|=0.000013 (n=1)
  [trace step 1174] block 1: fast=178 medium=199 slow=135 | mean_alpha=0.2155 | mean_|grad|=0.000011 (n=1)
  [trace step 1174] block 2: fast=178 medium=200 slow=134 | mean_alpha=0.2155 | mean_|grad|=0.000010 (n=1)
  [trace step 1174] block 3: fast=179 medium=199 slow=134 | mean_alpha=0.2154 | mean_|grad|=0.000010 (n=1)
  [trace step 1174] block 4: fast=179 medium=199 slow=134 | mean_alpha=0.2153 | mean_|grad|=0.000020 (n=1)
  [trace step 1175] block 0: fast=178 medium=200 slow=134 | mean_alpha=0.2154 | mean_|grad|=0.000013 (n=1)
  [trace step 1175] block 1: fast=178 medium=199 slow=135 | mean_alpha=0.2155 | mean_|grad|=0.000013 (n=1)
  [trace step 1175] block 2: fast=178 medium=200 slow=134 | mean_alpha=0.2155 | mean_|grad|=0.000013 (n=1)
  [trace step 1175] block 3: fast=179 medium=199 slow=134 | mean_alpha=0.2154 | mean_|grad|=0.000013 (n=1)
  [trace step 1175] block 4: fast=179 medium=199 slow=134 | mean_alpha=0.2153 | mean_|grad|=0.000033 (n=1)
  [trace step 1176] block 0: fast=178 medium=200 slow=134 | mean_alpha=0.2154 | mean_|grad|=0.000016 (n=1)
  [trace step 1176] block 1: fast=178 medium=199 slow=135 | mean_alpha=0.2155 | mean_|grad|=0.000012 (n=1)
  [trace step 1176] block 2: fast=178 medium=200 slow=134 | mean_alpha=0.2155 | mean_|grad|=0.000011 (n=1)
  [trace step 1176] block 3: fast=179 medium=199 slow=134 | mean_alpha=0.2154 | mean_|grad|=0.000012 (n=1)
  [trace step 1176] block 4: fast=179 medium=199 slow=134 | mean_alpha=0.2153 | mean_|grad|=0.000028 (n=1)
  [trace step 1177] block 0: fast=178 medium=200 slow=134 | mean_alpha=0.2154 | mean_|grad|=0.000014 (n=1)
  [trace step 1177] block 1: fast=178 medium=199 slow=135 | mean_alpha=0.2155 | mean_|grad|=0.000012 (n=1)
  [trace step 1177] block 2: fast=178 medium=200 slow=134 | mean_alpha=0.2155 | mean_|grad|=0.000011 (n=1)
  [trace step 1177] block 3: fast=179 medium=199 slow=134 | mean_alpha=0.2154 | mean_|grad|=0.000010 (n=1)
  [trace step 1177] block 4: fast=179 medium=199 slow=134 | mean_alpha=0.2153 | mean_|grad|=0.000030 (n=1)
  [trace step 1178] block 0: fast=178 medium=200 slow=134 | mean_alpha=0.2154 | mean_|grad|=0.000015 (n=1)
  [trace step 1178] block 1: fast=178 medium=199 slow=135 | mean_alpha=0.2155 | mean_|grad|=0.000012 (n=1)
  [trace step 1178] block 2: fast=178 medium=200 slow=134 | mean_alpha=0.2155 | mean_|grad|=0.000010 (n=1)
  [trace step 1178] block 3: fast=179 medium=199 slow=134 | mean_alpha=0.2154 | mean_|grad|=0.000011 (n=1)
  [trace step 1178] block 4: fast=179 medium=199 slow=134 | mean_alpha=0.2153 | mean_|grad|=0.000018 (n=1)
  [trace step 1179] block 0: fast=178 medium=200 slow=134 | mean_alpha=0.2154 | mean_|grad|=0.000017 (n=1)
  [trace step 1179] block 1: fast=178 medium=199 slow=135 | mean_alpha=0.2155 | mean_|grad|=0.000013 (n=1)
  [trace step 1179] block 2: fast=178 medium=200 slow=134 | mean_alpha=0.2155 | mean_|grad|=0.000014 (n=1)
  [trace step 1179] block 3: fast=179 medium=199 slow=134 | mean_alpha=0.2154 | mean_|grad|=0.000013 (n=1)
  [trace step 1179] block 4: fast=179 medium=199 slow=134 | mean_alpha=0.2153 | mean_|grad|=0.000052 (n=1)
  [trace step 1180] block 0: fast=178 medium=200 slow=134 | mean_alpha=0.2154 | mean_|grad|=0.000014 (n=1)
  [trace step 1180] block 1: fast=178 medium=199 slow=135 | mean_alpha=0.2155 | mean_|grad|=0.000014 (n=1)
  [trace step 1180] block 2: fast=178 medium=200 slow=134 | mean_alpha=0.2155 | mean_|grad|=0.000015 (n=1)
  [trace step 1180] block 3: fast=179 medium=199 slow=134 | mean_alpha=0.2154 | mean_|grad|=0.000012 (n=1)
  [trace step 1180] block 4: fast=179 medium=199 slow=134 | mean_alpha=0.2153 | mean_|grad|=0.000034 (n=1)
  [trace step 1181] block 0: fast=178 medium=200 slow=134 | mean_alpha=0.2154 | mean_|grad|=0.000017 (n=1)
  [trace step 1181] block 1: fast=178 medium=199 slow=135 | mean_alpha=0.2155 | mean_|grad|=0.000013 (n=1)
  [trace step 1181] block 2: fast=178 medium=200 slow=134 | mean_alpha=0.2155 | mean_|grad|=0.000012 (n=1)
  [trace step 1181] block 3: fast=179 medium=199 slow=134 | mean_alpha=0.2154 | mean_|grad|=0.000013 (n=1)
  [trace step 1181] block 4: fast=179 medium=199 slow=134 | mean_alpha=0.2153 | mean_|grad|=0.000036 (n=1)
  [trace step 1182] block 0: fast=178 medium=200 slow=134 | mean_alpha=0.2154 | mean_|grad|=0.000017 (n=1)
  [trace step 1182] block 1: fast=178 medium=199 slow=135 | mean_alpha=0.2155 | mean_|grad|=0.000016 (n=1)
  [trace step 1182] block 2: fast=178 medium=200 slow=134 | mean_alpha=0.2155 | mean_|grad|=0.000015 (n=1)
  [trace step 1182] block 3: fast=179 medium=199 slow=134 | mean_alpha=0.2154 | mean_|grad|=0.000014 (n=1)
  [trace step 1182] block 4: fast=179 medium=199 slow=134 | mean_alpha=0.2153 | mean_|grad|=0.000046 (n=1)
  [trace step 1183] block 0: fast=178 medium=200 slow=134 | mean_alpha=0.2154 | mean_|grad|=0.000016 (n=1)
  [trace step 1183] block 1: fast=178 medium=199 slow=135 | mean_alpha=0.2155 | mean_|grad|=0.000012 (n=1)
  [trace step 1183] block 2: fast=178 medium=200 slow=134 | mean_alpha=0.2155 | mean_|grad|=0.000014 (n=1)
  [trace step 1183] block 3: fast=179 medium=199 slow=134 | mean_alpha=0.2154 | mean_|grad|=0.000013 (n=1)
  [trace step 1183] block 4: fast=179 medium=199 slow=134 | mean_alpha=0.2153 | mean_|grad|=0.000020 (n=1)
  [trace step 1184] block 0: fast=178 medium=200 slow=134 | mean_alpha=0.2154 | mean_|grad|=0.000018 (n=1)
  [trace step 1184] block 1: fast=178 medium=199 slow=135 | mean_alpha=0.2155 | mean_|grad|=0.000015 (n=1)
  [trace step 1184] block 2: fast=178 medium=200 slow=134 | mean_alpha=0.2155 | mean_|grad|=0.000015 (n=1)
  [trace step 1184] block 3: fast=179 medium=199 slow=134 | mean_alpha=0.2154 | mean_|grad|=0.000015 (n=1)
  [trace step 1184] block 4: fast=179 medium=199 slow=134 | mean_alpha=0.2153 | mean_|grad|=0.000027 (n=1)
  [trace step 1185] block 0: fast=178 medium=200 slow=134 | mean_alpha=0.2154 | mean_|grad|=0.000018 (n=1)
  [trace step 1185] block 1: fast=178 medium=199 slow=135 | mean_alpha=0.2155 | mean_|grad|=0.000016 (n=1)
  [trace step 1185] block 2: fast=178 medium=200 slow=134 | mean_alpha=0.2155 | mean_|grad|=0.000016 (n=1)
  [trace step 1185] block 3: fast=179 medium=199 slow=134 | mean_alpha=0.2154 | mean_|grad|=0.000014 (n=1)
  [trace step 1185] block 4: fast=179 medium=199 slow=134 | mean_alpha=0.2153 | mean_|grad|=0.000033 (n=1)
  [trace step 1186] block 0: fast=178 medium=200 slow=134 | mean_alpha=0.2154 | mean_|grad|=0.000021 (n=1)
  [trace step 1186] block 1: fast=178 medium=199 slow=135 | mean_alpha=0.2155 | mean_|grad|=0.000016 (n=1)
  [trace step 1186] block 2: fast=178 medium=200 slow=134 | mean_alpha=0.2155 | mean_|grad|=0.000018 (n=1)
  [trace step 1186] block 3: fast=179 medium=199 slow=134 | mean_alpha=0.2154 | mean_|grad|=0.000017 (n=1)
  [trace step 1186] block 4: fast=179 medium=199 slow=134 | mean_alpha=0.2153 | mean_|grad|=0.000050 (n=1)
  [trace step 1187] block 0: fast=178 medium=200 slow=134 | mean_alpha=0.2154 | mean_|grad|=0.000020 (n=1)
  [trace step 1187] block 1: fast=178 medium=199 slow=135 | mean_alpha=0.2155 | mean_|grad|=0.000018 (n=1)
  [trace step 1187] block 2: fast=178 medium=200 slow=134 | mean_alpha=0.2155 | mean_|grad|=0.000018 (n=1)
  [trace step 1187] block 3: fast=179 medium=199 slow=134 | mean_alpha=0.2154 | mean_|grad|=0.000015 (n=1)
  [trace step 1187] block 4: fast=179 medium=199 slow=134 | mean_alpha=0.2153 | mean_|grad|=0.000046 (n=1)
  [trace step 1188] block 0: fast=178 medium=200 slow=134 | mean_alpha=0.2154 | mean_|grad|=0.000020 (n=1)
  [trace step 1188] block 1: fast=178 medium=199 slow=135 | mean_alpha=0.2155 | mean_|grad|=0.000018 (n=1)
  [trace step 1188] block 2: fast=178 medium=200 slow=134 | mean_alpha=0.2155 | mean_|grad|=0.000017 (n=1)
  [trace step 1188] block 3: fast=179 medium=199 slow=134 | mean_alpha=0.2154 | mean_|grad|=0.000015 (n=1)
  [trace step 1188] block 4: fast=179 medium=199 slow=134 | mean_alpha=0.2153 | mean_|grad|=0.000041 (n=1)
  [trace step 1189] block 0: fast=178 medium=200 slow=134 | mean_alpha=0.2154 | mean_|grad|=0.000019 (n=1)
  [trace step 1189] block 1: fast=178 medium=199 slow=135 | mean_alpha=0.2155 | mean_|grad|=0.000019 (n=1)
  [trace step 1189] block 2: fast=178 medium=200 slow=134 | mean_alpha=0.2155 | mean_|grad|=0.000016 (n=1)
  [trace step 1189] block 3: fast=179 medium=199 slow=134 | mean_alpha=0.2154 | mean_|grad|=0.000017 (n=1)
  [trace step 1189] block 4: fast=179 medium=199 slow=134 | mean_alpha=0.2153 | mean_|grad|=0.000035 (n=1)
  [trace step 1190] block 0: fast=178 medium=200 slow=134 | mean_alpha=0.2154 | mean_|grad|=0.000019 (n=1)
  [trace step 1190] block 1: fast=178 medium=199 slow=135 | mean_alpha=0.2155 | mean_|grad|=0.000015 (n=1)
  [trace step 1190] block 2: fast=178 medium=200 slow=134 | mean_alpha=0.2155 | mean_|grad|=0.000015 (n=1)
  [trace step 1190] block 3: fast=179 medium=199 slow=134 | mean_alpha=0.2154 | mean_|grad|=0.000014 (n=1)
  [trace step 1190] block 4: fast=179 medium=199 slow=134 | mean_alpha=0.2153 | mean_|grad|=0.000025 (n=1)
  [trace step 1191] block 0: fast=178 medium=200 slow=134 | mean_alpha=0.2154 | mean_|grad|=0.000017 (n=1)
  [trace step 1191] block 1: fast=178 medium=199 slow=135 | mean_alpha=0.2155 | mean_|grad|=0.000017 (n=1)
  [trace step 1191] block 2: fast=178 medium=200 slow=134 | mean_alpha=0.2155 | mean_|grad|=0.000015 (n=1)
  [trace step 1191] block 3: fast=179 medium=199 slow=134 | mean_alpha=0.2154 | mean_|grad|=0.000014 (n=1)
  [trace step 1191] block 4: fast=179 medium=199 slow=134 | mean_alpha=0.2153 | mean_|grad|=0.000031 (n=1)
  [trace step 1192] block 0: fast=178 medium=200 slow=134 | mean_alpha=0.2154 | mean_|grad|=0.000014 (n=1)
  [trace step 1192] block 1: fast=178 medium=199 slow=135 | mean_alpha=0.2155 | mean_|grad|=0.000013 (n=1)
  [trace step 1192] block 2: fast=178 medium=200 slow=134 | mean_alpha=0.2155 | mean_|grad|=0.000012 (n=1)
  [trace step 1192] block 3: fast=179 medium=199 slow=134 | mean_alpha=0.2154 | mean_|grad|=0.000014 (n=1)
  [trace step 1192] block 4: fast=179 medium=199 slow=134 | mean_alpha=0.2153 | mean_|grad|=0.000031 (n=1)
  [trace step 1193] block 0: fast=178 medium=200 slow=134 | mean_alpha=0.2154 | mean_|grad|=0.000014 (n=1)
  [trace step 1193] block 1: fast=178 medium=199 slow=135 | mean_alpha=0.2155 | mean_|grad|=0.000012 (n=1)
  [trace step 1193] block 2: fast=178 medium=200 slow=134 | mean_alpha=0.2155 | mean_|grad|=0.000012 (n=1)
  [trace step 1193] block 3: fast=179 medium=199 slow=134 | mean_alpha=0.2154 | mean_|grad|=0.000011 (n=1)
  [trace step 1193] block 4: fast=179 medium=199 slow=134 | mean_alpha=0.2153 | mean_|grad|=0.000026 (n=1)
  [trace step 1194] block 0: fast=178 medium=200 slow=134 | mean_alpha=0.2154 | mean_|grad|=0.000016 (n=1)
  [trace step 1194] block 1: fast=178 medium=199 slow=135 | mean_alpha=0.2155 | mean_|grad|=0.000013 (n=1)
  [trace step 1194] block 2: fast=178 medium=200 slow=134 | mean_alpha=0.2155 | mean_|grad|=0.000011 (n=1)
  [trace step 1194] block 3: fast=179 medium=199 slow=134 | mean_alpha=0.2153 | mean_|grad|=0.000012 (n=1)
  [trace step 1194] block 4: fast=179 medium=199 slow=134 | mean_alpha=0.2153 | mean_|grad|=0.000032 (n=1)
  [trace step 1195] block 0: fast=178 medium=200 slow=134 | mean_alpha=0.2154 | mean_|grad|=0.000014 (n=1)
  [trace step 1195] block 1: fast=178 medium=199 slow=135 | mean_alpha=0.2155 | mean_|grad|=0.000011 (n=1)
  [trace step 1195] block 2: fast=178 medium=200 slow=134 | mean_alpha=0.2155 | mean_|grad|=0.000011 (n=1)
  [trace step 1195] block 3: fast=179 medium=199 slow=134 | mean_alpha=0.2153 | mean_|grad|=0.000011 (n=1)
  [trace step 1195] block 4: fast=179 medium=199 slow=134 | mean_alpha=0.2153 | mean_|grad|=0.000027 (n=1)
  [trace step 1196] block 0: fast=178 medium=200 slow=134 | mean_alpha=0.2154 | mean_|grad|=0.000015 (n=1)
  [trace step 1196] block 1: fast=178 medium=199 slow=135 | mean_alpha=0.2155 | mean_|grad|=0.000012 (n=1)
  [trace step 1196] block 2: fast=178 medium=200 slow=134 | mean_alpha=0.2155 | mean_|grad|=0.000011 (n=1)
  [trace step 1196] block 3: fast=179 medium=199 slow=134 | mean_alpha=0.2153 | mean_|grad|=0.000011 (n=1)
  [trace step 1196] block 4: fast=179 medium=199 slow=134 | mean_alpha=0.2153 | mean_|grad|=0.000037 (n=1)
  [trace step 1197] block 0: fast=178 medium=200 slow=134 | mean_alpha=0.2154 | mean_|grad|=0.000010 (n=1)
  [trace step 1197] block 1: fast=178 medium=199 slow=135 | mean_alpha=0.2155 | mean_|grad|=0.000010 (n=1)
  [trace step 1197] block 2: fast=178 medium=200 slow=134 | mean_alpha=0.2155 | mean_|grad|=0.000011 (n=1)
  [trace step 1197] block 3: fast=179 medium=199 slow=134 | mean_alpha=0.2153 | mean_|grad|=0.000009 (n=1)
  [trace step 1197] block 4: fast=179 medium=199 slow=134 | mean_alpha=0.2153 | mean_|grad|=0.000019 (n=1)
  [trace step 1198] block 0: fast=178 medium=200 slow=134 | mean_alpha=0.2154 | mean_|grad|=0.000011 (n=1)
  [trace step 1198] block 1: fast=178 medium=199 slow=135 | mean_alpha=0.2155 | mean_|grad|=0.000010 (n=1)
  [trace step 1198] block 2: fast=178 medium=200 slow=134 | mean_alpha=0.2155 | mean_|grad|=0.000009 (n=1)
  [trace step 1198] block 3: fast=179 medium=199 slow=134 | mean_alpha=0.2153 | mean_|grad|=0.000009 (n=1)
  [trace step 1198] block 4: fast=179 medium=199 slow=134 | mean_alpha=0.2153 | mean_|grad|=0.000025 (n=1)
  [trace step 1199] block 0: fast=178 medium=200 slow=134 | mean_alpha=0.2154 | mean_|grad|=0.000010 (n=1)
  [trace step 1199] block 1: fast=178 medium=199 slow=135 | mean_alpha=0.2155 | mean_|grad|=0.000009 (n=1)
  [trace step 1199] block 2: fast=178 medium=200 slow=134 | mean_alpha=0.2155 | mean_|grad|=0.000010 (n=1)
  [trace step 1199] block 3: fast=179 medium=199 slow=134 | mean_alpha=0.2153 | mean_|grad|=0.000010 (n=1)
  [trace step 1199] block 4: fast=179 medium=199 slow=134 | mean_alpha=0.2153 | mean_|grad|=0.000028 (n=1)
  [trace step 1200] block 0: fast=178 medium=200 slow=134 | mean_alpha=0.2154 | mean_|grad|=0.000012 (n=1)
  [trace step 1200] block 1: fast=178 medium=199 slow=135 | mean_alpha=0.2155 | mean_|grad|=0.000009 (n=1)
  [trace step 1200] block 2: fast=178 medium=200 slow=134 | mean_alpha=0.2155 | mean_|grad|=0.000011 (n=1)
  [trace step 1200] block 3: fast=179 medium=199 slow=134 | mean_alpha=0.2153 | mean_|grad|=0.000010 (n=1)
  [trace step 1200] block 4: fast=179 medium=199 slow=134 | mean_alpha=0.2153 | mean_|grad|=0.000025 (n=1)
  [r2c trace step 1200] block 0: z mean=1.0328 s mean=0.7506 min=0.7421 max=0.7591 closed=0/512 open=0/512 | mean|s*read|=0.279802 | mean|g| ar=2.06e-5 ib=1.74e-5 z=7.08e-6 (n=50)
  [r2c trace step 1200] block 1: z mean=1.0245 s mean=0.7491 min=0.7432 max=0.7581 closed=0/512 open=0/512 | mean|s*read|=0.444298 | mean|g| ar=1.90e-5 ib=1.57e-5 z=8.50e-7 (n=50)
  [r2c trace step 1200] block 2: z mean=1.0216 s mean=0.7485 min=0.7421 max=0.7547 closed=0/512 open=0/512 | mean|s*read|=0.497521 | mean|g| ar=1.81e-5 ib=1.23e-5 z=6.72e-7 (n=50)
  [r2c trace step 1200] block 3: z mean=1.0205 s mean=0.7483 min=0.7413 max=0.7546 closed=0/512 open=0/512 | mean|s*read|=0.582919 | mean|g| ar=1.76e-5 ib=1.04e-5 z=7.65e-7 (n=50)
  [r2c trace step 1200] block 4: z mean=1.0197 s mean=0.7482 min=0.7400 max=0.7545 closed=0/512 open=0/512 | mean|s*read|=0.754620 | mean|g| ar=1.82e-5 ib=8.16e-6 z=4.15e-7 (n=50)
  [trace step 1201] block 0: fast=178 medium=200 slow=134 | mean_alpha=0.2154 | mean_|grad|=0.000010 (n=1)
  [trace step 1201] block 1: fast=178 medium=199 slow=135 | mean_alpha=0.2155 | mean_|grad|=0.000010 (n=1)
  [trace step 1201] block 2: fast=178 medium=200 slow=134 | mean_alpha=0.2155 | mean_|grad|=0.000009 (n=1)
  [trace step 1201] block 3: fast=179 medium=199 slow=134 | mean_alpha=0.2153 | mean_|grad|=0.000009 (n=1)
  [trace step 1201] block 4: fast=179 medium=199 slow=134 | mean_alpha=0.2153 | mean_|grad|=0.000023 (n=1)
  [trace step 1202] block 0: fast=178 medium=200 slow=134 | mean_alpha=0.2154 | mean_|grad|=0.000013 (n=1)
  [trace step 1202] block 1: fast=178 medium=199 slow=135 | mean_alpha=0.2155 | mean_|grad|=0.000009 (n=1)
  [trace step 1202] block 2: fast=178 medium=200 slow=134 | mean_alpha=0.2155 | mean_|grad|=0.000010 (n=1)
  [trace step 1202] block 3: fast=179 medium=199 slow=134 | mean_alpha=0.2153 | mean_|grad|=0.000009 (n=1)
  [trace step 1202] block 4: fast=179 medium=199 slow=134 | mean_alpha=0.2153 | mean_|grad|=0.000017 (n=1)
  [trace step 1203] block 0: fast=178 medium=200 slow=134 | mean_alpha=0.2154 | mean_|grad|=0.000012 (n=1)
  [trace step 1203] block 1: fast=178 medium=199 slow=135 | mean_alpha=0.2155 | mean_|grad|=0.000008 (n=1)
  [trace step 1203] block 2: fast=178 medium=200 slow=134 | mean_alpha=0.2155 | mean_|grad|=0.000009 (n=1)
  [trace step 1203] block 3: fast=179 medium=199 slow=134 | mean_alpha=0.2153 | mean_|grad|=0.000007 (n=1)
  [trace step 1203] block 4: fast=179 medium=199 slow=134 | mean_alpha=0.2153 | mean_|grad|=0.000014 (n=1)
  [trace step 1204] block 0: fast=178 medium=200 slow=134 | mean_alpha=0.2154 | mean_|grad|=0.000012 (n=1)
  [trace step 1204] block 1: fast=178 medium=199 slow=135 | mean_alpha=0.2155 | mean_|grad|=0.000010 (n=1)
  [trace step 1204] block 2: fast=178 medium=200 slow=134 | mean_alpha=0.2155 | mean_|grad|=0.000010 (n=1)
  [trace step 1204] block 3: fast=179 medium=199 slow=134 | mean_alpha=0.2153 | mean_|grad|=0.000010 (n=1)
  [trace step 1204] block 4: fast=179 medium=199 slow=134 | mean_alpha=0.2153 | mean_|grad|=0.000042 (n=1)
  [trace step 1205] block 0: fast=178 medium=200 slow=134 | mean_alpha=0.2154 | mean_|grad|=0.000012 (n=1)
  [trace step 1205] block 1: fast=178 medium=199 slow=135 | mean_alpha=0.2155 | mean_|grad|=0.000010 (n=1)
  [trace step 1205] block 2: fast=178 medium=200 slow=134 | mean_alpha=0.2155 | mean_|grad|=0.000009 (n=1)
  [trace step 1205] block 3: fast=179 medium=199 slow=134 | mean_alpha=0.2154 | mean_|grad|=0.000009 (n=1)
  [trace step 1205] block 4: fast=179 medium=199 slow=134 | mean_alpha=0.2153 | mean_|grad|=0.000029 (n=1)
  [trace step 1206] block 0: fast=178 medium=200 slow=134 | mean_alpha=0.2154 | mean_|grad|=0.000010 (n=1)
  [trace step 1206] block 1: fast=178 medium=199 slow=135 | mean_alpha=0.2155 | mean_|grad|=0.000008 (n=1)
  [trace step 1206] block 2: fast=178 medium=200 slow=134 | mean_alpha=0.2155 | mean_|grad|=0.000009 (n=1)
  [trace step 1206] block 3: fast=179 medium=199 slow=134 | mean_alpha=0.2154 | mean_|grad|=0.000008 (n=1)
  [trace step 1206] block 4: fast=179 medium=199 slow=134 | mean_alpha=0.2153 | mean_|grad|=0.000024 (n=1)
  [trace step 1207] block 0: fast=178 medium=200 slow=134 | mean_alpha=0.2154 | mean_|grad|=0.000012 (n=1)
  [trace step 1207] block 1: fast=178 medium=199 slow=135 | mean_alpha=0.2155 | mean_|grad|=0.000009 (n=1)
  [trace step 1207] block 2: fast=178 medium=200 slow=134 | mean_alpha=0.2155 | mean_|grad|=0.000009 (n=1)
  [trace step 1207] block 3: fast=179 medium=199 slow=134 | mean_alpha=0.2154 | mean_|grad|=0.000009 (n=1)
  [trace step 1207] block 4: fast=179 medium=199 slow=134 | mean_alpha=0.2153 | mean_|grad|=0.000018 (n=1)
  [trace step 1208] block 0: fast=178 medium=200 slow=134 | mean_alpha=0.2154 | mean_|grad|=0.000011 (n=1)
  [trace step 1208] block 1: fast=178 medium=199 slow=135 | mean_alpha=0.2155 | mean_|grad|=0.000009 (n=1)
  [trace step 1208] block 2: fast=178 medium=200 slow=134 | mean_alpha=0.2155 | mean_|grad|=0.000010 (n=1)
  [trace step 1208] block 3: fast=179 medium=199 slow=134 | mean_alpha=0.2154 | mean_|grad|=0.000010 (n=1)
  [trace step 1208] block 4: fast=179 medium=199 slow=134 | mean_alpha=0.2153 | mean_|grad|=0.000026 (n=1)
  [trace step 1209] block 0: fast=178 medium=200 slow=134 | mean_alpha=0.2154 | mean_|grad|=0.000012 (n=1)
  [trace step 1209] block 1: fast=178 medium=199 slow=135 | mean_alpha=0.2155 | mean_|grad|=0.000009 (n=1)
  [trace step 1209] block 2: fast=178 medium=200 slow=134 | mean_alpha=0.2155 | mean_|grad|=0.000009 (n=1)
  [trace step 1209] block 3: fast=179 medium=199 slow=134 | mean_alpha=0.2154 | mean_|grad|=0.000010 (n=1)
  [trace step 1209] block 4: fast=179 medium=199 slow=134 | mean_alpha=0.2153 | mean_|grad|=0.000022 (n=1)
  [trace step 1210] block 0: fast=178 medium=200 slow=134 | mean_alpha=0.2154 | mean_|grad|=0.000014 (n=1)
  [trace step 1210] block 1: fast=178 medium=199 slow=135 | mean_alpha=0.2155 | mean_|grad|=0.000011 (n=1)
  [trace step 1210] block 2: fast=178 medium=200 slow=134 | mean_alpha=0.2155 | mean_|grad|=0.000011 (n=1)
  [trace step 1210] block 3: fast=179 medium=199 slow=134 | mean_alpha=0.2154 | mean_|grad|=0.000012 (n=1)
  [trace step 1210] block 4: fast=179 medium=199 slow=134 | mean_alpha=0.2153 | mean_|grad|=0.000018 (n=1)
  [trace step 1211] block 0: fast=178 medium=200 slow=134 | mean_alpha=0.2154 | mean_|grad|=0.000010 (n=1)
  [trace step 1211] block 1: fast=178 medium=199 slow=135 | mean_alpha=0.2155 | mean_|grad|=0.000009 (n=1)
  [trace step 1211] block 2: fast=178 medium=200 slow=134 | mean_alpha=0.2155 | mean_|grad|=0.000009 (n=1)
  [trace step 1211] block 3: fast=179 medium=199 slow=134 | mean_alpha=0.2154 | mean_|grad|=0.000008 (n=1)
  [trace step 1211] block 4: fast=179 medium=199 slow=134 | mean_alpha=0.2153 | mean_|grad|=0.000022 (n=1)
  [trace step 1212] block 0: fast=178 medium=200 slow=134 | mean_alpha=0.2154 | mean_|grad|=0.000012 (n=1)
  [trace step 1212] block 1: fast=178 medium=199 slow=135 | mean_alpha=0.2155 | mean_|grad|=0.000010 (n=1)
  [trace step 1212] block 2: fast=178 medium=200 slow=134 | mean_alpha=0.2155 | mean_|grad|=0.000009 (n=1)
  [trace step 1212] block 3: fast=179 medium=199 slow=134 | mean_alpha=0.2154 | mean_|grad|=0.000010 (n=1)
  [trace step 1212] block 4: fast=179 medium=199 slow=134 | mean_alpha=0.2153 | mean_|grad|=0.000027 (n=1)
  [trace step 1213] block 0: fast=178 medium=200 slow=134 | mean_alpha=0.2154 | mean_|grad|=0.000010 (n=1)
  [trace step 1213] block 1: fast=178 medium=199 slow=135 | mean_alpha=0.2155 | mean_|grad|=0.000009 (n=1)
  [trace step 1213] block 2: fast=178 medium=200 slow=134 | mean_alpha=0.2155 | mean_|grad|=0.000009 (n=1)
  [trace step 1213] block 3: fast=179 medium=199 slow=134 | mean_alpha=0.2154 | mean_|grad|=0.000011 (n=1)
  [trace step 1213] block 4: fast=179 medium=199 slow=134 | mean_alpha=0.2153 | mean_|grad|=0.000032 (n=1)
  [trace step 1214] block 0: fast=178 medium=200 slow=134 | mean_alpha=0.2154 | mean_|grad|=0.000010 (n=1)
  [trace step 1214] block 1: fast=178 medium=199 slow=135 | mean_alpha=0.2155 | mean_|grad|=0.000009 (n=1)
  [trace step 1214] block 2: fast=178 medium=200 slow=134 | mean_alpha=0.2155 | mean_|grad|=0.000008 (n=1)
  [trace step 1214] block 3: fast=179 medium=199 slow=134 | mean_alpha=0.2154 | mean_|grad|=0.000009 (n=1)
  [trace step 1214] block 4: fast=179 medium=199 slow=134 | mean_alpha=0.2153 | mean_|grad|=0.000017 (n=1)
  [trace step 1215] block 0: fast=178 medium=200 slow=134 | mean_alpha=0.2154 | mean_|grad|=0.000009 (n=1)
  [trace step 1215] block 1: fast=178 medium=199 slow=135 | mean_alpha=0.2155 | mean_|grad|=0.000009 (n=1)
  [trace step 1215] block 2: fast=178 medium=200 slow=134 | mean_alpha=0.2155 | mean_|grad|=0.000010 (n=1)
  [trace step 1215] block 3: fast=179 medium=199 slow=134 | mean_alpha=0.2154 | mean_|grad|=0.000008 (n=1)
  [trace step 1215] block 4: fast=179 medium=199 slow=134 | mean_alpha=0.2153 | mean_|grad|=0.000014 (n=1)
  [trace step 1216] block 0: fast=178 medium=200 slow=134 | mean_alpha=0.2154 | mean_|grad|=0.000008 (n=1)
  [trace step 1216] block 1: fast=178 medium=199 slow=135 | mean_alpha=0.2155 | mean_|grad|=0.000009 (n=1)
  [trace step 1216] block 2: fast=178 medium=200 slow=134 | mean_alpha=0.2155 | mean_|grad|=0.000009 (n=1)
  [trace step 1216] block 3: fast=179 medium=199 slow=134 | mean_alpha=0.2154 | mean_|grad|=0.000009 (n=1)
  [trace step 1216] block 4: fast=179 medium=199 slow=134 | mean_alpha=0.2153 | mean_|grad|=0.000017 (n=1)
  [trace step 1217] block 0: fast=178 medium=200 slow=134 | mean_alpha=0.2154 | mean_|grad|=0.000010 (n=1)
  [trace step 1217] block 1: fast=178 medium=199 slow=135 | mean_alpha=0.2155 | mean_|grad|=0.000011 (n=1)
  [trace step 1217] block 2: fast=178 medium=200 slow=134 | mean_alpha=0.2155 | mean_|grad|=0.000009 (n=1)
  [trace step 1217] block 3: fast=179 medium=199 slow=134 | mean_alpha=0.2154 | mean_|grad|=0.000009 (n=1)
  [trace step 1217] block 4: fast=179 medium=199 slow=134 | mean_alpha=0.2153 | mean_|grad|=0.000015 (n=1)
  [trace step 1218] block 0: fast=178 medium=200 slow=134 | mean_alpha=0.2154 | mean_|grad|=0.000011 (n=1)
  [trace step 1218] block 1: fast=178 medium=199 slow=135 | mean_alpha=0.2155 | mean_|grad|=0.000010 (n=1)
  [trace step 1218] block 2: fast=178 medium=200 slow=134 | mean_alpha=0.2155 | mean_|grad|=0.000010 (n=1)
  [trace step 1218] block 3: fast=179 medium=199 slow=134 | mean_alpha=0.2154 | mean_|grad|=0.000009 (n=1)
  [trace step 1218] block 4: fast=179 medium=199 slow=134 | mean_alpha=0.2153 | mean_|grad|=0.000020 (n=1)
  [trace step 1219] block 0: fast=178 medium=200 slow=134 | mean_alpha=0.2154 | mean_|grad|=0.000010 (n=1)
  [trace step 1219] block 1: fast=178 medium=199 slow=135 | mean_alpha=0.2155 | mean_|grad|=0.000008 (n=1)
  [trace step 1219] block 2: fast=178 medium=200 slow=134 | mean_alpha=0.2155 | mean_|grad|=0.000010 (n=1)
  [trace step 1219] block 3: fast=179 medium=199 slow=134 | mean_alpha=0.2154 | mean_|grad|=0.000009 (n=1)
  [trace step 1219] block 4: fast=179 medium=199 slow=134 | mean_alpha=0.2153 | mean_|grad|=0.000012 (n=1)
  [trace step 1220] block 0: fast=178 medium=200 slow=134 | mean_alpha=0.2154 | mean_|grad|=0.000010 (n=1)
  [trace step 1220] block 1: fast=178 medium=199 slow=135 | mean_alpha=0.2155 | mean_|grad|=0.000009 (n=1)
  [trace step 1220] block 2: fast=178 medium=200 slow=134 | mean_alpha=0.2155 | mean_|grad|=0.000009 (n=1)
  [trace step 1220] block 3: fast=179 medium=199 slow=134 | mean_alpha=0.2154 | mean_|grad|=0.000008 (n=1)
  [trace step 1220] block 4: fast=179 medium=199 slow=134 | mean_alpha=0.2153 | mean_|grad|=0.000026 (n=1)
  [trace step 1221] block 0: fast=178 medium=200 slow=134 | mean_alpha=0.2154 | mean_|grad|=0.000010 (n=1)
  [trace step 1221] block 1: fast=178 medium=199 slow=135 | mean_alpha=0.2155 | mean_|grad|=0.000010 (n=1)
  [trace step 1221] block 2: fast=178 medium=200 slow=134 | mean_alpha=0.2155 | mean_|grad|=0.000010 (n=1)
  [trace step 1221] block 3: fast=179 medium=199 slow=134 | mean_alpha=0.2154 | mean_|grad|=0.000009 (n=1)
  [trace step 1221] block 4: fast=179 medium=199 slow=134 | mean_alpha=0.2153 | mean_|grad|=0.000018 (n=1)
  [trace step 1222] block 0: fast=178 medium=200 slow=134 | mean_alpha=0.2154 | mean_|grad|=0.000009 (n=1)
  [trace step 1222] block 1: fast=178 medium=199 slow=135 | mean_alpha=0.2155 | mean_|grad|=0.000009 (n=1)
  [trace step 1222] block 2: fast=178 medium=200 slow=134 | mean_alpha=0.2155 | mean_|grad|=0.000007 (n=1)
  [trace step 1222] block 3: fast=179 medium=199 slow=134 | mean_alpha=0.2154 | mean_|grad|=0.000009 (n=1)
  [trace step 1222] block 4: fast=179 medium=199 slow=134 | mean_alpha=0.2153 | mean_|grad|=0.000015 (n=1)
  [trace step 1223] block 0: fast=178 medium=200 slow=134 | mean_alpha=0.2154 | mean_|grad|=0.000010 (n=1)
  [trace step 1223] block 1: fast=178 medium=199 slow=135 | mean_alpha=0.2155 | mean_|grad|=0.000009 (n=1)
  [trace step 1223] block 2: fast=178 medium=200 slow=134 | mean_alpha=0.2155 | mean_|grad|=0.000009 (n=1)
  [trace step 1223] block 3: fast=179 medium=199 slow=134 | mean_alpha=0.2154 | mean_|grad|=0.000010 (n=1)
  [trace step 1223] block 4: fast=179 medium=199 slow=134 | mean_alpha=0.2153 | mean_|grad|=0.000032 (n=1)
  [trace step 1224] block 0: fast=178 medium=200 slow=134 | mean_alpha=0.2154 | mean_|grad|=0.000012 (n=1)
  [trace step 1224] block 1: fast=178 medium=199 slow=135 | mean_alpha=0.2155 | mean_|grad|=0.000009 (n=1)
  [trace step 1224] block 2: fast=178 medium=200 slow=134 | mean_alpha=0.2155 | mean_|grad|=0.000009 (n=1)
  [trace step 1224] block 3: fast=179 medium=199 slow=134 | mean_alpha=0.2154 | mean_|grad|=0.000010 (n=1)
  [trace step 1224] block 4: fast=179 medium=199 slow=134 | mean_alpha=0.2153 | mean_|grad|=0.000034 (n=1)
  [trace step 1225] block 0: fast=178 medium=200 slow=134 | mean_alpha=0.2154 | mean_|grad|=0.000010 (n=1)
  [trace step 1225] block 1: fast=178 medium=199 slow=135 | mean_alpha=0.2155 | mean_|grad|=0.000007 (n=1)
  [trace step 1225] block 2: fast=178 medium=200 slow=134 | mean_alpha=0.2155 | mean_|grad|=0.000008 (n=1)
  [trace step 1225] block 3: fast=179 medium=199 slow=134 | mean_alpha=0.2154 | mean_|grad|=0.000008 (n=1)
  [trace step 1225] block 4: fast=179 medium=199 slow=134 | mean_alpha=0.2153 | mean_|grad|=0.000013 (n=1)
  [trace step 1226] block 0: fast=178 medium=200 slow=134 | mean_alpha=0.2154 | mean_|grad|=0.000011 (n=1)
  [trace step 1226] block 1: fast=178 medium=199 slow=135 | mean_alpha=0.2155 | mean_|grad|=0.000009 (n=1)
  [trace step 1226] block 2: fast=178 medium=200 slow=134 | mean_alpha=0.2155 | mean_|grad|=0.000010 (n=1)
  [trace step 1226] block 3: fast=179 medium=199 slow=134 | mean_alpha=0.2154 | mean_|grad|=0.000008 (n=1)
  [trace step 1226] block 4: fast=179 medium=199 slow=134 | mean_alpha=0.2153 | mean_|grad|=0.000024 (n=1)
  [trace step 1227] block 0: fast=178 medium=200 slow=134 | mean_alpha=0.2154 | mean_|grad|=0.000009 (n=1)
  [trace step 1227] block 1: fast=178 medium=199 slow=135 | mean_alpha=0.2155 | mean_|grad|=0.000008 (n=1)
  [trace step 1227] block 2: fast=178 medium=200 slow=134 | mean_alpha=0.2155 | mean_|grad|=0.000009 (n=1)
  [trace step 1227] block 3: fast=179 medium=199 slow=134 | mean_alpha=0.2154 | mean_|grad|=0.000008 (n=1)
  [trace step 1227] block 4: fast=179 medium=199 slow=134 | mean_alpha=0.2153 | mean_|grad|=0.000019 (n=1)
  [trace step 1228] block 0: fast=178 medium=200 slow=134 | mean_alpha=0.2154 | mean_|grad|=0.000009 (n=1)
  [trace step 1228] block 1: fast=178 medium=199 slow=135 | mean_alpha=0.2155 | mean_|grad|=0.000008 (n=1)
  [trace step 1228] block 2: fast=178 medium=200 slow=134 | mean_alpha=0.2155 | mean_|grad|=0.000008 (n=1)
  [trace step 1228] block 3: fast=179 medium=199 slow=134 | mean_alpha=0.2154 | mean_|grad|=0.000007 (n=1)
  [trace step 1228] block 4: fast=179 medium=199 slow=134 | mean_alpha=0.2153 | mean_|grad|=0.000013 (n=1)
  [trace step 1229] block 0: fast=178 medium=200 slow=134 | mean_alpha=0.2154 | mean_|grad|=0.000009 (n=1)
  [trace step 1229] block 1: fast=178 medium=199 slow=135 | mean_alpha=0.2155 | mean_|grad|=0.000008 (n=1)
  [trace step 1229] block 2: fast=178 medium=200 slow=134 | mean_alpha=0.2155 | mean_|grad|=0.000008 (n=1)
  [trace step 1229] block 3: fast=179 medium=199 slow=134 | mean_alpha=0.2154 | mean_|grad|=0.000008 (n=1)
  [trace step 1229] block 4: fast=179 medium=199 slow=134 | mean_alpha=0.2153 | mean_|grad|=0.000019 (n=1)
  [trace step 1230] block 0: fast=178 medium=200 slow=134 | mean_alpha=0.2154 | mean_|grad|=0.000009 (n=1)
  [trace step 1230] block 1: fast=178 medium=199 slow=135 | mean_alpha=0.2155 | mean_|grad|=0.000007 (n=1)
  [trace step 1230] block 2: fast=178 medium=200 slow=134 | mean_alpha=0.2155 | mean_|grad|=0.000007 (n=1)
  [trace step 1230] block 3: fast=179 medium=199 slow=134 | mean_alpha=0.2154 | mean_|grad|=0.000008 (n=1)
  [trace step 1230] block 4: fast=179 medium=199 slow=134 | mean_alpha=0.2153 | mean_|grad|=0.000018 (n=1)
  [trace step 1231] block 0: fast=178 medium=200 slow=134 | mean_alpha=0.2154 | mean_|grad|=0.000009 (n=1)
  [trace step 1231] block 1: fast=178 medium=199 slow=135 | mean_alpha=0.2155 | mean_|grad|=0.000007 (n=1)
  [trace step 1231] block 2: fast=178 medium=200 slow=134 | mean_alpha=0.2155 | mean_|grad|=0.000010 (n=1)
  [trace step 1231] block 3: fast=179 medium=199 slow=134 | mean_alpha=0.2154 | mean_|grad|=0.000008 (n=1)
  [trace step 1231] block 4: fast=179 medium=199 slow=134 | mean_alpha=0.2153 | mean_|grad|=0.000025 (n=1)
  [trace step 1232] block 0: fast=178 medium=200 slow=134 | mean_alpha=0.2154 | mean_|grad|=0.000009 (n=1)
  [trace step 1232] block 1: fast=178 medium=199 slow=135 | mean_alpha=0.2155 | mean_|grad|=0.000008 (n=1)
  [trace step 1232] block 2: fast=178 medium=200 slow=134 | mean_alpha=0.2155 | mean_|grad|=0.000010 (n=1)
  [trace step 1232] block 3: fast=179 medium=199 slow=134 | mean_alpha=0.2154 | mean_|grad|=0.000008 (n=1)
  [trace step 1232] block 4: fast=179 medium=199 slow=134 | mean_alpha=0.2153 | mean_|grad|=0.000018 (n=1)
  [trace step 1233] block 0: fast=178 medium=200 slow=134 | mean_alpha=0.2154 | mean_|grad|=0.000008 (n=1)
  [trace step 1233] block 1: fast=178 medium=199 slow=135 | mean_alpha=0.2155 | mean_|grad|=0.000008 (n=1)
  [trace step 1233] block 2: fast=178 medium=200 slow=134 | mean_alpha=0.2155 | mean_|grad|=0.000007 (n=1)
  [trace step 1233] block 3: fast=179 medium=199 slow=134 | mean_alpha=0.2154 | mean_|grad|=0.000008 (n=1)
  [trace step 1233] block 4: fast=179 medium=199 slow=134 | mean_alpha=0.2153 | mean_|grad|=0.000033 (n=1)
  [trace step 1234] block 0: fast=178 medium=200 slow=134 | mean_alpha=0.2154 | mean_|grad|=0.000008 (n=1)
  [trace step 1234] block 1: fast=178 medium=199 slow=135 | mean_alpha=0.2155 | mean_|grad|=0.000008 (n=1)
  [trace step 1234] block 2: fast=178 medium=200 slow=134 | mean_alpha=0.2155 | mean_|grad|=0.000009 (n=1)
  [trace step 1234] block 3: fast=179 medium=199 slow=134 | mean_alpha=0.2154 | mean_|grad|=0.000008 (n=1)
  [trace step 1234] block 4: fast=179 medium=199 slow=134 | mean_alpha=0.2153 | mean_|grad|=0.000012 (n=1)
  [trace step 1235] block 0: fast=178 medium=200 slow=134 | mean_alpha=0.2154 | mean_|grad|=0.000009 (n=1)
  [trace step 1235] block 1: fast=178 medium=199 slow=135 | mean_alpha=0.2155 | mean_|grad|=0.000008 (n=1)
  [trace step 1235] block 2: fast=178 medium=200 slow=134 | mean_alpha=0.2155 | mean_|grad|=0.000009 (n=1)
  [trace step 1235] block 3: fast=179 medium=199 slow=134 | mean_alpha=0.2154 | mean_|grad|=0.000009 (n=1)
  [trace step 1235] block 4: fast=179 medium=199 slow=134 | mean_alpha=0.2153 | mean_|grad|=0.000023 (n=1)
  [trace step 1236] block 0: fast=178 medium=200 slow=134 | mean_alpha=0.2154 | mean_|grad|=0.000009 (n=1)
  [trace step 1236] block 1: fast=178 medium=199 slow=135 | mean_alpha=0.2155 | mean_|grad|=0.000009 (n=1)
  [trace step 1236] block 2: fast=178 medium=200 slow=134 | mean_alpha=0.2155 | mean_|grad|=0.000009 (n=1)
  [trace step 1236] block 3: fast=179 medium=199 slow=134 | mean_alpha=0.2154 | mean_|grad|=0.000009 (n=1)
  [trace step 1236] block 4: fast=179 medium=199 slow=134 | mean_alpha=0.2153 | mean_|grad|=0.000034 (n=1)
  [trace step 1237] block 0: fast=178 medium=200 slow=134 | mean_alpha=0.2154 | mean_|grad|=0.000009 (n=1)
  [trace step 1237] block 1: fast=178 medium=199 slow=135 | mean_alpha=0.2155 | mean_|grad|=0.000007 (n=1)
  [trace step 1237] block 2: fast=178 medium=200 slow=134 | mean_alpha=0.2155 | mean_|grad|=0.000008 (n=1)
  [trace step 1237] block 3: fast=179 medium=199 slow=134 | mean_alpha=0.2154 | mean_|grad|=0.000008 (n=1)
  [trace step 1237] block 4: fast=179 medium=199 slow=134 | mean_alpha=0.2153 | mean_|grad|=0.000018 (n=1)
  [trace step 1238] block 0: fast=178 medium=200 slow=134 | mean_alpha=0.2154 | mean_|grad|=0.000011 (n=1)
  [trace step 1238] block 1: fast=178 medium=199 slow=135 | mean_alpha=0.2155 | mean_|grad|=0.000010 (n=1)
  [trace step 1238] block 2: fast=178 medium=200 slow=134 | mean_alpha=0.2155 | mean_|grad|=0.000010 (n=1)
  [trace step 1238] block 3: fast=179 medium=199 slow=134 | mean_alpha=0.2154 | mean_|grad|=0.000009 (n=1)
  [trace step 1238] block 4: fast=179 medium=199 slow=134 | mean_alpha=0.2153 | mean_|grad|=0.000017 (n=1)
  [trace step 1239] block 0: fast=178 medium=200 slow=134 | mean_alpha=0.2154 | mean_|grad|=0.000013 (n=1)
  [trace step 1239] block 1: fast=178 medium=199 slow=135 | mean_alpha=0.2155 | mean_|grad|=0.000009 (n=1)
  [trace step 1239] block 2: fast=178 medium=200 slow=134 | mean_alpha=0.2155 | mean_|grad|=0.000010 (n=1)
  [trace step 1239] block 3: fast=179 medium=199 slow=134 | mean_alpha=0.2154 | mean_|grad|=0.000010 (n=1)
  [trace step 1239] block 4: fast=179 medium=199 slow=134 | mean_alpha=0.2153 | mean_|grad|=0.000022 (n=1)
  [trace step 1240] block 0: fast=178 medium=200 slow=134 | mean_alpha=0.2154 | mean_|grad|=0.000009 (n=1)
  [trace step 1240] block 1: fast=178 medium=199 slow=135 | mean_alpha=0.2155 | mean_|grad|=0.000009 (n=1)
  [trace step 1240] block 2: fast=178 medium=200 slow=134 | mean_alpha=0.2155 | mean_|grad|=0.000009 (n=1)
  [trace step 1240] block 3: fast=179 medium=199 slow=134 | mean_alpha=0.2154 | mean_|grad|=0.000010 (n=1)
  [trace step 1240] block 4: fast=179 medium=199 slow=134 | mean_alpha=0.2153 | mean_|grad|=0.000025 (n=1)
  [trace step 1241] block 0: fast=178 medium=200 slow=134 | mean_alpha=0.2154 | mean_|grad|=0.000011 (n=1)
  [trace step 1241] block 1: fast=178 medium=199 slow=135 | mean_alpha=0.2155 | mean_|grad|=0.000011 (n=1)
  [trace step 1241] block 2: fast=178 medium=200 slow=134 | mean_alpha=0.2155 | mean_|grad|=0.000010 (n=1)
  [trace step 1241] block 3: fast=179 medium=199 slow=134 | mean_alpha=0.2154 | mean_|grad|=0.000012 (n=1)
  [trace step 1241] block 4: fast=179 medium=199 slow=134 | mean_alpha=0.2153 | mean_|grad|=0.000031 (n=1)
  [trace step 1242] block 0: fast=178 medium=200 slow=134 | mean_alpha=0.2154 | mean_|grad|=0.000012 (n=1)
  [trace step 1242] block 1: fast=178 medium=199 slow=135 | mean_alpha=0.2155 | mean_|grad|=0.000010 (n=1)
  [trace step 1242] block 2: fast=178 medium=200 slow=134 | mean_alpha=0.2155 | mean_|grad|=0.000011 (n=1)
  [trace step 1242] block 3: fast=179 medium=199 slow=134 | mean_alpha=0.2154 | mean_|grad|=0.000011 (n=1)
  [trace step 1242] block 4: fast=179 medium=199 slow=134 | mean_alpha=0.2153 | mean_|grad|=0.000024 (n=1)
  [trace step 1243] block 0: fast=178 medium=200 slow=134 | mean_alpha=0.2154 | mean_|grad|=0.000013 (n=1)
  [trace step 1243] block 1: fast=178 medium=199 slow=135 | mean_alpha=0.2155 | mean_|grad|=0.000012 (n=1)
  [trace step 1243] block 2: fast=178 medium=200 slow=134 | mean_alpha=0.2155 | mean_|grad|=0.000011 (n=1)
  [trace step 1243] block 3: fast=179 medium=199 slow=134 | mean_alpha=0.2154 | mean_|grad|=0.000011 (n=1)
  [trace step 1243] block 4: fast=179 medium=199 slow=134 | mean_alpha=0.2153 | mean_|grad|=0.000028 (n=1)
  [trace step 1244] block 0: fast=178 medium=200 slow=134 | mean_alpha=0.2154 | mean_|grad|=0.000016 (n=1)
  [trace step 1244] block 1: fast=178 medium=199 slow=135 | mean_alpha=0.2155 | mean_|grad|=0.000012 (n=1)
  [trace step 1244] block 2: fast=178 medium=200 slow=134 | mean_alpha=0.2155 | mean_|grad|=0.000012 (n=1)
  [trace step 1244] block 3: fast=179 medium=199 slow=134 | mean_alpha=0.2154 | mean_|grad|=0.000012 (n=1)
  [trace step 1244] block 4: fast=179 medium=199 slow=134 | mean_alpha=0.2153 | mean_|grad|=0.000031 (n=1)
  [trace step 1245] block 0: fast=178 medium=200 slow=134 | mean_alpha=0.2155 | mean_|grad|=0.000012 (n=1)
  [trace step 1245] block 1: fast=178 medium=199 slow=135 | mean_alpha=0.2155 | mean_|grad|=0.000011 (n=1)
  [trace step 1245] block 2: fast=178 medium=200 slow=134 | mean_alpha=0.2155 | mean_|grad|=0.000013 (n=1)
  [trace step 1245] block 3: fast=179 medium=199 slow=134 | mean_alpha=0.2154 | mean_|grad|=0.000013 (n=1)
  [trace step 1245] block 4: fast=179 medium=199 slow=134 | mean_alpha=0.2153 | mean_|grad|=0.000031 (n=1)
  [trace step 1246] block 0: fast=178 medium=200 slow=134 | mean_alpha=0.2155 | mean_|grad|=0.000013 (n=1)
  [trace step 1246] block 1: fast=178 medium=199 slow=135 | mean_alpha=0.2155 | mean_|grad|=0.000010 (n=1)
  [trace step 1246] block 2: fast=178 medium=200 slow=134 | mean_alpha=0.2155 | mean_|grad|=0.000012 (n=1)
  [trace step 1246] block 3: fast=179 medium=199 slow=134 | mean_alpha=0.2154 | mean_|grad|=0.000011 (n=1)
  [trace step 1246] block 4: fast=179 medium=199 slow=134 | mean_alpha=0.2153 | mean_|grad|=0.000025 (n=1)
  [trace step 1247] block 0: fast=178 medium=200 slow=134 | mean_alpha=0.2155 | mean_|grad|=0.000012 (n=1)
  [trace step 1247] block 1: fast=178 medium=199 slow=135 | mean_alpha=0.2155 | mean_|grad|=0.000012 (n=1)
  [trace step 1247] block 2: fast=178 medium=200 slow=134 | mean_alpha=0.2155 | mean_|grad|=0.000012 (n=1)
  [trace step 1247] block 3: fast=179 medium=199 slow=134 | mean_alpha=0.2154 | mean_|grad|=0.000011 (n=1)
  [trace step 1247] block 4: fast=179 medium=199 slow=134 | mean_alpha=0.2153 | mean_|grad|=0.000027 (n=1)
  [trace step 1248] block 0: fast=178 medium=200 slow=134 | mean_alpha=0.2155 | mean_|grad|=0.000015 (n=1)
  [trace step 1248] block 1: fast=178 medium=199 slow=135 | mean_alpha=0.2155 | mean_|grad|=0.000013 (n=1)
  [trace step 1248] block 2: fast=178 medium=200 slow=134 | mean_alpha=0.2155 | mean_|grad|=0.000012 (n=1)
  [trace step 1248] block 3: fast=179 medium=199 slow=134 | mean_alpha=0.2154 | mean_|grad|=0.000013 (n=1)
  [trace step 1248] block 4: fast=179 medium=199 slow=134 | mean_alpha=0.2153 | mean_|grad|=0.000030 (n=1)
  [trace step 1249] block 0: fast=178 medium=200 slow=134 | mean_alpha=0.2155 | mean_|grad|=0.000015 (n=1)
  [trace step 1249] block 1: fast=178 medium=199 slow=135 | mean_alpha=0.2155 | mean_|grad|=0.000013 (n=1)
  [trace step 1249] block 2: fast=178 medium=200 slow=134 | mean_alpha=0.2155 | mean_|grad|=0.000013 (n=1)
  [trace step 1249] block 3: fast=179 medium=199 slow=134 | mean_alpha=0.2154 | mean_|grad|=0.000012 (n=1)
  [trace step 1249] block 4: fast=179 medium=199 slow=134 | mean_alpha=0.2153 | mean_|grad|=0.000023 (n=1)
  [trace step 1250] block 0: fast=178 medium=200 slow=134 | mean_alpha=0.2155 | mean_|grad|=0.000013 (n=1)
  [trace step 1250] block 1: fast=178 medium=199 slow=135 | mean_alpha=0.2155 | mean_|grad|=0.000012 (n=1)
  [trace step 1250] block 2: fast=178 medium=200 slow=134 | mean_alpha=0.2155 | mean_|grad|=0.000014 (n=1)
  [trace step 1250] block 3: fast=179 medium=199 slow=134 | mean_alpha=0.2154 | mean_|grad|=0.000012 (n=1)
  [trace step 1250] block 4: fast=179 medium=199 slow=134 | mean_alpha=0.2153 | mean_|grad|=0.000030 (n=1)
  [r2c trace step 1250] block 0: z mean=1.0330 s mean=0.7506 min=0.7420 max=0.7592 closed=0/512 open=0/512 | mean|s*read|=0.281168 | mean|g| ar=1.65e-5 ib=1.40e-5 z=6.01e-6 (n=50)
  [r2c trace step 1250] block 1: z mean=1.0248 s mean=0.7491 min=0.7431 max=0.7588 closed=0/512 open=0/512 | mean|s*read|=0.469775 | mean|g| ar=1.60e-5 ib=1.25e-5 z=6.30e-7 (n=50)
  [r2c trace step 1250] block 2: z mean=1.0218 s mean=0.7485 min=0.7421 max=0.7551 closed=0/512 open=0/512 | mean|s*read|=0.563101 | mean|g| ar=1.65e-5 ib=1.00e-5 z=5.38e-7 (n=50)
  [r2c trace step 1250] block 3: z mean=1.0206 s mean=0.7483 min=0.7412 max=0.7549 closed=0/512 open=0/512 | mean|s*read|=0.659576 | mean|g| ar=1.56e-5 ib=8.49e-6 z=9.49e-7 (n=50)
  [r2c trace step 1250] block 4: z mean=1.0197 s mean=0.7482 min=0.7397 max=0.7546 closed=0/512 open=0/512 | mean|s*read|=0.861697 | mean|g| ar=1.65e-5 ib=7.08e-6 z=3.96e-7 (n=50)
step 1250/1800 | epoch 2 | loss 2.7776 | 1.5 steps/s
  validation: loss 2.8015 | 4.042 bits/byte
  [trace step 1251] block 0: fast=178 medium=200 slow=134 | mean_alpha=0.2155 | mean_|grad|=0.000013 (n=1)
  [trace step 1251] block 1: fast=178 medium=199 slow=135 | mean_alpha=0.2155 | mean_|grad|=0.000010 (n=1)
  [trace step 1251] block 2: fast=178 medium=200 slow=134 | mean_alpha=0.2155 | mean_|grad|=0.000012 (n=1)
  [trace step 1251] block 3: fast=179 medium=199 slow=134 | mean_alpha=0.2154 | mean_|grad|=0.000011 (n=1)
  [trace step 1251] block 4: fast=179 medium=199 slow=134 | mean_alpha=0.2153 | mean_|grad|=0.000024 (n=1)
  [trace step 1252] block 0: fast=178 medium=200 slow=134 | mean_alpha=0.2155 | mean_|grad|=0.000012 (n=1)
  [trace step 1252] block 1: fast=178 medium=199 slow=135 | mean_alpha=0.2155 | mean_|grad|=0.000011 (n=1)
  [trace step 1252] block 2: fast=178 medium=200 slow=134 | mean_alpha=0.2155 | mean_|grad|=0.000014 (n=1)
  [trace step 1252] block 3: fast=179 medium=199 slow=134 | mean_alpha=0.2154 | mean_|grad|=0.000012 (n=1)
  [trace step 1252] block 4: fast=179 medium=199 slow=134 | mean_alpha=0.2153 | mean_|grad|=0.000031 (n=1)
  [trace step 1253] block 0: fast=178 medium=200 slow=134 | mean_alpha=0.2155 | mean_|grad|=0.000012 (n=1)
  [trace step 1253] block 1: fast=178 medium=199 slow=135 | mean_alpha=0.2155 | mean_|grad|=0.000011 (n=1)
  [trace step 1253] block 2: fast=178 medium=200 slow=134 | mean_alpha=0.2155 | mean_|grad|=0.000011 (n=1)
  [trace step 1253] block 3: fast=179 medium=199 slow=134 | mean_alpha=0.2154 | mean_|grad|=0.000010 (n=1)
  [trace step 1253] block 4: fast=179 medium=199 slow=134 | mean_alpha=0.2153 | mean_|grad|=0.000026 (n=1)
  [trace step 1254] block 0: fast=178 medium=200 slow=134 | mean_alpha=0.2155 | mean_|grad|=0.000011 (n=1)
  [trace step 1254] block 1: fast=178 medium=199 slow=135 | mean_alpha=0.2155 | mean_|grad|=0.000009 (n=1)
  [trace step 1254] block 2: fast=178 medium=200 slow=134 | mean_alpha=0.2155 | mean_|grad|=0.000009 (n=1)
  [trace step 1254] block 3: fast=179 medium=199 slow=134 | mean_alpha=0.2154 | mean_|grad|=0.000010 (n=1)
  [trace step 1254] block 4: fast=179 medium=199 slow=134 | mean_alpha=0.2153 | mean_|grad|=0.000018 (n=1)
  [trace step 1255] block 0: fast=178 medium=200 slow=134 | mean_alpha=0.2155 | mean_|grad|=0.000012 (n=1)
  [trace step 1255] block 1: fast=178 medium=199 slow=135 | mean_alpha=0.2155 | mean_|grad|=0.000011 (n=1)
  [trace step 1255] block 2: fast=178 medium=200 slow=134 | mean_alpha=0.2155 | mean_|grad|=0.000010 (n=1)
  [trace step 1255] block 3: fast=179 medium=199 slow=134 | mean_alpha=0.2154 | mean_|grad|=0.000011 (n=1)
  [trace step 1255] block 4: fast=179 medium=199 slow=134 | mean_alpha=0.2153 | mean_|grad|=0.000022 (n=1)
  [trace step 1256] block 0: fast=178 medium=200 slow=134 | mean_alpha=0.2155 | mean_|grad|=0.000011 (n=1)
  [trace step 1256] block 1: fast=178 medium=199 slow=135 | mean_alpha=0.2155 | mean_|grad|=0.000010 (n=1)
  [trace step 1256] block 2: fast=178 medium=200 slow=134 | mean_alpha=0.2155 | mean_|grad|=0.000010 (n=1)
  [trace step 1256] block 3: fast=179 medium=199 slow=134 | mean_alpha=0.2154 | mean_|grad|=0.000011 (n=1)
  [trace step 1256] block 4: fast=179 medium=199 slow=134 | mean_alpha=0.2153 | mean_|grad|=0.000017 (n=1)
  [trace step 1257] block 0: fast=178 medium=200 slow=134 | mean_alpha=0.2155 | mean_|grad|=0.000011 (n=1)
  [trace step 1257] block 1: fast=178 medium=199 slow=135 | mean_alpha=0.2155 | mean_|grad|=0.000010 (n=1)
  [trace step 1257] block 2: fast=178 medium=200 slow=134 | mean_alpha=0.2155 | mean_|grad|=0.000009 (n=1)
  [trace step 1257] block 3: fast=179 medium=199 slow=134 | mean_alpha=0.2154 | mean_|grad|=0.000010 (n=1)
  [trace step 1257] block 4: fast=179 medium=199 slow=134 | mean_alpha=0.2153 | mean_|grad|=0.000017 (n=1)
  [trace step 1258] block 0: fast=178 medium=200 slow=134 | mean_alpha=0.2155 | mean_|grad|=0.000012 (n=1)
  [trace step 1258] block 1: fast=178 medium=199 slow=135 | mean_alpha=0.2155 | mean_|grad|=0.000009 (n=1)
  [trace step 1258] block 2: fast=178 medium=200 slow=134 | mean_alpha=0.2155 | mean_|grad|=0.000010 (n=1)
  [trace step 1258] block 3: fast=179 medium=199 slow=134 | mean_alpha=0.2154 | mean_|grad|=0.000010 (n=1)
  [trace step 1258] block 4: fast=179 medium=199 slow=134 | mean_alpha=0.2153 | mean_|grad|=0.000016 (n=1)
  [trace step 1259] block 0: fast=178 medium=200 slow=134 | mean_alpha=0.2155 | mean_|grad|=0.000010 (n=1)
  [trace step 1259] block 1: fast=178 medium=199 slow=135 | mean_alpha=0.2155 | mean_|grad|=0.000009 (n=1)
  [trace step 1259] block 2: fast=178 medium=200 slow=134 | mean_alpha=0.2155 | mean_|grad|=0.000009 (n=1)
  [trace step 1259] block 3: fast=179 medium=199 slow=134 | mean_alpha=0.2154 | mean_|grad|=0.000009 (n=1)
  [trace step 1259] block 4: fast=179 medium=199 slow=134 | mean_alpha=0.2153 | mean_|grad|=0.000017 (n=1)
  [trace step 1260] block 0: fast=178 medium=200 slow=134 | mean_alpha=0.2155 | mean_|grad|=0.000016 (n=1)
  [trace step 1260] block 1: fast=178 medium=199 slow=135 | mean_alpha=0.2155 | mean_|grad|=0.000014 (n=1)
  [trace step 1260] block 2: fast=178 medium=200 slow=134 | mean_alpha=0.2155 | mean_|grad|=0.000014 (n=1)
  [trace step 1260] block 3: fast=179 medium=199 slow=134 | mean_alpha=0.2154 | mean_|grad|=0.000012 (n=1)
  [trace step 1260] block 4: fast=179 medium=199 slow=134 | mean_alpha=0.2153 | mean_|grad|=0.000035 (n=1)
  [trace step 1261] block 0: fast=178 medium=200 slow=134 | mean_alpha=0.2155 | mean_|grad|=0.000013 (n=1)
  [trace step 1261] block 1: fast=178 medium=199 slow=135 | mean_alpha=0.2156 | mean_|grad|=0.000011 (n=1)
  [trace step 1261] block 2: fast=178 medium=200 slow=134 | mean_alpha=0.2155 | mean_|grad|=0.000009 (n=1)
  [trace step 1261] block 3: fast=179 medium=199 slow=134 | mean_alpha=0.2154 | mean_|grad|=0.000009 (n=1)
  [trace step 1261] block 4: fast=179 medium=199 slow=134 | mean_alpha=0.2153 | mean_|grad|=0.000021 (n=1)
  [trace step 1262] block 0: fast=178 medium=200 slow=134 | mean_alpha=0.2155 | mean_|grad|=0.000012 (n=1)
  [trace step 1262] block 1: fast=178 medium=199 slow=135 | mean_alpha=0.2156 | mean_|grad|=0.000010 (n=1)
  [trace step 1262] block 2: fast=178 medium=200 slow=134 | mean_alpha=0.2155 | mean_|grad|=0.000009 (n=1)
  [trace step 1262] block 3: fast=179 medium=199 slow=134 | mean_alpha=0.2154 | mean_|grad|=0.000009 (n=1)
  [trace step 1262] block 4: fast=179 medium=199 slow=134 | mean_alpha=0.2153 | mean_|grad|=0.000022 (n=1)
  [trace step 1263] block 0: fast=178 medium=200 slow=134 | mean_alpha=0.2155 | mean_|grad|=0.000010 (n=1)
  [trace step 1263] block 1: fast=178 medium=199 slow=135 | mean_alpha=0.2156 | mean_|grad|=0.000008 (n=1)
  [trace step 1263] block 2: fast=178 medium=200 slow=134 | mean_alpha=0.2155 | mean_|grad|=0.000010 (n=1)
  [trace step 1263] block 3: fast=179 medium=199 slow=134 | mean_alpha=0.2154 | mean_|grad|=0.000009 (n=1)
  [trace step 1263] block 4: fast=179 medium=199 slow=134 | mean_alpha=0.2153 | mean_|grad|=0.000021 (n=1)
  [trace step 1264] block 0: fast=178 medium=200 slow=134 | mean_alpha=0.2155 | mean_|grad|=0.000011 (n=1)
  [trace step 1264] block 1: fast=178 medium=199 slow=135 | mean_alpha=0.2156 | mean_|grad|=0.000011 (n=1)
  [trace step 1264] block 2: fast=178 medium=200 slow=134 | mean_alpha=0.2155 | mean_|grad|=0.000010 (n=1)
  [trace step 1264] block 3: fast=179 medium=199 slow=134 | mean_alpha=0.2154 | mean_|grad|=0.000009 (n=1)
  [trace step 1264] block 4: fast=179 medium=199 slow=134 | mean_alpha=0.2153 | mean_|grad|=0.000020 (n=1)
  [trace step 1265] block 0: fast=178 medium=200 slow=134 | mean_alpha=0.2155 | mean_|grad|=0.000011 (n=1)
  [trace step 1265] block 1: fast=178 medium=199 slow=135 | mean_alpha=0.2156 | mean_|grad|=0.000009 (n=1)
  [trace step 1265] block 2: fast=178 medium=200 slow=134 | mean_alpha=0.2155 | mean_|grad|=0.000009 (n=1)
  [trace step 1265] block 3: fast=179 medium=199 slow=134 | mean_alpha=0.2154 | mean_|grad|=0.000009 (n=1)
  [trace step 1265] block 4: fast=179 medium=199 slow=134 | mean_alpha=0.2153 | mean_|grad|=0.000018 (n=1)
  [trace step 1266] block 0: fast=178 medium=200 slow=134 | mean_alpha=0.2155 | mean_|grad|=0.000010 (n=1)
  [trace step 1266] block 1: fast=178 medium=199 slow=135 | mean_alpha=0.2156 | mean_|grad|=0.000009 (n=1)
  [trace step 1266] block 2: fast=178 medium=200 slow=134 | mean_alpha=0.2155 | mean_|grad|=0.000010 (n=1)
  [trace step 1266] block 3: fast=179 medium=199 slow=134 | mean_alpha=0.2154 | mean_|grad|=0.000009 (n=1)
  [trace step 1266] block 4: fast=179 medium=199 slow=134 | mean_alpha=0.2153 | mean_|grad|=0.000019 (n=1)
  [trace step 1267] block 0: fast=178 medium=200 slow=134 | mean_alpha=0.2155 | mean_|grad|=0.000011 (n=1)
  [trace step 1267] block 1: fast=178 medium=199 slow=135 | mean_alpha=0.2156 | mean_|grad|=0.000010 (n=1)
  [trace step 1267] block 2: fast=178 medium=200 slow=134 | mean_alpha=0.2155 | mean_|grad|=0.000010 (n=1)
  [trace step 1267] block 3: fast=179 medium=199 slow=134 | mean_alpha=0.2154 | mean_|grad|=0.000010 (n=1)
  [trace step 1267] block 4: fast=179 medium=199 slow=134 | mean_alpha=0.2153 | mean_|grad|=0.000018 (n=1)
  [trace step 1268] block 0: fast=178 medium=200 slow=134 | mean_alpha=0.2155 | mean_|grad|=0.000012 (n=1)
  [trace step 1268] block 1: fast=178 medium=199 slow=135 | mean_alpha=0.2156 | mean_|grad|=0.000011 (n=1)
  [trace step 1268] block 2: fast=178 medium=200 slow=134 | mean_alpha=0.2155 | mean_|grad|=0.000010 (n=1)
  [trace step 1268] block 3: fast=179 medium=199 slow=134 | mean_alpha=0.2154 | mean_|grad|=0.000010 (n=1)
  [trace step 1268] block 4: fast=179 medium=199 slow=134 | mean_alpha=0.2153 | mean_|grad|=0.000029 (n=1)
  [trace step 1269] block 0: fast=178 medium=200 slow=134 | mean_alpha=0.2155 | mean_|grad|=0.000012 (n=1)
  [trace step 1269] block 1: fast=178 medium=199 slow=135 | mean_alpha=0.2156 | mean_|grad|=0.000010 (n=1)
  [trace step 1269] block 2: fast=178 medium=200 slow=134 | mean_alpha=0.2155 | mean_|grad|=0.000010 (n=1)
  [trace step 1269] block 3: fast=179 medium=199 slow=134 | mean_alpha=0.2154 | mean_|grad|=0.000010 (n=1)
  [trace step 1269] block 4: fast=179 medium=199 slow=134 | mean_alpha=0.2153 | mean_|grad|=0.000033 (n=1)
  [trace step 1270] block 0: fast=178 medium=200 slow=134 | mean_alpha=0.2155 | mean_|grad|=0.000012 (n=1)
  [trace step 1270] block 1: fast=178 medium=199 slow=135 | mean_alpha=0.2156 | mean_|grad|=0.000010 (n=1)
  [trace step 1270] block 2: fast=178 medium=200 slow=134 | mean_alpha=0.2155 | mean_|grad|=0.000010 (n=1)
  [trace step 1270] block 3: fast=179 medium=199 slow=134 | mean_alpha=0.2154 | mean_|grad|=0.000010 (n=1)
  [trace step 1270] block 4: fast=179 medium=199 slow=134 | mean_alpha=0.2153 | mean_|grad|=0.000022 (n=1)
  [trace step 1271] block 0: fast=178 medium=200 slow=134 | mean_alpha=0.2155 | mean_|grad|=0.000013 (n=1)
  [trace step 1271] block 1: fast=178 medium=199 slow=135 | mean_alpha=0.2156 | mean_|grad|=0.000010 (n=1)
  [trace step 1271] block 2: fast=178 medium=200 slow=134 | mean_alpha=0.2155 | mean_|grad|=0.000009 (n=1)
  [trace step 1271] block 3: fast=179 medium=199 slow=134 | mean_alpha=0.2154 | mean_|grad|=0.000010 (n=1)
  [trace step 1271] block 4: fast=179 medium=199 slow=134 | mean_alpha=0.2153 | mean_|grad|=0.000023 (n=1)
  [trace step 1272] block 0: fast=178 medium=200 slow=134 | mean_alpha=0.2155 | mean_|grad|=0.000011 (n=1)
  [trace step 1272] block 1: fast=178 medium=199 slow=135 | mean_alpha=0.2156 | mean_|grad|=0.000012 (n=1)
  [trace step 1272] block 2: fast=178 medium=200 slow=134 | mean_alpha=0.2155 | mean_|grad|=0.000009 (n=1)
  [trace step 1272] block 3: fast=179 medium=199 slow=134 | mean_alpha=0.2154 | mean_|grad|=0.000009 (n=1)
  [trace step 1272] block 4: fast=179 medium=199 slow=134 | mean_alpha=0.2153 | mean_|grad|=0.000023 (n=1)
  [trace step 1273] block 0: fast=178 medium=200 slow=134 | mean_alpha=0.2155 | mean_|grad|=0.000013 (n=1)
  [trace step 1273] block 1: fast=178 medium=199 slow=135 | mean_alpha=0.2156 | mean_|grad|=0.000011 (n=1)
  [trace step 1273] block 2: fast=178 medium=200 slow=134 | mean_alpha=0.2155 | mean_|grad|=0.000011 (n=1)
  [trace step 1273] block 3: fast=179 medium=199 slow=134 | mean_alpha=0.2154 | mean_|grad|=0.000011 (n=1)
  [trace step 1273] block 4: fast=179 medium=199 slow=134 | mean_alpha=0.2153 | mean_|grad|=0.000018 (n=1)
  [trace step 1274] block 0: fast=178 medium=200 slow=134 | mean_alpha=0.2155 | mean_|grad|=0.000014 (n=1)
  [trace step 1274] block 1: fast=178 medium=199 slow=135 | mean_alpha=0.2156 | mean_|grad|=0.000013 (n=1)
  [trace step 1274] block 2: fast=178 medium=200 slow=134 | mean_alpha=0.2155 | mean_|grad|=0.000011 (n=1)
  [trace step 1274] block 3: fast=179 medium=199 slow=134 | mean_alpha=0.2154 | mean_|grad|=0.000011 (n=1)
  [trace step 1274] block 4: fast=179 medium=199 slow=134 | mean_alpha=0.2153 | mean_|grad|=0.000022 (n=1)
  [trace step 1275] block 0: fast=178 medium=200 slow=134 | mean_alpha=0.2155 | mean_|grad|=0.000015 (n=1)
  [trace step 1275] block 1: fast=178 medium=199 slow=135 | mean_alpha=0.2156 | mean_|grad|=0.000012 (n=1)
  [trace step 1275] block 2: fast=178 medium=200 slow=134 | mean_alpha=0.2155 | mean_|grad|=0.000010 (n=1)
  [trace step 1275] block 3: fast=179 medium=199 slow=134 | mean_alpha=0.2154 | mean_|grad|=0.000011 (n=1)
  [trace step 1275] block 4: fast=179 medium=199 slow=134 | mean_alpha=0.2153 | mean_|grad|=0.000022 (n=1)
  [trace step 1276] block 0: fast=178 medium=200 slow=134 | mean_alpha=0.2155 | mean_|grad|=0.000017 (n=1)
  [trace step 1276] block 1: fast=178 medium=199 slow=135 | mean_alpha=0.2156 | mean_|grad|=0.000012 (n=1)
  [trace step 1276] block 2: fast=178 medium=200 slow=134 | mean_alpha=0.2155 | mean_|grad|=0.000012 (n=1)
  [trace step 1276] block 3: fast=179 medium=199 slow=134 | mean_alpha=0.2154 | mean_|grad|=0.000012 (n=1)
  [trace step 1276] block 4: fast=179 medium=199 slow=134 | mean_alpha=0.2153 | mean_|grad|=0.000035 (n=1)
  [trace step 1277] block 0: fast=178 medium=200 slow=134 | mean_alpha=0.2155 | mean_|grad|=0.000018 (n=1)
  [trace step 1277] block 1: fast=178 medium=199 slow=135 | mean_alpha=0.2156 | mean_|grad|=0.000015 (n=1)
  [trace step 1277] block 2: fast=178 medium=200 slow=134 | mean_alpha=0.2155 | mean_|grad|=0.000014 (n=1)
  [trace step 1277] block 3: fast=179 medium=199 slow=134 | mean_alpha=0.2154 | mean_|grad|=0.000014 (n=1)
  [trace step 1277] block 4: fast=179 medium=199 slow=134 | mean_alpha=0.2153 | mean_|grad|=0.000047 (n=1)
  [trace step 1278] block 0: fast=178 medium=200 slow=134 | mean_alpha=0.2155 | mean_|grad|=0.000017 (n=1)
  [trace step 1278] block 1: fast=178 medium=199 slow=135 | mean_alpha=0.2156 | mean_|grad|=0.000015 (n=1)
  [trace step 1278] block 2: fast=178 medium=200 slow=134 | mean_alpha=0.2155 | mean_|grad|=0.000015 (n=1)
  [trace step 1278] block 3: fast=179 medium=199 slow=134 | mean_alpha=0.2154 | mean_|grad|=0.000014 (n=1)
  [trace step 1278] block 4: fast=179 medium=199 slow=134 | mean_alpha=0.2153 | mean_|grad|=0.000025 (n=1)
  [trace step 1279] block 0: fast=178 medium=200 slow=134 | mean_alpha=0.2155 | mean_|grad|=0.000017 (n=1)
  [trace step 1279] block 1: fast=178 medium=199 slow=135 | mean_alpha=0.2156 | mean_|grad|=0.000016 (n=1)
  [trace step 1279] block 2: fast=178 medium=200 slow=134 | mean_alpha=0.2155 | mean_|grad|=0.000014 (n=1)
  [trace step 1279] block 3: fast=179 medium=199 slow=134 | mean_alpha=0.2154 | mean_|grad|=0.000013 (n=1)
  [trace step 1279] block 4: fast=179 medium=199 slow=134 | mean_alpha=0.2153 | mean_|grad|=0.000036 (n=1)
  [trace step 1280] block 0: fast=178 medium=200 slow=134 | mean_alpha=0.2155 | mean_|grad|=0.000018 (n=1)
  [trace step 1280] block 1: fast=178 medium=199 slow=135 | mean_alpha=0.2156 | mean_|grad|=0.000017 (n=1)
  [trace step 1280] block 2: fast=178 medium=200 slow=134 | mean_alpha=0.2155 | mean_|grad|=0.000017 (n=1)
  [trace step 1280] block 3: fast=179 medium=199 slow=134 | mean_alpha=0.2154 | mean_|grad|=0.000014 (n=1)
  [trace step 1280] block 4: fast=179 medium=199 slow=134 | mean_alpha=0.2153 | mean_|grad|=0.000031 (n=1)
  [trace step 1281] block 0: fast=178 medium=200 slow=134 | mean_alpha=0.2155 | mean_|grad|=0.000023 (n=1)
  [trace step 1281] block 1: fast=178 medium=199 slow=135 | mean_alpha=0.2156 | mean_|grad|=0.000017 (n=1)
  [trace step 1281] block 2: fast=178 medium=200 slow=134 | mean_alpha=0.2155 | mean_|grad|=0.000018 (n=1)
  [trace step 1281] block 3: fast=179 medium=199 slow=134 | mean_alpha=0.2154 | mean_|grad|=0.000015 (n=1)
  [trace step 1281] block 4: fast=179 medium=199 slow=134 | mean_alpha=0.2153 | mean_|grad|=0.000028 (n=1)
  [trace step 1282] block 0: fast=178 medium=200 slow=134 | mean_alpha=0.2155 | mean_|grad|=0.000023 (n=1)
  [trace step 1282] block 1: fast=178 medium=199 slow=135 | mean_alpha=0.2156 | mean_|grad|=0.000020 (n=1)
  [trace step 1282] block 2: fast=178 medium=200 slow=134 | mean_alpha=0.2155 | mean_|grad|=0.000021 (n=1)
  [trace step 1282] block 3: fast=179 medium=199 slow=134 | mean_alpha=0.2154 | mean_|grad|=0.000019 (n=1)
  [trace step 1282] block 4: fast=179 medium=199 slow=134 | mean_alpha=0.2153 | mean_|grad|=0.000040 (n=1)
  [trace step 1283] block 0: fast=178 medium=200 slow=134 | mean_alpha=0.2155 | mean_|grad|=0.000025 (n=1)
  [trace step 1283] block 1: fast=178 medium=199 slow=135 | mean_alpha=0.2156 | mean_|grad|=0.000022 (n=1)
  [trace step 1283] block 2: fast=178 medium=200 slow=134 | mean_alpha=0.2155 | mean_|grad|=0.000019 (n=1)
  [trace step 1283] block 3: fast=179 medium=199 slow=134 | mean_alpha=0.2154 | mean_|grad|=0.000020 (n=1)
  [trace step 1283] block 4: fast=179 medium=199 slow=134 | mean_alpha=0.2153 | mean_|grad|=0.000050 (n=1)
  [trace step 1284] block 0: fast=178 medium=200 slow=134 | mean_alpha=0.2155 | mean_|grad|=0.000027 (n=1)
  [trace step 1284] block 1: fast=178 medium=199 slow=135 | mean_alpha=0.2156 | mean_|grad|=0.000025 (n=1)
  [trace step 1284] block 2: fast=178 medium=200 slow=134 | mean_alpha=0.2155 | mean_|grad|=0.000024 (n=1)
  [trace step 1284] block 3: fast=179 medium=199 slow=134 | mean_alpha=0.2154 | mean_|grad|=0.000022 (n=1)
  [trace step 1284] block 4: fast=179 medium=199 slow=134 | mean_alpha=0.2153 | mean_|grad|=0.000066 (n=1)
  [trace step 1285] block 0: fast=178 medium=200 slow=134 | mean_alpha=0.2155 | mean_|grad|=0.000024 (n=1)
  [trace step 1285] block 1: fast=178 medium=199 slow=135 | mean_alpha=0.2156 | mean_|grad|=0.000022 (n=1)
  [trace step 1285] block 2: fast=178 medium=200 slow=134 | mean_alpha=0.2155 | mean_|grad|=0.000021 (n=1)
  [trace step 1285] block 3: fast=179 medium=199 slow=134 | mean_alpha=0.2154 | mean_|grad|=0.000019 (n=1)
  [trace step 1285] block 4: fast=179 medium=199 slow=134 | mean_alpha=0.2153 | mean_|grad|=0.000044 (n=1)
  [trace step 1286] block 0: fast=178 medium=200 slow=134 | mean_alpha=0.2155 | mean_|grad|=0.000023 (n=1)
  [trace step 1286] block 1: fast=178 medium=199 slow=135 | mean_alpha=0.2156 | mean_|grad|=0.000024 (n=1)
  [trace step 1286] block 2: fast=178 medium=200 slow=134 | mean_alpha=0.2155 | mean_|grad|=0.000022 (n=1)
  [trace step 1286] block 3: fast=179 medium=199 slow=134 | mean_alpha=0.2154 | mean_|grad|=0.000019 (n=1)
  [trace step 1286] block 4: fast=179 medium=199 slow=134 | mean_alpha=0.2153 | mean_|grad|=0.000038 (n=1)
  [trace step 1287] block 0: fast=178 medium=200 slow=134 | mean_alpha=0.2155 | mean_|grad|=0.000023 (n=1)
  [trace step 1287] block 1: fast=178 medium=199 slow=135 | mean_alpha=0.2156 | mean_|grad|=0.000022 (n=1)
  [trace step 1287] block 2: fast=178 medium=200 slow=134 | mean_alpha=0.2155 | mean_|grad|=0.000019 (n=1)
  [trace step 1287] block 3: fast=179 medium=199 slow=134 | mean_alpha=0.2154 | mean_|grad|=0.000020 (n=1)
  [trace step 1287] block 4: fast=179 medium=199 slow=134 | mean_alpha=0.2153 | mean_|grad|=0.000040 (n=1)
  [trace step 1288] block 0: fast=178 medium=200 slow=134 | mean_alpha=0.2155 | mean_|grad|=0.000024 (n=1)
  [trace step 1288] block 1: fast=178 medium=199 slow=135 | mean_alpha=0.2156 | mean_|grad|=0.000023 (n=1)
  [trace step 1288] block 2: fast=178 medium=200 slow=134 | mean_alpha=0.2155 | mean_|grad|=0.000020 (n=1)
  [trace step 1288] block 3: fast=179 medium=199 slow=134 | mean_alpha=0.2154 | mean_|grad|=0.000021 (n=1)
  [trace step 1288] block 4: fast=179 medium=199 slow=134 | mean_alpha=0.2153 | mean_|grad|=0.000032 (n=1)
  [trace step 1289] block 0: fast=178 medium=200 slow=134 | mean_alpha=0.2155 | mean_|grad|=0.000028 (n=1)
  [trace step 1289] block 1: fast=178 medium=199 slow=135 | mean_alpha=0.2156 | mean_|grad|=0.000023 (n=1)
  [trace step 1289] block 2: fast=178 medium=200 slow=134 | mean_alpha=0.2155 | mean_|grad|=0.000022 (n=1)
  [trace step 1289] block 3: fast=179 medium=199 slow=134 | mean_alpha=0.2154 | mean_|grad|=0.000018 (n=1)
  [trace step 1289] block 4: fast=179 medium=199 slow=134 | mean_alpha=0.2153 | mean_|grad|=0.000049 (n=1)
  [trace step 1290] block 0: fast=178 medium=200 slow=134 | mean_alpha=0.2155 | mean_|grad|=0.000029 (n=1)
  [trace step 1290] block 1: fast=178 medium=199 slow=135 | mean_alpha=0.2156 | mean_|grad|=0.000022 (n=1)
  [trace step 1290] block 2: fast=178 medium=200 slow=134 | mean_alpha=0.2155 | mean_|grad|=0.000023 (n=1)
  [trace step 1290] block 3: fast=179 medium=199 slow=134 | mean_alpha=0.2154 | mean_|grad|=0.000019 (n=1)
  [trace step 1290] block 4: fast=179 medium=199 slow=134 | mean_alpha=0.2153 | mean_|grad|=0.000045 (n=1)
  [trace step 1291] block 0: fast=178 medium=200 slow=134 | mean_alpha=0.2155 | mean_|grad|=0.000024 (n=1)
  [trace step 1291] block 1: fast=178 medium=199 slow=135 | mean_alpha=0.2156 | mean_|grad|=0.000027 (n=1)
  [trace step 1291] block 2: fast=178 medium=200 slow=134 | mean_alpha=0.2155 | mean_|grad|=0.000023 (n=1)
  [trace step 1291] block 3: fast=179 medium=199 slow=134 | mean_alpha=0.2154 | mean_|grad|=0.000025 (n=1)
  [trace step 1291] block 4: fast=179 medium=199 slow=134 | mean_alpha=0.2153 | mean_|grad|=0.000047 (n=1)
  [trace step 1292] block 0: fast=178 medium=200 slow=134 | mean_alpha=0.2155 | mean_|grad|=0.000027 (n=1)
  [trace step 1292] block 1: fast=178 medium=199 slow=135 | mean_alpha=0.2156 | mean_|grad|=0.000023 (n=1)
  [trace step 1292] block 2: fast=178 medium=200 slow=134 | mean_alpha=0.2155 | mean_|grad|=0.000020 (n=1)
  [trace step 1292] block 3: fast=179 medium=199 slow=134 | mean_alpha=0.2154 | mean_|grad|=0.000018 (n=1)
  [trace step 1292] block 4: fast=179 medium=199 slow=134 | mean_alpha=0.2153 | mean_|grad|=0.000045 (n=1)
  [trace step 1293] block 0: fast=178 medium=200 slow=134 | mean_alpha=0.2155 | mean_|grad|=0.000034 (n=1)
  [trace step 1293] block 1: fast=178 medium=199 slow=135 | mean_alpha=0.2156 | mean_|grad|=0.000026 (n=1)
  [trace step 1293] block 2: fast=178 medium=200 slow=134 | mean_alpha=0.2155 | mean_|grad|=0.000027 (n=1)
  [trace step 1293] block 3: fast=179 medium=199 slow=134 | mean_alpha=0.2154 | mean_|grad|=0.000026 (n=1)
  [trace step 1293] block 4: fast=179 medium=199 slow=134 | mean_alpha=0.2153 | mean_|grad|=0.000066 (n=1)
  [trace step 1294] block 0: fast=178 medium=200 slow=134 | mean_alpha=0.2155 | mean_|grad|=0.000026 (n=1)
  [trace step 1294] block 1: fast=178 medium=199 slow=135 | mean_alpha=0.2156 | mean_|grad|=0.000023 (n=1)
  [trace step 1294] block 2: fast=178 medium=200 slow=134 | mean_alpha=0.2155 | mean_|grad|=0.000024 (n=1)
  [trace step 1294] block 3: fast=179 medium=199 slow=134 | mean_alpha=0.2154 | mean_|grad|=0.000022 (n=1)
  [trace step 1294] block 4: fast=179 medium=199 slow=134 | mean_alpha=0.2153 | mean_|grad|=0.000062 (n=1)
  [trace step 1295] block 0: fast=178 medium=200 slow=134 | mean_alpha=0.2155 | mean_|grad|=0.000023 (n=1)
  [trace step 1295] block 1: fast=178 medium=199 slow=135 | mean_alpha=0.2156 | mean_|grad|=0.000021 (n=1)
  [trace step 1295] block 2: fast=178 medium=200 slow=134 | mean_alpha=0.2155 | mean_|grad|=0.000021 (n=1)
  [trace step 1295] block 3: fast=179 medium=199 slow=134 | mean_alpha=0.2154 | mean_|grad|=0.000020 (n=1)
  [trace step 1295] block 4: fast=179 medium=199 slow=134 | mean_alpha=0.2153 | mean_|grad|=0.000050 (n=1)
  [trace step 1296] block 0: fast=178 medium=200 slow=134 | mean_alpha=0.2155 | mean_|grad|=0.000026 (n=1)
  [trace step 1296] block 1: fast=178 medium=199 slow=135 | mean_alpha=0.2156 | mean_|grad|=0.000022 (n=1)
  [trace step 1296] block 2: fast=178 medium=200 slow=134 | mean_alpha=0.2155 | mean_|grad|=0.000018 (n=1)
  [trace step 1296] block 3: fast=179 medium=199 slow=134 | mean_alpha=0.2154 | mean_|grad|=0.000018 (n=1)
  [trace step 1296] block 4: fast=179 medium=199 slow=134 | mean_alpha=0.2153 | mean_|grad|=0.000048 (n=1)
  [trace step 1297] block 0: fast=178 medium=200 slow=134 | mean_alpha=0.2155 | mean_|grad|=0.000020 (n=1)
  [trace step 1297] block 1: fast=178 medium=199 slow=135 | mean_alpha=0.2156 | mean_|grad|=0.000020 (n=1)
  [trace step 1297] block 2: fast=178 medium=200 slow=134 | mean_alpha=0.2155 | mean_|grad|=0.000019 (n=1)
  [trace step 1297] block 3: fast=179 medium=199 slow=134 | mean_alpha=0.2154 | mean_|grad|=0.000018 (n=1)
  [trace step 1297] block 4: fast=179 medium=199 slow=134 | mean_alpha=0.2153 | mean_|grad|=0.000056 (n=1)
  [trace step 1298] block 0: fast=178 medium=200 slow=134 | mean_alpha=0.2155 | mean_|grad|=0.000018 (n=1)
  [trace step 1298] block 1: fast=178 medium=199 slow=135 | mean_alpha=0.2156 | mean_|grad|=0.000015 (n=1)
  [trace step 1298] block 2: fast=178 medium=200 slow=134 | mean_alpha=0.2155 | mean_|grad|=0.000015 (n=1)
  [trace step 1298] block 3: fast=179 medium=199 slow=134 | mean_alpha=0.2154 | mean_|grad|=0.000014 (n=1)
  [trace step 1298] block 4: fast=179 medium=199 slow=134 | mean_alpha=0.2153 | mean_|grad|=0.000034 (n=1)
  [trace step 1299] block 0: fast=178 medium=200 slow=134 | mean_alpha=0.2155 | mean_|grad|=0.000016 (n=1)
  [trace step 1299] block 1: fast=178 medium=199 slow=135 | mean_alpha=0.2156 | mean_|grad|=0.000015 (n=1)
  [trace step 1299] block 2: fast=178 medium=200 slow=134 | mean_alpha=0.2155 | mean_|grad|=0.000013 (n=1)
  [trace step 1299] block 3: fast=179 medium=199 slow=134 | mean_alpha=0.2154 | mean_|grad|=0.000013 (n=1)
  [trace step 1299] block 4: fast=179 medium=199 slow=134 | mean_alpha=0.2153 | mean_|grad|=0.000029 (n=1)
  [trace step 1300] block 0: fast=178 medium=200 slow=134 | mean_alpha=0.2155 | mean_|grad|=0.000016 (n=1)
  [trace step 1300] block 1: fast=178 medium=199 slow=135 | mean_alpha=0.2156 | mean_|grad|=0.000013 (n=1)
  [trace step 1300] block 2: fast=178 medium=200 slow=134 | mean_alpha=0.2155 | mean_|grad|=0.000011 (n=1)
  [trace step 1300] block 3: fast=179 medium=199 slow=134 | mean_alpha=0.2154 | mean_|grad|=0.000011 (n=1)
  [trace step 1300] block 4: fast=179 medium=199 slow=134 | mean_alpha=0.2153 | mean_|grad|=0.000040 (n=1)
  [r2c trace step 1300] block 0: z mean=1.0333 s mean=0.7507 min=0.7420 max=0.7594 closed=0/512 open=0/512 | mean|s*read|=0.281909 | mean|g| ar=2.30e-5 ib=1.92e-5 z=7.34e-6 (n=50)
  [r2c trace step 1300] block 1: z mean=1.0252 s mean=0.7492 min=0.7432 max=0.7593 closed=0/512 open=0/512 | mean|s*read|=0.471116 | mean|g| ar=2.08e-5 ib=1.68e-5 z=8.02e-7 (n=50)
  [r2c trace step 1300] block 2: z mean=1.0220 s mean=0.7486 min=0.7422 max=0.7554 closed=0/512 open=0/512 | mean|s*read|=0.536108 | mean|g| ar=1.97e-5 ib=1.30e-5 z=6.87e-7 (n=50)
  [r2c trace step 1300] block 3: z mean=1.0207 s mean=0.7484 min=0.7412 max=0.7552 closed=0/512 open=0/512 | mean|s*read|=0.617095 | mean|g| ar=1.90e-5 ib=1.10e-5 z=1.13e-6 (n=50)
  [r2c trace step 1300] block 4: z mean=1.0197 s mean=0.7482 min=0.7399 max=0.7548 closed=0/512 open=0/512 | mean|s*read|=0.771047 | mean|g| ar=1.85e-5 ib=8.15e-6 z=5.28e-7 (n=50)
  [trace step 1301] block 0: fast=178 medium=200 slow=134 | mean_alpha=0.2155 | mean_|grad|=0.000013 (n=1)
  [trace step 1301] block 1: fast=178 medium=199 slow=135 | mean_alpha=0.2156 | mean_|grad|=0.000012 (n=1)
  [trace step 1301] block 2: fast=178 medium=200 slow=134 | mean_alpha=0.2155 | mean_|grad|=0.000011 (n=1)
  [trace step 1301] block 3: fast=179 medium=199 slow=134 | mean_alpha=0.2154 | mean_|grad|=0.000010 (n=1)
  [trace step 1301] block 4: fast=179 medium=199 slow=134 | mean_alpha=0.2153 | mean_|grad|=0.000023 (n=1)
  [trace step 1302] block 0: fast=178 medium=200 slow=134 | mean_alpha=0.2155 | mean_|grad|=0.000012 (n=1)
  [trace step 1302] block 1: fast=178 medium=199 slow=135 | mean_alpha=0.2156 | mean_|grad|=0.000009 (n=1)
  [trace step 1302] block 2: fast=178 medium=200 slow=134 | mean_alpha=0.2155 | mean_|grad|=0.000010 (n=1)
  [trace step 1302] block 3: fast=179 medium=199 slow=134 | mean_alpha=0.2154 | mean_|grad|=0.000010 (n=1)
  [trace step 1302] block 4: fast=179 medium=199 slow=134 | mean_alpha=0.2153 | mean_|grad|=0.000016 (n=1)
  [trace step 1303] block 0: fast=178 medium=200 slow=134 | mean_alpha=0.2155 | mean_|grad|=0.000011 (n=1)
  [trace step 1303] block 1: fast=178 medium=199 slow=135 | mean_alpha=0.2156 | mean_|grad|=0.000009 (n=1)
  [trace step 1303] block 2: fast=178 medium=200 slow=134 | mean_alpha=0.2155 | mean_|grad|=0.000008 (n=1)
  [trace step 1303] block 3: fast=179 medium=199 slow=134 | mean_alpha=0.2154 | mean_|grad|=0.000008 (n=1)
  [trace step 1303] block 4: fast=179 medium=199 slow=134 | mean_alpha=0.2153 | mean_|grad|=0.000013 (n=1)
  [trace step 1304] block 0: fast=178 medium=200 slow=134 | mean_alpha=0.2155 | mean_|grad|=0.000010 (n=1)
  [trace step 1304] block 1: fast=178 medium=199 slow=135 | mean_alpha=0.2156 | mean_|grad|=0.000009 (n=1)
  [trace step 1304] block 2: fast=178 medium=200 slow=134 | mean_alpha=0.2155 | mean_|grad|=0.000008 (n=1)
  [trace step 1304] block 3: fast=179 medium=199 slow=134 | mean_alpha=0.2154 | mean_|grad|=0.000008 (n=1)
  [trace step 1304] block 4: fast=179 medium=199 slow=134 | mean_alpha=0.2153 | mean_|grad|=0.000017 (n=1)
  [trace step 1305] block 0: fast=178 medium=200 slow=134 | mean_alpha=0.2155 | mean_|grad|=0.000010 (n=1)
  [trace step 1305] block 1: fast=178 medium=199 slow=135 | mean_alpha=0.2156 | mean_|grad|=0.000009 (n=1)
  [trace step 1305] block 2: fast=178 medium=200 slow=134 | mean_alpha=0.2155 | mean_|grad|=0.000007 (n=1)
  [trace step 1305] block 3: fast=179 medium=199 slow=134 | mean_alpha=0.2154 | mean_|grad|=0.000008 (n=1)
  [trace step 1305] block 4: fast=179 medium=199 slow=134 | mean_alpha=0.2153 | mean_|grad|=0.000021 (n=1)
  [trace step 1306] block 0: fast=178 medium=200 slow=134 | mean_alpha=0.2155 | mean_|grad|=0.000011 (n=1)
  [trace step 1306] block 1: fast=178 medium=199 slow=135 | mean_alpha=0.2156 | mean_|grad|=0.000007 (n=1)
  [trace step 1306] block 2: fast=178 medium=200 slow=134 | mean_alpha=0.2155 | mean_|grad|=0.000007 (n=1)
  [trace step 1306] block 3: fast=179 medium=199 slow=134 | mean_alpha=0.2154 | mean_|grad|=0.000007 (n=1)
  [trace step 1306] block 4: fast=179 medium=199 slow=134 | mean_alpha=0.2153 | mean_|grad|=0.000018 (n=1)
  [trace step 1307] block 0: fast=178 medium=200 slow=134 | mean_alpha=0.2155 | mean_|grad|=0.000009 (n=1)
  [trace step 1307] block 1: fast=178 medium=199 slow=135 | mean_alpha=0.2156 | mean_|grad|=0.000008 (n=1)
  [trace step 1307] block 2: fast=178 medium=200 slow=134 | mean_alpha=0.2155 | mean_|grad|=0.000008 (n=1)
  [trace step 1307] block 3: fast=179 medium=199 slow=134 | mean_alpha=0.2154 | mean_|grad|=0.000008 (n=1)
  [trace step 1307] block 4: fast=179 medium=199 slow=134 | mean_alpha=0.2153 | mean_|grad|=0.000030 (n=1)
  [trace step 1308] block 0: fast=178 medium=200 slow=134 | mean_alpha=0.2155 | mean_|grad|=0.000010 (n=1)
  [trace step 1308] block 1: fast=178 medium=199 slow=135 | mean_alpha=0.2156 | mean_|grad|=0.000007 (n=1)
  [trace step 1308] block 2: fast=178 medium=200 slow=134 | mean_alpha=0.2155 | mean_|grad|=0.000006 (n=1)
  [trace step 1308] block 3: fast=179 medium=199 slow=134 | mean_alpha=0.2154 | mean_|grad|=0.000008 (n=1)
  [trace step 1308] block 4: fast=179 medium=199 slow=134 | mean_alpha=0.2153 | mean_|grad|=0.000027 (n=1)
  [trace step 1309] block 0: fast=178 medium=200 slow=134 | mean_alpha=0.2155 | mean_|grad|=0.000010 (n=1)
  [trace step 1309] block 1: fast=178 medium=199 slow=135 | mean_alpha=0.2156 | mean_|grad|=0.000008 (n=1)
  [trace step 1309] block 2: fast=178 medium=200 slow=134 | mean_alpha=0.2155 | mean_|grad|=0.000008 (n=1)
  [trace step 1309] block 3: fast=179 medium=199 slow=134 | mean_alpha=0.2154 | mean_|grad|=0.000008 (n=1)
  [trace step 1309] block 4: fast=179 medium=199 slow=134 | mean_alpha=0.2153 | mean_|grad|=0.000026 (n=1)
  [trace step 1310] block 0: fast=178 medium=200 slow=134 | mean_alpha=0.2155 | mean_|grad|=0.000009 (n=1)
  [trace step 1310] block 1: fast=178 medium=199 slow=135 | mean_alpha=0.2156 | mean_|grad|=0.000008 (n=1)
  [trace step 1310] block 2: fast=178 medium=200 slow=134 | mean_alpha=0.2155 | mean_|grad|=0.000007 (n=1)
  [trace step 1310] block 3: fast=179 medium=199 slow=134 | mean_alpha=0.2154 | mean_|grad|=0.000008 (n=1)
  [trace step 1310] block 4: fast=179 medium=199 slow=134 | mean_alpha=0.2153 | mean_|grad|=0.000015 (n=1)
  [trace step 1311] block 0: fast=178 medium=200 slow=134 | mean_alpha=0.2155 | mean_|grad|=0.000010 (n=1)
  [trace step 1311] block 1: fast=178 medium=199 slow=135 | mean_alpha=0.2156 | mean_|grad|=0.000008 (n=1)
  [trace step 1311] block 2: fast=178 medium=200 slow=134 | mean_alpha=0.2155 | mean_|grad|=0.000007 (n=1)
  [trace step 1311] block 3: fast=179 medium=199 slow=134 | mean_alpha=0.2154 | mean_|grad|=0.000008 (n=1)
  [trace step 1311] block 4: fast=179 medium=199 slow=134 | mean_alpha=0.2153 | mean_|grad|=0.000022 (n=1)
  [trace step 1312] block 0: fast=178 medium=200 slow=134 | mean_alpha=0.2155 | mean_|grad|=0.000008 (n=1)
  [trace step 1312] block 1: fast=178 medium=199 slow=135 | mean_alpha=0.2156 | mean_|grad|=0.000007 (n=1)
  [trace step 1312] block 2: fast=178 medium=200 slow=134 | mean_alpha=0.2155 | mean_|grad|=0.000007 (n=1)
  [trace step 1312] block 3: fast=179 medium=199 slow=134 | mean_alpha=0.2154 | mean_|grad|=0.000007 (n=1)
  [trace step 1312] block 4: fast=179 medium=199 slow=134 | mean_alpha=0.2153 | mean_|grad|=0.000013 (n=1)
  [trace step 1313] block 0: fast=178 medium=200 slow=134 | mean_alpha=0.2155 | mean_|grad|=0.000008 (n=1)
  [trace step 1313] block 1: fast=178 medium=199 slow=135 | mean_alpha=0.2156 | mean_|grad|=0.000006 (n=1)
  [trace step 1313] block 2: fast=178 medium=200 slow=134 | mean_alpha=0.2155 | mean_|grad|=0.000007 (n=1)
  [trace step 1313] block 3: fast=179 medium=199 slow=134 | mean_alpha=0.2154 | mean_|grad|=0.000007 (n=1)
  [trace step 1313] block 4: fast=179 medium=199 slow=134 | mean_alpha=0.2153 | mean_|grad|=0.000021 (n=1)
  [trace step 1314] block 0: fast=178 medium=200 slow=134 | mean_alpha=0.2155 | mean_|grad|=0.000012 (n=1)
  [trace step 1314] block 1: fast=178 medium=199 slow=135 | mean_alpha=0.2156 | mean_|grad|=0.000009 (n=1)
  [trace step 1314] block 2: fast=178 medium=200 slow=134 | mean_alpha=0.2155 | mean_|grad|=0.000009 (n=1)
  [trace step 1314] block 3: fast=179 medium=199 slow=134 | mean_alpha=0.2154 | mean_|grad|=0.000008 (n=1)
  [trace step 1314] block 4: fast=179 medium=199 slow=134 | mean_alpha=0.2153 | mean_|grad|=0.000033 (n=1)
  [trace step 1315] block 0: fast=178 medium=200 slow=134 | mean_alpha=0.2155 | mean_|grad|=0.000009 (n=1)
  [trace step 1315] block 1: fast=178 medium=199 slow=135 | mean_alpha=0.2156 | mean_|grad|=0.000006 (n=1)
  [trace step 1315] block 2: fast=178 medium=200 slow=134 | mean_alpha=0.2155 | mean_|grad|=0.000007 (n=1)
  [trace step 1315] block 3: fast=179 medium=199 slow=134 | mean_alpha=0.2154 | mean_|grad|=0.000006 (n=1)
  [trace step 1315] block 4: fast=179 medium=199 slow=134 | mean_alpha=0.2153 | mean_|grad|=0.000024 (n=1)
  [trace step 1316] block 0: fast=178 medium=200 slow=134 | mean_alpha=0.2155 | mean_|grad|=0.000008 (n=1)
  [trace step 1316] block 1: fast=178 medium=199 slow=135 | mean_alpha=0.2156 | mean_|grad|=0.000007 (n=1)
  [trace step 1316] block 2: fast=178 medium=200 slow=134 | mean_alpha=0.2155 | mean_|grad|=0.000007 (n=1)
  [trace step 1316] block 3: fast=179 medium=199 slow=134 | mean_alpha=0.2154 | mean_|grad|=0.000008 (n=1)
  [trace step 1316] block 4: fast=179 medium=199 slow=134 | mean_alpha=0.2153 | mean_|grad|=0.000024 (n=1)
  [trace step 1317] block 0: fast=178 medium=200 slow=134 | mean_alpha=0.2155 | mean_|grad|=0.000009 (n=1)
  [trace step 1317] block 1: fast=178 medium=199 slow=135 | mean_alpha=0.2156 | mean_|grad|=0.000007 (n=1)
  [trace step 1317] block 2: fast=178 medium=200 slow=134 | mean_alpha=0.2155 | mean_|grad|=0.000007 (n=1)
  [trace step 1317] block 3: fast=179 medium=199 slow=134 | mean_alpha=0.2154 | mean_|grad|=0.000008 (n=1)
  [trace step 1317] block 4: fast=179 medium=199 slow=134 | mean_alpha=0.2153 | mean_|grad|=0.000012 (n=1)
  [trace step 1318] block 0: fast=178 medium=200 slow=134 | mean_alpha=0.2155 | mean_|grad|=0.000011 (n=1)
  [trace step 1318] block 1: fast=178 medium=199 slow=135 | mean_alpha=0.2156 | mean_|grad|=0.000010 (n=1)
  [trace step 1318] block 2: fast=178 medium=200 slow=134 | mean_alpha=0.2155 | mean_|grad|=0.000008 (n=1)
  [trace step 1318] block 3: fast=179 medium=199 slow=134 | mean_alpha=0.2154 | mean_|grad|=0.000010 (n=1)
  [trace step 1318] block 4: fast=179 medium=199 slow=134 | mean_alpha=0.2153 | mean_|grad|=0.000021 (n=1)
  [trace step 1319] block 0: fast=178 medium=200 slow=134 | mean_alpha=0.2155 | mean_|grad|=0.000010 (n=1)
  [trace step 1319] block 1: fast=178 medium=199 slow=135 | mean_alpha=0.2156 | mean_|grad|=0.000010 (n=1)
  [trace step 1319] block 2: fast=178 medium=200 slow=134 | mean_alpha=0.2155 | mean_|grad|=0.000008 (n=1)
  [trace step 1319] block 3: fast=179 medium=199 slow=134 | mean_alpha=0.2154 | mean_|grad|=0.000008 (n=1)
  [trace step 1319] block 4: fast=179 medium=199 slow=134 | mean_alpha=0.2153 | mean_|grad|=0.000023 (n=1)
  [trace step 1320] block 0: fast=178 medium=200 slow=134 | mean_alpha=0.2155 | mean_|grad|=0.000009 (n=1)
  [trace step 1320] block 1: fast=178 medium=199 slow=135 | mean_alpha=0.2156 | mean_|grad|=0.000008 (n=1)
  [trace step 1320] block 2: fast=178 medium=200 slow=134 | mean_alpha=0.2155 | mean_|grad|=0.000008 (n=1)
  [trace step 1320] block 3: fast=179 medium=199 slow=134 | mean_alpha=0.2154 | mean_|grad|=0.000009 (n=1)
  [trace step 1320] block 4: fast=179 medium=199 slow=134 | mean_alpha=0.2153 | mean_|grad|=0.000029 (n=1)
  [trace step 1321] block 0: fast=178 medium=200 slow=134 | mean_alpha=0.2155 | mean_|grad|=0.000010 (n=1)
  [trace step 1321] block 1: fast=178 medium=199 slow=135 | mean_alpha=0.2156 | mean_|grad|=0.000008 (n=1)
  [trace step 1321] block 2: fast=178 medium=200 slow=134 | mean_alpha=0.2155 | mean_|grad|=0.000008 (n=1)
  [trace step 1321] block 3: fast=179 medium=199 slow=134 | mean_alpha=0.2154 | mean_|grad|=0.000009 (n=1)
  [trace step 1321] block 4: fast=179 medium=199 slow=134 | mean_alpha=0.2153 | mean_|grad|=0.000020 (n=1)
  [trace step 1322] block 0: fast=178 medium=200 slow=134 | mean_alpha=0.2155 | mean_|grad|=0.000013 (n=1)
  [trace step 1322] block 1: fast=178 medium=199 slow=135 | mean_alpha=0.2156 | mean_|grad|=0.000010 (n=1)
  [trace step 1322] block 2: fast=178 medium=200 slow=134 | mean_alpha=0.2155 | mean_|grad|=0.000009 (n=1)
  [trace step 1322] block 3: fast=179 medium=199 slow=134 | mean_alpha=0.2154 | mean_|grad|=0.000011 (n=1)
  [trace step 1322] block 4: fast=179 medium=199 slow=134 | mean_alpha=0.2153 | mean_|grad|=0.000033 (n=1)
  [trace step 1323] block 0: fast=178 medium=200 slow=134 | mean_alpha=0.2155 | mean_|grad|=0.000010 (n=1)
  [trace step 1323] block 1: fast=178 medium=199 slow=135 | mean_alpha=0.2156 | mean_|grad|=0.000009 (n=1)
  [trace step 1323] block 2: fast=178 medium=200 slow=134 | mean_alpha=0.2155 | mean_|grad|=0.000009 (n=1)
  [trace step 1323] block 3: fast=179 medium=199 slow=134 | mean_alpha=0.2154 | mean_|grad|=0.000009 (n=1)
  [trace step 1323] block 4: fast=179 medium=199 slow=134 | mean_alpha=0.2153 | mean_|grad|=0.000025 (n=1)
  [trace step 1324] block 0: fast=178 medium=200 slow=134 | mean_alpha=0.2155 | mean_|grad|=0.000012 (n=1)
  [trace step 1324] block 1: fast=178 medium=199 slow=135 | mean_alpha=0.2156 | mean_|grad|=0.000010 (n=1)
  [trace step 1324] block 2: fast=178 medium=200 slow=134 | mean_alpha=0.2155 | mean_|grad|=0.000008 (n=1)
  [trace step 1324] block 3: fast=179 medium=199 slow=134 | mean_alpha=0.2154 | mean_|grad|=0.000010 (n=1)
  [trace step 1324] block 4: fast=179 medium=199 slow=134 | mean_alpha=0.2153 | mean_|grad|=0.000023 (n=1)
  [trace step 1325] block 0: fast=178 medium=200 slow=134 | mean_alpha=0.2155 | mean_|grad|=0.000014 (n=1)
  [trace step 1325] block 1: fast=178 medium=199 slow=135 | mean_alpha=0.2156 | mean_|grad|=0.000010 (n=1)
  [trace step 1325] block 2: fast=178 medium=200 slow=134 | mean_alpha=0.2155 | mean_|grad|=0.000009 (n=1)
  [trace step 1325] block 3: fast=179 medium=199 slow=134 | mean_alpha=0.2154 | mean_|grad|=0.000010 (n=1)
  [trace step 1325] block 4: fast=179 medium=199 slow=134 | mean_alpha=0.2153 | mean_|grad|=0.000017 (n=1)
  [trace step 1326] block 0: fast=178 medium=200 slow=134 | mean_alpha=0.2155 | mean_|grad|=0.000011 (n=1)
  [trace step 1326] block 1: fast=178 medium=199 slow=135 | mean_alpha=0.2156 | mean_|grad|=0.000010 (n=1)
  [trace step 1326] block 2: fast=178 medium=200 slow=134 | mean_alpha=0.2155 | mean_|grad|=0.000010 (n=1)
  [trace step 1326] block 3: fast=179 medium=199 slow=134 | mean_alpha=0.2154 | mean_|grad|=0.000011 (n=1)
  [trace step 1326] block 4: fast=179 medium=199 slow=134 | mean_alpha=0.2153 | mean_|grad|=0.000021 (n=1)
  [trace step 1327] block 0: fast=178 medium=200 slow=134 | mean_alpha=0.2155 | mean_|grad|=0.000014 (n=1)
  [trace step 1327] block 1: fast=178 medium=199 slow=135 | mean_alpha=0.2156 | mean_|grad|=0.000011 (n=1)
  [trace step 1327] block 2: fast=178 medium=200 slow=134 | mean_alpha=0.2155 | mean_|grad|=0.000012 (n=1)
  [trace step 1327] block 3: fast=179 medium=199 slow=134 | mean_alpha=0.2154 | mean_|grad|=0.000010 (n=1)
  [trace step 1327] block 4: fast=179 medium=199 slow=134 | mean_alpha=0.2153 | mean_|grad|=0.000027 (n=1)
  [trace step 1328] block 0: fast=178 medium=200 slow=134 | mean_alpha=0.2155 | mean_|grad|=0.000013 (n=1)
  [trace step 1328] block 1: fast=178 medium=199 slow=135 | mean_alpha=0.2156 | mean_|grad|=0.000012 (n=1)
  [trace step 1328] block 2: fast=178 medium=200 slow=134 | mean_alpha=0.2155 | mean_|grad|=0.000011 (n=1)
  [trace step 1328] block 3: fast=179 medium=199 slow=134 | mean_alpha=0.2154 | mean_|grad|=0.000011 (n=1)
  [trace step 1328] block 4: fast=179 medium=199 slow=134 | mean_alpha=0.2153 | mean_|grad|=0.000022 (n=1)
  [trace step 1329] block 0: fast=178 medium=200 slow=134 | mean_alpha=0.2155 | mean_|grad|=0.000015 (n=1)
  [trace step 1329] block 1: fast=178 medium=199 slow=135 | mean_alpha=0.2156 | mean_|grad|=0.000013 (n=1)
  [trace step 1329] block 2: fast=178 medium=200 slow=134 | mean_alpha=0.2155 | mean_|grad|=0.000012 (n=1)
  [trace step 1329] block 3: fast=179 medium=199 slow=134 | mean_alpha=0.2154 | mean_|grad|=0.000012 (n=1)
  [trace step 1329] block 4: fast=179 medium=199 slow=134 | mean_alpha=0.2153 | mean_|grad|=0.000026 (n=1)
  [trace step 1330] block 0: fast=178 medium=200 slow=134 | mean_alpha=0.2155 | mean_|grad|=0.000013 (n=1)
  [trace step 1330] block 1: fast=178 medium=199 slow=135 | mean_alpha=0.2156 | mean_|grad|=0.000011 (n=1)
  [trace step 1330] block 2: fast=178 medium=200 slow=134 | mean_alpha=0.2155 | mean_|grad|=0.000012 (n=1)
  [trace step 1330] block 3: fast=179 medium=199 slow=134 | mean_alpha=0.2154 | mean_|grad|=0.000011 (n=1)
  [trace step 1330] block 4: fast=179 medium=199 slow=134 | mean_alpha=0.2153 | mean_|grad|=0.000031 (n=1)
  [trace step 1331] block 0: fast=178 medium=200 slow=134 | mean_alpha=0.2155 | mean_|grad|=0.000014 (n=1)
  [trace step 1331] block 1: fast=178 medium=199 slow=135 | mean_alpha=0.2156 | mean_|grad|=0.000012 (n=1)
  [trace step 1331] block 2: fast=178 medium=200 slow=134 | mean_alpha=0.2155 | mean_|grad|=0.000011 (n=1)
  [trace step 1331] block 3: fast=179 medium=199 slow=134 | mean_alpha=0.2154 | mean_|grad|=0.000011 (n=1)
  [trace step 1331] block 4: fast=179 medium=199 slow=134 | mean_alpha=0.2153 | mean_|grad|=0.000024 (n=1)
  [trace step 1332] block 0: fast=178 medium=200 slow=134 | mean_alpha=0.2155 | mean_|grad|=0.000013 (n=1)
  [trace step 1332] block 1: fast=178 medium=199 slow=135 | mean_alpha=0.2156 | mean_|grad|=0.000011 (n=1)
  [trace step 1332] block 2: fast=178 medium=200 slow=134 | mean_alpha=0.2155 | mean_|grad|=0.000010 (n=1)
  [trace step 1332] block 3: fast=179 medium=199 slow=134 | mean_alpha=0.2154 | mean_|grad|=0.000011 (n=1)
  [trace step 1332] block 4: fast=179 medium=199 slow=134 | mean_alpha=0.2153 | mean_|grad|=0.000025 (n=1)
  [trace step 1333] block 0: fast=178 medium=200 slow=134 | mean_alpha=0.2155 | mean_|grad|=0.000013 (n=1)
  [trace step 1333] block 1: fast=178 medium=199 slow=135 | mean_alpha=0.2156 | mean_|grad|=0.000011 (n=1)
  [trace step 1333] block 2: fast=178 medium=200 slow=134 | mean_alpha=0.2155 | mean_|grad|=0.000011 (n=1)
  [trace step 1333] block 3: fast=179 medium=199 slow=134 | mean_alpha=0.2154 | mean_|grad|=0.000012 (n=1)
  [trace step 1333] block 4: fast=179 medium=199 slow=134 | mean_alpha=0.2153 | mean_|grad|=0.000019 (n=1)
  [trace step 1334] block 0: fast=178 medium=200 slow=134 | mean_alpha=0.2155 | mean_|grad|=0.000012 (n=1)
  [trace step 1334] block 1: fast=178 medium=199 slow=135 | mean_alpha=0.2156 | mean_|grad|=0.000010 (n=1)
  [trace step 1334] block 2: fast=178 medium=200 slow=134 | mean_alpha=0.2155 | mean_|grad|=0.000011 (n=1)
  [trace step 1334] block 3: fast=179 medium=199 slow=134 | mean_alpha=0.2154 | mean_|grad|=0.000011 (n=1)
  [trace step 1334] block 4: fast=179 medium=199 slow=134 | mean_alpha=0.2153 | mean_|grad|=0.000032 (n=1)
  [trace step 1335] block 0: fast=178 medium=200 slow=134 | mean_alpha=0.2155 | mean_|grad|=0.000014 (n=1)
  [trace step 1335] block 1: fast=178 medium=199 slow=135 | mean_alpha=0.2156 | mean_|grad|=0.000011 (n=1)
  [trace step 1335] block 2: fast=178 medium=200 slow=134 | mean_alpha=0.2155 | mean_|grad|=0.000010 (n=1)
  [trace step 1335] block 3: fast=179 medium=199 slow=134 | mean_alpha=0.2154 | mean_|grad|=0.000012 (n=1)
  [trace step 1335] block 4: fast=179 medium=199 slow=134 | mean_alpha=0.2153 | mean_|grad|=0.000024 (n=1)
  [trace step 1336] block 0: fast=178 medium=200 slow=134 | mean_alpha=0.2155 | mean_|grad|=0.000013 (n=1)
  [trace step 1336] block 1: fast=178 medium=199 slow=135 | mean_alpha=0.2156 | mean_|grad|=0.000010 (n=1)
  [trace step 1336] block 2: fast=178 medium=200 slow=134 | mean_alpha=0.2155 | mean_|grad|=0.000010 (n=1)
  [trace step 1336] block 3: fast=179 medium=199 slow=134 | mean_alpha=0.2154 | mean_|grad|=0.000010 (n=1)
  [trace step 1336] block 4: fast=179 medium=199 slow=134 | mean_alpha=0.2153 | mean_|grad|=0.000025 (n=1)
  [trace step 1337] block 0: fast=178 medium=200 slow=134 | mean_alpha=0.2155 | mean_|grad|=0.000011 (n=1)
  [trace step 1337] block 1: fast=178 medium=199 slow=135 | mean_alpha=0.2156 | mean_|grad|=0.000009 (n=1)
  [trace step 1337] block 2: fast=178 medium=200 slow=134 | mean_alpha=0.2155 | mean_|grad|=0.000011 (n=1)
  [trace step 1337] block 3: fast=179 medium=199 slow=134 | mean_alpha=0.2154 | mean_|grad|=0.000010 (n=1)
  [trace step 1337] block 4: fast=179 medium=199 slow=134 | mean_alpha=0.2153 | mean_|grad|=0.000020 (n=1)
  [trace step 1338] block 0: fast=178 medium=200 slow=134 | mean_alpha=0.2155 | mean_|grad|=0.000013 (n=1)
  [trace step 1338] block 1: fast=178 medium=199 slow=135 | mean_alpha=0.2156 | mean_|grad|=0.000011 (n=1)
  [trace step 1338] block 2: fast=178 medium=200 slow=134 | mean_alpha=0.2155 | mean_|grad|=0.000010 (n=1)
  [trace step 1338] block 3: fast=179 medium=199 slow=134 | mean_alpha=0.2154 | mean_|grad|=0.000009 (n=1)
  [trace step 1338] block 4: fast=179 medium=199 slow=134 | mean_alpha=0.2153 | mean_|grad|=0.000020 (n=1)
  [trace step 1339] block 0: fast=178 medium=200 slow=134 | mean_alpha=0.2155 | mean_|grad|=0.000015 (n=1)
  [trace step 1339] block 1: fast=178 medium=199 slow=135 | mean_alpha=0.2156 | mean_|grad|=0.000011 (n=1)
  [trace step 1339] block 2: fast=178 medium=200 slow=134 | mean_alpha=0.2155 | mean_|grad|=0.000011 (n=1)
  [trace step 1339] block 3: fast=179 medium=199 slow=134 | mean_alpha=0.2154 | mean_|grad|=0.000011 (n=1)
  [trace step 1339] block 4: fast=179 medium=199 slow=134 | mean_alpha=0.2153 | mean_|grad|=0.000028 (n=1)
  [trace step 1340] block 0: fast=178 medium=200 slow=134 | mean_alpha=0.2155 | mean_|grad|=0.000013 (n=1)
  [trace step 1340] block 1: fast=178 medium=199 slow=135 | mean_alpha=0.2156 | mean_|grad|=0.000010 (n=1)
  [trace step 1340] block 2: fast=178 medium=200 slow=134 | mean_alpha=0.2155 | mean_|grad|=0.000010 (n=1)
  [trace step 1340] block 3: fast=179 medium=199 slow=134 | mean_alpha=0.2154 | mean_|grad|=0.000011 (n=1)
  [trace step 1340] block 4: fast=179 medium=199 slow=134 | mean_alpha=0.2153 | mean_|grad|=0.000021 (n=1)
  [trace step 1341] block 0: fast=178 medium=200 slow=134 | mean_alpha=0.2155 | mean_|grad|=0.000012 (n=1)
  [trace step 1341] block 1: fast=178 medium=199 slow=135 | mean_alpha=0.2156 | mean_|grad|=0.000010 (n=1)
  [trace step 1341] block 2: fast=178 medium=200 slow=134 | mean_alpha=0.2155 | mean_|grad|=0.000010 (n=1)
  [trace step 1341] block 3: fast=179 medium=199 slow=134 | mean_alpha=0.2154 | mean_|grad|=0.000010 (n=1)
  [trace step 1341] block 4: fast=179 medium=199 slow=134 | mean_alpha=0.2153 | mean_|grad|=0.000021 (n=1)
  [trace step 1342] block 0: fast=178 medium=200 slow=134 | mean_alpha=0.2155 | mean_|grad|=0.000012 (n=1)
  [trace step 1342] block 1: fast=178 medium=199 slow=135 | mean_alpha=0.2156 | mean_|grad|=0.000011 (n=1)
  [trace step 1342] block 2: fast=178 medium=200 slow=134 | mean_alpha=0.2155 | mean_|grad|=0.000010 (n=1)
  [trace step 1342] block 3: fast=179 medium=199 slow=134 | mean_alpha=0.2154 | mean_|grad|=0.000010 (n=1)
  [trace step 1342] block 4: fast=179 medium=199 slow=134 | mean_alpha=0.2153 | mean_|grad|=0.000018 (n=1)
  [trace step 1343] block 0: fast=178 medium=200 slow=134 | mean_alpha=0.2155 | mean_|grad|=0.000013 (n=1)
  [trace step 1343] block 1: fast=178 medium=199 slow=135 | mean_alpha=0.2156 | mean_|grad|=0.000012 (n=1)
  [trace step 1343] block 2: fast=178 medium=200 slow=134 | mean_alpha=0.2155 | mean_|grad|=0.000009 (n=1)
  [trace step 1343] block 3: fast=179 medium=199 slow=134 | mean_alpha=0.2154 | mean_|grad|=0.000009 (n=1)
  [trace step 1343] block 4: fast=179 medium=199 slow=134 | mean_alpha=0.2153 | mean_|grad|=0.000023 (n=1)
  [trace step 1344] block 0: fast=178 medium=200 slow=134 | mean_alpha=0.2155 | mean_|grad|=0.000016 (n=1)
  [trace step 1344] block 1: fast=178 medium=199 slow=135 | mean_alpha=0.2156 | mean_|grad|=0.000012 (n=1)
  [trace step 1344] block 2: fast=178 medium=200 slow=134 | mean_alpha=0.2155 | mean_|grad|=0.000011 (n=1)
  [trace step 1344] block 3: fast=179 medium=199 slow=134 | mean_alpha=0.2154 | mean_|grad|=0.000012 (n=1)
  [trace step 1344] block 4: fast=179 medium=199 slow=134 | mean_alpha=0.2153 | mean_|grad|=0.000036 (n=1)
  [trace step 1345] block 0: fast=178 medium=200 slow=134 | mean_alpha=0.2155 | mean_|grad|=0.000016 (n=1)
  [trace step 1345] block 1: fast=178 medium=199 slow=135 | mean_alpha=0.2156 | mean_|grad|=0.000013 (n=1)
  [trace step 1345] block 2: fast=178 medium=200 slow=134 | mean_alpha=0.2155 | mean_|grad|=0.000012 (n=1)
  [trace step 1345] block 3: fast=179 medium=199 slow=134 | mean_alpha=0.2154 | mean_|grad|=0.000012 (n=1)
  [trace step 1345] block 4: fast=179 medium=199 slow=134 | mean_alpha=0.2153 | mean_|grad|=0.000042 (n=1)
  [trace step 1346] block 0: fast=178 medium=200 slow=134 | mean_alpha=0.2155 | mean_|grad|=0.000014 (n=1)
  [trace step 1346] block 1: fast=178 medium=199 slow=135 | mean_alpha=0.2156 | mean_|grad|=0.000011 (n=1)
  [trace step 1346] block 2: fast=178 medium=200 slow=134 | mean_alpha=0.2155 | mean_|grad|=0.000010 (n=1)
  [trace step 1346] block 3: fast=179 medium=199 slow=134 | mean_alpha=0.2154 | mean_|grad|=0.000012 (n=1)
  [trace step 1346] block 4: fast=179 medium=199 slow=134 | mean_alpha=0.2153 | mean_|grad|=0.000023 (n=1)
  [trace step 1347] block 0: fast=178 medium=200 slow=134 | mean_alpha=0.2155 | mean_|grad|=0.000014 (n=1)
  [trace step 1347] block 1: fast=178 medium=199 slow=135 | mean_alpha=0.2156 | mean_|grad|=0.000013 (n=1)
  [trace step 1347] block 2: fast=178 medium=200 slow=134 | mean_alpha=0.2155 | mean_|grad|=0.000013 (n=1)
  [trace step 1347] block 3: fast=179 medium=199 slow=134 | mean_alpha=0.2154 | mean_|grad|=0.000011 (n=1)
  [trace step 1347] block 4: fast=179 medium=199 slow=134 | mean_alpha=0.2153 | mean_|grad|=0.000020 (n=1)
  [trace step 1348] block 0: fast=178 medium=200 slow=134 | mean_alpha=0.2155 | mean_|grad|=0.000013 (n=1)
  [trace step 1348] block 1: fast=178 medium=199 slow=135 | mean_alpha=0.2156 | mean_|grad|=0.000012 (n=1)
  [trace step 1348] block 2: fast=178 medium=200 slow=134 | mean_alpha=0.2155 | mean_|grad|=0.000013 (n=1)
  [trace step 1348] block 3: fast=179 medium=199 slow=134 | mean_alpha=0.2154 | mean_|grad|=0.000010 (n=1)
  [trace step 1348] block 4: fast=179 medium=199 slow=134 | mean_alpha=0.2153 | mean_|grad|=0.000027 (n=1)
  [trace step 1349] block 0: fast=178 medium=200 slow=134 | mean_alpha=0.2155 | mean_|grad|=0.000016 (n=1)
  [trace step 1349] block 1: fast=178 medium=199 slow=135 | mean_alpha=0.2156 | mean_|grad|=0.000017 (n=1)
  [trace step 1349] block 2: fast=178 medium=200 slow=134 | mean_alpha=0.2155 | mean_|grad|=0.000015 (n=1)
  [trace step 1349] block 3: fast=179 medium=199 slow=134 | mean_alpha=0.2154 | mean_|grad|=0.000013 (n=1)
  [trace step 1349] block 4: fast=179 medium=199 slow=134 | mean_alpha=0.2153 | mean_|grad|=0.000044 (n=1)
  [trace step 1350] block 0: fast=177 medium=201 slow=134 | mean_alpha=0.2155 | mean_|grad|=0.000015 (n=1)
  [trace step 1350] block 1: fast=178 medium=199 slow=135 | mean_alpha=0.2156 | mean_|grad|=0.000014 (n=1)
  [trace step 1350] block 2: fast=178 medium=200 slow=134 | mean_alpha=0.2155 | mean_|grad|=0.000014 (n=1)
  [trace step 1350] block 3: fast=179 medium=199 slow=134 | mean_alpha=0.2154 | mean_|grad|=0.000012 (n=1)
  [trace step 1350] block 4: fast=179 medium=199 slow=134 | mean_alpha=0.2153 | mean_|grad|=0.000036 (n=1)
  [r2c trace step 1350] block 0: z mean=1.0337 s mean=0.7507 min=0.7419 max=0.7597 closed=0/512 open=0/512 | mean|s*read|=0.281170 | mean|g| ar=2.05e-5 ib=1.72e-5 z=6.30e-6 (n=50)
  [r2c trace step 1350] block 1: z mean=1.0258 s mean=0.7493 min=0.7430 max=0.7602 closed=0/512 open=0/512 | mean|s*read|=0.428953 | mean|g| ar=1.86e-5 ib=1.53e-5 z=6.80e-7 (n=50)
  [r2c trace step 1350] block 2: z mean=1.0224 s mean=0.7487 min=0.7422 max=0.7561 closed=0/512 open=0/512 | mean|s*read|=0.482956 | mean|g| ar=1.80e-5 ib=1.21e-5 z=5.62e-7 (n=50)
  [r2c trace step 1350] block 3: z mean=1.0210 s mean=0.7484 min=0.7411 max=0.7554 closed=0/512 open=0/512 | mean|s*read|=0.602663 | mean|g| ar=1.85e-5 ib=1.05e-5 z=8.66e-7 (n=50)
  [r2c trace step 1350] block 4: z mean=1.0197 s mean=0.7482 min=0.7394 max=0.7550 closed=0/512 open=0/512 | mean|s*read|=0.804446 | mean|g| ar=2.05e-5 ib=9.21e-6 z=3.39e-7 (n=50)
  [trace step 1351] block 0: fast=177 medium=201 slow=134 | mean_alpha=0.2155 | mean_|grad|=0.000019 (n=1)
  [trace step 1351] block 1: fast=178 medium=199 slow=135 | mean_alpha=0.2156 | mean_|grad|=0.000015 (n=1)
  [trace step 1351] block 2: fast=178 medium=200 slow=134 | mean_alpha=0.2155 | mean_|grad|=0.000013 (n=1)
  [trace step 1351] block 3: fast=179 medium=199 slow=134 | mean_alpha=0.2154 | mean_|grad|=0.000016 (n=1)
  [trace step 1351] block 4: fast=179 medium=199 slow=134 | mean_alpha=0.2153 | mean_|grad|=0.000028 (n=1)
  [trace step 1352] block 0: fast=177 medium=201 slow=134 | mean_alpha=0.2155 | mean_|grad|=0.000019 (n=1)
  [trace step 1352] block 1: fast=178 medium=199 slow=135 | mean_alpha=0.2156 | mean_|grad|=0.000017 (n=1)
  [trace step 1352] block 2: fast=178 medium=200 slow=134 | mean_alpha=0.2155 | mean_|grad|=0.000015 (n=1)
  [trace step 1352] block 3: fast=179 medium=199 slow=134 | mean_alpha=0.2154 | mean_|grad|=0.000014 (n=1)
  [trace step 1352] block 4: fast=179 medium=199 slow=134 | mean_alpha=0.2153 | mean_|grad|=0.000039 (n=1)
  [trace step 1353] block 0: fast=177 medium=201 slow=134 | mean_alpha=0.2155 | mean_|grad|=0.000019 (n=1)
  [trace step 1353] block 1: fast=177 medium=200 slow=135 | mean_alpha=0.2156 | mean_|grad|=0.000015 (n=1)
  [trace step 1353] block 2: fast=178 medium=200 slow=134 | mean_alpha=0.2155 | mean_|grad|=0.000013 (n=1)
  [trace step 1353] block 3: fast=179 medium=199 slow=134 | mean_alpha=0.2154 | mean_|grad|=0.000014 (n=1)
  [trace step 1353] block 4: fast=179 medium=199 slow=134 | mean_alpha=0.2153 | mean_|grad|=0.000037 (n=1)
  [trace step 1354] block 0: fast=177 medium=201 slow=134 | mean_alpha=0.2155 | mean_|grad|=0.000019 (n=1)
  [trace step 1354] block 1: fast=177 medium=200 slow=135 | mean_alpha=0.2156 | mean_|grad|=0.000017 (n=1)
  [trace step 1354] block 2: fast=178 medium=200 slow=134 | mean_alpha=0.2155 | mean_|grad|=0.000015 (n=1)
  [trace step 1354] block 3: fast=179 medium=199 slow=134 | mean_alpha=0.2154 | mean_|grad|=0.000013 (n=1)
  [trace step 1354] block 4: fast=179 medium=199 slow=134 | mean_alpha=0.2153 | mean_|grad|=0.000030 (n=1)
  [trace step 1355] block 0: fast=177 medium=201 slow=134 | mean_alpha=0.2155 | mean_|grad|=0.000019 (n=1)
  [trace step 1355] block 1: fast=177 medium=200 slow=135 | mean_alpha=0.2156 | mean_|grad|=0.000014 (n=1)
  [trace step 1355] block 2: fast=178 medium=200 slow=134 | mean_alpha=0.2155 | mean_|grad|=0.000014 (n=1)
  [trace step 1355] block 3: fast=179 medium=199 slow=134 | mean_alpha=0.2154 | mean_|grad|=0.000013 (n=1)
  [trace step 1355] block 4: fast=179 medium=199 slow=134 | mean_alpha=0.2153 | mean_|grad|=0.000027 (n=1)
  [trace step 1356] block 0: fast=177 medium=201 slow=134 | mean_alpha=0.2155 | mean_|grad|=0.000017 (n=1)
  [trace step 1356] block 1: fast=177 medium=200 slow=135 | mean_alpha=0.2156 | mean_|grad|=0.000015 (n=1)
  [trace step 1356] block 2: fast=178 medium=200 slow=134 | mean_alpha=0.2155 | mean_|grad|=0.000013 (n=1)
  [trace step 1356] block 3: fast=179 medium=199 slow=134 | mean_alpha=0.2154 | mean_|grad|=0.000014 (n=1)
  [trace step 1356] block 4: fast=179 medium=199 slow=134 | mean_alpha=0.2153 | mean_|grad|=0.000027 (n=1)
  [trace step 1357] block 0: fast=177 medium=201 slow=134 | mean_alpha=0.2155 | mean_|grad|=0.000017 (n=1)
  [trace step 1357] block 1: fast=177 medium=200 slow=135 | mean_alpha=0.2156 | mean_|grad|=0.000016 (n=1)
  [trace step 1357] block 2: fast=178 medium=200 slow=134 | mean_alpha=0.2155 | mean_|grad|=0.000012 (n=1)
  [trace step 1357] block 3: fast=179 medium=199 slow=134 | mean_alpha=0.2154 | mean_|grad|=0.000013 (n=1)
  [trace step 1357] block 4: fast=179 medium=199 slow=134 | mean_alpha=0.2153 | mean_|grad|=0.000028 (n=1)
  [trace step 1358] block 0: fast=177 medium=201 slow=134 | mean_alpha=0.2155 | mean_|grad|=0.000016 (n=1)
  [trace step 1358] block 1: fast=177 medium=200 slow=135 | mean_alpha=0.2156 | mean_|grad|=0.000014 (n=1)
  [trace step 1358] block 2: fast=178 medium=200 slow=134 | mean_alpha=0.2155 | mean_|grad|=0.000012 (n=1)
  [trace step 1358] block 3: fast=179 medium=199 slow=134 | mean_alpha=0.2154 | mean_|grad|=0.000011 (n=1)
  [trace step 1358] block 4: fast=179 medium=199 slow=134 | mean_alpha=0.2153 | mean_|grad|=0.000033 (n=1)
  [trace step 1359] block 0: fast=177 medium=201 slow=134 | mean_alpha=0.2155 | mean_|grad|=0.000015 (n=1)
  [trace step 1359] block 1: fast=177 medium=200 slow=135 | mean_alpha=0.2156 | mean_|grad|=0.000014 (n=1)
  [trace step 1359] block 2: fast=178 medium=200 slow=134 | mean_alpha=0.2155 | mean_|grad|=0.000011 (n=1)
  [trace step 1359] block 3: fast=179 medium=199 slow=134 | mean_alpha=0.2154 | mean_|grad|=0.000012 (n=1)
  [trace step 1359] block 4: fast=179 medium=199 slow=134 | mean_alpha=0.2153 | mean_|grad|=0.000021 (n=1)
  [trace step 1360] block 0: fast=177 medium=201 slow=134 | mean_alpha=0.2155 | mean_|grad|=0.000016 (n=1)
  [trace step 1360] block 1: fast=177 medium=200 slow=135 | mean_alpha=0.2156 | mean_|grad|=0.000012 (n=1)
  [trace step 1360] block 2: fast=178 medium=200 slow=134 | mean_alpha=0.2155 | mean_|grad|=0.000011 (n=1)
  [trace step 1360] block 3: fast=179 medium=199 slow=134 | mean_alpha=0.2154 | mean_|grad|=0.000012 (n=1)
  [trace step 1360] block 4: fast=179 medium=199 slow=134 | mean_alpha=0.2153 | mean_|grad|=0.000033 (n=1)
  [trace step 1361] block 0: fast=177 medium=201 slow=134 | mean_alpha=0.2155 | mean_|grad|=0.000017 (n=1)
  [trace step 1361] block 1: fast=177 medium=200 slow=135 | mean_alpha=0.2156 | mean_|grad|=0.000019 (n=1)
  [trace step 1361] block 2: fast=178 medium=200 slow=134 | mean_alpha=0.2155 | mean_|grad|=0.000014 (n=1)
  [trace step 1361] block 3: fast=179 medium=199 slow=134 | mean_alpha=0.2154 | mean_|grad|=0.000014 (n=1)
  [trace step 1361] block 4: fast=179 medium=199 slow=134 | mean_alpha=0.2153 | mean_|grad|=0.000058 (n=1)
  [trace step 1362] block 0: fast=177 medium=201 slow=134 | mean_alpha=0.2155 | mean_|grad|=0.000020 (n=1)
  [trace step 1362] block 1: fast=177 medium=200 slow=135 | mean_alpha=0.2156 | mean_|grad|=0.000014 (n=1)
  [trace step 1362] block 2: fast=178 medium=200 slow=134 | mean_alpha=0.2155 | mean_|grad|=0.000012 (n=1)
  [trace step 1362] block 3: fast=179 medium=199 slow=134 | mean_alpha=0.2154 | mean_|grad|=0.000013 (n=1)
  [trace step 1362] block 4: fast=179 medium=199 slow=134 | mean_alpha=0.2153 | mean_|grad|=0.000021 (n=1)
  [trace step 1363] block 0: fast=177 medium=201 slow=134 | mean_alpha=0.2155 | mean_|grad|=0.000021 (n=1)
  [trace step 1363] block 1: fast=177 medium=200 slow=135 | mean_alpha=0.2156 | mean_|grad|=0.000015 (n=1)
  [trace step 1363] block 2: fast=178 medium=200 slow=134 | mean_alpha=0.2155 | mean_|grad|=0.000012 (n=1)
  [trace step 1363] block 3: fast=179 medium=199 slow=134 | mean_alpha=0.2154 | mean_|grad|=0.000013 (n=1)
  [trace step 1363] block 4: fast=179 medium=199 slow=134 | mean_alpha=0.2153 | mean_|grad|=0.000031 (n=1)
  [trace step 1364] block 0: fast=177 medium=201 slow=134 | mean_alpha=0.2155 | mean_|grad|=0.000016 (n=1)
  [trace step 1364] block 1: fast=177 medium=200 slow=135 | mean_alpha=0.2156 | mean_|grad|=0.000014 (n=1)
  [trace step 1364] block 2: fast=178 medium=200 slow=134 | mean_alpha=0.2155 | mean_|grad|=0.000013 (n=1)
  [trace step 1364] block 3: fast=179 medium=199 slow=134 | mean_alpha=0.2154 | mean_|grad|=0.000012 (n=1)
  [trace step 1364] block 4: fast=179 medium=199 slow=134 | mean_alpha=0.2153 | mean_|grad|=0.000035 (n=1)
  [trace step 1365] block 0: fast=177 medium=201 slow=134 | mean_alpha=0.2155 | mean_|grad|=0.000018 (n=1)
  [trace step 1365] block 1: fast=177 medium=200 slow=135 | mean_alpha=0.2156 | mean_|grad|=0.000013 (n=1)
  [trace step 1365] block 2: fast=178 medium=200 slow=134 | mean_alpha=0.2155 | mean_|grad|=0.000012 (n=1)
  [trace step 1365] block 3: fast=179 medium=199 slow=134 | mean_alpha=0.2154 | mean_|grad|=0.000012 (n=1)
  [trace step 1365] block 4: fast=179 medium=199 slow=134 | mean_alpha=0.2153 | mean_|grad|=0.000033 (n=1)
  [trace step 1366] block 0: fast=177 medium=201 slow=134 | mean_alpha=0.2155 | mean_|grad|=0.000018 (n=1)
  [trace step 1366] block 1: fast=177 medium=200 slow=135 | mean_alpha=0.2156 | mean_|grad|=0.000017 (n=1)
  [trace step 1366] block 2: fast=178 medium=200 slow=134 | mean_alpha=0.2155 | mean_|grad|=0.000012 (n=1)
  [trace step 1366] block 3: fast=179 medium=199 slow=134 | mean_alpha=0.2154 | mean_|grad|=0.000014 (n=1)
  [trace step 1366] block 4: fast=179 medium=199 slow=134 | mean_alpha=0.2153 | mean_|grad|=0.000030 (n=1)
  [trace step 1367] block 0: fast=177 medium=201 slow=134 | mean_alpha=0.2155 | mean_|grad|=0.000019 (n=1)
  [trace step 1367] block 1: fast=177 medium=200 slow=135 | mean_alpha=0.2156 | mean_|grad|=0.000016 (n=1)
  [trace step 1367] block 2: fast=178 medium=200 slow=134 | mean_alpha=0.2155 | mean_|grad|=0.000014 (n=1)
  [trace step 1367] block 3: fast=179 medium=199 slow=134 | mean_alpha=0.2154 | mean_|grad|=0.000013 (n=1)
  [trace step 1367] block 4: fast=179 medium=199 slow=134 | mean_alpha=0.2153 | mean_|grad|=0.000026 (n=1)
  [trace step 1368] block 0: fast=177 medium=201 slow=134 | mean_alpha=0.2155 | mean_|grad|=0.000019 (n=1)
  [trace step 1368] block 1: fast=177 medium=200 slow=135 | mean_alpha=0.2156 | mean_|grad|=0.000014 (n=1)
  [trace step 1368] block 2: fast=178 medium=200 slow=134 | mean_alpha=0.2155 | mean_|grad|=0.000015 (n=1)
  [trace step 1368] block 3: fast=179 medium=199 slow=134 | mean_alpha=0.2154 | mean_|grad|=0.000013 (n=1)
  [trace step 1368] block 4: fast=179 medium=199 slow=134 | mean_alpha=0.2153 | mean_|grad|=0.000051 (n=1)
  [trace step 1369] block 0: fast=177 medium=201 slow=134 | mean_alpha=0.2155 | mean_|grad|=0.000018 (n=1)
  [trace step 1369] block 1: fast=177 medium=200 slow=135 | mean_alpha=0.2156 | mean_|grad|=0.000016 (n=1)
  [trace step 1369] block 2: fast=178 medium=200 slow=134 | mean_alpha=0.2155 | mean_|grad|=0.000016 (n=1)
  [trace step 1369] block 3: fast=179 medium=199 slow=134 | mean_alpha=0.2154 | mean_|grad|=0.000011 (n=1)
  [trace step 1369] block 4: fast=179 medium=199 slow=134 | mean_alpha=0.2153 | mean_|grad|=0.000031 (n=1)
  [trace step 1370] block 0: fast=177 medium=201 slow=134 | mean_alpha=0.2155 | mean_|grad|=0.000020 (n=1)
  [trace step 1370] block 1: fast=177 medium=200 slow=135 | mean_alpha=0.2156 | mean_|grad|=0.000017 (n=1)
  [trace step 1370] block 2: fast=178 medium=200 slow=134 | mean_alpha=0.2155 | mean_|grad|=0.000015 (n=1)
  [trace step 1370] block 3: fast=179 medium=199 slow=134 | mean_alpha=0.2154 | mean_|grad|=0.000015 (n=1)
  [trace step 1370] block 4: fast=179 medium=199 slow=134 | mean_alpha=0.2153 | mean_|grad|=0.000041 (n=1)
  [trace step 1371] block 0: fast=177 medium=201 slow=134 | mean_alpha=0.2155 | mean_|grad|=0.000020 (n=1)
  [trace step 1371] block 1: fast=177 medium=200 slow=135 | mean_alpha=0.2156 | mean_|grad|=0.000016 (n=1)
  [trace step 1371] block 2: fast=178 medium=200 slow=134 | mean_alpha=0.2155 | mean_|grad|=0.000013 (n=1)
  [trace step 1371] block 3: fast=179 medium=199 slow=134 | mean_alpha=0.2154 | mean_|grad|=0.000013 (n=1)
  [trace step 1371] block 4: fast=179 medium=199 slow=134 | mean_alpha=0.2153 | mean_|grad|=0.000030 (n=1)
  [trace step 1372] block 0: fast=177 medium=201 slow=134 | mean_alpha=0.2155 | mean_|grad|=0.000021 (n=1)
  [trace step 1372] block 1: fast=177 medium=200 slow=135 | mean_alpha=0.2156 | mean_|grad|=0.000016 (n=1)
  [trace step 1372] block 2: fast=178 medium=200 slow=134 | mean_alpha=0.2155 | mean_|grad|=0.000012 (n=1)
  [trace step 1372] block 3: fast=179 medium=199 slow=134 | mean_alpha=0.2154 | mean_|grad|=0.000014 (n=1)
  [trace step 1372] block 4: fast=179 medium=199 slow=134 | mean_alpha=0.2153 | mean_|grad|=0.000024 (n=1)
  [trace step 1373] block 0: fast=177 medium=201 slow=134 | mean_alpha=0.2155 | mean_|grad|=0.000018 (n=1)
  [trace step 1373] block 1: fast=177 medium=200 slow=135 | mean_alpha=0.2156 | mean_|grad|=0.000015 (n=1)
  [trace step 1373] block 2: fast=178 medium=200 slow=134 | mean_alpha=0.2155 | mean_|grad|=0.000015 (n=1)
  [trace step 1373] block 3: fast=179 medium=199 slow=134 | mean_alpha=0.2154 | mean_|grad|=0.000012 (n=1)
  [trace step 1373] block 4: fast=179 medium=199 slow=134 | mean_alpha=0.2153 | mean_|grad|=0.000046 (n=1)
  [trace step 1374] block 0: fast=177 medium=201 slow=134 | mean_alpha=0.2155 | mean_|grad|=0.000019 (n=1)
  [trace step 1374] block 1: fast=177 medium=200 slow=135 | mean_alpha=0.2156 | mean_|grad|=0.000014 (n=1)
  [trace step 1374] block 2: fast=178 medium=200 slow=134 | mean_alpha=0.2155 | mean_|grad|=0.000014 (n=1)
  [trace step 1374] block 3: fast=179 medium=199 slow=134 | mean_alpha=0.2154 | mean_|grad|=0.000011 (n=1)
  [trace step 1374] block 4: fast=179 medium=199 slow=134 | mean_alpha=0.2153 | mean_|grad|=0.000024 (n=1)
  [trace step 1375] block 0: fast=177 medium=201 slow=134 | mean_alpha=0.2155 | mean_|grad|=0.000017 (n=1)
  [trace step 1375] block 1: fast=177 medium=200 slow=135 | mean_alpha=0.2156 | mean_|grad|=0.000013 (n=1)
  [trace step 1375] block 2: fast=178 medium=200 slow=134 | mean_alpha=0.2155 | mean_|grad|=0.000013 (n=1)
  [trace step 1375] block 3: fast=179 medium=199 slow=134 | mean_alpha=0.2154 | mean_|grad|=0.000013 (n=1)
  [trace step 1375] block 4: fast=179 medium=199 slow=134 | mean_alpha=0.2153 | mean_|grad|=0.000038 (n=1)
  [trace step 1376] block 0: fast=177 medium=201 slow=134 | mean_alpha=0.2155 | mean_|grad|=0.000014 (n=1)
  [trace step 1376] block 1: fast=177 medium=200 slow=135 | mean_alpha=0.2156 | mean_|grad|=0.000013 (n=1)
  [trace step 1376] block 2: fast=178 medium=200 slow=134 | mean_alpha=0.2155 | mean_|grad|=0.000012 (n=1)
  [trace step 1376] block 3: fast=179 medium=199 slow=134 | mean_alpha=0.2154 | mean_|grad|=0.000012 (n=1)
  [trace step 1376] block 4: fast=179 medium=199 slow=134 | mean_alpha=0.2153 | mean_|grad|=0.000016 (n=1)
  [trace step 1377] block 0: fast=177 medium=201 slow=134 | mean_alpha=0.2155 | mean_|grad|=0.000015 (n=1)
  [trace step 1377] block 1: fast=177 medium=200 slow=135 | mean_alpha=0.2156 | mean_|grad|=0.000013 (n=1)
  [trace step 1377] block 2: fast=178 medium=200 slow=134 | mean_alpha=0.2155 | mean_|grad|=0.000011 (n=1)
  [trace step 1377] block 3: fast=179 medium=199 slow=134 | mean_alpha=0.2154 | mean_|grad|=0.000010 (n=1)
  [trace step 1377] block 4: fast=179 medium=199 slow=134 | mean_alpha=0.2153 | mean_|grad|=0.000023 (n=1)
  [trace step 1378] block 0: fast=178 medium=200 slow=134 | mean_alpha=0.2155 | mean_|grad|=0.000016 (n=1)
  [trace step 1378] block 1: fast=177 medium=200 slow=135 | mean_alpha=0.2156 | mean_|grad|=0.000013 (n=1)
  [trace step 1378] block 2: fast=178 medium=200 slow=134 | mean_alpha=0.2155 | mean_|grad|=0.000012 (n=1)
  [trace step 1378] block 3: fast=179 medium=199 slow=134 | mean_alpha=0.2154 | mean_|grad|=0.000011 (n=1)
  [trace step 1378] block 4: fast=179 medium=199 slow=134 | mean_alpha=0.2153 | mean_|grad|=0.000027 (n=1)
  [trace step 1379] block 0: fast=178 medium=200 slow=134 | mean_alpha=0.2155 | mean_|grad|=0.000013 (n=1)
  [trace step 1379] block 1: fast=177 medium=200 slow=135 | mean_alpha=0.2156 | mean_|grad|=0.000010 (n=1)
  [trace step 1379] block 2: fast=178 medium=200 slow=134 | mean_alpha=0.2155 | mean_|grad|=0.000011 (n=1)
  [trace step 1379] block 3: fast=179 medium=199 slow=134 | mean_alpha=0.2154 | mean_|grad|=0.000010 (n=1)
  [trace step 1379] block 4: fast=179 medium=199 slow=134 | mean_alpha=0.2153 | mean_|grad|=0.000025 (n=1)
  [trace step 1380] block 0: fast=178 medium=200 slow=134 | mean_alpha=0.2155 | mean_|grad|=0.000011 (n=1)
  [trace step 1380] block 1: fast=177 medium=200 slow=135 | mean_alpha=0.2156 | mean_|grad|=0.000009 (n=1)
  [trace step 1380] block 2: fast=178 medium=200 slow=134 | mean_alpha=0.2155 | mean_|grad|=0.000009 (n=1)
  [trace step 1380] block 3: fast=179 medium=199 slow=134 | mean_alpha=0.2154 | mean_|grad|=0.000009 (n=1)
  [trace step 1380] block 4: fast=179 medium=199 slow=134 | mean_alpha=0.2153 | mean_|grad|=0.000024 (n=1)
  [trace step 1381] block 0: fast=178 medium=200 slow=134 | mean_alpha=0.2155 | mean_|grad|=0.000012 (n=1)
  [trace step 1381] block 1: fast=177 medium=200 slow=135 | mean_alpha=0.2156 | mean_|grad|=0.000011 (n=1)
  [trace step 1381] block 2: fast=178 medium=200 slow=134 | mean_alpha=0.2155 | mean_|grad|=0.000009 (n=1)
  [trace step 1381] block 3: fast=179 medium=199 slow=134 | mean_alpha=0.2154 | mean_|grad|=0.000009 (n=1)
  [trace step 1381] block 4: fast=179 medium=199 slow=134 | mean_alpha=0.2153 | mean_|grad|=0.000027 (n=1)
  [trace step 1382] block 0: fast=178 medium=200 slow=134 | mean_alpha=0.2155 | mean_|grad|=0.000012 (n=1)
  [trace step 1382] block 1: fast=177 medium=200 slow=135 | mean_alpha=0.2156 | mean_|grad|=0.000011 (n=1)
  [trace step 1382] block 2: fast=178 medium=200 slow=134 | mean_alpha=0.2155 | mean_|grad|=0.000009 (n=1)
  [trace step 1382] block 3: fast=179 medium=199 slow=134 | mean_alpha=0.2154 | mean_|grad|=0.000008 (n=1)
  [trace step 1382] block 4: fast=179 medium=199 slow=134 | mean_alpha=0.2153 | mean_|grad|=0.000033 (n=1)
  [trace step 1383] block 0: fast=178 medium=200 slow=134 | mean_alpha=0.2155 | mean_|grad|=0.000012 (n=1)
  [trace step 1383] block 1: fast=177 medium=200 slow=135 | mean_alpha=0.2156 | mean_|grad|=0.000009 (n=1)
  [trace step 1383] block 2: fast=178 medium=200 slow=134 | mean_alpha=0.2155 | mean_|grad|=0.000010 (n=1)
  [trace step 1383] block 3: fast=179 medium=199 slow=134 | mean_alpha=0.2154 | mean_|grad|=0.000009 (n=1)
  [trace step 1383] block 4: fast=179 medium=199 slow=134 | mean_alpha=0.2153 | mean_|grad|=0.000016 (n=1)
  [trace step 1384] block 0: fast=178 medium=200 slow=134 | mean_alpha=0.2155 | mean_|grad|=0.000013 (n=1)
  [trace step 1384] block 1: fast=177 medium=200 slow=135 | mean_alpha=0.2156 | mean_|grad|=0.000012 (n=1)
  [trace step 1384] block 2: fast=178 medium=200 slow=134 | mean_alpha=0.2155 | mean_|grad|=0.000010 (n=1)
  [trace step 1384] block 3: fast=179 medium=199 slow=134 | mean_alpha=0.2154 | mean_|grad|=0.000010 (n=1)
  [trace step 1384] block 4: fast=179 medium=199 slow=134 | mean_alpha=0.2153 | mean_|grad|=0.000021 (n=1)
  [trace step 1385] block 0: fast=178 medium=200 slow=134 | mean_alpha=0.2155 | mean_|grad|=0.000012 (n=1)
  [trace step 1385] block 1: fast=177 medium=200 slow=135 | mean_alpha=0.2156 | mean_|grad|=0.000009 (n=1)
  [trace step 1385] block 2: fast=178 medium=200 slow=134 | mean_alpha=0.2155 | mean_|grad|=0.000011 (n=1)
  [trace step 1385] block 3: fast=179 medium=199 slow=134 | mean_alpha=0.2154 | mean_|grad|=0.000008 (n=1)
  [trace step 1385] block 4: fast=179 medium=199 slow=134 | mean_alpha=0.2153 | mean_|grad|=0.000016 (n=1)
  [trace step 1386] block 0: fast=178 medium=200 slow=134 | mean_alpha=0.2155 | mean_|grad|=0.000015 (n=1)
  [trace step 1386] block 1: fast=177 medium=200 slow=135 | mean_alpha=0.2156 | mean_|grad|=0.000013 (n=1)
  [trace step 1386] block 2: fast=178 medium=200 slow=134 | mean_alpha=0.2155 | mean_|grad|=0.000011 (n=1)
  [trace step 1386] block 3: fast=179 medium=199 slow=134 | mean_alpha=0.2154 | mean_|grad|=0.000010 (n=1)
  [trace step 1386] block 4: fast=179 medium=199 slow=134 | mean_alpha=0.2153 | mean_|grad|=0.000024 (n=1)
  [trace step 1387] block 0: fast=178 medium=200 slow=134 | mean_alpha=0.2155 | mean_|grad|=0.000013 (n=1)
  [trace step 1387] block 1: fast=177 medium=200 slow=135 | mean_alpha=0.2156 | mean_|grad|=0.000012 (n=1)
  [trace step 1387] block 2: fast=178 medium=200 slow=134 | mean_alpha=0.2155 | mean_|grad|=0.000011 (n=1)
  [trace step 1387] block 3: fast=179 medium=199 slow=134 | mean_alpha=0.2154 | mean_|grad|=0.000011 (n=1)
  [trace step 1387] block 4: fast=179 medium=199 slow=134 | mean_alpha=0.2153 | mean_|grad|=0.000036 (n=1)
  [trace step 1388] block 0: fast=178 medium=200 slow=134 | mean_alpha=0.2155 | mean_|grad|=0.000011 (n=1)
  [trace step 1388] block 1: fast=177 medium=200 slow=135 | mean_alpha=0.2156 | mean_|grad|=0.000009 (n=1)
  [trace step 1388] block 2: fast=178 medium=200 slow=134 | mean_alpha=0.2155 | mean_|grad|=0.000011 (n=1)
  [trace step 1388] block 3: fast=179 medium=199 slow=134 | mean_alpha=0.2154 | mean_|grad|=0.000010 (n=1)
  [trace step 1388] block 4: fast=179 medium=199 slow=134 | mean_alpha=0.2153 | mean_|grad|=0.000021 (n=1)
  [trace step 1389] block 0: fast=178 medium=200 slow=134 | mean_alpha=0.2155 | mean_|grad|=0.000012 (n=1)
  [trace step 1389] block 1: fast=177 medium=200 slow=135 | mean_alpha=0.2156 | mean_|grad|=0.000010 (n=1)
  [trace step 1389] block 2: fast=178 medium=200 slow=134 | mean_alpha=0.2155 | mean_|grad|=0.000009 (n=1)
  [trace step 1389] block 3: fast=179 medium=199 slow=134 | mean_alpha=0.2154 | mean_|grad|=0.000009 (n=1)
  [trace step 1389] block 4: fast=179 medium=199 slow=134 | mean_alpha=0.2153 | mean_|grad|=0.000022 (n=1)
  [trace step 1390] block 0: fast=178 medium=200 slow=134 | mean_alpha=0.2155 | mean_|grad|=0.000014 (n=1)
  [trace step 1390] block 1: fast=177 medium=200 slow=135 | mean_alpha=0.2156 | mean_|grad|=0.000010 (n=1)
  [trace step 1390] block 2: fast=178 medium=200 slow=134 | mean_alpha=0.2155 | mean_|grad|=0.000008 (n=1)
  [trace step 1390] block 3: fast=179 medium=199 slow=134 | mean_alpha=0.2154 | mean_|grad|=0.000009 (n=1)
  [trace step 1390] block 4: fast=179 medium=199 slow=134 | mean_alpha=0.2153 | mean_|grad|=0.000012 (n=1)
  [trace step 1391] block 0: fast=178 medium=200 slow=134 | mean_alpha=0.2155 | mean_|grad|=0.000013 (n=1)
  [trace step 1391] block 1: fast=177 medium=200 slow=135 | mean_alpha=0.2156 | mean_|grad|=0.000010 (n=1)
  [trace step 1391] block 2: fast=178 medium=200 slow=134 | mean_alpha=0.2155 | mean_|grad|=0.000009 (n=1)
  [trace step 1391] block 3: fast=179 medium=199 slow=134 | mean_alpha=0.2154 | mean_|grad|=0.000009 (n=1)
  [trace step 1391] block 4: fast=179 medium=199 slow=134 | mean_alpha=0.2153 | mean_|grad|=0.000020 (n=1)
  [trace step 1392] block 0: fast=178 medium=200 slow=134 | mean_alpha=0.2155 | mean_|grad|=0.000013 (n=1)
  [trace step 1392] block 1: fast=177 medium=200 slow=135 | mean_alpha=0.2156 | mean_|grad|=0.000010 (n=1)
  [trace step 1392] block 2: fast=178 medium=200 slow=134 | mean_alpha=0.2155 | mean_|grad|=0.000010 (n=1)
  [trace step 1392] block 3: fast=179 medium=199 slow=134 | mean_alpha=0.2154 | mean_|grad|=0.000010 (n=1)
  [trace step 1392] block 4: fast=179 medium=199 slow=134 | mean_alpha=0.2153 | mean_|grad|=0.000026 (n=1)
  [trace step 1393] block 0: fast=178 medium=200 slow=134 | mean_alpha=0.2155 | mean_|grad|=0.000012 (n=1)
  [trace step 1393] block 1: fast=177 medium=200 slow=135 | mean_alpha=0.2156 | mean_|grad|=0.000010 (n=1)
  [trace step 1393] block 2: fast=178 medium=200 slow=134 | mean_alpha=0.2155 | mean_|grad|=0.000010 (n=1)
  [trace step 1393] block 3: fast=179 medium=199 slow=134 | mean_alpha=0.2154 | mean_|grad|=0.000010 (n=1)
  [trace step 1393] block 4: fast=179 medium=199 slow=134 | mean_alpha=0.2153 | mean_|grad|=0.000019 (n=1)
  [trace step 1394] block 0: fast=178 medium=200 slow=134 | mean_alpha=0.2155 | mean_|grad|=0.000012 (n=1)
  [trace step 1394] block 1: fast=177 medium=200 slow=135 | mean_alpha=0.2156 | mean_|grad|=0.000011 (n=1)
  [trace step 1394] block 2: fast=178 medium=200 slow=134 | mean_alpha=0.2155 | mean_|grad|=0.000009 (n=1)
  [trace step 1394] block 3: fast=179 medium=199 slow=134 | mean_alpha=0.2154 | mean_|grad|=0.000010 (n=1)
  [trace step 1394] block 4: fast=179 medium=199 slow=134 | mean_alpha=0.2153 | mean_|grad|=0.000022 (n=1)
  [trace step 1395] block 0: fast=178 medium=200 slow=134 | mean_alpha=0.2155 | mean_|grad|=0.000013 (n=1)
  [trace step 1395] block 1: fast=177 medium=200 slow=135 | mean_alpha=0.2156 | mean_|grad|=0.000011 (n=1)
  [trace step 1395] block 2: fast=178 medium=200 slow=134 | mean_alpha=0.2155 | mean_|grad|=0.000010 (n=1)
  [trace step 1395] block 3: fast=179 medium=199 slow=134 | mean_alpha=0.2154 | mean_|grad|=0.000009 (n=1)
  [trace step 1395] block 4: fast=179 medium=199 slow=134 | mean_alpha=0.2153 | mean_|grad|=0.000022 (n=1)
  [trace step 1396] block 0: fast=178 medium=200 slow=134 | mean_alpha=0.2155 | mean_|grad|=0.000012 (n=1)
  [trace step 1396] block 1: fast=177 medium=200 slow=135 | mean_alpha=0.2156 | mean_|grad|=0.000010 (n=1)
  [trace step 1396] block 2: fast=178 medium=200 slow=134 | mean_alpha=0.2155 | mean_|grad|=0.000012 (n=1)
  [trace step 1396] block 3: fast=179 medium=199 slow=134 | mean_alpha=0.2154 | mean_|grad|=0.000009 (n=1)
  [trace step 1396] block 4: fast=179 medium=199 slow=134 | mean_alpha=0.2153 | mean_|grad|=0.000016 (n=1)
  [trace step 1397] block 0: fast=178 medium=200 slow=134 | mean_alpha=0.2155 | mean_|grad|=0.000012 (n=1)
  [trace step 1397] block 1: fast=177 medium=200 slow=135 | mean_alpha=0.2156 | mean_|grad|=0.000010 (n=1)
  [trace step 1397] block 2: fast=178 medium=200 slow=134 | mean_alpha=0.2155 | mean_|grad|=0.000009 (n=1)
  [trace step 1397] block 3: fast=179 medium=199 slow=134 | mean_alpha=0.2154 | mean_|grad|=0.000010 (n=1)
  [trace step 1397] block 4: fast=179 medium=199 slow=134 | mean_alpha=0.2153 | mean_|grad|=0.000031 (n=1)
  [trace step 1398] block 0: fast=178 medium=200 slow=134 | mean_alpha=0.2155 | mean_|grad|=0.000011 (n=1)
  [trace step 1398] block 1: fast=177 medium=200 slow=135 | mean_alpha=0.2156 | mean_|grad|=0.000009 (n=1)
  [trace step 1398] block 2: fast=178 medium=200 slow=134 | mean_alpha=0.2155 | mean_|grad|=0.000009 (n=1)
  [trace step 1398] block 3: fast=179 medium=199 slow=134 | mean_alpha=0.2154 | mean_|grad|=0.000008 (n=1)
  [trace step 1398] block 4: fast=179 medium=199 slow=134 | mean_alpha=0.2153 | mean_|grad|=0.000017 (n=1)
  [trace step 1399] block 0: fast=178 medium=200 slow=134 | mean_alpha=0.2155 | mean_|grad|=0.000013 (n=1)
  [trace step 1399] block 1: fast=177 medium=200 slow=135 | mean_alpha=0.2156 | mean_|grad|=0.000011 (n=1)
  [trace step 1399] block 2: fast=178 medium=200 slow=134 | mean_alpha=0.2155 | mean_|grad|=0.000009 (n=1)
  [trace step 1399] block 3: fast=179 medium=199 slow=134 | mean_alpha=0.2154 | mean_|grad|=0.000009 (n=1)
  [trace step 1399] block 4: fast=179 medium=199 slow=134 | mean_alpha=0.2153 | mean_|grad|=0.000018 (n=1)
  [trace step 1400] block 0: fast=178 medium=200 slow=134 | mean_alpha=0.2155 | mean_|grad|=0.000012 (n=1)
  [trace step 1400] block 1: fast=177 medium=200 slow=135 | mean_alpha=0.2156 | mean_|grad|=0.000011 (n=1)
  [trace step 1400] block 2: fast=178 medium=200 slow=134 | mean_alpha=0.2155 | mean_|grad|=0.000010 (n=1)
  [trace step 1400] block 3: fast=179 medium=199 slow=134 | mean_alpha=0.2154 | mean_|grad|=0.000010 (n=1)
  [trace step 1400] block 4: fast=179 medium=199 slow=134 | mean_alpha=0.2153 | mean_|grad|=0.000025 (n=1)
  [r2c trace step 1400] block 0: z mean=1.0341 s mean=0.7508 min=0.7419 max=0.7598 closed=0/512 open=0/512 | mean|s*read|=0.281404 | mean|g| ar=2.14e-5 ib=1.82e-5 z=6.91e-6 (n=50)
  [r2c trace step 1400] block 1: z mean=1.0263 s mean=0.7494 min=0.7430 max=0.7613 closed=0/512 open=0/512 | mean|s*read|=0.436400 | mean|g| ar=1.88e-5 ib=1.55e-5 z=6.91e-7 (n=50)
  [r2c trace step 1400] block 2: z mean=1.0227 s mean=0.7487 min=0.7422 max=0.7565 closed=0/512 open=0/512 | mean|s*read|=0.473404 | mean|g| ar=1.75e-5 ib=1.19e-5 z=5.39e-7 (n=50)
  [r2c trace step 1400] block 3: z mean=1.0212 s mean=0.7484 min=0.7411 max=0.7559 closed=0/512 open=0/512 | mean|s*read|=0.561575 | mean|g| ar=1.74e-5 ib=1.02e-5 z=5.96e-7 (n=50)
  [r2c trace step 1400] block 4: z mean=1.0198 s mean=0.7482 min=0.7395 max=0.7551 closed=0/512 open=0/512 | mean|s*read|=0.737337 | mean|g| ar=1.84e-5 ib=8.20e-6 z=3.92e-7 (n=50)
  [trace step 1401] block 0: fast=178 medium=200 slow=134 | mean_alpha=0.2155 | mean_|grad|=0.000011 (n=1)
  [trace step 1401] block 1: fast=177 medium=200 slow=135 | mean_alpha=0.2156 | mean_|grad|=0.000008 (n=1)
  [trace step 1401] block 2: fast=178 medium=200 slow=134 | mean_alpha=0.2155 | mean_|grad|=0.000008 (n=1)
  [trace step 1401] block 3: fast=179 medium=199 slow=134 | mean_alpha=0.2154 | mean_|grad|=0.000009 (n=1)
  [trace step 1401] block 4: fast=179 medium=199 slow=134 | mean_alpha=0.2153 | mean_|grad|=0.000013 (n=1)
  [trace step 1402] block 0: fast=178 medium=200 slow=134 | mean_alpha=0.2155 | mean_|grad|=0.000013 (n=1)
  [trace step 1402] block 1: fast=177 medium=200 slow=135 | mean_alpha=0.2156 | mean_|grad|=0.000010 (n=1)
  [trace step 1402] block 2: fast=178 medium=200 slow=134 | mean_alpha=0.2155 | mean_|grad|=0.000009 (n=1)
  [trace step 1402] block 3: fast=179 medium=199 slow=134 | mean_alpha=0.2154 | mean_|grad|=0.000010 (n=1)
  [trace step 1402] block 4: fast=179 medium=199 slow=134 | mean_alpha=0.2153 | mean_|grad|=0.000027 (n=1)
  [trace step 1403] block 0: fast=178 medium=200 slow=134 | mean_alpha=0.2155 | mean_|grad|=0.000012 (n=1)
  [trace step 1403] block 1: fast=177 medium=200 slow=135 | mean_alpha=0.2156 | mean_|grad|=0.000011 (n=1)
  [trace step 1403] block 2: fast=178 medium=200 slow=134 | mean_alpha=0.2155 | mean_|grad|=0.000010 (n=1)
  [trace step 1403] block 3: fast=179 medium=199 slow=134 | mean_alpha=0.2154 | mean_|grad|=0.000009 (n=1)
  [trace step 1403] block 4: fast=179 medium=199 slow=134 | mean_alpha=0.2153 | mean_|grad|=0.000024 (n=1)
  [trace step 1404] block 0: fast=178 medium=200 slow=134 | mean_alpha=0.2155 | mean_|grad|=0.000011 (n=1)
  [trace step 1404] block 1: fast=177 medium=200 slow=135 | mean_alpha=0.2156 | mean_|grad|=0.000010 (n=1)
  [trace step 1404] block 2: fast=178 medium=200 slow=134 | mean_alpha=0.2155 | mean_|grad|=0.000009 (n=1)
  [trace step 1404] block 3: fast=179 medium=199 slow=134 | mean_alpha=0.2154 | mean_|grad|=0.000008 (n=1)
  [trace step 1404] block 4: fast=179 medium=199 slow=134 | mean_alpha=0.2153 | mean_|grad|=0.000024 (n=1)
  [trace step 1405] block 0: fast=178 medium=200 slow=134 | mean_alpha=0.2155 | mean_|grad|=0.000012 (n=1)
  [trace step 1405] block 1: fast=177 medium=200 slow=135 | mean_alpha=0.2156 | mean_|grad|=0.000010 (n=1)
  [trace step 1405] block 2: fast=178 medium=200 slow=134 | mean_alpha=0.2155 | mean_|grad|=0.000009 (n=1)
  [trace step 1405] block 3: fast=179 medium=199 slow=134 | mean_alpha=0.2154 | mean_|grad|=0.000009 (n=1)
  [trace step 1405] block 4: fast=179 medium=199 slow=134 | mean_alpha=0.2153 | mean_|grad|=0.000026 (n=1)
  [trace step 1406] block 0: fast=178 medium=200 slow=134 | mean_alpha=0.2155 | mean_|grad|=0.000012 (n=1)
  [trace step 1406] block 1: fast=177 medium=200 slow=135 | mean_alpha=0.2156 | mean_|grad|=0.000010 (n=1)
  [trace step 1406] block 2: fast=178 medium=200 slow=134 | mean_alpha=0.2155 | mean_|grad|=0.000010 (n=1)
  [trace step 1406] block 3: fast=179 medium=199 slow=134 | mean_alpha=0.2154 | mean_|grad|=0.000009 (n=1)
  [trace step 1406] block 4: fast=179 medium=199 slow=134 | mean_alpha=0.2153 | mean_|grad|=0.000024 (n=1)
  [trace step 1407] block 0: fast=178 medium=200 slow=134 | mean_alpha=0.2155 | mean_|grad|=0.000015 (n=1)
  [trace step 1407] block 1: fast=177 medium=200 slow=135 | mean_alpha=0.2156 | mean_|grad|=0.000012 (n=1)
  [trace step 1407] block 2: fast=178 medium=200 slow=134 | mean_alpha=0.2155 | mean_|grad|=0.000011 (n=1)
  [trace step 1407] block 3: fast=179 medium=199 slow=134 | mean_alpha=0.2154 | mean_|grad|=0.000010 (n=1)
  [trace step 1407] block 4: fast=179 medium=199 slow=134 | mean_alpha=0.2153 | mean_|grad|=0.000030 (n=1)
  [trace step 1408] block 0: fast=178 medium=200 slow=134 | mean_alpha=0.2155 | mean_|grad|=0.000014 (n=1)
  [trace step 1408] block 1: fast=177 medium=200 slow=135 | mean_alpha=0.2156 | mean_|grad|=0.000009 (n=1)
  [trace step 1408] block 2: fast=178 medium=200 slow=134 | mean_alpha=0.2155 | mean_|grad|=0.000010 (n=1)
  [trace step 1408] block 3: fast=179 medium=199 slow=134 | mean_alpha=0.2154 | mean_|grad|=0.000009 (n=1)
  [trace step 1408] block 4: fast=179 medium=199 slow=134 | mean_alpha=0.2153 | mean_|grad|=0.000021 (n=1)
  [trace step 1409] block 0: fast=178 medium=200 slow=134 | mean_alpha=0.2155 | mean_|grad|=0.000012 (n=1)
  [trace step 1409] block 1: fast=177 medium=200 slow=135 | mean_alpha=0.2156 | mean_|grad|=0.000010 (n=1)
  [trace step 1409] block 2: fast=178 medium=200 slow=134 | mean_alpha=0.2155 | mean_|grad|=0.000008 (n=1)
  [trace step 1409] block 3: fast=179 medium=199 slow=134 | mean_alpha=0.2154 | mean_|grad|=0.000009 (n=1)
  [trace step 1409] block 4: fast=179 medium=199 slow=134 | mean_alpha=0.2153 | mean_|grad|=0.000016 (n=1)
  [trace step 1410] block 0: fast=178 medium=200 slow=134 | mean_alpha=0.2155 | mean_|grad|=0.000011 (n=1)
  [trace step 1410] block 1: fast=177 medium=200 slow=135 | mean_alpha=0.2156 | mean_|grad|=0.000010 (n=1)
  [trace step 1410] block 2: fast=178 medium=200 slow=134 | mean_alpha=0.2155 | mean_|grad|=0.000009 (n=1)
  [trace step 1410] block 3: fast=179 medium=199 slow=134 | mean_alpha=0.2154 | mean_|grad|=0.000009 (n=1)
  [trace step 1410] block 4: fast=179 medium=199 slow=134 | mean_alpha=0.2153 | mean_|grad|=0.000023 (n=1)
  [trace step 1411] block 0: fast=178 medium=200 slow=134 | mean_alpha=0.2155 | mean_|grad|=0.000012 (n=1)
  [trace step 1411] block 1: fast=177 medium=200 slow=135 | mean_alpha=0.2156 | mean_|grad|=0.000011 (n=1)
  [trace step 1411] block 2: fast=178 medium=200 slow=134 | mean_alpha=0.2155 | mean_|grad|=0.000009 (n=1)
  [trace step 1411] block 3: fast=179 medium=199 slow=134 | mean_alpha=0.2154 | mean_|grad|=0.000008 (n=1)
  [trace step 1411] block 4: fast=179 medium=199 slow=134 | mean_alpha=0.2153 | mean_|grad|=0.000024 (n=1)
  [trace step 1412] block 0: fast=178 medium=200 slow=134 | mean_alpha=0.2155 | mean_|grad|=0.000011 (n=1)
  [trace step 1412] block 1: fast=177 medium=200 slow=135 | mean_alpha=0.2156 | mean_|grad|=0.000010 (n=1)
  [trace step 1412] block 2: fast=178 medium=200 slow=134 | mean_alpha=0.2155 | mean_|grad|=0.000009 (n=1)
  [trace step 1412] block 3: fast=179 medium=199 slow=134 | mean_alpha=0.2154 | mean_|grad|=0.000009 (n=1)
  [trace step 1412] block 4: fast=179 medium=199 slow=134 | mean_alpha=0.2153 | mean_|grad|=0.000027 (n=1)
  [trace step 1413] block 0: fast=178 medium=200 slow=134 | mean_alpha=0.2155 | mean_|grad|=0.000011 (n=1)
  [trace step 1413] block 1: fast=177 medium=200 slow=135 | mean_alpha=0.2156 | mean_|grad|=0.000010 (n=1)
  [trace step 1413] block 2: fast=178 medium=200 slow=134 | mean_alpha=0.2155 | mean_|grad|=0.000009 (n=1)
  [trace step 1413] block 3: fast=179 medium=199 slow=134 | mean_alpha=0.2154 | mean_|grad|=0.000008 (n=1)
  [trace step 1413] block 4: fast=179 medium=199 slow=134 | mean_alpha=0.2153 | mean_|grad|=0.000017 (n=1)
  [trace step 1414] block 0: fast=178 medium=200 slow=134 | mean_alpha=0.2155 | mean_|grad|=0.000012 (n=1)
  [trace step 1414] block 1: fast=177 medium=200 slow=135 | mean_alpha=0.2156 | mean_|grad|=0.000009 (n=1)
  [trace step 1414] block 2: fast=178 medium=200 slow=134 | mean_alpha=0.2155 | mean_|grad|=0.000010 (n=1)
  [trace step 1414] block 3: fast=179 medium=199 slow=134 | mean_alpha=0.2154 | mean_|grad|=0.000009 (n=1)
  [trace step 1414] block 4: fast=179 medium=199 slow=134 | mean_alpha=0.2153 | mean_|grad|=0.000015 (n=1)
  [trace step 1415] block 0: fast=178 medium=200 slow=134 | mean_alpha=0.2155 | mean_|grad|=0.000012 (n=1)
  [trace step 1415] block 1: fast=177 medium=200 slow=135 | mean_alpha=0.2156 | mean_|grad|=0.000011 (n=1)
  [trace step 1415] block 2: fast=178 medium=200 slow=134 | mean_alpha=0.2155 | mean_|grad|=0.000009 (n=1)
  [trace step 1415] block 3: fast=179 medium=199 slow=134 | mean_alpha=0.2154 | mean_|grad|=0.000010 (n=1)
  [trace step 1415] block 4: fast=179 medium=199 slow=134 | mean_alpha=0.2153 | mean_|grad|=0.000017 (n=1)
  [trace step 1416] block 0: fast=178 medium=200 slow=134 | mean_alpha=0.2155 | mean_|grad|=0.000010 (n=1)
  [trace step 1416] block 1: fast=177 medium=200 slow=135 | mean_alpha=0.2156 | mean_|grad|=0.000009 (n=1)
  [trace step 1416] block 2: fast=178 medium=200 slow=134 | mean_alpha=0.2155 | mean_|grad|=0.000008 (n=1)
  [trace step 1416] block 3: fast=179 medium=199 slow=134 | mean_alpha=0.2154 | mean_|grad|=0.000009 (n=1)
  [trace step 1416] block 4: fast=179 medium=199 slow=134 | mean_alpha=0.2153 | mean_|grad|=0.000019 (n=1)
  [trace step 1417] block 0: fast=178 medium=200 slow=134 | mean_alpha=0.2155 | mean_|grad|=0.000010 (n=1)
  [trace step 1417] block 1: fast=177 medium=200 slow=135 | mean_alpha=0.2156 | mean_|grad|=0.000009 (n=1)
  [trace step 1417] block 2: fast=178 medium=200 slow=134 | mean_alpha=0.2155 | mean_|grad|=0.000009 (n=1)
  [trace step 1417] block 3: fast=179 medium=199 slow=134 | mean_alpha=0.2154 | mean_|grad|=0.000008 (n=1)
  [trace step 1417] block 4: fast=179 medium=199 slow=134 | mean_alpha=0.2153 | mean_|grad|=0.000014 (n=1)
  [trace step 1418] block 0: fast=178 medium=200 slow=134 | mean_alpha=0.2155 | mean_|grad|=0.000011 (n=1)
  [trace step 1418] block 1: fast=177 medium=200 slow=135 | mean_alpha=0.2156 | mean_|grad|=0.000010 (n=1)
  [trace step 1418] block 2: fast=178 medium=200 slow=134 | mean_alpha=0.2155 | mean_|grad|=0.000009 (n=1)
  [trace step 1418] block 3: fast=179 medium=199 slow=134 | mean_alpha=0.2154 | mean_|grad|=0.000009 (n=1)
  [trace step 1418] block 4: fast=179 medium=199 slow=134 | mean_alpha=0.2153 | mean_|grad|=0.000013 (n=1)
  [trace step 1419] block 0: fast=178 medium=200 slow=134 | mean_alpha=0.2155 | mean_|grad|=0.000011 (n=1)
  [trace step 1419] block 1: fast=177 medium=200 slow=135 | mean_alpha=0.2156 | mean_|grad|=0.000009 (n=1)
  [trace step 1419] block 2: fast=178 medium=200 slow=134 | mean_alpha=0.2155 | mean_|grad|=0.000009 (n=1)
  [trace step 1419] block 3: fast=179 medium=199 slow=134 | mean_alpha=0.2154 | mean_|grad|=0.000008 (n=1)
  [trace step 1419] block 4: fast=179 medium=199 slow=134 | mean_alpha=0.2153 | mean_|grad|=0.000018 (n=1)
  [trace step 1420] block 0: fast=178 medium=200 slow=134 | mean_alpha=0.2155 | mean_|grad|=0.000012 (n=1)
  [trace step 1420] block 1: fast=177 medium=200 slow=135 | mean_alpha=0.2156 | mean_|grad|=0.000009 (n=1)
  [trace step 1420] block 2: fast=178 medium=200 slow=134 | mean_alpha=0.2155 | mean_|grad|=0.000009 (n=1)
  [trace step 1420] block 3: fast=179 medium=199 slow=134 | mean_alpha=0.2154 | mean_|grad|=0.000009 (n=1)
  [trace step 1420] block 4: fast=179 medium=199 slow=134 | mean_alpha=0.2153 | mean_|grad|=0.000020 (n=1)
  [trace step 1421] block 0: fast=178 medium=200 slow=134 | mean_alpha=0.2155 | mean_|grad|=0.000009 (n=1)
  [trace step 1421] block 1: fast=177 medium=200 slow=135 | mean_alpha=0.2156 | mean_|grad|=0.000008 (n=1)
  [trace step 1421] block 2: fast=178 medium=200 slow=134 | mean_alpha=0.2155 | mean_|grad|=0.000008 (n=1)
  [trace step 1421] block 3: fast=179 medium=199 slow=134 | mean_alpha=0.2154 | mean_|grad|=0.000008 (n=1)
  [trace step 1421] block 4: fast=179 medium=199 slow=134 | mean_alpha=0.2153 | mean_|grad|=0.000016 (n=1)
  [trace step 1422] block 0: fast=178 medium=200 slow=134 | mean_alpha=0.2155 | mean_|grad|=0.000009 (n=1)
  [trace step 1422] block 1: fast=177 medium=200 slow=135 | mean_alpha=0.2156 | mean_|grad|=0.000008 (n=1)
  [trace step 1422] block 2: fast=178 medium=200 slow=134 | mean_alpha=0.2155 | mean_|grad|=0.000007 (n=1)
  [trace step 1422] block 3: fast=179 medium=199 slow=134 | mean_alpha=0.2154 | mean_|grad|=0.000007 (n=1)
  [trace step 1422] block 4: fast=179 medium=199 slow=134 | mean_alpha=0.2153 | mean_|grad|=0.000012 (n=1)
  [trace step 1423] block 0: fast=178 medium=200 slow=134 | mean_alpha=0.2155 | mean_|grad|=0.000010 (n=1)
  [trace step 1423] block 1: fast=177 medium=200 slow=135 | mean_alpha=0.2156 | mean_|grad|=0.000008 (n=1)
  [trace step 1423] block 2: fast=178 medium=200 slow=134 | mean_alpha=0.2155 | mean_|grad|=0.000008 (n=1)
  [trace step 1423] block 3: fast=179 medium=199 slow=134 | mean_alpha=0.2154 | mean_|grad|=0.000009 (n=1)
  [trace step 1423] block 4: fast=179 medium=199 slow=134 | mean_alpha=0.2153 | mean_|grad|=0.000016 (n=1)
  [trace step 1424] block 0: fast=178 medium=200 slow=134 | mean_alpha=0.2155 | mean_|grad|=0.000008 (n=1)
  [trace step 1424] block 1: fast=177 medium=200 slow=135 | mean_alpha=0.2156 | mean_|grad|=0.000008 (n=1)
  [trace step 1424] block 2: fast=178 medium=200 slow=134 | mean_alpha=0.2155 | mean_|grad|=0.000007 (n=1)
  [trace step 1424] block 3: fast=179 medium=199 slow=134 | mean_alpha=0.2154 | mean_|grad|=0.000007 (n=1)
  [trace step 1424] block 4: fast=179 medium=199 slow=134 | mean_alpha=0.2153 | mean_|grad|=0.000021 (n=1)
  [trace step 1425] block 0: fast=178 medium=200 slow=134 | mean_alpha=0.2155 | mean_|grad|=0.000012 (n=1)
  [trace step 1425] block 1: fast=177 medium=200 slow=135 | mean_alpha=0.2156 | mean_|grad|=0.000010 (n=1)
  [trace step 1425] block 2: fast=178 medium=200 slow=134 | mean_alpha=0.2155 | mean_|grad|=0.000008 (n=1)
  [trace step 1425] block 3: fast=179 medium=199 slow=134 | mean_alpha=0.2154 | mean_|grad|=0.000009 (n=1)
  [trace step 1425] block 4: fast=179 medium=199 slow=134 | mean_alpha=0.2153 | mean_|grad|=0.000031 (n=1)
  [trace step 1426] block 0: fast=178 medium=200 slow=134 | mean_alpha=0.2155 | mean_|grad|=0.000009 (n=1)
  [trace step 1426] block 1: fast=177 medium=200 slow=135 | mean_alpha=0.2156 | mean_|grad|=0.000008 (n=1)
  [trace step 1426] block 2: fast=178 medium=200 slow=134 | mean_alpha=0.2155 | mean_|grad|=0.000006 (n=1)
  [trace step 1426] block 3: fast=179 medium=199 slow=134 | mean_alpha=0.2154 | mean_|grad|=0.000009 (n=1)
  [trace step 1426] block 4: fast=179 medium=199 slow=134 | mean_alpha=0.2153 | mean_|grad|=0.000014 (n=1)
  [trace step 1427] block 0: fast=178 medium=200 slow=134 | mean_alpha=0.2155 | mean_|grad|=0.000012 (n=1)
  [trace step 1427] block 1: fast=177 medium=200 slow=135 | mean_alpha=0.2156 | mean_|grad|=0.000010 (n=1)
  [trace step 1427] block 2: fast=178 medium=200 slow=134 | mean_alpha=0.2155 | mean_|grad|=0.000010 (n=1)
  [trace step 1427] block 3: fast=179 medium=199 slow=134 | mean_alpha=0.2154 | mean_|grad|=0.000010 (n=1)
  [trace step 1427] block 4: fast=179 medium=199 slow=134 | mean_alpha=0.2153 | mean_|grad|=0.000042 (n=1)
  [trace step 1428] block 0: fast=178 medium=200 slow=134 | mean_alpha=0.2155 | mean_|grad|=0.000011 (n=1)
  [trace step 1428] block 1: fast=177 medium=200 slow=135 | mean_alpha=0.2156 | mean_|grad|=0.000009 (n=1)
  [trace step 1428] block 2: fast=178 medium=200 slow=134 | mean_alpha=0.2155 | mean_|grad|=0.000007 (n=1)
  [trace step 1428] block 3: fast=179 medium=199 slow=134 | mean_alpha=0.2154 | mean_|grad|=0.000009 (n=1)
  [trace step 1428] block 4: fast=179 medium=199 slow=134 | mean_alpha=0.2153 | mean_|grad|=0.000018 (n=1)
  [trace step 1429] block 0: fast=178 medium=200 slow=134 | mean_alpha=0.2155 | mean_|grad|=0.000012 (n=1)
  [trace step 1429] block 1: fast=177 medium=200 slow=135 | mean_alpha=0.2156 | mean_|grad|=0.000010 (n=1)
  [trace step 1429] block 2: fast=178 medium=200 slow=134 | mean_alpha=0.2155 | mean_|grad|=0.000010 (n=1)
  [trace step 1429] block 3: fast=179 medium=199 slow=134 | mean_alpha=0.2154 | mean_|grad|=0.000009 (n=1)
  [trace step 1429] block 4: fast=179 medium=199 slow=134 | mean_alpha=0.2153 | mean_|grad|=0.000021 (n=1)
  [trace step 1430] block 0: fast=178 medium=200 slow=134 | mean_alpha=0.2155 | mean_|grad|=0.000013 (n=1)
  [trace step 1430] block 1: fast=177 medium=200 slow=135 | mean_alpha=0.2156 | mean_|grad|=0.000009 (n=1)
  [trace step 1430] block 2: fast=178 medium=200 slow=134 | mean_alpha=0.2155 | mean_|grad|=0.000008 (n=1)
  [trace step 1430] block 3: fast=179 medium=199 slow=134 | mean_alpha=0.2154 | mean_|grad|=0.000008 (n=1)
  [trace step 1430] block 4: fast=179 medium=199 slow=134 | mean_alpha=0.2153 | mean_|grad|=0.000022 (n=1)
  [trace step 1431] block 0: fast=178 medium=200 slow=134 | mean_alpha=0.2155 | mean_|grad|=0.000015 (n=1)
  [trace step 1431] block 1: fast=177 medium=200 slow=135 | mean_alpha=0.2156 | mean_|grad|=0.000011 (n=1)
  [trace step 1431] block 2: fast=178 medium=200 slow=134 | mean_alpha=0.2155 | mean_|grad|=0.000011 (n=1)
  [trace step 1431] block 3: fast=179 medium=199 slow=134 | mean_alpha=0.2154 | mean_|grad|=0.000010 (n=1)
  [trace step 1431] block 4: fast=179 medium=199 slow=134 | mean_alpha=0.2153 | mean_|grad|=0.000027 (n=1)
  [trace step 1432] block 0: fast=178 medium=200 slow=134 | mean_alpha=0.2155 | mean_|grad|=0.000012 (n=1)
  [trace step 1432] block 1: fast=177 medium=200 slow=135 | mean_alpha=0.2156 | mean_|grad|=0.000010 (n=1)
  [trace step 1432] block 2: fast=178 medium=200 slow=134 | mean_alpha=0.2155 | mean_|grad|=0.000009 (n=1)
  [trace step 1432] block 3: fast=179 medium=199 slow=134 | mean_alpha=0.2154 | mean_|grad|=0.000009 (n=1)
  [trace step 1432] block 4: fast=179 medium=199 slow=134 | mean_alpha=0.2153 | mean_|grad|=0.000017 (n=1)
  [trace step 1433] block 0: fast=178 medium=200 slow=134 | mean_alpha=0.2155 | mean_|grad|=0.000013 (n=1)
  [trace step 1433] block 1: fast=177 medium=200 slow=135 | mean_alpha=0.2156 | mean_|grad|=0.000010 (n=1)
  [trace step 1433] block 2: fast=178 medium=200 slow=134 | mean_alpha=0.2155 | mean_|grad|=0.000009 (n=1)
  [trace step 1433] block 3: fast=179 medium=199 slow=134 | mean_alpha=0.2154 | mean_|grad|=0.000009 (n=1)
  [trace step 1433] block 4: fast=179 medium=199 slow=134 | mean_alpha=0.2153 | mean_|grad|=0.000024 (n=1)
  [trace step 1434] block 0: fast=178 medium=200 slow=134 | mean_alpha=0.2155 | mean_|grad|=0.000012 (n=1)
  [trace step 1434] block 1: fast=177 medium=200 slow=135 | mean_alpha=0.2156 | mean_|grad|=0.000011 (n=1)
  [trace step 1434] block 2: fast=178 medium=200 slow=134 | mean_alpha=0.2155 | mean_|grad|=0.000010 (n=1)
  [trace step 1434] block 3: fast=179 medium=199 slow=134 | mean_alpha=0.2154 | mean_|grad|=0.000011 (n=1)
  [trace step 1434] block 4: fast=179 medium=199 slow=134 | mean_alpha=0.2153 | mean_|grad|=0.000027 (n=1)
  [trace step 1435] block 0: fast=178 medium=200 slow=134 | mean_alpha=0.2155 | mean_|grad|=0.000014 (n=1)
  [trace step 1435] block 1: fast=177 medium=200 slow=135 | mean_alpha=0.2156 | mean_|grad|=0.000013 (n=1)
  [trace step 1435] block 2: fast=178 medium=200 slow=134 | mean_alpha=0.2155 | mean_|grad|=0.000012 (n=1)
  [trace step 1435] block 3: fast=179 medium=199 slow=134 | mean_alpha=0.2154 | mean_|grad|=0.000012 (n=1)
  [trace step 1435] block 4: fast=179 medium=199 slow=134 | mean_alpha=0.2153 | mean_|grad|=0.000023 (n=1)
  [trace step 1436] block 0: fast=178 medium=200 slow=134 | mean_alpha=0.2155 | mean_|grad|=0.000014 (n=1)
  [trace step 1436] block 1: fast=177 medium=200 slow=135 | mean_alpha=0.2156 | mean_|grad|=0.000012 (n=1)
  [trace step 1436] block 2: fast=178 medium=200 slow=134 | mean_alpha=0.2155 | mean_|grad|=0.000010 (n=1)
  [trace step 1436] block 3: fast=179 medium=199 slow=134 | mean_alpha=0.2154 | mean_|grad|=0.000012 (n=1)
  [trace step 1436] block 4: fast=179 medium=199 slow=134 | mean_alpha=0.2153 | mean_|grad|=0.000028 (n=1)
  [trace step 1437] block 0: fast=178 medium=200 slow=134 | mean_alpha=0.2155 | mean_|grad|=0.000013 (n=1)
  [trace step 1437] block 1: fast=177 medium=200 slow=135 | mean_alpha=0.2156 | mean_|grad|=0.000013 (n=1)
  [trace step 1437] block 2: fast=178 medium=200 slow=134 | mean_alpha=0.2155 | mean_|grad|=0.000012 (n=1)
  [trace step 1437] block 3: fast=179 medium=199 slow=134 | mean_alpha=0.2154 | mean_|grad|=0.000011 (n=1)
  [trace step 1437] block 4: fast=179 medium=199 slow=134 | mean_alpha=0.2153 | mean_|grad|=0.000024 (n=1)
  [trace step 1438] block 0: fast=178 medium=200 slow=134 | mean_alpha=0.2155 | mean_|grad|=0.000014 (n=1)
  [trace step 1438] block 1: fast=177 medium=200 slow=135 | mean_alpha=0.2156 | mean_|grad|=0.000012 (n=1)
  [trace step 1438] block 2: fast=178 medium=200 slow=134 | mean_alpha=0.2155 | mean_|grad|=0.000010 (n=1)
  [trace step 1438] block 3: fast=179 medium=199 slow=134 | mean_alpha=0.2154 | mean_|grad|=0.000011 (n=1)
  [trace step 1438] block 4: fast=179 medium=199 slow=134 | mean_alpha=0.2153 | mean_|grad|=0.000023 (n=1)
  [trace step 1439] block 0: fast=178 medium=200 slow=134 | mean_alpha=0.2155 | mean_|grad|=0.000012 (n=1)
  [trace step 1439] block 1: fast=177 medium=200 slow=135 | mean_alpha=0.2156 | mean_|grad|=0.000009 (n=1)
  [trace step 1439] block 2: fast=178 medium=200 slow=134 | mean_alpha=0.2155 | mean_|grad|=0.000008 (n=1)
  [trace step 1439] block 3: fast=179 medium=199 slow=134 | mean_alpha=0.2154 | mean_|grad|=0.000010 (n=1)
  [trace step 1439] block 4: fast=179 medium=199 slow=134 | mean_alpha=0.2153 | mean_|grad|=0.000020 (n=1)
  [trace step 1440] block 0: fast=178 medium=200 slow=134 | mean_alpha=0.2155 | mean_|grad|=0.000013 (n=1)
  [trace step 1440] block 1: fast=177 medium=200 slow=135 | mean_alpha=0.2156 | mean_|grad|=0.000012 (n=1)
  [trace step 1440] block 2: fast=178 medium=200 slow=134 | mean_alpha=0.2155 | mean_|grad|=0.000011 (n=1)
  [trace step 1440] block 3: fast=179 medium=199 slow=134 | mean_alpha=0.2154 | mean_|grad|=0.000011 (n=1)
  [trace step 1440] block 4: fast=179 medium=199 slow=134 | mean_alpha=0.2153 | mean_|grad|=0.000023 (n=1)
  [trace step 1441] block 0: fast=178 medium=200 slow=134 | mean_alpha=0.2155 | mean_|grad|=0.000012 (n=1)
  [trace step 1441] block 1: fast=177 medium=200 slow=135 | mean_alpha=0.2156 | mean_|grad|=0.000011 (n=1)
  [trace step 1441] block 2: fast=178 medium=200 slow=134 | mean_alpha=0.2155 | mean_|grad|=0.000009 (n=1)
  [trace step 1441] block 3: fast=179 medium=199 slow=134 | mean_alpha=0.2154 | mean_|grad|=0.000010 (n=1)
  [trace step 1441] block 4: fast=179 medium=199 slow=134 | mean_alpha=0.2153 | mean_|grad|=0.000025 (n=1)
  [trace step 1442] block 0: fast=178 medium=200 slow=134 | mean_alpha=0.2155 | mean_|grad|=0.000012 (n=1)
  [trace step 1442] block 1: fast=177 medium=200 slow=135 | mean_alpha=0.2156 | mean_|grad|=0.000010 (n=1)
  [trace step 1442] block 2: fast=178 medium=200 slow=134 | mean_alpha=0.2155 | mean_|grad|=0.000009 (n=1)
  [trace step 1442] block 3: fast=179 medium=199 slow=134 | mean_alpha=0.2154 | mean_|grad|=0.000011 (n=1)
  [trace step 1442] block 4: fast=179 medium=199 slow=134 | mean_alpha=0.2153 | mean_|grad|=0.000023 (n=1)
  [trace step 1443] block 0: fast=178 medium=200 slow=134 | mean_alpha=0.2155 | mean_|grad|=0.000013 (n=1)
  [trace step 1443] block 1: fast=177 medium=200 slow=135 | mean_alpha=0.2156 | mean_|grad|=0.000011 (n=1)
  [trace step 1443] block 2: fast=178 medium=200 slow=134 | mean_alpha=0.2155 | mean_|grad|=0.000009 (n=1)
  [trace step 1443] block 3: fast=179 medium=199 slow=134 | mean_alpha=0.2154 | mean_|grad|=0.000011 (n=1)
  [trace step 1443] block 4: fast=179 medium=199 slow=134 | mean_alpha=0.2153 | mean_|grad|=0.000015 (n=1)
  [trace step 1444] block 0: fast=178 medium=200 slow=134 | mean_alpha=0.2155 | mean_|grad|=0.000012 (n=1)
  [trace step 1444] block 1: fast=177 medium=200 slow=135 | mean_alpha=0.2156 | mean_|grad|=0.000009 (n=1)
  [trace step 1444] block 2: fast=178 medium=200 slow=134 | mean_alpha=0.2155 | mean_|grad|=0.000008 (n=1)
  [trace step 1444] block 3: fast=179 medium=199 slow=134 | mean_alpha=0.2154 | mean_|grad|=0.000010 (n=1)
  [trace step 1444] block 4: fast=179 medium=199 slow=134 | mean_alpha=0.2153 | mean_|grad|=0.000026 (n=1)
  [trace step 1445] block 0: fast=178 medium=200 slow=134 | mean_alpha=0.2155 | mean_|grad|=0.000012 (n=1)
  [trace step 1445] block 1: fast=177 medium=200 slow=135 | mean_alpha=0.2156 | mean_|grad|=0.000009 (n=1)
  [trace step 1445] block 2: fast=178 medium=200 slow=134 | mean_alpha=0.2155 | mean_|grad|=0.000010 (n=1)
  [trace step 1445] block 3: fast=179 medium=199 slow=134 | mean_alpha=0.2154 | mean_|grad|=0.000008 (n=1)
  [trace step 1445] block 4: fast=179 medium=199 slow=134 | mean_alpha=0.2153 | mean_|grad|=0.000029 (n=1)
  [trace step 1446] block 0: fast=178 medium=200 slow=134 | mean_alpha=0.2155 | mean_|grad|=0.000011 (n=1)
  [trace step 1446] block 1: fast=177 medium=200 slow=135 | mean_alpha=0.2156 | mean_|grad|=0.000010 (n=1)
  [trace step 1446] block 2: fast=178 medium=200 slow=134 | mean_alpha=0.2155 | mean_|grad|=0.000008 (n=1)
  [trace step 1446] block 3: fast=179 medium=199 slow=134 | mean_alpha=0.2154 | mean_|grad|=0.000009 (n=1)
  [trace step 1446] block 4: fast=179 medium=199 slow=134 | mean_alpha=0.2153 | mean_|grad|=0.000027 (n=1)
  [trace step 1447] block 0: fast=178 medium=200 slow=134 | mean_alpha=0.2155 | mean_|grad|=0.000010 (n=1)
  [trace step 1447] block 1: fast=177 medium=200 slow=135 | mean_alpha=0.2156 | mean_|grad|=0.000009 (n=1)
  [trace step 1447] block 2: fast=178 medium=200 slow=134 | mean_alpha=0.2155 | mean_|grad|=0.000008 (n=1)
  [trace step 1447] block 3: fast=179 medium=199 slow=134 | mean_alpha=0.2154 | mean_|grad|=0.000011 (n=1)
  [trace step 1447] block 4: fast=179 medium=199 slow=134 | mean_alpha=0.2153 | mean_|grad|=0.000015 (n=1)
  [trace step 1448] block 0: fast=178 medium=200 slow=134 | mean_alpha=0.2155 | mean_|grad|=0.000011 (n=1)
  [trace step 1448] block 1: fast=177 medium=200 slow=135 | mean_alpha=0.2156 | mean_|grad|=0.000010 (n=1)
  [trace step 1448] block 2: fast=178 medium=200 slow=134 | mean_alpha=0.2155 | mean_|grad|=0.000009 (n=1)
  [trace step 1448] block 3: fast=179 medium=199 slow=134 | mean_alpha=0.2154 | mean_|grad|=0.000009 (n=1)
  [trace step 1448] block 4: fast=179 medium=199 slow=134 | mean_alpha=0.2153 | mean_|grad|=0.000016 (n=1)
  [trace step 1449] block 0: fast=178 medium=200 slow=134 | mean_alpha=0.2155 | mean_|grad|=0.000011 (n=1)
  [trace step 1449] block 1: fast=177 medium=200 slow=135 | mean_alpha=0.2156 | mean_|grad|=0.000008 (n=1)
  [trace step 1449] block 2: fast=178 medium=200 slow=134 | mean_alpha=0.2155 | mean_|grad|=0.000009 (n=1)
  [trace step 1449] block 3: fast=179 medium=199 slow=134 | mean_alpha=0.2154 | mean_|grad|=0.000008 (n=1)
  [trace step 1449] block 4: fast=179 medium=199 slow=134 | mean_alpha=0.2153 | mean_|grad|=0.000022 (n=1)
  [trace step 1450] block 0: fast=178 medium=200 slow=134 | mean_alpha=0.2155 | mean_|grad|=0.000011 (n=1)
  [trace step 1450] block 1: fast=177 medium=200 slow=135 | mean_alpha=0.2156 | mean_|grad|=0.000008 (n=1)
  [trace step 1450] block 2: fast=178 medium=200 slow=134 | mean_alpha=0.2155 | mean_|grad|=0.000008 (n=1)
  [trace step 1450] block 3: fast=179 medium=199 slow=134 | mean_alpha=0.2154 | mean_|grad|=0.000010 (n=1)
  [trace step 1450] block 4: fast=179 medium=199 slow=134 | mean_alpha=0.2153 | mean_|grad|=0.000022 (n=1)
  [r2c trace step 1450] block 0: z mean=1.0344 s mean=0.7509 min=0.7419 max=0.7600 closed=0/512 open=0/512 | mean|s*read|=0.281810 | mean|g| ar=1.69e-5 ib=1.44e-5 z=5.85e-6 (n=50)
  [r2c trace step 1450] block 1: z mean=1.0265 s mean=0.7494 min=0.7430 max=0.7616 closed=0/512 open=0/512 | mean|s*read|=0.450176 | mean|g| ar=1.61e-5 ib=1.24e-5 z=8.36e-7 (n=50)
  [r2c trace step 1450] block 2: z mean=1.0229 s mean=0.7488 min=0.7421 max=0.7570 closed=0/512 open=0/512 | mean|s*read|=0.509867 | mean|g| ar=1.51e-5 ib=9.87e-6 z=5.46e-7 (n=50)
  [r2c trace step 1450] block 3: z mean=1.0213 s mean=0.7485 min=0.7410 max=0.7562 closed=0/512 open=0/512 | mean|s*read|=0.618619 | mean|g| ar=1.51e-5 ib=8.58e-6 z=6.88e-7 (n=50)
  [r2c trace step 1450] block 4: z mean=1.0198 s mean=0.7482 min=0.7393 max=0.7551 closed=0/512 open=0/512 | mean|s*read|=0.792458 | mean|g| ar=1.53e-5 ib=6.66e-6 z=3.72e-7 (n=50)
  [trace step 1451] block 0: fast=178 medium=200 slow=134 | mean_alpha=0.2155 | mean_|grad|=0.000010 (n=1)
  [trace step 1451] block 1: fast=177 medium=200 slow=135 | mean_alpha=0.2156 | mean_|grad|=0.000009 (n=1)
  [trace step 1451] block 2: fast=178 medium=200 slow=134 | mean_alpha=0.2155 | mean_|grad|=0.000008 (n=1)
  [trace step 1451] block 3: fast=179 medium=199 slow=134 | mean_alpha=0.2154 | mean_|grad|=0.000009 (n=1)
  [trace step 1451] block 4: fast=179 medium=199 slow=134 | mean_alpha=0.2153 | mean_|grad|=0.000021 (n=1)
  [trace step 1452] block 0: fast=178 medium=200 slow=134 | mean_alpha=0.2155 | mean_|grad|=0.000011 (n=1)
  [trace step 1452] block 1: fast=177 medium=200 slow=135 | mean_alpha=0.2156 | mean_|grad|=0.000009 (n=1)
  [trace step 1452] block 2: fast=178 medium=200 slow=134 | mean_alpha=0.2155 | mean_|grad|=0.000008 (n=1)
  [trace step 1452] block 3: fast=179 medium=199 slow=134 | mean_alpha=0.2154 | mean_|grad|=0.000008 (n=1)
  [trace step 1452] block 4: fast=179 medium=199 slow=134 | mean_alpha=0.2153 | mean_|grad|=0.000021 (n=1)
  [trace step 1453] block 0: fast=178 medium=200 slow=134 | mean_alpha=0.2155 | mean_|grad|=0.000010 (n=1)
  [trace step 1453] block 1: fast=177 medium=200 slow=135 | mean_alpha=0.2156 | mean_|grad|=0.000008 (n=1)
  [trace step 1453] block 2: fast=178 medium=200 slow=134 | mean_alpha=0.2155 | mean_|grad|=0.000008 (n=1)
  [trace step 1453] block 3: fast=179 medium=199 slow=134 | mean_alpha=0.2154 | mean_|grad|=0.000008 (n=1)
  [trace step 1453] block 4: fast=179 medium=199 slow=134 | mean_alpha=0.2153 | mean_|grad|=0.000025 (n=1)
  [trace step 1454] block 0: fast=178 medium=200 slow=134 | mean_alpha=0.2155 | mean_|grad|=0.000009 (n=1)
  [trace step 1454] block 1: fast=177 medium=200 slow=135 | mean_alpha=0.2156 | mean_|grad|=0.000008 (n=1)
  [trace step 1454] block 2: fast=178 medium=200 slow=134 | mean_alpha=0.2155 | mean_|grad|=0.000007 (n=1)
  [trace step 1454] block 3: fast=179 medium=199 slow=134 | mean_alpha=0.2154 | mean_|grad|=0.000008 (n=1)
  [trace step 1454] block 4: fast=179 medium=199 slow=134 | mean_alpha=0.2153 | mean_|grad|=0.000026 (n=1)
  [trace step 1455] block 0: fast=178 medium=200 slow=134 | mean_alpha=0.2155 | mean_|grad|=0.000010 (n=1)
  [trace step 1455] block 1: fast=177 medium=200 slow=135 | mean_alpha=0.2156 | mean_|grad|=0.000008 (n=1)
  [trace step 1455] block 2: fast=178 medium=200 slow=134 | mean_alpha=0.2155 | mean_|grad|=0.000008 (n=1)
  [trace step 1455] block 3: fast=179 medium=199 slow=134 | mean_alpha=0.2154 | mean_|grad|=0.000008 (n=1)
  [trace step 1455] block 4: fast=179 medium=199 slow=134 | mean_alpha=0.2153 | mean_|grad|=0.000018 (n=1)
  [trace step 1456] block 0: fast=178 medium=200 slow=134 | mean_alpha=0.2155 | mean_|grad|=0.000010 (n=1)
  [trace step 1456] block 1: fast=177 medium=200 slow=135 | mean_alpha=0.2156 | mean_|grad|=0.000008 (n=1)
  [trace step 1456] block 2: fast=178 medium=200 slow=134 | mean_alpha=0.2155 | mean_|grad|=0.000008 (n=1)
  [trace step 1456] block 3: fast=179 medium=199 slow=134 | mean_alpha=0.2154 | mean_|grad|=0.000007 (n=1)
  [trace step 1456] block 4: fast=179 medium=199 slow=134 | mean_alpha=0.2153 | mean_|grad|=0.000017 (n=1)
  [trace step 1457] block 0: fast=178 medium=200 slow=134 | mean_alpha=0.2155 | mean_|grad|=0.000010 (n=1)
  [trace step 1457] block 1: fast=177 medium=200 slow=135 | mean_alpha=0.2156 | mean_|grad|=0.000009 (n=1)
  [trace step 1457] block 2: fast=178 medium=200 slow=134 | mean_alpha=0.2155 | mean_|grad|=0.000008 (n=1)
  [trace step 1457] block 3: fast=179 medium=199 slow=134 | mean_alpha=0.2154 | mean_|grad|=0.000010 (n=1)
  [trace step 1457] block 4: fast=179 medium=199 slow=134 | mean_alpha=0.2153 | mean_|grad|=0.000022 (n=1)
  [trace step 1458] block 0: fast=178 medium=200 slow=134 | mean_alpha=0.2155 | mean_|grad|=0.000010 (n=1)
  [trace step 1458] block 1: fast=177 medium=200 slow=135 | mean_alpha=0.2156 | mean_|grad|=0.000009 (n=1)
  [trace step 1458] block 2: fast=178 medium=200 slow=134 | mean_alpha=0.2155 | mean_|grad|=0.000008 (n=1)
  [trace step 1458] block 3: fast=179 medium=199 slow=134 | mean_alpha=0.2154 | mean_|grad|=0.000009 (n=1)
  [trace step 1458] block 4: fast=179 medium=199 slow=134 | mean_alpha=0.2153 | mean_|grad|=0.000022 (n=1)
  [trace step 1459] block 0: fast=178 medium=200 slow=134 | mean_alpha=0.2155 | mean_|grad|=0.000010 (n=1)
  [trace step 1459] block 1: fast=177 medium=200 slow=135 | mean_alpha=0.2156 | mean_|grad|=0.000008 (n=1)
  [trace step 1459] block 2: fast=178 medium=200 slow=134 | mean_alpha=0.2155 | mean_|grad|=0.000008 (n=1)
  [trace step 1459] block 3: fast=179 medium=199 slow=134 | mean_alpha=0.2154 | mean_|grad|=0.000009 (n=1)
  [trace step 1459] block 4: fast=179 medium=199 slow=134 | mean_alpha=0.2153 | mean_|grad|=0.000017 (n=1)
  [trace step 1460] block 0: fast=178 medium=200 slow=134 | mean_alpha=0.2155 | mean_|grad|=0.000010 (n=1)
  [trace step 1460] block 1: fast=177 medium=200 slow=135 | mean_alpha=0.2156 | mean_|grad|=0.000009 (n=1)
  [trace step 1460] block 2: fast=178 medium=200 slow=134 | mean_alpha=0.2155 | mean_|grad|=0.000008 (n=1)
  [trace step 1460] block 3: fast=179 medium=199 slow=134 | mean_alpha=0.2154 | mean_|grad|=0.000008 (n=1)
  [trace step 1460] block 4: fast=179 medium=199 slow=134 | mean_alpha=0.2153 | mean_|grad|=0.000019 (n=1)
  [trace step 1461] block 0: fast=178 medium=200 slow=134 | mean_alpha=0.2155 | mean_|grad|=0.000010 (n=1)
  [trace step 1461] block 1: fast=177 medium=200 slow=135 | mean_alpha=0.2156 | mean_|grad|=0.000009 (n=1)
  [trace step 1461] block 2: fast=178 medium=200 slow=134 | mean_alpha=0.2155 | mean_|grad|=0.000009 (n=1)
  [trace step 1461] block 3: fast=179 medium=199 slow=134 | mean_alpha=0.2154 | mean_|grad|=0.000009 (n=1)
  [trace step 1461] block 4: fast=179 medium=199 slow=134 | mean_alpha=0.2153 | mean_|grad|=0.000028 (n=1)
  [trace step 1462] block 0: fast=178 medium=200 slow=134 | mean_alpha=0.2155 | mean_|grad|=0.000010 (n=1)
  [trace step 1462] block 1: fast=177 medium=200 slow=135 | mean_alpha=0.2156 | mean_|grad|=0.000009 (n=1)
  [trace step 1462] block 2: fast=178 medium=200 slow=134 | mean_alpha=0.2155 | mean_|grad|=0.000008 (n=1)
  [trace step 1462] block 3: fast=179 medium=199 slow=134 | mean_alpha=0.2154 | mean_|grad|=0.000009 (n=1)
  [trace step 1462] block 4: fast=179 medium=199 slow=134 | mean_alpha=0.2153 | mean_|grad|=0.000015 (n=1)
  [trace step 1463] block 0: fast=178 medium=200 slow=134 | mean_alpha=0.2155 | mean_|grad|=0.000011 (n=1)
  [trace step 1463] block 1: fast=177 medium=200 slow=135 | mean_alpha=0.2156 | mean_|grad|=0.000009 (n=1)
  [trace step 1463] block 2: fast=178 medium=200 slow=134 | mean_alpha=0.2155 | mean_|grad|=0.000009 (n=1)
  [trace step 1463] block 3: fast=179 medium=199 slow=134 | mean_alpha=0.2154 | mean_|grad|=0.000008 (n=1)
  [trace step 1463] block 4: fast=179 medium=199 slow=134 | mean_alpha=0.2153 | mean_|grad|=0.000028 (n=1)
  [trace step 1464] block 0: fast=178 medium=200 slow=134 | mean_alpha=0.2155 | mean_|grad|=0.000012 (n=1)
  [trace step 1464] block 1: fast=177 medium=200 slow=135 | mean_alpha=0.2156 | mean_|grad|=0.000009 (n=1)
  [trace step 1464] block 2: fast=178 medium=200 slow=134 | mean_alpha=0.2155 | mean_|grad|=0.000009 (n=1)
  [trace step 1464] block 3: fast=179 medium=199 slow=134 | mean_alpha=0.2154 | mean_|grad|=0.000008 (n=1)
  [trace step 1464] block 4: fast=179 medium=199 slow=134 | mean_alpha=0.2153 | mean_|grad|=0.000026 (n=1)
  [trace step 1465] block 0: fast=178 medium=200 slow=134 | mean_alpha=0.2155 | mean_|grad|=0.000009 (n=1)
  [trace step 1465] block 1: fast=177 medium=200 slow=135 | mean_alpha=0.2156 | mean_|grad|=0.000008 (n=1)
  [trace step 1465] block 2: fast=178 medium=200 slow=134 | mean_alpha=0.2155 | mean_|grad|=0.000008 (n=1)
  [trace step 1465] block 3: fast=179 medium=199 slow=134 | mean_alpha=0.2154 | mean_|grad|=0.000008 (n=1)
  [trace step 1465] block 4: fast=179 medium=199 slow=134 | mean_alpha=0.2153 | mean_|grad|=0.000013 (n=1)
  [trace step 1466] block 0: fast=178 medium=200 slow=134 | mean_alpha=0.2155 | mean_|grad|=0.000010 (n=1)
  [trace step 1466] block 1: fast=177 medium=200 slow=135 | mean_alpha=0.2156 | mean_|grad|=0.000009 (n=1)
  [trace step 1466] block 2: fast=178 medium=200 slow=134 | mean_alpha=0.2155 | mean_|grad|=0.000008 (n=1)
  [trace step 1466] block 3: fast=179 medium=199 slow=134 | mean_alpha=0.2154 | mean_|grad|=0.000007 (n=1)
  [trace step 1466] block 4: fast=179 medium=199 slow=134 | mean_alpha=0.2153 | mean_|grad|=0.000015 (n=1)
  [trace step 1467] block 0: fast=178 medium=200 slow=134 | mean_alpha=0.2155 | mean_|grad|=0.000015 (n=1)
  [trace step 1467] block 1: fast=177 medium=200 slow=135 | mean_alpha=0.2156 | mean_|grad|=0.000011 (n=1)
  [trace step 1467] block 2: fast=178 medium=200 slow=134 | mean_alpha=0.2155 | mean_|grad|=0.000012 (n=1)
  [trace step 1467] block 3: fast=179 medium=199 slow=134 | mean_alpha=0.2154 | mean_|grad|=0.000011 (n=1)
  [trace step 1467] block 4: fast=179 medium=199 slow=134 | mean_alpha=0.2153 | mean_|grad|=0.000031 (n=1)
  [trace step 1468] block 0: fast=178 medium=200 slow=134 | mean_alpha=0.2155 | mean_|grad|=0.000009 (n=1)
  [trace step 1468] block 1: fast=177 medium=200 slow=135 | mean_alpha=0.2156 | mean_|grad|=0.000007 (n=1)
  [trace step 1468] block 2: fast=178 medium=200 slow=134 | mean_alpha=0.2155 | mean_|grad|=0.000009 (n=1)
  [trace step 1468] block 3: fast=179 medium=199 slow=134 | mean_alpha=0.2154 | mean_|grad|=0.000007 (n=1)
  [trace step 1468] block 4: fast=179 medium=199 slow=134 | mean_alpha=0.2153 | mean_|grad|=0.000019 (n=1)
  [trace step 1469] block 0: fast=178 medium=200 slow=134 | mean_alpha=0.2155 | mean_|grad|=0.000011 (n=1)
  [trace step 1469] block 1: fast=177 medium=200 slow=135 | mean_alpha=0.2156 | mean_|grad|=0.000008 (n=1)
  [trace step 1469] block 2: fast=178 medium=200 slow=134 | mean_alpha=0.2155 | mean_|grad|=0.000008 (n=1)
  [trace step 1469] block 3: fast=179 medium=199 slow=134 | mean_alpha=0.2154 | mean_|grad|=0.000009 (n=1)
  [trace step 1469] block 4: fast=179 medium=199 slow=134 | mean_alpha=0.2153 | mean_|grad|=0.000020 (n=1)
  [trace step 1470] block 0: fast=178 medium=200 slow=134 | mean_alpha=0.2155 | mean_|grad|=0.000009 (n=1)
  [trace step 1470] block 1: fast=177 medium=200 slow=135 | mean_alpha=0.2156 | mean_|grad|=0.000008 (n=1)
  [trace step 1470] block 2: fast=178 medium=200 slow=134 | mean_alpha=0.2155 | mean_|grad|=0.000007 (n=1)
  [trace step 1470] block 3: fast=179 medium=199 slow=134 | mean_alpha=0.2154 | mean_|grad|=0.000008 (n=1)
  [trace step 1470] block 4: fast=179 medium=199 slow=134 | mean_alpha=0.2153 | mean_|grad|=0.000020 (n=1)
  [trace step 1471] block 0: fast=178 medium=200 slow=134 | mean_alpha=0.2155 | mean_|grad|=0.000010 (n=1)
  [trace step 1471] block 1: fast=177 medium=200 slow=135 | mean_alpha=0.2156 | mean_|grad|=0.000009 (n=1)
  [trace step 1471] block 2: fast=178 medium=200 slow=134 | mean_alpha=0.2155 | mean_|grad|=0.000009 (n=1)
  [trace step 1471] block 3: fast=179 medium=199 slow=134 | mean_alpha=0.2154 | mean_|grad|=0.000010 (n=1)
  [trace step 1471] block 4: fast=179 medium=199 slow=134 | mean_alpha=0.2153 | mean_|grad|=0.000030 (n=1)
  [trace step 1472] block 0: fast=178 medium=200 slow=134 | mean_alpha=0.2155 | mean_|grad|=0.000009 (n=1)
  [trace step 1472] block 1: fast=177 medium=200 slow=135 | mean_alpha=0.2156 | mean_|grad|=0.000008 (n=1)
  [trace step 1472] block 2: fast=178 medium=200 slow=134 | mean_alpha=0.2155 | mean_|grad|=0.000008 (n=1)
  [trace step 1472] block 3: fast=179 medium=199 slow=134 | mean_alpha=0.2154 | mean_|grad|=0.000009 (n=1)
  [trace step 1472] block 4: fast=179 medium=199 slow=134 | mean_alpha=0.2153 | mean_|grad|=0.000030 (n=1)
  [trace step 1473] block 0: fast=178 medium=200 slow=134 | mean_alpha=0.2155 | mean_|grad|=0.000009 (n=1)
  [trace step 1473] block 1: fast=177 medium=200 slow=135 | mean_alpha=0.2156 | mean_|grad|=0.000009 (n=1)
  [trace step 1473] block 2: fast=178 medium=200 slow=134 | mean_alpha=0.2155 | mean_|grad|=0.000008 (n=1)
  [trace step 1473] block 3: fast=179 medium=199 slow=134 | mean_alpha=0.2154 | mean_|grad|=0.000009 (n=1)
  [trace step 1473] block 4: fast=179 medium=199 slow=134 | mean_alpha=0.2153 | mean_|grad|=0.000019 (n=1)
  [trace step 1474] block 0: fast=178 medium=200 slow=134 | mean_alpha=0.2155 | mean_|grad|=0.000010 (n=1)
  [trace step 1474] block 1: fast=177 medium=200 slow=135 | mean_alpha=0.2156 | mean_|grad|=0.000008 (n=1)
  [trace step 1474] block 2: fast=178 medium=200 slow=134 | mean_alpha=0.2155 | mean_|grad|=0.000007 (n=1)
  [trace step 1474] block 3: fast=179 medium=199 slow=134 | mean_alpha=0.2154 | mean_|grad|=0.000008 (n=1)
  [trace step 1474] block 4: fast=179 medium=199 slow=134 | mean_alpha=0.2153 | mean_|grad|=0.000020 (n=1)
  [trace step 1475] block 0: fast=178 medium=200 slow=134 | mean_alpha=0.2155 | mean_|grad|=0.000010 (n=1)
  [trace step 1475] block 1: fast=177 medium=200 slow=135 | mean_alpha=0.2156 | mean_|grad|=0.000009 (n=1)
  [trace step 1475] block 2: fast=178 medium=200 slow=134 | mean_alpha=0.2155 | mean_|grad|=0.000008 (n=1)
  [trace step 1475] block 3: fast=179 medium=199 slow=134 | mean_alpha=0.2154 | mean_|grad|=0.000008 (n=1)
  [trace step 1475] block 4: fast=179 medium=199 slow=134 | mean_alpha=0.2153 | mean_|grad|=0.000013 (n=1)
  [trace step 1476] block 0: fast=178 medium=200 slow=134 | mean_alpha=0.2155 | mean_|grad|=0.000009 (n=1)
  [trace step 1476] block 1: fast=177 medium=200 slow=135 | mean_alpha=0.2156 | mean_|grad|=0.000010 (n=1)
  [trace step 1476] block 2: fast=178 medium=200 slow=134 | mean_alpha=0.2155 | mean_|grad|=0.000008 (n=1)
  [trace step 1476] block 3: fast=179 medium=199 slow=134 | mean_alpha=0.2154 | mean_|grad|=0.000008 (n=1)
  [trace step 1476] block 4: fast=179 medium=199 slow=134 | mean_alpha=0.2153 | mean_|grad|=0.000021 (n=1)
  [trace step 1477] block 0: fast=178 medium=200 slow=134 | mean_alpha=0.2155 | mean_|grad|=0.000014 (n=1)
  [trace step 1477] block 1: fast=177 medium=200 slow=135 | mean_alpha=0.2156 | mean_|grad|=0.000010 (n=1)
  [trace step 1477] block 2: fast=178 medium=200 slow=134 | mean_alpha=0.2155 | mean_|grad|=0.000009 (n=1)
  [trace step 1477] block 3: fast=179 medium=199 slow=134 | mean_alpha=0.2154 | mean_|grad|=0.000010 (n=1)
  [trace step 1477] block 4: fast=179 medium=199 slow=134 | mean_alpha=0.2153 | mean_|grad|=0.000012 (n=1)
  [trace step 1478] block 0: fast=178 medium=200 slow=134 | mean_alpha=0.2155 | mean_|grad|=0.000010 (n=1)
  [trace step 1478] block 1: fast=177 medium=200 slow=135 | mean_alpha=0.2156 | mean_|grad|=0.000008 (n=1)
  [trace step 1478] block 2: fast=178 medium=200 slow=134 | mean_alpha=0.2155 | mean_|grad|=0.000008 (n=1)
  [trace step 1478] block 3: fast=179 medium=199 slow=134 | mean_alpha=0.2154 | mean_|grad|=0.000007 (n=1)
  [trace step 1478] block 4: fast=179 medium=199 slow=134 | mean_alpha=0.2153 | mean_|grad|=0.000025 (n=1)
  [trace step 1479] block 0: fast=178 medium=200 slow=134 | mean_alpha=0.2155 | mean_|grad|=0.000010 (n=1)
  [trace step 1479] block 1: fast=177 medium=200 slow=135 | mean_alpha=0.2156 | mean_|grad|=0.000009 (n=1)
  [trace step 1479] block 2: fast=178 medium=200 slow=134 | mean_alpha=0.2155 | mean_|grad|=0.000008 (n=1)
  [trace step 1479] block 3: fast=179 medium=199 slow=134 | mean_alpha=0.2154 | mean_|grad|=0.000009 (n=1)
  [trace step 1479] block 4: fast=179 medium=199 slow=134 | mean_alpha=0.2153 | mean_|grad|=0.000029 (n=1)
  [trace step 1480] block 0: fast=178 medium=200 slow=134 | mean_alpha=0.2155 | mean_|grad|=0.000011 (n=1)
  [trace step 1480] block 1: fast=177 medium=200 slow=135 | mean_alpha=0.2156 | mean_|grad|=0.000008 (n=1)
  [trace step 1480] block 2: fast=178 medium=200 slow=134 | mean_alpha=0.2155 | mean_|grad|=0.000008 (n=1)
  [trace step 1480] block 3: fast=179 medium=199 slow=134 | mean_alpha=0.2154 | mean_|grad|=0.000008 (n=1)
  [trace step 1480] block 4: fast=179 medium=199 slow=134 | mean_alpha=0.2153 | mean_|grad|=0.000018 (n=1)
  [trace step 1481] block 0: fast=177 medium=201 slow=134 | mean_alpha=0.2155 | mean_|grad|=0.000011 (n=1)
  [trace step 1481] block 1: fast=177 medium=200 slow=135 | mean_alpha=0.2156 | mean_|grad|=0.000009 (n=1)
  [trace step 1481] block 2: fast=178 medium=200 slow=134 | mean_alpha=0.2155 | mean_|grad|=0.000009 (n=1)
  [trace step 1481] block 3: fast=179 medium=199 slow=134 | mean_alpha=0.2154 | mean_|grad|=0.000009 (n=1)
  [trace step 1481] block 4: fast=179 medium=199 slow=134 | mean_alpha=0.2153 | mean_|grad|=0.000018 (n=1)
  [trace step 1482] block 0: fast=177 medium=201 slow=134 | mean_alpha=0.2155 | mean_|grad|=0.000011 (n=1)
  [trace step 1482] block 1: fast=177 medium=200 slow=135 | mean_alpha=0.2156 | mean_|grad|=0.000008 (n=1)
  [trace step 1482] block 2: fast=178 medium=200 slow=134 | mean_alpha=0.2155 | mean_|grad|=0.000008 (n=1)
  [trace step 1482] block 3: fast=179 medium=199 slow=134 | mean_alpha=0.2154 | mean_|grad|=0.000008 (n=1)
  [trace step 1482] block 4: fast=179 medium=199 slow=134 | mean_alpha=0.2153 | mean_|grad|=0.000014 (n=1)
  [trace step 1483] block 0: fast=177 medium=201 slow=134 | mean_alpha=0.2155 | mean_|grad|=0.000012 (n=1)
  [trace step 1483] block 1: fast=177 medium=200 slow=135 | mean_alpha=0.2156 | mean_|grad|=0.000008 (n=1)
  [trace step 1483] block 2: fast=178 medium=200 slow=134 | mean_alpha=0.2155 | mean_|grad|=0.000009 (n=1)
  [trace step 1483] block 3: fast=179 medium=199 slow=134 | mean_alpha=0.2154 | mean_|grad|=0.000009 (n=1)
  [trace step 1483] block 4: fast=179 medium=199 slow=134 | mean_alpha=0.2153 | mean_|grad|=0.000031 (n=1)
  [trace step 1484] block 0: fast=177 medium=201 slow=134 | mean_alpha=0.2155 | mean_|grad|=0.000010 (n=1)
  [trace step 1484] block 1: fast=177 medium=200 slow=135 | mean_alpha=0.2156 | mean_|grad|=0.000008 (n=1)
  [trace step 1484] block 2: fast=178 medium=200 slow=134 | mean_alpha=0.2155 | mean_|grad|=0.000009 (n=1)
  [trace step 1484] block 3: fast=179 medium=199 slow=134 | mean_alpha=0.2154 | mean_|grad|=0.000009 (n=1)
  [trace step 1484] block 4: fast=179 medium=199 slow=134 | mean_alpha=0.2153 | mean_|grad|=0.000020 (n=1)
  [trace step 1485] block 0: fast=177 medium=201 slow=134 | mean_alpha=0.2155 | mean_|grad|=0.000010 (n=1)
  [trace step 1485] block 1: fast=177 medium=200 slow=135 | mean_alpha=0.2156 | mean_|grad|=0.000009 (n=1)
  [trace step 1485] block 2: fast=178 medium=200 slow=134 | mean_alpha=0.2155 | mean_|grad|=0.000010 (n=1)
  [trace step 1485] block 3: fast=179 medium=199 slow=134 | mean_alpha=0.2154 | mean_|grad|=0.000009 (n=1)
  [trace step 1485] block 4: fast=179 medium=199 slow=134 | mean_alpha=0.2153 | mean_|grad|=0.000014 (n=1)
  [trace step 1486] block 0: fast=177 medium=201 slow=134 | mean_alpha=0.2155 | mean_|grad|=0.000010 (n=1)
  [trace step 1486] block 1: fast=177 medium=200 slow=135 | mean_alpha=0.2156 | mean_|grad|=0.000009 (n=1)
  [trace step 1486] block 2: fast=178 medium=200 slow=134 | mean_alpha=0.2155 | mean_|grad|=0.000008 (n=1)
  [trace step 1486] block 3: fast=179 medium=199 slow=134 | mean_alpha=0.2154 | mean_|grad|=0.000008 (n=1)
  [trace step 1486] block 4: fast=179 medium=199 slow=134 | mean_alpha=0.2153 | mean_|grad|=0.000018 (n=1)
  [trace step 1487] block 0: fast=177 medium=201 slow=134 | mean_alpha=0.2155 | mean_|grad|=0.000011 (n=1)
  [trace step 1487] block 1: fast=177 medium=200 slow=135 | mean_alpha=0.2156 | mean_|grad|=0.000008 (n=1)
  [trace step 1487] block 2: fast=178 medium=200 slow=134 | mean_alpha=0.2155 | mean_|grad|=0.000007 (n=1)
  [trace step 1487] block 3: fast=179 medium=199 slow=134 | mean_alpha=0.2154 | mean_|grad|=0.000008 (n=1)
  [trace step 1487] block 4: fast=179 medium=199 slow=134 | mean_alpha=0.2153 | mean_|grad|=0.000014 (n=1)
  [trace step 1488] block 0: fast=177 medium=201 slow=134 | mean_alpha=0.2155 | mean_|grad|=0.000009 (n=1)
  [trace step 1488] block 1: fast=177 medium=200 slow=135 | mean_alpha=0.2156 | mean_|grad|=0.000008 (n=1)
  [trace step 1488] block 2: fast=178 medium=200 slow=134 | mean_alpha=0.2155 | mean_|grad|=0.000007 (n=1)
  [trace step 1488] block 3: fast=179 medium=199 slow=134 | mean_alpha=0.2154 | mean_|grad|=0.000009 (n=1)
  [trace step 1488] block 4: fast=179 medium=199 slow=134 | mean_alpha=0.2153 | mean_|grad|=0.000016 (n=1)
  [trace step 1489] block 0: fast=177 medium=201 slow=134 | mean_alpha=0.2155 | mean_|grad|=0.000010 (n=1)
  [trace step 1489] block 1: fast=177 medium=200 slow=135 | mean_alpha=0.2156 | mean_|grad|=0.000009 (n=1)
  [trace step 1489] block 2: fast=178 medium=200 slow=134 | mean_alpha=0.2155 | mean_|grad|=0.000008 (n=1)
  [trace step 1489] block 3: fast=179 medium=199 slow=134 | mean_alpha=0.2154 | mean_|grad|=0.000008 (n=1)
  [trace step 1489] block 4: fast=179 medium=199 slow=134 | mean_alpha=0.2153 | mean_|grad|=0.000029 (n=1)
  [trace step 1490] block 0: fast=177 medium=201 slow=134 | mean_alpha=0.2155 | mean_|grad|=0.000010 (n=1)
  [trace step 1490] block 1: fast=177 medium=200 slow=135 | mean_alpha=0.2156 | mean_|grad|=0.000008 (n=1)
  [trace step 1490] block 2: fast=178 medium=200 slow=134 | mean_alpha=0.2155 | mean_|grad|=0.000008 (n=1)
  [trace step 1490] block 3: fast=179 medium=199 slow=134 | mean_alpha=0.2154 | mean_|grad|=0.000010 (n=1)
  [trace step 1490] block 4: fast=179 medium=199 slow=134 | mean_alpha=0.2153 | mean_|grad|=0.000018 (n=1)
  [trace step 1491] block 0: fast=177 medium=201 slow=134 | mean_alpha=0.2155 | mean_|grad|=0.000009 (n=1)
  [trace step 1491] block 1: fast=177 medium=200 slow=135 | mean_alpha=0.2156 | mean_|grad|=0.000009 (n=1)
  [trace step 1491] block 2: fast=178 medium=200 slow=134 | mean_alpha=0.2155 | mean_|grad|=0.000008 (n=1)
  [trace step 1491] block 3: fast=179 medium=199 slow=134 | mean_alpha=0.2154 | mean_|grad|=0.000009 (n=1)
  [trace step 1491] block 4: fast=179 medium=199 slow=134 | mean_alpha=0.2153 | mean_|grad|=0.000017 (n=1)
  [trace step 1492] block 0: fast=177 medium=201 slow=134 | mean_alpha=0.2155 | mean_|grad|=0.000011 (n=1)
  [trace step 1492] block 1: fast=177 medium=200 slow=135 | mean_alpha=0.2156 | mean_|grad|=0.000009 (n=1)
  [trace step 1492] block 2: fast=178 medium=200 slow=134 | mean_alpha=0.2155 | mean_|grad|=0.000008 (n=1)
  [trace step 1492] block 3: fast=179 medium=199 slow=134 | mean_alpha=0.2154 | mean_|grad|=0.000009 (n=1)
  [trace step 1492] block 4: fast=179 medium=199 slow=134 | mean_alpha=0.2153 | mean_|grad|=0.000016 (n=1)
  [trace step 1493] block 0: fast=177 medium=201 slow=134 | mean_alpha=0.2155 | mean_|grad|=0.000009 (n=1)
  [trace step 1493] block 1: fast=177 medium=200 slow=135 | mean_alpha=0.2156 | mean_|grad|=0.000008 (n=1)
  [trace step 1493] block 2: fast=178 medium=200 slow=134 | mean_alpha=0.2155 | mean_|grad|=0.000007 (n=1)
  [trace step 1493] block 3: fast=179 medium=199 slow=134 | mean_alpha=0.2154 | mean_|grad|=0.000008 (n=1)
  [trace step 1493] block 4: fast=179 medium=199 slow=134 | mean_alpha=0.2153 | mean_|grad|=0.000015 (n=1)
  [trace step 1494] block 0: fast=177 medium=201 slow=134 | mean_alpha=0.2155 | mean_|grad|=0.000010 (n=1)
  [trace step 1494] block 1: fast=177 medium=200 slow=135 | mean_alpha=0.2156 | mean_|grad|=0.000008 (n=1)
  [trace step 1494] block 2: fast=178 medium=200 slow=134 | mean_alpha=0.2155 | mean_|grad|=0.000009 (n=1)
  [trace step 1494] block 3: fast=179 medium=199 slow=134 | mean_alpha=0.2154 | mean_|grad|=0.000009 (n=1)
  [trace step 1494] block 4: fast=179 medium=199 slow=134 | mean_alpha=0.2153 | mean_|grad|=0.000012 (n=1)
  [trace step 1495] block 0: fast=177 medium=201 slow=134 | mean_alpha=0.2155 | mean_|grad|=0.000010 (n=1)
  [trace step 1495] block 1: fast=177 medium=200 slow=135 | mean_alpha=0.2156 | mean_|grad|=0.000008 (n=1)
  [trace step 1495] block 2: fast=178 medium=200 slow=134 | mean_alpha=0.2155 | mean_|grad|=0.000007 (n=1)
  [trace step 1495] block 3: fast=179 medium=199 slow=134 | mean_alpha=0.2154 | mean_|grad|=0.000008 (n=1)
  [trace step 1495] block 4: fast=179 medium=199 slow=134 | mean_alpha=0.2153 | mean_|grad|=0.000019 (n=1)
  [trace step 1496] block 0: fast=177 medium=201 slow=134 | mean_alpha=0.2155 | mean_|grad|=0.000009 (n=1)
  [trace step 1496] block 1: fast=177 medium=200 slow=135 | mean_alpha=0.2156 | mean_|grad|=0.000007 (n=1)
  [trace step 1496] block 2: fast=178 medium=200 slow=134 | mean_alpha=0.2155 | mean_|grad|=0.000007 (n=1)
  [trace step 1496] block 3: fast=179 medium=199 slow=134 | mean_alpha=0.2154 | mean_|grad|=0.000006 (n=1)
  [trace step 1496] block 4: fast=179 medium=199 slow=134 | mean_alpha=0.2153 | mean_|grad|=0.000020 (n=1)
  [trace step 1497] block 0: fast=177 medium=201 slow=134 | mean_alpha=0.2155 | mean_|grad|=0.000008 (n=1)
  [trace step 1497] block 1: fast=177 medium=200 slow=135 | mean_alpha=0.2156 | mean_|grad|=0.000007 (n=1)
  [trace step 1497] block 2: fast=178 medium=200 slow=134 | mean_alpha=0.2155 | mean_|grad|=0.000007 (n=1)
  [trace step 1497] block 3: fast=179 medium=199 slow=134 | mean_alpha=0.2154 | mean_|grad|=0.000007 (n=1)
  [trace step 1497] block 4: fast=179 medium=199 slow=134 | mean_alpha=0.2153 | mean_|grad|=0.000013 (n=1)
  [trace step 1498] block 0: fast=177 medium=201 slow=134 | mean_alpha=0.2155 | mean_|grad|=0.000009 (n=1)
  [trace step 1498] block 1: fast=177 medium=200 slow=135 | mean_alpha=0.2156 | mean_|grad|=0.000008 (n=1)
  [trace step 1498] block 2: fast=178 medium=200 slow=134 | mean_alpha=0.2155 | mean_|grad|=0.000007 (n=1)
  [trace step 1498] block 3: fast=179 medium=199 slow=134 | mean_alpha=0.2154 | mean_|grad|=0.000006 (n=1)
  [trace step 1498] block 4: fast=179 medium=199 slow=134 | mean_alpha=0.2153 | mean_|grad|=0.000014 (n=1)
  [trace step 1499] block 0: fast=177 medium=201 slow=134 | mean_alpha=0.2155 | mean_|grad|=0.000009 (n=1)
  [trace step 1499] block 1: fast=177 medium=200 slow=135 | mean_alpha=0.2156 | mean_|grad|=0.000008 (n=1)
  [trace step 1499] block 2: fast=178 medium=200 slow=134 | mean_alpha=0.2155 | mean_|grad|=0.000007 (n=1)
  [trace step 1499] block 3: fast=179 medium=199 slow=134 | mean_alpha=0.2154 | mean_|grad|=0.000007 (n=1)
  [trace step 1499] block 4: fast=179 medium=199 slow=134 | mean_alpha=0.2153 | mean_|grad|=0.000014 (n=1)
  [trace step 1500] block 0: fast=177 medium=201 slow=134 | mean_alpha=0.2155 | mean_|grad|=0.000009 (n=1)
  [trace step 1500] block 1: fast=177 medium=200 slow=135 | mean_alpha=0.2156 | mean_|grad|=0.000007 (n=1)
  [trace step 1500] block 2: fast=178 medium=200 slow=134 | mean_alpha=0.2155 | mean_|grad|=0.000008 (n=1)
  [trace step 1500] block 3: fast=179 medium=199 slow=134 | mean_alpha=0.2154 | mean_|grad|=0.000008 (n=1)
  [trace step 1500] block 4: fast=179 medium=199 slow=134 | mean_alpha=0.2153 | mean_|grad|=0.000013 (n=1)
  [r2c trace step 1500] block 0: z mean=1.0346 s mean=0.7509 min=0.7417 max=0.7600 closed=0/512 open=0/512 | mean|s*read|=0.283354 | mean|g| ar=1.54e-5 ib=1.30e-5 z=4.43e-6 (n=50)
  [r2c trace step 1500] block 1: z mean=1.0268 s mean=0.7495 min=0.7428 max=0.7619 closed=0/512 open=0/512 | mean|s*read|=0.465730 | mean|g| ar=1.39e-5 ib=1.10e-5 z=5.61e-7 (n=50)
  [r2c trace step 1500] block 2: z mean=1.0230 s mean=0.7488 min=0.7420 max=0.7574 closed=0/512 open=0/512 | mean|s*read|=0.526975 | mean|g| ar=1.36e-5 ib=8.69e-6 z=5.56e-7 (n=50)
  [r2c trace step 1500] block 3: z mean=1.0213 s mean=0.7485 min=0.7409 max=0.7564 closed=0/512 open=0/512 | mean|s*read|=0.637954 | mean|g| ar=1.41e-5 ib=7.47e-6 z=6.25e-7 (n=50)
  [r2c trace step 1500] block 4: z mean=1.0197 s mean=0.7482 min=0.7391 max=0.7552 closed=0/512 open=0/512 | mean|s*read|=0.824137 | mean|g| ar=1.42e-5 ib=5.82e-6 z=2.27e-7 (n=50)
step 1500/1800 | epoch 2 | loss 2.7777 | 1.3 steps/s
  [trace step 1501] block 0: fast=177 medium=201 slow=134 | mean_alpha=0.2155 | mean_|grad|=0.000009 (n=1)
  [trace step 1501] block 1: fast=177 medium=200 slow=135 | mean_alpha=0.2156 | mean_|grad|=0.000007 (n=1)
  [trace step 1501] block 2: fast=178 medium=200 slow=134 | mean_alpha=0.2155 | mean_|grad|=0.000007 (n=1)
  [trace step 1501] block 3: fast=179 medium=199 slow=134 | mean_alpha=0.2154 | mean_|grad|=0.000007 (n=1)
  [trace step 1501] block 4: fast=179 medium=199 slow=134 | mean_alpha=0.2153 | mean_|grad|=0.000016 (n=1)
  [trace step 1502] block 0: fast=177 medium=201 slow=134 | mean_alpha=0.2155 | mean_|grad|=0.000009 (n=1)
  [trace step 1502] block 1: fast=177 medium=200 slow=135 | mean_alpha=0.2156 | mean_|grad|=0.000007 (n=1)
  [trace step 1502] block 2: fast=178 medium=200 slow=134 | mean_alpha=0.2155 | mean_|grad|=0.000007 (n=1)
  [trace step 1502] block 3: fast=179 medium=199 slow=134 | mean_alpha=0.2154 | mean_|grad|=0.000008 (n=1)
  [trace step 1502] block 4: fast=179 medium=199 slow=134 | mean_alpha=0.2153 | mean_|grad|=0.000023 (n=1)
  [trace step 1503] block 0: fast=177 medium=201 slow=134 | mean_alpha=0.2155 | mean_|grad|=0.000008 (n=1)
  [trace step 1503] block 1: fast=177 medium=200 slow=135 | mean_alpha=0.2156 | mean_|grad|=0.000006 (n=1)
  [trace step 1503] block 2: fast=178 medium=200 slow=134 | mean_alpha=0.2155 | mean_|grad|=0.000006 (n=1)
  [trace step 1503] block 3: fast=179 medium=199 slow=134 | mean_alpha=0.2154 | mean_|grad|=0.000006 (n=1)
  [trace step 1503] block 4: fast=179 medium=199 slow=134 | mean_alpha=0.2153 | mean_|grad|=0.000018 (n=1)
  [trace step 1504] block 0: fast=177 medium=201 slow=134 | mean_alpha=0.2155 | mean_|grad|=0.000008 (n=1)
  [trace step 1504] block 1: fast=177 medium=200 slow=135 | mean_alpha=0.2156 | mean_|grad|=0.000007 (n=1)
  [trace step 1504] block 2: fast=178 medium=200 slow=134 | mean_alpha=0.2155 | mean_|grad|=0.000005 (n=1)
  [trace step 1504] block 3: fast=179 medium=199 slow=134 | mean_alpha=0.2154 | mean_|grad|=0.000007 (n=1)
  [trace step 1504] block 4: fast=179 medium=199 slow=134 | mean_alpha=0.2153 | mean_|grad|=0.000016 (n=1)
  [trace step 1505] block 0: fast=177 medium=201 slow=134 | mean_alpha=0.2155 | mean_|grad|=0.000008 (n=1)
  [trace step 1505] block 1: fast=177 medium=200 slow=135 | mean_alpha=0.2156 | mean_|grad|=0.000006 (n=1)
  [trace step 1505] block 2: fast=178 medium=200 slow=134 | mean_alpha=0.2155 | mean_|grad|=0.000006 (n=1)
  [trace step 1505] block 3: fast=179 medium=199 slow=134 | mean_alpha=0.2154 | mean_|grad|=0.000006 (n=1)
  [trace step 1505] block 4: fast=179 medium=199 slow=134 | mean_alpha=0.2153 | mean_|grad|=0.000013 (n=1)
  [trace step 1506] block 0: fast=177 medium=201 slow=134 | mean_alpha=0.2155 | mean_|grad|=0.000008 (n=1)
  [trace step 1506] block 1: fast=177 medium=200 slow=135 | mean_alpha=0.2156 | mean_|grad|=0.000006 (n=1)
  [trace step 1506] block 2: fast=178 medium=200 slow=134 | mean_alpha=0.2155 | mean_|grad|=0.000005 (n=1)
  [trace step 1506] block 3: fast=179 medium=199 slow=134 | mean_alpha=0.2154 | mean_|grad|=0.000006 (n=1)
  [trace step 1506] block 4: fast=179 medium=199 slow=134 | mean_alpha=0.2153 | mean_|grad|=0.000011 (n=1)
  [trace step 1507] block 0: fast=177 medium=201 slow=134 | mean_alpha=0.2155 | mean_|grad|=0.000008 (n=1)
  [trace step 1507] block 1: fast=177 medium=200 slow=135 | mean_alpha=0.2156 | mean_|grad|=0.000007 (n=1)
  [trace step 1507] block 2: fast=178 medium=200 slow=134 | mean_alpha=0.2155 | mean_|grad|=0.000006 (n=1)
  [trace step 1507] block 3: fast=179 medium=199 slow=134 | mean_alpha=0.2154 | mean_|grad|=0.000007 (n=1)
  [trace step 1507] block 4: fast=179 medium=199 slow=134 | mean_alpha=0.2153 | mean_|grad|=0.000025 (n=1)
  [trace step 1508] block 0: fast=177 medium=201 slow=134 | mean_alpha=0.2155 | mean_|grad|=0.000006 (n=1)
  [trace step 1508] block 1: fast=177 medium=200 slow=135 | mean_alpha=0.2156 | mean_|grad|=0.000006 (n=1)
  [trace step 1508] block 2: fast=178 medium=200 slow=134 | mean_alpha=0.2155 | mean_|grad|=0.000005 (n=1)
  [trace step 1508] block 3: fast=179 medium=199 slow=134 | mean_alpha=0.2154 | mean_|grad|=0.000006 (n=1)
  [trace step 1508] block 4: fast=179 medium=199 slow=134 | mean_alpha=0.2153 | mean_|grad|=0.000019 (n=1)
  [trace step 1509] block 0: fast=177 medium=201 slow=134 | mean_alpha=0.2155 | mean_|grad|=0.000007 (n=1)
  [trace step 1509] block 1: fast=177 medium=200 slow=135 | mean_alpha=0.2156 | mean_|grad|=0.000007 (n=1)
  [trace step 1509] block 2: fast=178 medium=200 slow=134 | mean_alpha=0.2155 | mean_|grad|=0.000006 (n=1)
  [trace step 1509] block 3: fast=179 medium=199 slow=134 | mean_alpha=0.2154 | mean_|grad|=0.000006 (n=1)
  [trace step 1509] block 4: fast=179 medium=199 slow=134 | mean_alpha=0.2153 | mean_|grad|=0.000014 (n=1)
  [trace step 1510] block 0: fast=177 medium=201 slow=134 | mean_alpha=0.2155 | mean_|grad|=0.000010 (n=1)
  [trace step 1510] block 1: fast=177 medium=200 slow=135 | mean_alpha=0.2156 | mean_|grad|=0.000007 (n=1)
  [trace step 1510] block 2: fast=178 medium=200 slow=134 | mean_alpha=0.2155 | mean_|grad|=0.000008 (n=1)
  [trace step 1510] block 3: fast=179 medium=199 slow=134 | mean_alpha=0.2154 | mean_|grad|=0.000007 (n=1)
  [trace step 1510] block 4: fast=179 medium=199 slow=134 | mean_alpha=0.2153 | mean_|grad|=0.000015 (n=1)
  [trace step 1511] block 0: fast=177 medium=201 slow=134 | mean_alpha=0.2155 | mean_|grad|=0.000008 (n=1)
  [trace step 1511] block 1: fast=177 medium=200 slow=135 | mean_alpha=0.2156 | mean_|grad|=0.000006 (n=1)
  [trace step 1511] block 2: fast=178 medium=200 slow=134 | mean_alpha=0.2155 | mean_|grad|=0.000006 (n=1)
  [trace step 1511] block 3: fast=179 medium=199 slow=134 | mean_alpha=0.2154 | mean_|grad|=0.000007 (n=1)
  [trace step 1511] block 4: fast=179 medium=199 slow=134 | mean_alpha=0.2153 | mean_|grad|=0.000022 (n=1)
  [trace step 1512] block 0: fast=177 medium=201 slow=134 | mean_alpha=0.2155 | mean_|grad|=0.000008 (n=1)
  [trace step 1512] block 1: fast=177 medium=200 slow=135 | mean_alpha=0.2156 | mean_|grad|=0.000006 (n=1)
  [trace step 1512] block 2: fast=178 medium=200 slow=134 | mean_alpha=0.2155 | mean_|grad|=0.000006 (n=1)
  [trace step 1512] block 3: fast=179 medium=199 slow=134 | mean_alpha=0.2154 | mean_|grad|=0.000006 (n=1)
  [trace step 1512] block 4: fast=179 medium=199 slow=134 | mean_alpha=0.2153 | mean_|grad|=0.000012 (n=1)
  [trace step 1513] block 0: fast=177 medium=201 slow=134 | mean_alpha=0.2155 | mean_|grad|=0.000009 (n=1)
  [trace step 1513] block 1: fast=177 medium=200 slow=135 | mean_alpha=0.2156 | mean_|grad|=0.000006 (n=1)
  [trace step 1513] block 2: fast=178 medium=200 slow=134 | mean_alpha=0.2155 | mean_|grad|=0.000006 (n=1)
  [trace step 1513] block 3: fast=179 medium=199 slow=134 | mean_alpha=0.2154 | mean_|grad|=0.000007 (n=1)
  [trace step 1513] block 4: fast=179 medium=199 slow=134 | mean_alpha=0.2153 | mean_|grad|=0.000016 (n=1)
  [trace step 1514] block 0: fast=177 medium=201 slow=134 | mean_alpha=0.2155 | mean_|grad|=0.000009 (n=1)
  [trace step 1514] block 1: fast=177 medium=200 slow=135 | mean_alpha=0.2156 | mean_|grad|=0.000007 (n=1)
  [trace step 1514] block 2: fast=178 medium=200 slow=134 | mean_alpha=0.2155 | mean_|grad|=0.000006 (n=1)
  [trace step 1514] block 3: fast=179 medium=199 slow=134 | mean_alpha=0.2154 | mean_|grad|=0.000006 (n=1)
  [trace step 1514] block 4: fast=179 medium=199 slow=134 | mean_alpha=0.2153 | mean_|grad|=0.000025 (n=1)
  [trace step 1515] block 0: fast=177 medium=201 slow=134 | mean_alpha=0.2155 | mean_|grad|=0.000009 (n=1)
  [trace step 1515] block 1: fast=177 medium=200 slow=135 | mean_alpha=0.2156 | mean_|grad|=0.000007 (n=1)
  [trace step 1515] block 2: fast=178 medium=200 slow=134 | mean_alpha=0.2155 | mean_|grad|=0.000007 (n=1)
  [trace step 1515] block 3: fast=179 medium=199 slow=134 | mean_alpha=0.2154 | mean_|grad|=0.000007 (n=1)
  [trace step 1515] block 4: fast=179 medium=199 slow=134 | mean_alpha=0.2153 | mean_|grad|=0.000022 (n=1)
  [trace step 1516] block 0: fast=177 medium=201 slow=134 | mean_alpha=0.2155 | mean_|grad|=0.000008 (n=1)
  [trace step 1516] block 1: fast=177 medium=200 slow=135 | mean_alpha=0.2156 | mean_|grad|=0.000007 (n=1)
  [trace step 1516] block 2: fast=178 medium=200 slow=134 | mean_alpha=0.2155 | mean_|grad|=0.000006 (n=1)
  [trace step 1516] block 3: fast=179 medium=199 slow=134 | mean_alpha=0.2154 | mean_|grad|=0.000007 (n=1)
  [trace step 1516] block 4: fast=179 medium=199 slow=134 | mean_alpha=0.2153 | mean_|grad|=0.000016 (n=1)
  [trace step 1517] block 0: fast=177 medium=201 slow=134 | mean_alpha=0.2155 | mean_|grad|=0.000009 (n=1)
  [trace step 1517] block 1: fast=177 medium=200 slow=135 | mean_alpha=0.2156 | mean_|grad|=0.000008 (n=1)
  [trace step 1517] block 2: fast=178 medium=200 slow=134 | mean_alpha=0.2155 | mean_|grad|=0.000007 (n=1)
  [trace step 1517] block 3: fast=179 medium=199 slow=134 | mean_alpha=0.2154 | mean_|grad|=0.000008 (n=1)
  [trace step 1517] block 4: fast=179 medium=199 slow=134 | mean_alpha=0.2153 | mean_|grad|=0.000021 (n=1)
  [trace step 1518] block 0: fast=177 medium=201 slow=134 | mean_alpha=0.2155 | mean_|grad|=0.000008 (n=1)
  [trace step 1518] block 1: fast=177 medium=200 slow=135 | mean_alpha=0.2156 | mean_|grad|=0.000007 (n=1)
  [trace step 1518] block 2: fast=178 medium=200 slow=134 | mean_alpha=0.2155 | mean_|grad|=0.000006 (n=1)
  [trace step 1518] block 3: fast=179 medium=199 slow=134 | mean_alpha=0.2154 | mean_|grad|=0.000007 (n=1)
  [trace step 1518] block 4: fast=179 medium=199 slow=134 | mean_alpha=0.2153 | mean_|grad|=0.000012 (n=1)
  [trace step 1519] block 0: fast=177 medium=201 slow=134 | mean_alpha=0.2155 | mean_|grad|=0.000009 (n=1)
  [trace step 1519] block 1: fast=177 medium=200 slow=135 | mean_alpha=0.2156 | mean_|grad|=0.000008 (n=1)
  [trace step 1519] block 2: fast=178 medium=200 slow=134 | mean_alpha=0.2155 | mean_|grad|=0.000006 (n=1)
  [trace step 1519] block 3: fast=179 medium=199 slow=134 | mean_alpha=0.2154 | mean_|grad|=0.000008 (n=1)
  [trace step 1519] block 4: fast=179 medium=199 slow=134 | mean_alpha=0.2153 | mean_|grad|=0.000020 (n=1)
  [trace step 1520] block 0: fast=177 medium=201 slow=134 | mean_alpha=0.2155 | mean_|grad|=0.000009 (n=1)
  [trace step 1520] block 1: fast=177 medium=200 slow=135 | mean_alpha=0.2156 | mean_|grad|=0.000007 (n=1)
  [trace step 1520] block 2: fast=178 medium=200 slow=134 | mean_alpha=0.2155 | mean_|grad|=0.000007 (n=1)
  [trace step 1520] block 3: fast=179 medium=199 slow=134 | mean_alpha=0.2154 | mean_|grad|=0.000007 (n=1)
  [trace step 1520] block 4: fast=179 medium=199 slow=134 | mean_alpha=0.2153 | mean_|grad|=0.000017 (n=1)
  [trace step 1521] block 0: fast=177 medium=201 slow=134 | mean_alpha=0.2155 | mean_|grad|=0.000008 (n=1)
  [trace step 1521] block 1: fast=177 medium=200 slow=135 | mean_alpha=0.2156 | mean_|grad|=0.000007 (n=1)
  [trace step 1521] block 2: fast=178 medium=200 slow=134 | mean_alpha=0.2155 | mean_|grad|=0.000007 (n=1)
  [trace step 1521] block 3: fast=179 medium=199 slow=134 | mean_alpha=0.2154 | mean_|grad|=0.000009 (n=1)
  [trace step 1521] block 4: fast=179 medium=199 slow=134 | mean_alpha=0.2153 | mean_|grad|=0.000016 (n=1)
  [trace step 1522] block 0: fast=177 medium=201 slow=134 | mean_alpha=0.2155 | mean_|grad|=0.000009 (n=1)
  [trace step 1522] block 1: fast=177 medium=200 slow=135 | mean_alpha=0.2156 | mean_|grad|=0.000008 (n=1)
  [trace step 1522] block 2: fast=178 medium=200 slow=134 | mean_alpha=0.2155 | mean_|grad|=0.000007 (n=1)
  [trace step 1522] block 3: fast=179 medium=199 slow=134 | mean_alpha=0.2154 | mean_|grad|=0.000008 (n=1)
  [trace step 1522] block 4: fast=179 medium=199 slow=134 | mean_alpha=0.2153 | mean_|grad|=0.000012 (n=1)
  [trace step 1523] block 0: fast=177 medium=201 slow=134 | mean_alpha=0.2156 | mean_|grad|=0.000010 (n=1)
  [trace step 1523] block 1: fast=177 medium=200 slow=135 | mean_alpha=0.2156 | mean_|grad|=0.000009 (n=1)
  [trace step 1523] block 2: fast=178 medium=200 slow=134 | mean_alpha=0.2155 | mean_|grad|=0.000007 (n=1)
  [trace step 1523] block 3: fast=179 medium=199 slow=134 | mean_alpha=0.2154 | mean_|grad|=0.000008 (n=1)
  [trace step 1523] block 4: fast=179 medium=199 slow=134 | mean_alpha=0.2153 | mean_|grad|=0.000010 (n=1)
  [trace step 1524] block 0: fast=177 medium=201 slow=134 | mean_alpha=0.2156 | mean_|grad|=0.000010 (n=1)
  [trace step 1524] block 1: fast=177 medium=200 slow=135 | mean_alpha=0.2156 | mean_|grad|=0.000008 (n=1)
  [trace step 1524] block 2: fast=178 medium=200 slow=134 | mean_alpha=0.2155 | mean_|grad|=0.000008 (n=1)
  [trace step 1524] block 3: fast=179 medium=199 slow=134 | mean_alpha=0.2154 | mean_|grad|=0.000008 (n=1)
  [trace step 1524] block 4: fast=179 medium=199 slow=134 | mean_alpha=0.2153 | mean_|grad|=0.000028 (n=1)
  [trace step 1525] block 0: fast=177 medium=201 slow=134 | mean_alpha=0.2156 | mean_|grad|=0.000012 (n=1)
  [trace step 1525] block 1: fast=177 medium=200 slow=135 | mean_alpha=0.2156 | mean_|grad|=0.000008 (n=1)
  [trace step 1525] block 2: fast=178 medium=200 slow=134 | mean_alpha=0.2155 | mean_|grad|=0.000007 (n=1)
  [trace step 1525] block 3: fast=179 medium=199 slow=134 | mean_alpha=0.2154 | mean_|grad|=0.000009 (n=1)
  [trace step 1525] block 4: fast=179 medium=199 slow=134 | mean_alpha=0.2153 | mean_|grad|=0.000024 (n=1)
  [trace step 1526] block 0: fast=177 medium=201 slow=134 | mean_alpha=0.2156 | mean_|grad|=0.000009 (n=1)
  [trace step 1526] block 1: fast=177 medium=200 slow=135 | mean_alpha=0.2156 | mean_|grad|=0.000009 (n=1)
  [trace step 1526] block 2: fast=178 medium=200 slow=134 | mean_alpha=0.2155 | mean_|grad|=0.000007 (n=1)
  [trace step 1526] block 3: fast=179 medium=199 slow=134 | mean_alpha=0.2154 | mean_|grad|=0.000008 (n=1)
  [trace step 1526] block 4: fast=179 medium=199 slow=134 | mean_alpha=0.2153 | mean_|grad|=0.000026 (n=1)
  [trace step 1527] block 0: fast=177 medium=201 slow=134 | mean_alpha=0.2156 | mean_|grad|=0.000013 (n=1)
  [trace step 1527] block 1: fast=177 medium=200 slow=135 | mean_alpha=0.2156 | mean_|grad|=0.000010 (n=1)
  [trace step 1527] block 2: fast=178 medium=200 slow=134 | mean_alpha=0.2155 | mean_|grad|=0.000008 (n=1)
  [trace step 1527] block 3: fast=179 medium=199 slow=134 | mean_alpha=0.2154 | mean_|grad|=0.000011 (n=1)
  [trace step 1527] block 4: fast=179 medium=199 slow=134 | mean_alpha=0.2153 | mean_|grad|=0.000029 (n=1)
  [trace step 1528] block 0: fast=177 medium=201 slow=134 | mean_alpha=0.2156 | mean_|grad|=0.000011 (n=1)
  [trace step 1528] block 1: fast=177 medium=200 slow=135 | mean_alpha=0.2156 | mean_|grad|=0.000009 (n=1)
  [trace step 1528] block 2: fast=178 medium=200 slow=134 | mean_alpha=0.2155 | mean_|grad|=0.000008 (n=1)
  [trace step 1528] block 3: fast=179 medium=199 slow=134 | mean_alpha=0.2154 | mean_|grad|=0.000010 (n=1)
  [trace step 1528] block 4: fast=179 medium=199 slow=134 | mean_alpha=0.2153 | mean_|grad|=0.000011 (n=1)
  [trace step 1529] block 0: fast=177 medium=201 slow=134 | mean_alpha=0.2156 | mean_|grad|=0.000012 (n=1)
  [trace step 1529] block 1: fast=177 medium=200 slow=135 | mean_alpha=0.2156 | mean_|grad|=0.000010 (n=1)
  [trace step 1529] block 2: fast=178 medium=200 slow=134 | mean_alpha=0.2155 | mean_|grad|=0.000009 (n=1)
  [trace step 1529] block 3: fast=179 medium=199 slow=134 | mean_alpha=0.2154 | mean_|grad|=0.000009 (n=1)
  [trace step 1529] block 4: fast=179 medium=199 slow=134 | mean_alpha=0.2153 | mean_|grad|=0.000019 (n=1)
  [trace step 1530] block 0: fast=177 medium=201 slow=134 | mean_alpha=0.2156 | mean_|grad|=0.000011 (n=1)
  [trace step 1530] block 1: fast=177 medium=200 slow=135 | mean_alpha=0.2156 | mean_|grad|=0.000009 (n=1)
  [trace step 1530] block 2: fast=178 medium=200 slow=134 | mean_alpha=0.2155 | mean_|grad|=0.000008 (n=1)
  [trace step 1530] block 3: fast=179 medium=199 slow=134 | mean_alpha=0.2154 | mean_|grad|=0.000011 (n=1)
  [trace step 1530] block 4: fast=179 medium=199 slow=134 | mean_alpha=0.2153 | mean_|grad|=0.000027 (n=1)
  [trace step 1531] block 0: fast=177 medium=201 slow=134 | mean_alpha=0.2156 | mean_|grad|=0.000010 (n=1)
  [trace step 1531] block 1: fast=177 medium=200 slow=135 | mean_alpha=0.2156 | mean_|grad|=0.000009 (n=1)
  [trace step 1531] block 2: fast=178 medium=200 slow=134 | mean_alpha=0.2155 | mean_|grad|=0.000009 (n=1)
  [trace step 1531] block 3: fast=179 medium=199 slow=134 | mean_alpha=0.2154 | mean_|grad|=0.000010 (n=1)
  [trace step 1531] block 4: fast=179 medium=199 slow=134 | mean_alpha=0.2153 | mean_|grad|=0.000018 (n=1)
  [trace step 1532] block 0: fast=177 medium=201 slow=134 | mean_alpha=0.2156 | mean_|grad|=0.000010 (n=1)
  [trace step 1532] block 1: fast=177 medium=200 slow=135 | mean_alpha=0.2156 | mean_|grad|=0.000009 (n=1)
  [trace step 1532] block 2: fast=178 medium=200 slow=134 | mean_alpha=0.2155 | mean_|grad|=0.000009 (n=1)
  [trace step 1532] block 3: fast=179 medium=199 slow=134 | mean_alpha=0.2154 | mean_|grad|=0.000010 (n=1)
  [trace step 1532] block 4: fast=179 medium=199 slow=134 | mean_alpha=0.2153 | mean_|grad|=0.000030 (n=1)
  [trace step 1533] block 0: fast=177 medium=201 slow=134 | mean_alpha=0.2156 | mean_|grad|=0.000013 (n=1)
  [trace step 1533] block 1: fast=177 medium=200 slow=135 | mean_alpha=0.2156 | mean_|grad|=0.000011 (n=1)
  [trace step 1533] block 2: fast=178 medium=200 slow=134 | mean_alpha=0.2155 | mean_|grad|=0.000009 (n=1)
  [trace step 1533] block 3: fast=179 medium=199 slow=134 | mean_alpha=0.2154 | mean_|grad|=0.000010 (n=1)
  [trace step 1533] block 4: fast=179 medium=199 slow=134 | mean_alpha=0.2153 | mean_|grad|=0.000027 (n=1)
  [trace step 1534] block 0: fast=177 medium=201 slow=134 | mean_alpha=0.2156 | mean_|grad|=0.000015 (n=1)
  [trace step 1534] block 1: fast=177 medium=200 slow=135 | mean_alpha=0.2156 | mean_|grad|=0.000012 (n=1)
  [trace step 1534] block 2: fast=178 medium=200 slow=134 | mean_alpha=0.2155 | mean_|grad|=0.000011 (n=1)
  [trace step 1534] block 3: fast=179 medium=199 slow=134 | mean_alpha=0.2154 | mean_|grad|=0.000011 (n=1)
  [trace step 1534] block 4: fast=179 medium=199 slow=134 | mean_alpha=0.2153 | mean_|grad|=0.000015 (n=1)
  [trace step 1535] block 0: fast=177 medium=201 slow=134 | mean_alpha=0.2156 | mean_|grad|=0.000012 (n=1)
  [trace step 1535] block 1: fast=177 medium=200 slow=135 | mean_alpha=0.2156 | mean_|grad|=0.000010 (n=1)
  [trace step 1535] block 2: fast=178 medium=200 slow=134 | mean_alpha=0.2155 | mean_|grad|=0.000009 (n=1)
  [trace step 1535] block 3: fast=179 medium=199 slow=134 | mean_alpha=0.2154 | mean_|grad|=0.000010 (n=1)
  [trace step 1535] block 4: fast=179 medium=199 slow=134 | mean_alpha=0.2153 | mean_|grad|=0.000012 (n=1)
  [trace step 1536] block 0: fast=177 medium=201 slow=134 | mean_alpha=0.2156 | mean_|grad|=0.000012 (n=1)
  [trace step 1536] block 1: fast=177 medium=200 slow=135 | mean_alpha=0.2156 | mean_|grad|=0.000010 (n=1)
  [trace step 1536] block 2: fast=178 medium=200 slow=134 | mean_alpha=0.2155 | mean_|grad|=0.000009 (n=1)
  [trace step 1536] block 3: fast=179 medium=199 slow=134 | mean_alpha=0.2154 | mean_|grad|=0.000011 (n=1)
  [trace step 1536] block 4: fast=179 medium=199 slow=134 | mean_alpha=0.2153 | mean_|grad|=0.000023 (n=1)
  [trace step 1537] block 0: fast=177 medium=201 slow=134 | mean_alpha=0.2156 | mean_|grad|=0.000013 (n=1)
  [trace step 1537] block 1: fast=177 medium=200 slow=135 | mean_alpha=0.2156 | mean_|grad|=0.000011 (n=1)
  [trace step 1537] block 2: fast=178 medium=200 slow=134 | mean_alpha=0.2155 | mean_|grad|=0.000010 (n=1)
  [trace step 1537] block 3: fast=179 medium=199 slow=134 | mean_alpha=0.2154 | mean_|grad|=0.000012 (n=1)
  [trace step 1537] block 4: fast=179 medium=199 slow=134 | mean_alpha=0.2153 | mean_|grad|=0.000020 (n=1)
  [trace step 1538] block 0: fast=177 medium=201 slow=134 | mean_alpha=0.2156 | mean_|grad|=0.000013 (n=1)
  [trace step 1538] block 1: fast=177 medium=200 slow=135 | mean_alpha=0.2156 | mean_|grad|=0.000010 (n=1)
  [trace step 1538] block 2: fast=178 medium=200 slow=134 | mean_alpha=0.2155 | mean_|grad|=0.000010 (n=1)
  [trace step 1538] block 3: fast=179 medium=199 slow=134 | mean_alpha=0.2154 | mean_|grad|=0.000011 (n=1)
  [trace step 1538] block 4: fast=179 medium=199 slow=134 | mean_alpha=0.2153 | mean_|grad|=0.000040 (n=1)
  [trace step 1539] block 0: fast=177 medium=201 slow=134 | mean_alpha=0.2156 | mean_|grad|=0.000013 (n=1)
  [trace step 1539] block 1: fast=177 medium=200 slow=135 | mean_alpha=0.2156 | mean_|grad|=0.000010 (n=1)
  [trace step 1539] block 2: fast=178 medium=200 slow=134 | mean_alpha=0.2155 | mean_|grad|=0.000009 (n=1)
  [trace step 1539] block 3: fast=179 medium=199 slow=134 | mean_alpha=0.2154 | mean_|grad|=0.000011 (n=1)
  [trace step 1539] block 4: fast=179 medium=199 slow=134 | mean_alpha=0.2153 | mean_|grad|=0.000028 (n=1)
  [trace step 1540] block 0: fast=177 medium=201 slow=134 | mean_alpha=0.2156 | mean_|grad|=0.000012 (n=1)
  [trace step 1540] block 1: fast=177 medium=200 slow=135 | mean_alpha=0.2156 | mean_|grad|=0.000011 (n=1)
  [trace step 1540] block 2: fast=178 medium=200 slow=134 | mean_alpha=0.2155 | mean_|grad|=0.000008 (n=1)
  [trace step 1540] block 3: fast=179 medium=199 slow=134 | mean_alpha=0.2154 | mean_|grad|=0.000011 (n=1)
  [trace step 1540] block 4: fast=179 medium=199 slow=134 | mean_alpha=0.2153 | mean_|grad|=0.000014 (n=1)
  [trace step 1541] block 0: fast=177 medium=201 slow=134 | mean_alpha=0.2156 | mean_|grad|=0.000013 (n=1)
  [trace step 1541] block 1: fast=177 medium=200 slow=135 | mean_alpha=0.2156 | mean_|grad|=0.000011 (n=1)
  [trace step 1541] block 2: fast=178 medium=200 slow=134 | mean_alpha=0.2155 | mean_|grad|=0.000009 (n=1)
  [trace step 1541] block 3: fast=179 medium=199 slow=134 | mean_alpha=0.2154 | mean_|grad|=0.000010 (n=1)
  [trace step 1541] block 4: fast=179 medium=199 slow=134 | mean_alpha=0.2153 | mean_|grad|=0.000017 (n=1)
  [trace step 1542] block 0: fast=177 medium=201 slow=134 | mean_alpha=0.2156 | mean_|grad|=0.000013 (n=1)
  [trace step 1542] block 1: fast=177 medium=200 slow=135 | mean_alpha=0.2156 | mean_|grad|=0.000010 (n=1)
  [trace step 1542] block 2: fast=178 medium=200 slow=134 | mean_alpha=0.2155 | mean_|grad|=0.000010 (n=1)
  [trace step 1542] block 3: fast=179 medium=199 slow=134 | mean_alpha=0.2154 | mean_|grad|=0.000010 (n=1)
  [trace step 1542] block 4: fast=179 medium=199 slow=134 | mean_alpha=0.2153 | mean_|grad|=0.000021 (n=1)
  [trace step 1543] block 0: fast=177 medium=201 slow=134 | mean_alpha=0.2156 | mean_|grad|=0.000014 (n=1)
  [trace step 1543] block 1: fast=177 medium=200 slow=135 | mean_alpha=0.2156 | mean_|grad|=0.000011 (n=1)
  [trace step 1543] block 2: fast=178 medium=200 slow=134 | mean_alpha=0.2155 | mean_|grad|=0.000010 (n=1)
  [trace step 1543] block 3: fast=179 medium=199 slow=134 | mean_alpha=0.2154 | mean_|grad|=0.000011 (n=1)
  [trace step 1543] block 4: fast=179 medium=199 slow=134 | mean_alpha=0.2153 | mean_|grad|=0.000037 (n=1)
  [trace step 1544] block 0: fast=177 medium=201 slow=134 | mean_alpha=0.2156 | mean_|grad|=0.000015 (n=1)
  [trace step 1544] block 1: fast=177 medium=200 slow=135 | mean_alpha=0.2156 | mean_|grad|=0.000012 (n=1)
  [trace step 1544] block 2: fast=178 medium=200 slow=134 | mean_alpha=0.2155 | mean_|grad|=0.000010 (n=1)
  [trace step 1544] block 3: fast=179 medium=199 slow=134 | mean_alpha=0.2154 | mean_|grad|=0.000011 (n=1)
  [trace step 1544] block 4: fast=179 medium=199 slow=134 | mean_alpha=0.2153 | mean_|grad|=0.000023 (n=1)
  [trace step 1545] block 0: fast=177 medium=201 slow=134 | mean_alpha=0.2156 | mean_|grad|=0.000014 (n=1)
  [trace step 1545] block 1: fast=177 medium=200 slow=135 | mean_alpha=0.2156 | mean_|grad|=0.000012 (n=1)
  [trace step 1545] block 2: fast=178 medium=200 slow=134 | mean_alpha=0.2155 | mean_|grad|=0.000011 (n=1)
  [trace step 1545] block 3: fast=179 medium=199 slow=134 | mean_alpha=0.2154 | mean_|grad|=0.000010 (n=1)
  [trace step 1545] block 4: fast=179 medium=199 slow=134 | mean_alpha=0.2153 | mean_|grad|=0.000020 (n=1)
  [trace step 1546] block 0: fast=177 medium=201 slow=134 | mean_alpha=0.2156 | mean_|grad|=0.000014 (n=1)
  [trace step 1546] block 1: fast=177 medium=200 slow=135 | mean_alpha=0.2156 | mean_|grad|=0.000012 (n=1)
  [trace step 1546] block 2: fast=178 medium=200 slow=134 | mean_alpha=0.2155 | mean_|grad|=0.000010 (n=1)
  [trace step 1546] block 3: fast=179 medium=199 slow=134 | mean_alpha=0.2154 | mean_|grad|=0.000011 (n=1)
  [trace step 1546] block 4: fast=179 medium=199 slow=134 | mean_alpha=0.2153 | mean_|grad|=0.000018 (n=1)
  [trace step 1547] block 0: fast=177 medium=201 slow=134 | mean_alpha=0.2156 | mean_|grad|=0.000017 (n=1)
  [trace step 1547] block 1: fast=177 medium=200 slow=135 | mean_alpha=0.2156 | mean_|grad|=0.000015 (n=1)
  [trace step 1547] block 2: fast=178 medium=200 slow=134 | mean_alpha=0.2155 | mean_|grad|=0.000013 (n=1)
  [trace step 1547] block 3: fast=179 medium=199 slow=134 | mean_alpha=0.2154 | mean_|grad|=0.000014 (n=1)
  [trace step 1547] block 4: fast=179 medium=199 slow=134 | mean_alpha=0.2153 | mean_|grad|=0.000044 (n=1)
  [trace step 1548] block 0: fast=177 medium=201 slow=134 | mean_alpha=0.2156 | mean_|grad|=0.000014 (n=1)
  [trace step 1548] block 1: fast=177 medium=200 slow=135 | mean_alpha=0.2156 | mean_|grad|=0.000012 (n=1)
  [trace step 1548] block 2: fast=178 medium=200 slow=134 | mean_alpha=0.2155 | mean_|grad|=0.000011 (n=1)
  [trace step 1548] block 3: fast=179 medium=199 slow=134 | mean_alpha=0.2154 | mean_|grad|=0.000010 (n=1)
  [trace step 1548] block 4: fast=179 medium=199 slow=134 | mean_alpha=0.2153 | mean_|grad|=0.000025 (n=1)
  [trace step 1549] block 0: fast=177 medium=201 slow=134 | mean_alpha=0.2156 | mean_|grad|=0.000014 (n=1)
  [trace step 1549] block 1: fast=177 medium=200 slow=135 | mean_alpha=0.2156 | mean_|grad|=0.000013 (n=1)
  [trace step 1549] block 2: fast=178 medium=200 slow=134 | mean_alpha=0.2155 | mean_|grad|=0.000011 (n=1)
  [trace step 1549] block 3: fast=179 medium=199 slow=134 | mean_alpha=0.2154 | mean_|grad|=0.000010 (n=1)
  [trace step 1549] block 4: fast=179 medium=199 slow=134 | mean_alpha=0.2153 | mean_|grad|=0.000024 (n=1)
  [trace step 1550] block 0: fast=177 medium=201 slow=134 | mean_alpha=0.2156 | mean_|grad|=0.000014 (n=1)
  [trace step 1550] block 1: fast=177 medium=200 slow=135 | mean_alpha=0.2156 | mean_|grad|=0.000014 (n=1)
  [trace step 1550] block 2: fast=178 medium=200 slow=134 | mean_alpha=0.2155 | mean_|grad|=0.000013 (n=1)
  [trace step 1550] block 3: fast=179 medium=199 slow=134 | mean_alpha=0.2154 | mean_|grad|=0.000014 (n=1)
  [trace step 1550] block 4: fast=179 medium=199 slow=134 | mean_alpha=0.2153 | mean_|grad|=0.000037 (n=1)
  [r2c trace step 1550] block 0: z mean=1.0348 s mean=0.7509 min=0.7416 max=0.7600 closed=0/512 open=0/512 | mean|s*read|=0.284779 | mean|g| ar=1.52e-5 ib=1.25e-5 z=4.02e-6 (n=50)
  [r2c trace step 1550] block 1: z mean=1.0269 s mean=0.7495 min=0.7428 max=0.7623 closed=0/512 open=0/512 | mean|s*read|=0.468709 | mean|g| ar=1.47e-5 ib=1.09e-5 z=4.40e-7 (n=50)
  [r2c trace step 1550] block 2: z mean=1.0231 s mean=0.7488 min=0.7420 max=0.7575 closed=0/512 open=0/512 | mean|s*read|=0.519471 | mean|g| ar=1.34e-5 ib=8.27e-6 z=3.40e-7 (n=50)
  [r2c trace step 1550] block 3: z mean=1.0213 s mean=0.7485 min=0.7409 max=0.7565 closed=0/512 open=0/512 | mean|s*read|=0.635314 | mean|g| ar=1.39e-5 ib=7.34e-6 z=5.99e-7 (n=50)
  [r2c trace step 1550] block 4: z mean=1.0196 s mean=0.7481 min=0.7391 max=0.7553 closed=0/512 open=0/512 | mean|s*read|=0.814125 | mean|g| ar=1.35e-5 ib=5.68e-6 z=4.40e-7 (n=50)
  [trace step 1551] block 0: fast=177 medium=201 slow=134 | mean_alpha=0.2156 | mean_|grad|=0.000018 (n=1)
  [trace step 1551] block 1: fast=177 medium=200 slow=135 | mean_alpha=0.2156 | mean_|grad|=0.000016 (n=1)
  [trace step 1551] block 2: fast=178 medium=200 slow=134 | mean_alpha=0.2155 | mean_|grad|=0.000012 (n=1)
  [trace step 1551] block 3: fast=179 medium=199 slow=134 | mean_alpha=0.2154 | mean_|grad|=0.000014 (n=1)
  [trace step 1551] block 4: fast=179 medium=199 slow=134 | mean_alpha=0.2153 | mean_|grad|=0.000027 (n=1)
  [trace step 1552] block 0: fast=177 medium=201 slow=134 | mean_alpha=0.2156 | mean_|grad|=0.000018 (n=1)
  [trace step 1552] block 1: fast=177 medium=200 slow=135 | mean_alpha=0.2156 | mean_|grad|=0.000013 (n=1)
  [trace step 1552] block 2: fast=178 medium=200 slow=134 | mean_alpha=0.2155 | mean_|grad|=0.000013 (n=1)
  [trace step 1552] block 3: fast=179 medium=199 slow=134 | mean_alpha=0.2154 | mean_|grad|=0.000014 (n=1)
  [trace step 1552] block 4: fast=179 medium=199 slow=134 | mean_alpha=0.2153 | mean_|grad|=0.000047 (n=1)
  [trace step 1553] block 0: fast=177 medium=201 slow=134 | mean_alpha=0.2156 | mean_|grad|=0.000018 (n=1)
  [trace step 1553] block 1: fast=177 medium=200 slow=135 | mean_alpha=0.2156 | mean_|grad|=0.000015 (n=1)
  [trace step 1553] block 2: fast=178 medium=200 slow=134 | mean_alpha=0.2155 | mean_|grad|=0.000014 (n=1)
  [trace step 1553] block 3: fast=179 medium=199 slow=134 | mean_alpha=0.2154 | mean_|grad|=0.000015 (n=1)
  [trace step 1553] block 4: fast=179 medium=199 slow=134 | mean_alpha=0.2153 | mean_|grad|=0.000055 (n=1)
  [trace step 1554] block 0: fast=177 medium=201 slow=134 | mean_alpha=0.2156 | mean_|grad|=0.000019 (n=1)
  [trace step 1554] block 1: fast=177 medium=200 slow=135 | mean_alpha=0.2156 | mean_|grad|=0.000016 (n=1)
  [trace step 1554] block 2: fast=178 medium=200 slow=134 | mean_alpha=0.2155 | mean_|grad|=0.000014 (n=1)
  [trace step 1554] block 3: fast=179 medium=199 slow=134 | mean_alpha=0.2154 | mean_|grad|=0.000013 (n=1)
  [trace step 1554] block 4: fast=179 medium=199 slow=134 | mean_alpha=0.2153 | mean_|grad|=0.000031 (n=1)
  [trace step 1555] block 0: fast=177 medium=201 slow=134 | mean_alpha=0.2156 | mean_|grad|=0.000017 (n=1)
  [trace step 1555] block 1: fast=177 medium=200 slow=135 | mean_alpha=0.2156 | mean_|grad|=0.000016 (n=1)
  [trace step 1555] block 2: fast=178 medium=200 slow=134 | mean_alpha=0.2155 | mean_|grad|=0.000014 (n=1)
  [trace step 1555] block 3: fast=179 medium=199 slow=134 | mean_alpha=0.2154 | mean_|grad|=0.000015 (n=1)
  [trace step 1555] block 4: fast=179 medium=199 slow=134 | mean_alpha=0.2153 | mean_|grad|=0.000034 (n=1)
  [trace step 1556] block 0: fast=177 medium=201 slow=134 | mean_alpha=0.2156 | mean_|grad|=0.000018 (n=1)
  [trace step 1556] block 1: fast=177 medium=200 slow=135 | mean_alpha=0.2156 | mean_|grad|=0.000017 (n=1)
  [trace step 1556] block 2: fast=178 medium=200 slow=134 | mean_alpha=0.2155 | mean_|grad|=0.000013 (n=1)
  [trace step 1556] block 3: fast=179 medium=199 slow=134 | mean_alpha=0.2154 | mean_|grad|=0.000015 (n=1)
  [trace step 1556] block 4: fast=179 medium=199 slow=134 | mean_alpha=0.2153 | mean_|grad|=0.000024 (n=1)
  [trace step 1557] block 0: fast=177 medium=201 slow=134 | mean_alpha=0.2156 | mean_|grad|=0.000020 (n=1)
  [trace step 1557] block 1: fast=177 medium=200 slow=135 | mean_alpha=0.2156 | mean_|grad|=0.000015 (n=1)
  [trace step 1557] block 2: fast=178 medium=200 slow=134 | mean_alpha=0.2155 | mean_|grad|=0.000012 (n=1)
  [trace step 1557] block 3: fast=179 medium=199 slow=134 | mean_alpha=0.2154 | mean_|grad|=0.000013 (n=1)
  [trace step 1557] block 4: fast=179 medium=199 slow=134 | mean_alpha=0.2153 | mean_|grad|=0.000038 (n=1)
  [trace step 1558] block 0: fast=177 medium=201 slow=134 | mean_alpha=0.2156 | mean_|grad|=0.000017 (n=1)
  [trace step 1558] block 1: fast=177 medium=200 slow=135 | mean_alpha=0.2156 | mean_|grad|=0.000017 (n=1)
  [trace step 1558] block 2: fast=178 medium=200 slow=134 | mean_alpha=0.2155 | mean_|grad|=0.000013 (n=1)
  [trace step 1558] block 3: fast=179 medium=199 slow=134 | mean_alpha=0.2154 | mean_|grad|=0.000014 (n=1)
  [trace step 1558] block 4: fast=179 medium=199 slow=134 | mean_alpha=0.2153 | mean_|grad|=0.000029 (n=1)
  [trace step 1559] block 0: fast=177 medium=201 slow=134 | mean_alpha=0.2156 | mean_|grad|=0.000019 (n=1)
  [trace step 1559] block 1: fast=177 medium=200 slow=135 | mean_alpha=0.2156 | mean_|grad|=0.000015 (n=1)
  [trace step 1559] block 2: fast=178 medium=200 slow=134 | mean_alpha=0.2155 | mean_|grad|=0.000013 (n=1)
  [trace step 1559] block 3: fast=179 medium=199 slow=134 | mean_alpha=0.2154 | mean_|grad|=0.000013 (n=1)
  [trace step 1559] block 4: fast=179 medium=199 slow=134 | mean_alpha=0.2153 | mean_|grad|=0.000035 (n=1)
  [trace step 1560] block 0: fast=177 medium=201 slow=134 | mean_alpha=0.2156 | mean_|grad|=0.000017 (n=1)
  [trace step 1560] block 1: fast=177 medium=200 slow=135 | mean_alpha=0.2156 | mean_|grad|=0.000015 (n=1)
  [trace step 1560] block 2: fast=178 medium=200 slow=134 | mean_alpha=0.2155 | mean_|grad|=0.000013 (n=1)
  [trace step 1560] block 3: fast=179 medium=199 slow=134 | mean_alpha=0.2154 | mean_|grad|=0.000015 (n=1)
  [trace step 1560] block 4: fast=179 medium=199 slow=134 | mean_alpha=0.2153 | mean_|grad|=0.000038 (n=1)
  [trace step 1561] block 0: fast=177 medium=201 slow=134 | mean_alpha=0.2156 | mean_|grad|=0.000017 (n=1)
  [trace step 1561] block 1: fast=177 medium=200 slow=135 | mean_alpha=0.2156 | mean_|grad|=0.000012 (n=1)
  [trace step 1561] block 2: fast=178 medium=200 slow=134 | mean_alpha=0.2155 | mean_|grad|=0.000011 (n=1)
  [trace step 1561] block 3: fast=179 medium=199 slow=134 | mean_alpha=0.2154 | mean_|grad|=0.000012 (n=1)
  [trace step 1561] block 4: fast=179 medium=199 slow=134 | mean_alpha=0.2153 | mean_|grad|=0.000027 (n=1)
  [trace step 1562] block 0: fast=177 medium=201 slow=134 | mean_alpha=0.2156 | mean_|grad|=0.000018 (n=1)
  [trace step 1562] block 1: fast=177 medium=200 slow=135 | mean_alpha=0.2156 | mean_|grad|=0.000013 (n=1)
  [trace step 1562] block 2: fast=178 medium=200 slow=134 | mean_alpha=0.2155 | mean_|grad|=0.000012 (n=1)
  [trace step 1562] block 3: fast=179 medium=199 slow=134 | mean_alpha=0.2154 | mean_|grad|=0.000012 (n=1)
  [trace step 1562] block 4: fast=179 medium=199 slow=134 | mean_alpha=0.2153 | mean_|grad|=0.000030 (n=1)
  [trace step 1563] block 0: fast=177 medium=201 slow=134 | mean_alpha=0.2156 | mean_|grad|=0.000016 (n=1)
  [trace step 1563] block 1: fast=177 medium=200 slow=135 | mean_alpha=0.2156 | mean_|grad|=0.000012 (n=1)
  [trace step 1563] block 2: fast=178 medium=200 slow=134 | mean_alpha=0.2155 | mean_|grad|=0.000013 (n=1)
  [trace step 1563] block 3: fast=179 medium=199 slow=134 | mean_alpha=0.2154 | mean_|grad|=0.000012 (n=1)
  [trace step 1563] block 4: fast=179 medium=199 slow=134 | mean_alpha=0.2153 | mean_|grad|=0.000030 (n=1)
  [trace step 1564] block 0: fast=177 medium=201 slow=134 | mean_alpha=0.2156 | mean_|grad|=0.000013 (n=1)
  [trace step 1564] block 1: fast=177 medium=200 slow=135 | mean_alpha=0.2156 | mean_|grad|=0.000011 (n=1)
  [trace step 1564] block 2: fast=178 medium=200 slow=134 | mean_alpha=0.2155 | mean_|grad|=0.000009 (n=1)
  [trace step 1564] block 3: fast=179 medium=199 slow=134 | mean_alpha=0.2154 | mean_|grad|=0.000010 (n=1)
  [trace step 1564] block 4: fast=179 medium=199 slow=134 | mean_alpha=0.2153 | mean_|grad|=0.000024 (n=1)
  [trace step 1565] block 0: fast=177 medium=201 slow=134 | mean_alpha=0.2156 | mean_|grad|=0.000013 (n=1)
  [trace step 1565] block 1: fast=177 medium=200 slow=135 | mean_alpha=0.2156 | mean_|grad|=0.000011 (n=1)
  [trace step 1565] block 2: fast=178 medium=200 slow=134 | mean_alpha=0.2155 | mean_|grad|=0.000009 (n=1)
  [trace step 1565] block 3: fast=179 medium=199 slow=134 | mean_alpha=0.2154 | mean_|grad|=0.000010 (n=1)
  [trace step 1565] block 4: fast=179 medium=199 slow=134 | mean_alpha=0.2153 | mean_|grad|=0.000029 (n=1)
  [trace step 1566] block 0: fast=177 medium=201 slow=134 | mean_alpha=0.2156 | mean_|grad|=0.000012 (n=1)
  [trace step 1566] block 1: fast=177 medium=200 slow=135 | mean_alpha=0.2156 | mean_|grad|=0.000009 (n=1)
  [trace step 1566] block 2: fast=178 medium=200 slow=134 | mean_alpha=0.2155 | mean_|grad|=0.000008 (n=1)
  [trace step 1566] block 3: fast=179 medium=199 slow=134 | mean_alpha=0.2154 | mean_|grad|=0.000008 (n=1)
  [trace step 1566] block 4: fast=179 medium=199 slow=134 | mean_alpha=0.2153 | mean_|grad|=0.000014 (n=1)
  [trace step 1567] block 0: fast=177 medium=201 slow=134 | mean_alpha=0.2156 | mean_|grad|=0.000013 (n=1)
  [trace step 1567] block 1: fast=177 medium=200 slow=135 | mean_alpha=0.2156 | mean_|grad|=0.000010 (n=1)
  [trace step 1567] block 2: fast=178 medium=200 slow=134 | mean_alpha=0.2155 | mean_|grad|=0.000009 (n=1)
  [trace step 1567] block 3: fast=179 medium=199 slow=134 | mean_alpha=0.2154 | mean_|grad|=0.000010 (n=1)
  [trace step 1567] block 4: fast=179 medium=199 slow=134 | mean_alpha=0.2153 | mean_|grad|=0.000024 (n=1)
  [trace step 1568] block 0: fast=177 medium=201 slow=134 | mean_alpha=0.2156 | mean_|grad|=0.000010 (n=1)
  [trace step 1568] block 1: fast=177 medium=200 slow=135 | mean_alpha=0.2156 | mean_|grad|=0.000011 (n=1)
  [trace step 1568] block 2: fast=178 medium=200 slow=134 | mean_alpha=0.2155 | mean_|grad|=0.000012 (n=1)
  [trace step 1568] block 3: fast=179 medium=199 slow=134 | mean_alpha=0.2154 | mean_|grad|=0.000011 (n=1)
  [trace step 1568] block 4: fast=179 medium=199 slow=134 | mean_alpha=0.2153 | mean_|grad|=0.000038 (n=1)
  [trace step 1569] block 0: fast=177 medium=201 slow=134 | mean_alpha=0.2156 | mean_|grad|=0.000012 (n=1)
  [trace step 1569] block 1: fast=177 medium=200 slow=135 | mean_alpha=0.2156 | mean_|grad|=0.000009 (n=1)
  [trace step 1569] block 2: fast=178 medium=200 slow=134 | mean_alpha=0.2155 | mean_|grad|=0.000008 (n=1)
  [trace step 1569] block 3: fast=179 medium=199 slow=134 | mean_alpha=0.2154 | mean_|grad|=0.000008 (n=1)
  [trace step 1569] block 4: fast=179 medium=199 slow=134 | mean_alpha=0.2153 | mean_|grad|=0.000011 (n=1)
  [trace step 1570] block 0: fast=177 medium=201 slow=134 | mean_alpha=0.2156 | mean_|grad|=0.000011 (n=1)
  [trace step 1570] block 1: fast=177 medium=200 slow=135 | mean_alpha=0.2156 | mean_|grad|=0.000009 (n=1)
  [trace step 1570] block 2: fast=178 medium=200 slow=134 | mean_alpha=0.2155 | mean_|grad|=0.000008 (n=1)
  [trace step 1570] block 3: fast=179 medium=199 slow=134 | mean_alpha=0.2154 | mean_|grad|=0.000009 (n=1)
  [trace step 1570] block 4: fast=179 medium=199 slow=134 | mean_alpha=0.2153 | mean_|grad|=0.000024 (n=1)
  [trace step 1571] block 0: fast=177 medium=201 slow=134 | mean_alpha=0.2156 | mean_|grad|=0.000014 (n=1)
  [trace step 1571] block 1: fast=177 medium=200 slow=135 | mean_alpha=0.2156 | mean_|grad|=0.000011 (n=1)
  [trace step 1571] block 2: fast=178 medium=200 slow=134 | mean_alpha=0.2155 | mean_|grad|=0.000010 (n=1)
  [trace step 1571] block 3: fast=179 medium=199 slow=134 | mean_alpha=0.2154 | mean_|grad|=0.000010 (n=1)
  [trace step 1571] block 4: fast=179 medium=199 slow=134 | mean_alpha=0.2153 | mean_|grad|=0.000032 (n=1)
  [trace step 1572] block 0: fast=177 medium=201 slow=134 | mean_alpha=0.2156 | mean_|grad|=0.000014 (n=1)
  [trace step 1572] block 1: fast=177 medium=200 slow=135 | mean_alpha=0.2156 | mean_|grad|=0.000010 (n=1)
  [trace step 1572] block 2: fast=178 medium=200 slow=134 | mean_alpha=0.2155 | mean_|grad|=0.000009 (n=1)
  [trace step 1572] block 3: fast=179 medium=199 slow=134 | mean_alpha=0.2154 | mean_|grad|=0.000008 (n=1)
  [trace step 1572] block 4: fast=179 medium=199 slow=134 | mean_alpha=0.2153 | mean_|grad|=0.000015 (n=1)
  [trace step 1573] block 0: fast=177 medium=201 slow=134 | mean_alpha=0.2156 | mean_|grad|=0.000014 (n=1)
  [trace step 1573] block 1: fast=177 medium=200 slow=135 | mean_alpha=0.2156 | mean_|grad|=0.000012 (n=1)
  [trace step 1573] block 2: fast=178 medium=200 slow=134 | mean_alpha=0.2155 | mean_|grad|=0.000009 (n=1)
  [trace step 1573] block 3: fast=179 medium=199 slow=134 | mean_alpha=0.2154 | mean_|grad|=0.000010 (n=1)
  [trace step 1573] block 4: fast=179 medium=199 slow=134 | mean_alpha=0.2153 | mean_|grad|=0.000017 (n=1)
  [trace step 1574] block 0: fast=177 medium=201 slow=134 | mean_alpha=0.2156 | mean_|grad|=0.000015 (n=1)
  [trace step 1574] block 1: fast=177 medium=200 slow=135 | mean_alpha=0.2156 | mean_|grad|=0.000012 (n=1)
  [trace step 1574] block 2: fast=178 medium=200 slow=134 | mean_alpha=0.2155 | mean_|grad|=0.000010 (n=1)
  [trace step 1574] block 3: fast=179 medium=199 slow=134 | mean_alpha=0.2154 | mean_|grad|=0.000009 (n=1)
  [trace step 1574] block 4: fast=179 medium=199 slow=134 | mean_alpha=0.2153 | mean_|grad|=0.000024 (n=1)
  [trace step 1575] block 0: fast=177 medium=201 slow=134 | mean_alpha=0.2156 | mean_|grad|=0.000012 (n=1)
  [trace step 1575] block 1: fast=177 medium=200 slow=135 | mean_alpha=0.2156 | mean_|grad|=0.000011 (n=1)
  [trace step 1575] block 2: fast=178 medium=200 slow=134 | mean_alpha=0.2155 | mean_|grad|=0.000011 (n=1)
  [trace step 1575] block 3: fast=179 medium=199 slow=134 | mean_alpha=0.2154 | mean_|grad|=0.000009 (n=1)
  [trace step 1575] block 4: fast=179 medium=199 slow=134 | mean_alpha=0.2153 | mean_|grad|=0.000014 (n=1)
  [trace step 1576] block 0: fast=177 medium=201 slow=134 | mean_alpha=0.2156 | mean_|grad|=0.000012 (n=1)
  [trace step 1576] block 1: fast=177 medium=200 slow=135 | mean_alpha=0.2156 | mean_|grad|=0.000010 (n=1)
  [trace step 1576] block 2: fast=178 medium=200 slow=134 | mean_alpha=0.2155 | mean_|grad|=0.000009 (n=1)
  [trace step 1576] block 3: fast=179 medium=199 slow=134 | mean_alpha=0.2154 | mean_|grad|=0.000009 (n=1)
  [trace step 1576] block 4: fast=179 medium=199 slow=134 | mean_alpha=0.2153 | mean_|grad|=0.000027 (n=1)
  [trace step 1577] block 0: fast=177 medium=201 slow=134 | mean_alpha=0.2156 | mean_|grad|=0.000012 (n=1)
  [trace step 1577] block 1: fast=177 medium=200 slow=135 | mean_alpha=0.2156 | mean_|grad|=0.000012 (n=1)
  [trace step 1577] block 2: fast=178 medium=200 slow=134 | mean_alpha=0.2155 | mean_|grad|=0.000010 (n=1)
  [trace step 1577] block 3: fast=179 medium=199 slow=134 | mean_alpha=0.2154 | mean_|grad|=0.000010 (n=1)
  [trace step 1577] block 4: fast=179 medium=199 slow=134 | mean_alpha=0.2153 | mean_|grad|=0.000034 (n=1)
  [trace step 1578] block 0: fast=177 medium=201 slow=134 | mean_alpha=0.2156 | mean_|grad|=0.000014 (n=1)
  [trace step 1578] block 1: fast=177 medium=200 slow=135 | mean_alpha=0.2156 | mean_|grad|=0.000013 (n=1)
  [trace step 1578] block 2: fast=178 medium=200 slow=134 | mean_alpha=0.2155 | mean_|grad|=0.000012 (n=1)
  [trace step 1578] block 3: fast=179 medium=199 slow=134 | mean_alpha=0.2154 | mean_|grad|=0.000013 (n=1)
  [trace step 1578] block 4: fast=179 medium=199 slow=134 | mean_alpha=0.2153 | mean_|grad|=0.000042 (n=1)
  [trace step 1579] block 0: fast=177 medium=201 slow=134 | mean_alpha=0.2156 | mean_|grad|=0.000014 (n=1)
  [trace step 1579] block 1: fast=177 medium=200 slow=135 | mean_alpha=0.2156 | mean_|grad|=0.000012 (n=1)
  [trace step 1579] block 2: fast=178 medium=200 slow=134 | mean_alpha=0.2155 | mean_|grad|=0.000011 (n=1)
  [trace step 1579] block 3: fast=179 medium=199 slow=134 | mean_alpha=0.2154 | mean_|grad|=0.000010 (n=1)
  [trace step 1579] block 4: fast=179 medium=199 slow=134 | mean_alpha=0.2153 | mean_|grad|=0.000028 (n=1)
  [trace step 1580] block 0: fast=177 medium=201 slow=134 | mean_alpha=0.2156 | mean_|grad|=0.000016 (n=1)
  [trace step 1580] block 1: fast=177 medium=200 slow=135 | mean_alpha=0.2156 | mean_|grad|=0.000012 (n=1)
  [trace step 1580] block 2: fast=178 medium=200 slow=134 | mean_alpha=0.2155 | mean_|grad|=0.000012 (n=1)
  [trace step 1580] block 3: fast=179 medium=199 slow=134 | mean_alpha=0.2154 | mean_|grad|=0.000012 (n=1)
  [trace step 1580] block 4: fast=179 medium=199 slow=134 | mean_alpha=0.2153 | mean_|grad|=0.000037 (n=1)
  [trace step 1581] block 0: fast=177 medium=201 slow=134 | mean_alpha=0.2156 | mean_|grad|=0.000019 (n=1)
  [trace step 1581] block 1: fast=177 medium=200 slow=135 | mean_alpha=0.2156 | mean_|grad|=0.000015 (n=1)
  [trace step 1581] block 2: fast=178 medium=200 slow=134 | mean_alpha=0.2155 | mean_|grad|=0.000014 (n=1)
  [trace step 1581] block 3: fast=179 medium=199 slow=134 | mean_alpha=0.2154 | mean_|grad|=0.000013 (n=1)
  [trace step 1581] block 4: fast=179 medium=199 slow=134 | mean_alpha=0.2153 | mean_|grad|=0.000037 (n=1)
  [trace step 1582] block 0: fast=177 medium=201 slow=134 | mean_alpha=0.2156 | mean_|grad|=0.000020 (n=1)
  [trace step 1582] block 1: fast=177 medium=200 slow=135 | mean_alpha=0.2156 | mean_|grad|=0.000015 (n=1)
  [trace step 1582] block 2: fast=178 medium=200 slow=134 | mean_alpha=0.2155 | mean_|grad|=0.000012 (n=1)
  [trace step 1582] block 3: fast=179 medium=199 slow=134 | mean_alpha=0.2154 | mean_|grad|=0.000012 (n=1)
  [trace step 1582] block 4: fast=179 medium=199 slow=134 | mean_alpha=0.2153 | mean_|grad|=0.000032 (n=1)
  [trace step 1583] block 0: fast=177 medium=201 slow=134 | mean_alpha=0.2156 | mean_|grad|=0.000022 (n=1)
  [trace step 1583] block 1: fast=177 medium=200 slow=135 | mean_alpha=0.2156 | mean_|grad|=0.000016 (n=1)
  [trace step 1583] block 2: fast=178 medium=200 slow=134 | mean_alpha=0.2155 | mean_|grad|=0.000014 (n=1)
  [trace step 1583] block 3: fast=179 medium=199 slow=134 | mean_alpha=0.2154 | mean_|grad|=0.000012 (n=1)
  [trace step 1583] block 4: fast=179 medium=199 slow=134 | mean_alpha=0.2153 | mean_|grad|=0.000017 (n=1)
  [trace step 1584] block 0: fast=177 medium=201 slow=134 | mean_alpha=0.2156 | mean_|grad|=0.000019 (n=1)
  [trace step 1584] block 1: fast=177 medium=200 slow=135 | mean_alpha=0.2156 | mean_|grad|=0.000016 (n=1)
  [trace step 1584] block 2: fast=178 medium=200 slow=134 | mean_alpha=0.2155 | mean_|grad|=0.000014 (n=1)
  [trace step 1584] block 3: fast=179 medium=199 slow=134 | mean_alpha=0.2154 | mean_|grad|=0.000012 (n=1)
  [trace step 1584] block 4: fast=179 medium=199 slow=134 | mean_alpha=0.2153 | mean_|grad|=0.000031 (n=1)
  [trace step 1585] block 0: fast=177 medium=201 slow=134 | mean_alpha=0.2156 | mean_|grad|=0.000017 (n=1)
  [trace step 1585] block 1: fast=177 medium=200 slow=135 | mean_alpha=0.2156 | mean_|grad|=0.000017 (n=1)
  [trace step 1585] block 2: fast=178 medium=200 slow=134 | mean_alpha=0.2155 | mean_|grad|=0.000014 (n=1)
  [trace step 1585] block 3: fast=179 medium=199 slow=134 | mean_alpha=0.2154 | mean_|grad|=0.000012 (n=1)
  [trace step 1585] block 4: fast=179 medium=199 slow=134 | mean_alpha=0.2153 | mean_|grad|=0.000021 (n=1)
  [trace step 1586] block 0: fast=177 medium=201 slow=134 | mean_alpha=0.2156 | mean_|grad|=0.000018 (n=1)
  [trace step 1586] block 1: fast=177 medium=200 slow=135 | mean_alpha=0.2156 | mean_|grad|=0.000015 (n=1)
  [trace step 1586] block 2: fast=178 medium=200 slow=134 | mean_alpha=0.2155 | mean_|grad|=0.000012 (n=1)
  [trace step 1586] block 3: fast=179 medium=199 slow=134 | mean_alpha=0.2154 | mean_|grad|=0.000013 (n=1)
  [trace step 1586] block 4: fast=179 medium=199 slow=134 | mean_alpha=0.2153 | mean_|grad|=0.000042 (n=1)
  [trace step 1587] block 0: fast=177 medium=201 slow=134 | mean_alpha=0.2156 | mean_|grad|=0.000015 (n=1)
  [trace step 1587] block 1: fast=177 medium=200 slow=135 | mean_alpha=0.2156 | mean_|grad|=0.000014 (n=1)
  [trace step 1587] block 2: fast=178 medium=200 slow=134 | mean_alpha=0.2155 | mean_|grad|=0.000014 (n=1)
  [trace step 1587] block 3: fast=179 medium=199 slow=134 | mean_alpha=0.2154 | mean_|grad|=0.000014 (n=1)
  [trace step 1587] block 4: fast=179 medium=199 slow=134 | mean_alpha=0.2153 | mean_|grad|=0.000026 (n=1)
  [trace step 1588] block 0: fast=177 medium=201 slow=134 | mean_alpha=0.2156 | mean_|grad|=0.000018 (n=1)
  [trace step 1588] block 1: fast=177 medium=200 slow=135 | mean_alpha=0.2156 | mean_|grad|=0.000013 (n=1)
  [trace step 1588] block 2: fast=178 medium=200 slow=134 | mean_alpha=0.2155 | mean_|grad|=0.000014 (n=1)
  [trace step 1588] block 3: fast=179 medium=199 slow=134 | mean_alpha=0.2154 | mean_|grad|=0.000012 (n=1)
  [trace step 1588] block 4: fast=179 medium=199 slow=134 | mean_alpha=0.2153 | mean_|grad|=0.000026 (n=1)
  [trace step 1589] block 0: fast=177 medium=201 slow=134 | mean_alpha=0.2156 | mean_|grad|=0.000017 (n=1)
  [trace step 1589] block 1: fast=177 medium=200 slow=135 | mean_alpha=0.2156 | mean_|grad|=0.000013 (n=1)
  [trace step 1589] block 2: fast=178 medium=200 slow=134 | mean_alpha=0.2155 | mean_|grad|=0.000013 (n=1)
  [trace step 1589] block 3: fast=179 medium=199 slow=134 | mean_alpha=0.2154 | mean_|grad|=0.000012 (n=1)
  [trace step 1589] block 4: fast=179 medium=199 slow=134 | mean_alpha=0.2153 | mean_|grad|=0.000027 (n=1)
  [trace step 1590] block 0: fast=177 medium=201 slow=134 | mean_alpha=0.2156 | mean_|grad|=0.000017 (n=1)
  [trace step 1590] block 1: fast=177 medium=200 slow=135 | mean_alpha=0.2156 | mean_|grad|=0.000014 (n=1)
  [trace step 1590] block 2: fast=178 medium=200 slow=134 | mean_alpha=0.2155 | mean_|grad|=0.000012 (n=1)
  [trace step 1590] block 3: fast=179 medium=199 slow=134 | mean_alpha=0.2154 | mean_|grad|=0.000012 (n=1)
  [trace step 1590] block 4: fast=179 medium=199 slow=134 | mean_alpha=0.2153 | mean_|grad|=0.000022 (n=1)
  [trace step 1591] block 0: fast=177 medium=201 slow=134 | mean_alpha=0.2156 | mean_|grad|=0.000019 (n=1)
  [trace step 1591] block 1: fast=177 medium=200 slow=135 | mean_alpha=0.2156 | mean_|grad|=0.000015 (n=1)
  [trace step 1591] block 2: fast=178 medium=200 slow=134 | mean_alpha=0.2155 | mean_|grad|=0.000012 (n=1)
  [trace step 1591] block 3: fast=179 medium=199 slow=134 | mean_alpha=0.2154 | mean_|grad|=0.000013 (n=1)
  [trace step 1591] block 4: fast=179 medium=199 slow=134 | mean_alpha=0.2153 | mean_|grad|=0.000037 (n=1)
  [trace step 1592] block 0: fast=177 medium=201 slow=134 | mean_alpha=0.2156 | mean_|grad|=0.000019 (n=1)
  [trace step 1592] block 1: fast=177 medium=200 slow=135 | mean_alpha=0.2156 | mean_|grad|=0.000016 (n=1)
  [trace step 1592] block 2: fast=178 medium=200 slow=134 | mean_alpha=0.2155 | mean_|grad|=0.000012 (n=1)
  [trace step 1592] block 3: fast=178 medium=200 slow=134 | mean_alpha=0.2154 | mean_|grad|=0.000013 (n=1)
  [trace step 1592] block 4: fast=179 medium=199 slow=134 | mean_alpha=0.2153 | mean_|grad|=0.000030 (n=1)
  [trace step 1593] block 0: fast=177 medium=201 slow=134 | mean_alpha=0.2156 | mean_|grad|=0.000018 (n=1)
  [trace step 1593] block 1: fast=177 medium=200 slow=135 | mean_alpha=0.2156 | mean_|grad|=0.000014 (n=1)
  [trace step 1593] block 2: fast=178 medium=200 slow=134 | mean_alpha=0.2155 | mean_|grad|=0.000014 (n=1)
  [trace step 1593] block 3: fast=178 medium=200 slow=134 | mean_alpha=0.2154 | mean_|grad|=0.000013 (n=1)
  [trace step 1593] block 4: fast=179 medium=199 slow=134 | mean_alpha=0.2153 | mean_|grad|=0.000027 (n=1)
  [trace step 1594] block 0: fast=177 medium=201 slow=134 | mean_alpha=0.2156 | mean_|grad|=0.000016 (n=1)
  [trace step 1594] block 1: fast=177 medium=200 slow=135 | mean_alpha=0.2156 | mean_|grad|=0.000013 (n=1)
  [trace step 1594] block 2: fast=178 medium=200 slow=134 | mean_alpha=0.2155 | mean_|grad|=0.000014 (n=1)
  [trace step 1594] block 3: fast=178 medium=200 slow=134 | mean_alpha=0.2154 | mean_|grad|=0.000012 (n=1)
  [trace step 1594] block 4: fast=179 medium=199 slow=134 | mean_alpha=0.2153 | mean_|grad|=0.000036 (n=1)
  [trace step 1595] block 0: fast=177 medium=201 slow=134 | mean_alpha=0.2156 | mean_|grad|=0.000018 (n=1)
  [trace step 1595] block 1: fast=177 medium=200 slow=135 | mean_alpha=0.2156 | mean_|grad|=0.000012 (n=1)
  [trace step 1595] block 2: fast=178 medium=200 slow=134 | mean_alpha=0.2155 | mean_|grad|=0.000012 (n=1)
  [trace step 1595] block 3: fast=178 medium=200 slow=134 | mean_alpha=0.2154 | mean_|grad|=0.000013 (n=1)
  [trace step 1595] block 4: fast=179 medium=199 slow=134 | mean_alpha=0.2153 | mean_|grad|=0.000030 (n=1)
  [trace step 1596] block 0: fast=177 medium=201 slow=134 | mean_alpha=0.2156 | mean_|grad|=0.000014 (n=1)
  [trace step 1596] block 1: fast=177 medium=200 slow=135 | mean_alpha=0.2156 | mean_|grad|=0.000013 (n=1)
  [trace step 1596] block 2: fast=178 medium=200 slow=134 | mean_alpha=0.2155 | mean_|grad|=0.000013 (n=1)
  [trace step 1596] block 3: fast=178 medium=200 slow=134 | mean_alpha=0.2154 | mean_|grad|=0.000011 (n=1)
  [trace step 1596] block 4: fast=179 medium=199 slow=134 | mean_alpha=0.2153 | mean_|grad|=0.000020 (n=1)
  [trace step 1597] block 0: fast=177 medium=201 slow=134 | mean_alpha=0.2156 | mean_|grad|=0.000016 (n=1)
  [trace step 1597] block 1: fast=177 medium=200 slow=135 | mean_alpha=0.2156 | mean_|grad|=0.000013 (n=1)
  [trace step 1597] block 2: fast=178 medium=200 slow=134 | mean_alpha=0.2155 | mean_|grad|=0.000012 (n=1)
  [trace step 1597] block 3: fast=178 medium=200 slow=134 | mean_alpha=0.2154 | mean_|grad|=0.000012 (n=1)
  [trace step 1597] block 4: fast=179 medium=199 slow=134 | mean_alpha=0.2153 | mean_|grad|=0.000029 (n=1)
  [trace step 1598] block 0: fast=177 medium=201 slow=134 | mean_alpha=0.2156 | mean_|grad|=0.000014 (n=1)
  [trace step 1598] block 1: fast=177 medium=200 slow=135 | mean_alpha=0.2156 | mean_|grad|=0.000014 (n=1)
  [trace step 1598] block 2: fast=178 medium=200 slow=134 | mean_alpha=0.2155 | mean_|grad|=0.000011 (n=1)
  [trace step 1598] block 3: fast=178 medium=200 slow=134 | mean_alpha=0.2154 | mean_|grad|=0.000011 (n=1)
  [trace step 1598] block 4: fast=179 medium=199 slow=134 | mean_alpha=0.2153 | mean_|grad|=0.000027 (n=1)
  [trace step 1599] block 0: fast=177 medium=201 slow=134 | mean_alpha=0.2156 | mean_|grad|=0.000019 (n=1)
  [trace step 1599] block 1: fast=177 medium=200 slow=135 | mean_alpha=0.2156 | mean_|grad|=0.000013 (n=1)
  [trace step 1599] block 2: fast=178 medium=200 slow=134 | mean_alpha=0.2155 | mean_|grad|=0.000011 (n=1)
  [trace step 1599] block 3: fast=178 medium=200 slow=134 | mean_alpha=0.2154 | mean_|grad|=0.000012 (n=1)
  [trace step 1599] block 4: fast=179 medium=199 slow=134 | mean_alpha=0.2153 | mean_|grad|=0.000021 (n=1)
  [trace step 1600] block 0: fast=177 medium=201 slow=134 | mean_alpha=0.2156 | mean_|grad|=0.000017 (n=1)
  [trace step 1600] block 1: fast=177 medium=200 slow=135 | mean_alpha=0.2156 | mean_|grad|=0.000012 (n=1)
  [trace step 1600] block 2: fast=178 medium=200 slow=134 | mean_alpha=0.2155 | mean_|grad|=0.000012 (n=1)
  [trace step 1600] block 3: fast=178 medium=200 slow=134 | mean_alpha=0.2154 | mean_|grad|=0.000013 (n=1)
  [trace step 1600] block 4: fast=179 medium=199 slow=134 | mean_alpha=0.2153 | mean_|grad|=0.000035 (n=1)
  [r2c trace step 1600] block 0: z mean=1.0350 s mean=0.7510 min=0.7416 max=0.7601 closed=0/512 open=0/512 | mean|s*read|=0.284178 | mean|g| ar=2.11e-5 ib=1.77e-5 z=4.71e-6 (n=50)
  [r2c trace step 1600] block 1: z mean=1.0272 s mean=0.7495 min=0.7427 max=0.7634 closed=0/512 open=0/512 | mean|s*read|=0.443359 | mean|g| ar=1.82e-5 ib=1.48e-5 z=5.15e-7 (n=50)
  [r2c trace step 1600] block 2: z mean=1.0233 s mean=0.7488 min=0.7420 max=0.7579 closed=0/512 open=0/512 | mean|s*read|=0.464744 | mean|g| ar=1.64e-5 ib=1.09e-5 z=4.55e-7 (n=50)
  [r2c trace step 1600] block 3: z mean=1.0215 s mean=0.7485 min=0.7408 max=0.7567 closed=0/512 open=0/512 | mean|s*read|=0.531076 | mean|g| ar=1.63e-5 ib=9.45e-6 z=8.55e-7 (n=50)
  [r2c trace step 1600] block 4: z mean=1.0196 s mean=0.7481 min=0.7393 max=0.7553 closed=0/512 open=0/512 | mean|s*read|=0.659317 | mean|g| ar=1.51e-5 ib=7.00e-6 z=4.18e-7 (n=50)
  [trace step 1601] block 0: fast=177 medium=201 slow=134 | mean_alpha=0.2156 | mean_|grad|=0.000015 (n=1)
  [trace step 1601] block 1: fast=177 medium=200 slow=135 | mean_alpha=0.2156 | mean_|grad|=0.000015 (n=1)
  [trace step 1601] block 2: fast=178 medium=200 slow=134 | mean_alpha=0.2155 | mean_|grad|=0.000013 (n=1)
  [trace step 1601] block 3: fast=178 medium=200 slow=134 | mean_alpha=0.2154 | mean_|grad|=0.000012 (n=1)
  [trace step 1601] block 4: fast=179 medium=199 slow=134 | mean_alpha=0.2153 | mean_|grad|=0.000030 (n=1)
  [trace step 1602] block 0: fast=177 medium=201 slow=134 | mean_alpha=0.2156 | mean_|grad|=0.000015 (n=1)
  [trace step 1602] block 1: fast=177 medium=200 slow=135 | mean_alpha=0.2156 | mean_|grad|=0.000012 (n=1)
  [trace step 1602] block 2: fast=178 medium=200 slow=134 | mean_alpha=0.2155 | mean_|grad|=0.000011 (n=1)
  [trace step 1602] block 3: fast=178 medium=200 slow=134 | mean_alpha=0.2154 | mean_|grad|=0.000010 (n=1)
  [trace step 1602] block 4: fast=179 medium=199 slow=134 | mean_alpha=0.2153 | mean_|grad|=0.000024 (n=1)
  [trace step 1603] block 0: fast=177 medium=201 slow=134 | mean_alpha=0.2156 | mean_|grad|=0.000017 (n=1)
  [trace step 1603] block 1: fast=177 medium=200 slow=135 | mean_alpha=0.2156 | mean_|grad|=0.000013 (n=1)
  [trace step 1603] block 2: fast=178 medium=200 slow=134 | mean_alpha=0.2155 | mean_|grad|=0.000011 (n=1)
  [trace step 1603] block 3: fast=178 medium=200 slow=134 | mean_alpha=0.2154 | mean_|grad|=0.000012 (n=1)
  [trace step 1603] block 4: fast=179 medium=199 slow=134 | mean_alpha=0.2153 | mean_|grad|=0.000033 (n=1)
  [trace step 1604] block 0: fast=177 medium=201 slow=134 | mean_alpha=0.2156 | mean_|grad|=0.000018 (n=1)
  [trace step 1604] block 1: fast=177 medium=200 slow=135 | mean_alpha=0.2156 | mean_|grad|=0.000014 (n=1)
  [trace step 1604] block 2: fast=178 medium=200 slow=134 | mean_alpha=0.2155 | mean_|grad|=0.000011 (n=1)
  [trace step 1604] block 3: fast=178 medium=200 slow=134 | mean_alpha=0.2154 | mean_|grad|=0.000011 (n=1)
  [trace step 1604] block 4: fast=179 medium=199 slow=134 | mean_alpha=0.2153 | mean_|grad|=0.000031 (n=1)
  [trace step 1605] block 0: fast=177 medium=201 slow=134 | mean_alpha=0.2156 | mean_|grad|=0.000014 (n=1)
  [trace step 1605] block 1: fast=177 medium=200 slow=135 | mean_alpha=0.2156 | mean_|grad|=0.000010 (n=1)
  [trace step 1605] block 2: fast=178 medium=200 slow=134 | mean_alpha=0.2155 | mean_|grad|=0.000010 (n=1)
  [trace step 1605] block 3: fast=178 medium=200 slow=134 | mean_alpha=0.2154 | mean_|grad|=0.000010 (n=1)
  [trace step 1605] block 4: fast=179 medium=199 slow=134 | mean_alpha=0.2153 | mean_|grad|=0.000022 (n=1)
  [trace step 1606] block 0: fast=177 medium=201 slow=134 | mean_alpha=0.2156 | mean_|grad|=0.000013 (n=1)
  [trace step 1606] block 1: fast=177 medium=200 slow=135 | mean_alpha=0.2156 | mean_|grad|=0.000011 (n=1)
  [trace step 1606] block 2: fast=178 medium=200 slow=134 | mean_alpha=0.2155 | mean_|grad|=0.000011 (n=1)
  [trace step 1606] block 3: fast=178 medium=200 slow=134 | mean_alpha=0.2154 | mean_|grad|=0.000010 (n=1)
  [trace step 1606] block 4: fast=179 medium=199 slow=134 | mean_alpha=0.2153 | mean_|grad|=0.000019 (n=1)
  [trace step 1607] block 0: fast=177 medium=201 slow=134 | mean_alpha=0.2156 | mean_|grad|=0.000013 (n=1)
  [trace step 1607] block 1: fast=177 medium=200 slow=135 | mean_alpha=0.2156 | mean_|grad|=0.000011 (n=1)
  [trace step 1607] block 2: fast=178 medium=200 slow=134 | mean_alpha=0.2155 | mean_|grad|=0.000011 (n=1)
  [trace step 1607] block 3: fast=178 medium=200 slow=134 | mean_alpha=0.2154 | mean_|grad|=0.000011 (n=1)
  [trace step 1607] block 4: fast=179 medium=199 slow=134 | mean_alpha=0.2153 | mean_|grad|=0.000022 (n=1)
  [trace step 1608] block 0: fast=177 medium=201 slow=134 | mean_alpha=0.2156 | mean_|grad|=0.000012 (n=1)
  [trace step 1608] block 1: fast=177 medium=200 slow=135 | mean_alpha=0.2156 | mean_|grad|=0.000010 (n=1)
  [trace step 1608] block 2: fast=178 medium=200 slow=134 | mean_alpha=0.2155 | mean_|grad|=0.000009 (n=1)
  [trace step 1608] block 3: fast=178 medium=200 slow=134 | mean_alpha=0.2154 | mean_|grad|=0.000009 (n=1)
  [trace step 1608] block 4: fast=179 medium=199 slow=134 | mean_alpha=0.2153 | mean_|grad|=0.000025 (n=1)
  [trace step 1609] block 0: fast=177 medium=201 slow=134 | mean_alpha=0.2156 | mean_|grad|=0.000012 (n=1)
  [trace step 1609] block 1: fast=177 medium=200 slow=135 | mean_alpha=0.2156 | mean_|grad|=0.000011 (n=1)
  [trace step 1609] block 2: fast=178 medium=200 slow=134 | mean_alpha=0.2155 | mean_|grad|=0.000008 (n=1)
  [trace step 1609] block 3: fast=178 medium=200 slow=134 | mean_alpha=0.2154 | mean_|grad|=0.000009 (n=1)
  [trace step 1609] block 4: fast=179 medium=199 slow=134 | mean_alpha=0.2153 | mean_|grad|=0.000014 (n=1)
  [trace step 1610] block 0: fast=177 medium=201 slow=134 | mean_alpha=0.2156 | mean_|grad|=0.000012 (n=1)
  [trace step 1610] block 1: fast=177 medium=200 slow=135 | mean_alpha=0.2156 | mean_|grad|=0.000010 (n=1)
  [trace step 1610] block 2: fast=178 medium=200 slow=134 | mean_alpha=0.2155 | mean_|grad|=0.000009 (n=1)
  [trace step 1610] block 3: fast=178 medium=200 slow=134 | mean_alpha=0.2154 | mean_|grad|=0.000009 (n=1)
  [trace step 1610] block 4: fast=179 medium=199 slow=134 | mean_alpha=0.2153 | mean_|grad|=0.000025 (n=1)
  [trace step 1611] block 0: fast=177 medium=201 slow=134 | mean_alpha=0.2156 | mean_|grad|=0.000012 (n=1)
  [trace step 1611] block 1: fast=177 medium=200 slow=135 | mean_alpha=0.2156 | mean_|grad|=0.000010 (n=1)
  [trace step 1611] block 2: fast=178 medium=200 slow=134 | mean_alpha=0.2155 | mean_|grad|=0.000008 (n=1)
  [trace step 1611] block 3: fast=178 medium=200 slow=134 | mean_alpha=0.2154 | mean_|grad|=0.000009 (n=1)
  [trace step 1611] block 4: fast=179 medium=199 slow=134 | mean_alpha=0.2153 | mean_|grad|=0.000031 (n=1)
  [trace step 1612] block 0: fast=177 medium=201 slow=134 | mean_alpha=0.2156 | mean_|grad|=0.000012 (n=1)
  [trace step 1612] block 1: fast=177 medium=200 slow=135 | mean_alpha=0.2156 | mean_|grad|=0.000009 (n=1)
  [trace step 1612] block 2: fast=178 medium=200 slow=134 | mean_alpha=0.2155 | mean_|grad|=0.000009 (n=1)
  [trace step 1612] block 3: fast=178 medium=200 slow=134 | mean_alpha=0.2154 | mean_|grad|=0.000008 (n=1)
  [trace step 1612] block 4: fast=179 medium=199 slow=134 | mean_alpha=0.2153 | mean_|grad|=0.000013 (n=1)
  [trace step 1613] block 0: fast=177 medium=201 slow=134 | mean_alpha=0.2156 | mean_|grad|=0.000012 (n=1)
  [trace step 1613] block 1: fast=177 medium=200 slow=135 | mean_alpha=0.2156 | mean_|grad|=0.000010 (n=1)
  [trace step 1613] block 2: fast=178 medium=200 slow=134 | mean_alpha=0.2155 | mean_|grad|=0.000009 (n=1)
  [trace step 1613] block 3: fast=178 medium=200 slow=134 | mean_alpha=0.2154 | mean_|grad|=0.000009 (n=1)
  [trace step 1613] block 4: fast=179 medium=199 slow=134 | mean_alpha=0.2153 | mean_|grad|=0.000026 (n=1)
  [trace step 1614] block 0: fast=177 medium=201 slow=134 | mean_alpha=0.2156 | mean_|grad|=0.000011 (n=1)
  [trace step 1614] block 1: fast=177 medium=200 slow=135 | mean_alpha=0.2156 | mean_|grad|=0.000010 (n=1)
  [trace step 1614] block 2: fast=178 medium=200 slow=134 | mean_alpha=0.2155 | mean_|grad|=0.000009 (n=1)
  [trace step 1614] block 3: fast=178 medium=200 slow=134 | mean_alpha=0.2154 | mean_|grad|=0.000009 (n=1)
  [trace step 1614] block 4: fast=179 medium=199 slow=134 | mean_alpha=0.2153 | mean_|grad|=0.000021 (n=1)
  [trace step 1615] block 0: fast=177 medium=201 slow=134 | mean_alpha=0.2156 | mean_|grad|=0.000013 (n=1)
  [trace step 1615] block 1: fast=177 medium=200 slow=135 | mean_alpha=0.2156 | mean_|grad|=0.000009 (n=1)
  [trace step 1615] block 2: fast=178 medium=200 slow=134 | mean_alpha=0.2155 | mean_|grad|=0.000009 (n=1)
  [trace step 1615] block 3: fast=178 medium=200 slow=134 | mean_alpha=0.2154 | mean_|grad|=0.000008 (n=1)
  [trace step 1615] block 4: fast=179 medium=199 slow=134 | mean_alpha=0.2153 | mean_|grad|=0.000025 (n=1)
  [trace step 1616] block 0: fast=177 medium=201 slow=134 | mean_alpha=0.2156 | mean_|grad|=0.000011 (n=1)
  [trace step 1616] block 1: fast=177 medium=200 slow=135 | mean_alpha=0.2156 | mean_|grad|=0.000010 (n=1)
  [trace step 1616] block 2: fast=178 medium=200 slow=134 | mean_alpha=0.2155 | mean_|grad|=0.000008 (n=1)
  [trace step 1616] block 3: fast=178 medium=200 slow=134 | mean_alpha=0.2154 | mean_|grad|=0.000009 (n=1)
  [trace step 1616] block 4: fast=179 medium=199 slow=134 | mean_alpha=0.2153 | mean_|grad|=0.000022 (n=1)
  [trace step 1617] block 0: fast=177 medium=201 slow=134 | mean_alpha=0.2156 | mean_|grad|=0.000011 (n=1)
  [trace step 1617] block 1: fast=177 medium=200 slow=135 | mean_alpha=0.2156 | mean_|grad|=0.000009 (n=1)
  [trace step 1617] block 2: fast=178 medium=200 slow=134 | mean_alpha=0.2155 | mean_|grad|=0.000008 (n=1)
  [trace step 1617] block 3: fast=178 medium=200 slow=134 | mean_alpha=0.2154 | mean_|grad|=0.000008 (n=1)
  [trace step 1617] block 4: fast=179 medium=199 slow=134 | mean_alpha=0.2153 | mean_|grad|=0.000022 (n=1)
  [trace step 1618] block 0: fast=177 medium=201 slow=134 | mean_alpha=0.2156 | mean_|grad|=0.000012 (n=1)
  [trace step 1618] block 1: fast=177 medium=200 slow=135 | mean_alpha=0.2156 | mean_|grad|=0.000010 (n=1)
  [trace step 1618] block 2: fast=178 medium=200 slow=134 | mean_alpha=0.2155 | mean_|grad|=0.000008 (n=1)
  [trace step 1618] block 3: fast=178 medium=200 slow=134 | mean_alpha=0.2154 | mean_|grad|=0.000008 (n=1)
  [trace step 1618] block 4: fast=179 medium=199 slow=134 | mean_alpha=0.2153 | mean_|grad|=0.000015 (n=1)
  [trace step 1619] block 0: fast=177 medium=201 slow=134 | mean_alpha=0.2156 | mean_|grad|=0.000012 (n=1)
  [trace step 1619] block 1: fast=177 medium=200 slow=135 | mean_alpha=0.2156 | mean_|grad|=0.000010 (n=1)
  [trace step 1619] block 2: fast=178 medium=200 slow=134 | mean_alpha=0.2155 | mean_|grad|=0.000011 (n=1)
  [trace step 1619] block 3: fast=178 medium=200 slow=134 | mean_alpha=0.2154 | mean_|grad|=0.000010 (n=1)
  [trace step 1619] block 4: fast=179 medium=199 slow=134 | mean_alpha=0.2153 | mean_|grad|=0.000030 (n=1)
  [trace step 1620] block 0: fast=177 medium=201 slow=134 | mean_alpha=0.2156 | mean_|grad|=0.000011 (n=1)
  [trace step 1620] block 1: fast=177 medium=200 slow=135 | mean_alpha=0.2156 | mean_|grad|=0.000009 (n=1)
  [trace step 1620] block 2: fast=178 medium=200 slow=134 | mean_alpha=0.2155 | mean_|grad|=0.000008 (n=1)
  [trace step 1620] block 3: fast=178 medium=200 slow=134 | mean_alpha=0.2154 | mean_|grad|=0.000007 (n=1)
  [trace step 1620] block 4: fast=179 medium=199 slow=134 | mean_alpha=0.2153 | mean_|grad|=0.000013 (n=1)
  [trace step 1621] block 0: fast=177 medium=201 slow=134 | mean_alpha=0.2156 | mean_|grad|=0.000013 (n=1)
  [trace step 1621] block 1: fast=177 medium=200 slow=135 | mean_alpha=0.2156 | mean_|grad|=0.000011 (n=1)
  [trace step 1621] block 2: fast=178 medium=200 slow=134 | mean_alpha=0.2155 | mean_|grad|=0.000011 (n=1)
  [trace step 1621] block 3: fast=178 medium=200 slow=134 | mean_alpha=0.2154 | mean_|grad|=0.000009 (n=1)
  [trace step 1621] block 4: fast=179 medium=199 slow=134 | mean_alpha=0.2153 | mean_|grad|=0.000024 (n=1)
  [trace step 1622] block 0: fast=177 medium=201 slow=134 | mean_alpha=0.2156 | mean_|grad|=0.000013 (n=1)
  [trace step 1622] block 1: fast=177 medium=200 slow=135 | mean_alpha=0.2156 | mean_|grad|=0.000010 (n=1)
  [trace step 1622] block 2: fast=178 medium=200 slow=134 | mean_alpha=0.2155 | mean_|grad|=0.000009 (n=1)
  [trace step 1622] block 3: fast=178 medium=200 slow=134 | mean_alpha=0.2154 | mean_|grad|=0.000010 (n=1)
  [trace step 1622] block 4: fast=179 medium=199 slow=134 | mean_alpha=0.2153 | mean_|grad|=0.000026 (n=1)
  [trace step 1623] block 0: fast=177 medium=201 slow=134 | mean_alpha=0.2156 | mean_|grad|=0.000013 (n=1)
  [trace step 1623] block 1: fast=177 medium=200 slow=135 | mean_alpha=0.2156 | mean_|grad|=0.000010 (n=1)
  [trace step 1623] block 2: fast=178 medium=200 slow=134 | mean_alpha=0.2155 | mean_|grad|=0.000009 (n=1)
  [trace step 1623] block 3: fast=178 medium=200 slow=134 | mean_alpha=0.2154 | mean_|grad|=0.000010 (n=1)
  [trace step 1623] block 4: fast=179 medium=199 slow=134 | mean_alpha=0.2153 | mean_|grad|=0.000022 (n=1)
  [trace step 1624] block 0: fast=177 medium=201 slow=134 | mean_alpha=0.2156 | mean_|grad|=0.000012 (n=1)
  [trace step 1624] block 1: fast=177 medium=200 slow=135 | mean_alpha=0.2156 | mean_|grad|=0.000010 (n=1)
  [trace step 1624] block 2: fast=178 medium=200 slow=134 | mean_alpha=0.2155 | mean_|grad|=0.000009 (n=1)
  [trace step 1624] block 3: fast=178 medium=200 slow=134 | mean_alpha=0.2154 | mean_|grad|=0.000010 (n=1)
  [trace step 1624] block 4: fast=179 medium=199 slow=134 | mean_alpha=0.2153 | mean_|grad|=0.000027 (n=1)
  [trace step 1625] block 0: fast=177 medium=201 slow=134 | mean_alpha=0.2156 | mean_|grad|=0.000014 (n=1)
  [trace step 1625] block 1: fast=177 medium=200 slow=135 | mean_alpha=0.2156 | mean_|grad|=0.000012 (n=1)
  [trace step 1625] block 2: fast=178 medium=200 slow=134 | mean_alpha=0.2155 | mean_|grad|=0.000009 (n=1)
  [trace step 1625] block 3: fast=178 medium=200 slow=134 | mean_alpha=0.2154 | mean_|grad|=0.000011 (n=1)
  [trace step 1625] block 4: fast=179 medium=199 slow=134 | mean_alpha=0.2153 | mean_|grad|=0.000030 (n=1)
  [trace step 1626] block 0: fast=177 medium=201 slow=134 | mean_alpha=0.2156 | mean_|grad|=0.000014 (n=1)
  [trace step 1626] block 1: fast=177 medium=200 slow=135 | mean_alpha=0.2156 | mean_|grad|=0.000010 (n=1)
  [trace step 1626] block 2: fast=178 medium=200 slow=134 | mean_alpha=0.2155 | mean_|grad|=0.000010 (n=1)
  [trace step 1626] block 3: fast=178 medium=200 slow=134 | mean_alpha=0.2154 | mean_|grad|=0.000010 (n=1)
  [trace step 1626] block 4: fast=179 medium=199 slow=134 | mean_alpha=0.2153 | mean_|grad|=0.000019 (n=1)
  [trace step 1627] block 0: fast=177 medium=201 slow=134 | mean_alpha=0.2156 | mean_|grad|=0.000014 (n=1)
  [trace step 1627] block 1: fast=177 medium=200 slow=135 | mean_alpha=0.2156 | mean_|grad|=0.000011 (n=1)
  [trace step 1627] block 2: fast=178 medium=200 slow=134 | mean_alpha=0.2155 | mean_|grad|=0.000009 (n=1)
  [trace step 1627] block 3: fast=178 medium=200 slow=134 | mean_alpha=0.2154 | mean_|grad|=0.000008 (n=1)
  [trace step 1627] block 4: fast=179 medium=199 slow=134 | mean_alpha=0.2153 | mean_|grad|=0.000019 (n=1)
  [trace step 1628] block 0: fast=177 medium=201 slow=134 | mean_alpha=0.2156 | mean_|grad|=0.000013 (n=1)
  [trace step 1628] block 1: fast=177 medium=200 slow=135 | mean_alpha=0.2156 | mean_|grad|=0.000009 (n=1)
  [trace step 1628] block 2: fast=178 medium=200 slow=134 | mean_alpha=0.2155 | mean_|grad|=0.000010 (n=1)
  [trace step 1628] block 3: fast=178 medium=200 slow=134 | mean_alpha=0.2154 | mean_|grad|=0.000011 (n=1)
  [trace step 1628] block 4: fast=179 medium=199 slow=134 | mean_alpha=0.2153 | mean_|grad|=0.000020 (n=1)
  [trace step 1629] block 0: fast=177 medium=201 slow=134 | mean_alpha=0.2156 | mean_|grad|=0.000015 (n=1)
  [trace step 1629] block 1: fast=177 medium=200 slow=135 | mean_alpha=0.2156 | mean_|grad|=0.000012 (n=1)
  [trace step 1629] block 2: fast=178 medium=200 slow=134 | mean_alpha=0.2155 | mean_|grad|=0.000011 (n=1)
  [trace step 1629] block 3: fast=178 medium=200 slow=134 | mean_alpha=0.2154 | mean_|grad|=0.000012 (n=1)
  [trace step 1629] block 4: fast=179 medium=199 slow=134 | mean_alpha=0.2153 | mean_|grad|=0.000042 (n=1)
  [trace step 1630] block 0: fast=177 medium=201 slow=134 | mean_alpha=0.2156 | mean_|grad|=0.000015 (n=1)
  [trace step 1630] block 1: fast=177 medium=200 slow=135 | mean_alpha=0.2156 | mean_|grad|=0.000011 (n=1)
  [trace step 1630] block 2: fast=178 medium=200 slow=134 | mean_alpha=0.2155 | mean_|grad|=0.000011 (n=1)
  [trace step 1630] block 3: fast=178 medium=200 slow=134 | mean_alpha=0.2154 | mean_|grad|=0.000011 (n=1)
  [trace step 1630] block 4: fast=179 medium=199 slow=134 | mean_alpha=0.2153 | mean_|grad|=0.000028 (n=1)
  [trace step 1631] block 0: fast=177 medium=201 slow=134 | mean_alpha=0.2156 | mean_|grad|=0.000017 (n=1)
  [trace step 1631] block 1: fast=177 medium=200 slow=135 | mean_alpha=0.2156 | mean_|grad|=0.000014 (n=1)
  [trace step 1631] block 2: fast=178 medium=200 slow=134 | mean_alpha=0.2155 | mean_|grad|=0.000014 (n=1)
  [trace step 1631] block 3: fast=178 medium=200 slow=134 | mean_alpha=0.2154 | mean_|grad|=0.000014 (n=1)
  [trace step 1631] block 4: fast=179 medium=199 slow=134 | mean_alpha=0.2153 | mean_|grad|=0.000034 (n=1)
  [trace step 1632] block 0: fast=177 medium=201 slow=134 | mean_alpha=0.2156 | mean_|grad|=0.000016 (n=1)
  [trace step 1632] block 1: fast=177 medium=200 slow=135 | mean_alpha=0.2156 | mean_|grad|=0.000012 (n=1)
  [trace step 1632] block 2: fast=178 medium=200 slow=134 | mean_alpha=0.2155 | mean_|grad|=0.000011 (n=1)
  [trace step 1632] block 3: fast=178 medium=200 slow=134 | mean_alpha=0.2154 | mean_|grad|=0.000013 (n=1)
  [trace step 1632] block 4: fast=179 medium=199 slow=134 | mean_alpha=0.2153 | mean_|grad|=0.000026 (n=1)
  [trace step 1633] block 0: fast=177 medium=201 slow=134 | mean_alpha=0.2156 | mean_|grad|=0.000020 (n=1)
  [trace step 1633] block 1: fast=177 medium=200 slow=135 | mean_alpha=0.2156 | mean_|grad|=0.000015 (n=1)
  [trace step 1633] block 2: fast=178 medium=200 slow=134 | mean_alpha=0.2155 | mean_|grad|=0.000015 (n=1)
  [trace step 1633] block 3: fast=178 medium=200 slow=134 | mean_alpha=0.2154 | mean_|grad|=0.000013 (n=1)
  [trace step 1633] block 4: fast=179 medium=199 slow=134 | mean_alpha=0.2153 | mean_|grad|=0.000035 (n=1)
  [trace step 1634] block 0: fast=177 medium=201 slow=134 | mean_alpha=0.2156 | mean_|grad|=0.000019 (n=1)
  [trace step 1634] block 1: fast=177 medium=200 slow=135 | mean_alpha=0.2156 | mean_|grad|=0.000017 (n=1)
  [trace step 1634] block 2: fast=178 medium=200 slow=134 | mean_alpha=0.2155 | mean_|grad|=0.000013 (n=1)
  [trace step 1634] block 3: fast=178 medium=200 slow=134 | mean_alpha=0.2154 | mean_|grad|=0.000014 (n=1)
  [trace step 1634] block 4: fast=179 medium=199 slow=134 | mean_alpha=0.2153 | mean_|grad|=0.000029 (n=1)
  [trace step 1635] block 0: fast=177 medium=201 slow=134 | mean_alpha=0.2156 | mean_|grad|=0.000020 (n=1)
  [trace step 1635] block 1: fast=177 medium=200 slow=135 | mean_alpha=0.2156 | mean_|grad|=0.000018 (n=1)
  [trace step 1635] block 2: fast=178 medium=200 slow=134 | mean_alpha=0.2155 | mean_|grad|=0.000015 (n=1)
  [trace step 1635] block 3: fast=178 medium=200 slow=134 | mean_alpha=0.2154 | mean_|grad|=0.000013 (n=1)
  [trace step 1635] block 4: fast=179 medium=199 slow=134 | mean_alpha=0.2153 | mean_|grad|=0.000042 (n=1)
  [trace step 1636] block 0: fast=177 medium=201 slow=134 | mean_alpha=0.2156 | mean_|grad|=0.000022 (n=1)
  [trace step 1636] block 1: fast=177 medium=200 slow=135 | mean_alpha=0.2156 | mean_|grad|=0.000019 (n=1)
  [trace step 1636] block 2: fast=178 medium=200 slow=134 | mean_alpha=0.2155 | mean_|grad|=0.000018 (n=1)
  [trace step 1636] block 3: fast=178 medium=200 slow=134 | mean_alpha=0.2154 | mean_|grad|=0.000014 (n=1)
  [trace step 1636] block 4: fast=179 medium=199 slow=134 | mean_alpha=0.2153 | mean_|grad|=0.000037 (n=1)
  [trace step 1637] block 0: fast=177 medium=201 slow=134 | mean_alpha=0.2156 | mean_|grad|=0.000022 (n=1)
  [trace step 1637] block 1: fast=177 medium=200 slow=135 | mean_alpha=0.2156 | mean_|grad|=0.000018 (n=1)
  [trace step 1637] block 2: fast=178 medium=200 slow=134 | mean_alpha=0.2155 | mean_|grad|=0.000014 (n=1)
  [trace step 1637] block 3: fast=178 medium=200 slow=134 | mean_alpha=0.2154 | mean_|grad|=0.000014 (n=1)
  [trace step 1637] block 4: fast=179 medium=199 slow=134 | mean_alpha=0.2153 | mean_|grad|=0.000030 (n=1)
  [trace step 1638] block 0: fast=177 medium=201 slow=134 | mean_alpha=0.2156 | mean_|grad|=0.000022 (n=1)
  [trace step 1638] block 1: fast=177 medium=200 slow=135 | mean_alpha=0.2156 | mean_|grad|=0.000019 (n=1)
  [trace step 1638] block 2: fast=178 medium=200 slow=134 | mean_alpha=0.2155 | mean_|grad|=0.000018 (n=1)
  [trace step 1638] block 3: fast=178 medium=200 slow=134 | mean_alpha=0.2154 | mean_|grad|=0.000018 (n=1)
  [trace step 1638] block 4: fast=179 medium=199 slow=134 | mean_alpha=0.2153 | mean_|grad|=0.000032 (n=1)
  [trace step 1639] block 0: fast=177 medium=201 slow=134 | mean_alpha=0.2156 | mean_|grad|=0.000024 (n=1)
  [trace step 1639] block 1: fast=177 medium=200 slow=135 | mean_alpha=0.2156 | mean_|grad|=0.000018 (n=1)
  [trace step 1639] block 2: fast=178 medium=200 slow=134 | mean_alpha=0.2155 | mean_|grad|=0.000018 (n=1)
  [trace step 1639] block 3: fast=178 medium=200 slow=134 | mean_alpha=0.2154 | mean_|grad|=0.000016 (n=1)
  [trace step 1639] block 4: fast=179 medium=199 slow=134 | mean_alpha=0.2153 | mean_|grad|=0.000016 (n=1)
  [trace step 1640] block 0: fast=177 medium=201 slow=134 | mean_alpha=0.2156 | mean_|grad|=0.000024 (n=1)
  [trace step 1640] block 1: fast=177 medium=200 slow=135 | mean_alpha=0.2156 | mean_|grad|=0.000020 (n=1)
  [trace step 1640] block 2: fast=178 medium=200 slow=134 | mean_alpha=0.2155 | mean_|grad|=0.000018 (n=1)
  [trace step 1640] block 3: fast=178 medium=200 slow=134 | mean_alpha=0.2154 | mean_|grad|=0.000017 (n=1)
  [trace step 1640] block 4: fast=179 medium=199 slow=134 | mean_alpha=0.2153 | mean_|grad|=0.000052 (n=1)
  [trace step 1641] block 0: fast=177 medium=201 slow=134 | mean_alpha=0.2156 | mean_|grad|=0.000023 (n=1)
  [trace step 1641] block 1: fast=177 medium=200 slow=135 | mean_alpha=0.2156 | mean_|grad|=0.000019 (n=1)
  [trace step 1641] block 2: fast=178 medium=200 slow=134 | mean_alpha=0.2155 | mean_|grad|=0.000017 (n=1)
  [trace step 1641] block 3: fast=178 medium=200 slow=134 | mean_alpha=0.2154 | mean_|grad|=0.000016 (n=1)
  [trace step 1641] block 4: fast=179 medium=199 slow=134 | mean_alpha=0.2153 | mean_|grad|=0.000042 (n=1)
  [trace step 1642] block 0: fast=177 medium=201 slow=134 | mean_alpha=0.2156 | mean_|grad|=0.000027 (n=1)
  [trace step 1642] block 1: fast=177 medium=200 slow=135 | mean_alpha=0.2156 | mean_|grad|=0.000020 (n=1)
  [trace step 1642] block 2: fast=178 medium=200 slow=134 | mean_alpha=0.2155 | mean_|grad|=0.000017 (n=1)
  [trace step 1642] block 3: fast=178 medium=200 slow=134 | mean_alpha=0.2154 | mean_|grad|=0.000019 (n=1)
  [trace step 1642] block 4: fast=179 medium=199 slow=134 | mean_alpha=0.2153 | mean_|grad|=0.000052 (n=1)
  [trace step 1643] block 0: fast=177 medium=201 slow=134 | mean_alpha=0.2156 | mean_|grad|=0.000020 (n=1)
  [trace step 1643] block 1: fast=177 medium=200 slow=135 | mean_alpha=0.2156 | mean_|grad|=0.000017 (n=1)
  [trace step 1643] block 2: fast=178 medium=200 slow=134 | mean_alpha=0.2155 | mean_|grad|=0.000016 (n=1)
  [trace step 1643] block 3: fast=178 medium=200 slow=134 | mean_alpha=0.2154 | mean_|grad|=0.000015 (n=1)
  [trace step 1643] block 4: fast=179 medium=199 slow=134 | mean_alpha=0.2153 | mean_|grad|=0.000033 (n=1)
  [trace step 1644] block 0: fast=177 medium=201 slow=134 | mean_alpha=0.2156 | mean_|grad|=0.000023 (n=1)
  [trace step 1644] block 1: fast=177 medium=200 slow=135 | mean_alpha=0.2156 | mean_|grad|=0.000016 (n=1)
  [trace step 1644] block 2: fast=178 medium=200 slow=134 | mean_alpha=0.2155 | mean_|grad|=0.000014 (n=1)
  [trace step 1644] block 3: fast=178 medium=200 slow=134 | mean_alpha=0.2154 | mean_|grad|=0.000015 (n=1)
  [trace step 1644] block 4: fast=179 medium=199 slow=134 | mean_alpha=0.2153 | mean_|grad|=0.000039 (n=1)
  [trace step 1645] block 0: fast=177 medium=201 slow=134 | mean_alpha=0.2156 | mean_|grad|=0.000018 (n=1)
  [trace step 1645] block 1: fast=177 medium=200 slow=135 | mean_alpha=0.2156 | mean_|grad|=0.000015 (n=1)
  [trace step 1645] block 2: fast=178 medium=200 slow=134 | mean_alpha=0.2155 | mean_|grad|=0.000012 (n=1)
  [trace step 1645] block 3: fast=178 medium=200 slow=134 | mean_alpha=0.2154 | mean_|grad|=0.000012 (n=1)
  [trace step 1645] block 4: fast=179 medium=199 slow=134 | mean_alpha=0.2153 | mean_|grad|=0.000024 (n=1)
  [trace step 1646] block 0: fast=177 medium=201 slow=134 | mean_alpha=0.2156 | mean_|grad|=0.000015 (n=1)
  [trace step 1646] block 1: fast=177 medium=200 slow=135 | mean_alpha=0.2156 | mean_|grad|=0.000015 (n=1)
  [trace step 1646] block 2: fast=178 medium=200 slow=134 | mean_alpha=0.2155 | mean_|grad|=0.000012 (n=1)
  [trace step 1646] block 3: fast=178 medium=200 slow=134 | mean_alpha=0.2154 | mean_|grad|=0.000010 (n=1)
  [trace step 1646] block 4: fast=179 medium=199 slow=134 | mean_alpha=0.2153 | mean_|grad|=0.000019 (n=1)
  [trace step 1647] block 0: fast=177 medium=201 slow=134 | mean_alpha=0.2156 | mean_|grad|=0.000020 (n=1)
  [trace step 1647] block 1: fast=177 medium=200 slow=135 | mean_alpha=0.2156 | mean_|grad|=0.000013 (n=1)
  [trace step 1647] block 2: fast=178 medium=200 slow=134 | mean_alpha=0.2155 | mean_|grad|=0.000012 (n=1)
  [trace step 1647] block 3: fast=178 medium=200 slow=134 | mean_alpha=0.2154 | mean_|grad|=0.000011 (n=1)
  [trace step 1647] block 4: fast=179 medium=199 slow=134 | mean_alpha=0.2153 | mean_|grad|=0.000028 (n=1)
  [trace step 1648] block 0: fast=177 medium=201 slow=134 | mean_alpha=0.2156 | mean_|grad|=0.000015 (n=1)
  [trace step 1648] block 1: fast=177 medium=200 slow=135 | mean_alpha=0.2156 | mean_|grad|=0.000010 (n=1)
  [trace step 1648] block 2: fast=178 medium=200 slow=134 | mean_alpha=0.2155 | mean_|grad|=0.000011 (n=1)
  [trace step 1648] block 3: fast=178 medium=200 slow=134 | mean_alpha=0.2154 | mean_|grad|=0.000010 (n=1)
  [trace step 1648] block 4: fast=179 medium=199 slow=134 | mean_alpha=0.2153 | mean_|grad|=0.000026 (n=1)
  [trace step 1649] block 0: fast=177 medium=201 slow=134 | mean_alpha=0.2156 | mean_|grad|=0.000015 (n=1)
  [trace step 1649] block 1: fast=177 medium=200 slow=135 | mean_alpha=0.2156 | mean_|grad|=0.000013 (n=1)
  [trace step 1649] block 2: fast=178 medium=200 slow=134 | mean_alpha=0.2155 | mean_|grad|=0.000010 (n=1)
  [trace step 1649] block 3: fast=178 medium=200 slow=134 | mean_alpha=0.2154 | mean_|grad|=0.000009 (n=1)
  [trace step 1649] block 4: fast=179 medium=199 slow=134 | mean_alpha=0.2153 | mean_|grad|=0.000018 (n=1)
  [trace step 1650] block 0: fast=177 medium=201 slow=134 | mean_alpha=0.2156 | mean_|grad|=0.000014 (n=1)
  [trace step 1650] block 1: fast=177 medium=200 slow=135 | mean_alpha=0.2156 | mean_|grad|=0.000009 (n=1)
  [trace step 1650] block 2: fast=178 medium=200 slow=134 | mean_alpha=0.2155 | mean_|grad|=0.000008 (n=1)
  [trace step 1650] block 3: fast=178 medium=200 slow=134 | mean_alpha=0.2154 | mean_|grad|=0.000008 (n=1)
  [trace step 1650] block 4: fast=179 medium=199 slow=134 | mean_alpha=0.2153 | mean_|grad|=0.000014 (n=1)
  [r2c trace step 1650] block 0: z mean=1.0352 s mean=0.7510 min=0.7416 max=0.7604 closed=0/512 open=0/512 | mean|s*read|=0.283505 | mean|g| ar=1.94e-5 ib=1.65e-5 z=7.67e-6 (n=50)
  [r2c trace step 1650] block 1: z mean=1.0275 s mean=0.7496 min=0.7427 max=0.7647 closed=0/512 open=0/512 | mean|s*read|=0.428411 | mean|g| ar=1.73e-5 ib=1.30e-5 z=4.56e-7 (n=50)
  [r2c trace step 1650] block 2: z mean=1.0236 s mean=0.7489 min=0.7419 max=0.7587 closed=0/512 open=0/512 | mean|s*read|=0.450648 | mean|g| ar=1.52e-5 ib=1.01e-5 z=5.38e-7 (n=50)
  [r2c trace step 1650] block 3: z mean=1.0216 s mean=0.7485 min=0.7406 max=0.7568 closed=0/512 open=0/512 | mean|s*read|=0.530320 | mean|g| ar=1.50e-5 ib=8.72e-6 z=5.08e-7 (n=50)
  [r2c trace step 1650] block 4: z mean=1.0196 s mean=0.7481 min=0.7393 max=0.7552 closed=0/512 open=0/512 | mean|s*read|=0.670736 | mean|g| ar=1.42e-5 ib=6.30e-6 z=2.86e-7 (n=50)
  [trace step 1651] block 0: fast=177 medium=201 slow=134 | mean_alpha=0.2156 | mean_|grad|=0.000011 (n=1)
  [trace step 1651] block 1: fast=177 medium=200 slow=135 | mean_alpha=0.2156 | mean_|grad|=0.000009 (n=1)
  [trace step 1651] block 2: fast=178 medium=200 slow=134 | mean_alpha=0.2155 | mean_|grad|=0.000007 (n=1)
  [trace step 1651] block 3: fast=178 medium=200 slow=134 | mean_alpha=0.2154 | mean_|grad|=0.000009 (n=1)
  [trace step 1651] block 4: fast=179 medium=199 slow=134 | mean_alpha=0.2153 | mean_|grad|=0.000036 (n=1)
  [trace step 1652] block 0: fast=177 medium=201 slow=134 | mean_alpha=0.2156 | mean_|grad|=0.000009 (n=1)
  [trace step 1652] block 1: fast=177 medium=200 slow=135 | mean_alpha=0.2156 | mean_|grad|=0.000007 (n=1)
  [trace step 1652] block 2: fast=178 medium=200 slow=134 | mean_alpha=0.2155 | mean_|grad|=0.000008 (n=1)
  [trace step 1652] block 3: fast=178 medium=200 slow=134 | mean_alpha=0.2154 | mean_|grad|=0.000007 (n=1)
  [trace step 1652] block 4: fast=179 medium=199 slow=134 | mean_alpha=0.2153 | mean_|grad|=0.000016 (n=1)
  [trace step 1653] block 0: fast=177 medium=201 slow=134 | mean_alpha=0.2156 | mean_|grad|=0.000009 (n=1)
  [trace step 1653] block 1: fast=177 medium=200 slow=135 | mean_alpha=0.2156 | mean_|grad|=0.000007 (n=1)
  [trace step 1653] block 2: fast=178 medium=200 slow=134 | mean_alpha=0.2155 | mean_|grad|=0.000006 (n=1)
  [trace step 1653] block 3: fast=178 medium=200 slow=134 | mean_alpha=0.2154 | mean_|grad|=0.000007 (n=1)
  [trace step 1653] block 4: fast=179 medium=199 slow=134 | mean_alpha=0.2153 | mean_|grad|=0.000013 (n=1)
  [trace step 1654] block 0: fast=177 medium=201 slow=134 | mean_alpha=0.2156 | mean_|grad|=0.000009 (n=1)
  [trace step 1654] block 1: fast=177 medium=200 slow=135 | mean_alpha=0.2156 | mean_|grad|=0.000006 (n=1)
  [trace step 1654] block 2: fast=178 medium=200 slow=134 | mean_alpha=0.2155 | mean_|grad|=0.000006 (n=1)
  [trace step 1654] block 3: fast=178 medium=200 slow=134 | mean_alpha=0.2154 | mean_|grad|=0.000006 (n=1)
  [trace step 1654] block 4: fast=179 medium=199 slow=134 | mean_alpha=0.2153 | mean_|grad|=0.000010 (n=1)
  [trace step 1655] block 0: fast=177 medium=201 slow=134 | mean_alpha=0.2156 | mean_|grad|=0.000008 (n=1)
  [trace step 1655] block 1: fast=177 medium=200 slow=135 | mean_alpha=0.2156 | mean_|grad|=0.000007 (n=1)
  [trace step 1655] block 2: fast=178 medium=200 slow=134 | mean_alpha=0.2155 | mean_|grad|=0.000006 (n=1)
  [trace step 1655] block 3: fast=178 medium=200 slow=134 | mean_alpha=0.2154 | mean_|grad|=0.000006 (n=1)
  [trace step 1655] block 4: fast=179 medium=199 slow=134 | mean_alpha=0.2153 | mean_|grad|=0.000018 (n=1)
  [trace step 1656] block 0: fast=177 medium=201 slow=134 | mean_alpha=0.2156 | mean_|grad|=0.000008 (n=1)
  [trace step 1656] block 1: fast=177 medium=200 slow=135 | mean_alpha=0.2156 | mean_|grad|=0.000006 (n=1)
  [trace step 1656] block 2: fast=178 medium=200 slow=134 | mean_alpha=0.2155 | mean_|grad|=0.000006 (n=1)
  [trace step 1656] block 3: fast=178 medium=200 slow=134 | mean_alpha=0.2154 | mean_|grad|=0.000006 (n=1)
  [trace step 1656] block 4: fast=179 medium=199 slow=134 | mean_alpha=0.2153 | mean_|grad|=0.000019 (n=1)
  [trace step 1657] block 0: fast=177 medium=201 slow=134 | mean_alpha=0.2156 | mean_|grad|=0.000008 (n=1)
  [trace step 1657] block 1: fast=177 medium=200 slow=135 | mean_alpha=0.2156 | mean_|grad|=0.000007 (n=1)
  [trace step 1657] block 2: fast=178 medium=200 slow=134 | mean_alpha=0.2155 | mean_|grad|=0.000006 (n=1)
  [trace step 1657] block 3: fast=178 medium=200 slow=134 | mean_alpha=0.2154 | mean_|grad|=0.000007 (n=1)
  [trace step 1657] block 4: fast=179 medium=199 slow=134 | mean_alpha=0.2153 | mean_|grad|=0.000012 (n=1)
  [trace step 1658] block 0: fast=177 medium=201 slow=134 | mean_alpha=0.2156 | mean_|grad|=0.000008 (n=1)
  [trace step 1658] block 1: fast=177 medium=200 slow=135 | mean_alpha=0.2156 | mean_|grad|=0.000006 (n=1)
  [trace step 1658] block 2: fast=178 medium=200 slow=134 | mean_alpha=0.2155 | mean_|grad|=0.000007 (n=1)
  [trace step 1658] block 3: fast=178 medium=200 slow=134 | mean_alpha=0.2154 | mean_|grad|=0.000006 (n=1)
  [trace step 1658] block 4: fast=179 medium=199 slow=134 | mean_alpha=0.2153 | mean_|grad|=0.000016 (n=1)
  [trace step 1659] block 0: fast=177 medium=201 slow=134 | mean_alpha=0.2156 | mean_|grad|=0.000008 (n=1)
  [trace step 1659] block 1: fast=177 medium=200 slow=135 | mean_alpha=0.2156 | mean_|grad|=0.000006 (n=1)
  [trace step 1659] block 2: fast=178 medium=200 slow=134 | mean_alpha=0.2155 | mean_|grad|=0.000006 (n=1)
  [trace step 1659] block 3: fast=178 medium=200 slow=134 | mean_alpha=0.2154 | mean_|grad|=0.000006 (n=1)
  [trace step 1659] block 4: fast=179 medium=199 slow=134 | mean_alpha=0.2153 | mean_|grad|=0.000010 (n=1)
  [trace step 1660] block 0: fast=177 medium=201 slow=134 | mean_alpha=0.2156 | mean_|grad|=0.000009 (n=1)
  [trace step 1660] block 1: fast=177 medium=200 slow=135 | mean_alpha=0.2156 | mean_|grad|=0.000007 (n=1)
  [trace step 1660] block 2: fast=178 medium=200 slow=134 | mean_alpha=0.2155 | mean_|grad|=0.000006 (n=1)
  [trace step 1660] block 3: fast=178 medium=200 slow=134 | mean_alpha=0.2154 | mean_|grad|=0.000006 (n=1)
  [trace step 1660] block 4: fast=179 medium=199 slow=134 | mean_alpha=0.2153 | mean_|grad|=0.000019 (n=1)
  [trace step 1661] block 0: fast=177 medium=201 slow=134 | mean_alpha=0.2156 | mean_|grad|=0.000007 (n=1)
  [trace step 1661] block 1: fast=177 medium=200 slow=135 | mean_alpha=0.2156 | mean_|grad|=0.000005 (n=1)
  [trace step 1661] block 2: fast=178 medium=200 slow=134 | mean_alpha=0.2155 | mean_|grad|=0.000005 (n=1)
  [trace step 1661] block 3: fast=178 medium=200 slow=134 | mean_alpha=0.2154 | mean_|grad|=0.000005 (n=1)
  [trace step 1661] block 4: fast=179 medium=199 slow=134 | mean_alpha=0.2153 | mean_|grad|=0.000009 (n=1)
  [trace step 1662] block 0: fast=177 medium=201 slow=134 | mean_alpha=0.2156 | mean_|grad|=0.000007 (n=1)
  [trace step 1662] block 1: fast=177 medium=200 slow=135 | mean_alpha=0.2156 | mean_|grad|=0.000005 (n=1)
  [trace step 1662] block 2: fast=178 medium=200 slow=134 | mean_alpha=0.2155 | mean_|grad|=0.000006 (n=1)
  [trace step 1662] block 3: fast=178 medium=200 slow=134 | mean_alpha=0.2154 | mean_|grad|=0.000005 (n=1)
  [trace step 1662] block 4: fast=179 medium=199 slow=134 | mean_alpha=0.2153 | mean_|grad|=0.000012 (n=1)
  [trace step 1663] block 0: fast=177 medium=201 slow=134 | mean_alpha=0.2156 | mean_|grad|=0.000007 (n=1)
  [trace step 1663] block 1: fast=177 medium=200 slow=135 | mean_alpha=0.2156 | mean_|grad|=0.000006 (n=1)
  [trace step 1663] block 2: fast=178 medium=200 slow=134 | mean_alpha=0.2155 | mean_|grad|=0.000006 (n=1)
  [trace step 1663] block 3: fast=178 medium=200 slow=134 | mean_alpha=0.2154 | mean_|grad|=0.000005 (n=1)
  [trace step 1663] block 4: fast=179 medium=199 slow=134 | mean_alpha=0.2153 | mean_|grad|=0.000008 (n=1)
  [trace step 1664] block 0: fast=177 medium=201 slow=134 | mean_alpha=0.2156 | mean_|grad|=0.000009 (n=1)
  [trace step 1664] block 1: fast=177 medium=200 slow=135 | mean_alpha=0.2156 | mean_|grad|=0.000007 (n=1)
  [trace step 1664] block 2: fast=178 medium=200 slow=134 | mean_alpha=0.2155 | mean_|grad|=0.000006 (n=1)
  [trace step 1664] block 3: fast=178 medium=200 slow=134 | mean_alpha=0.2154 | mean_|grad|=0.000007 (n=1)
  [trace step 1664] block 4: fast=179 medium=199 slow=134 | mean_alpha=0.2153 | mean_|grad|=0.000027 (n=1)
  [trace step 1665] block 0: fast=177 medium=201 slow=134 | mean_alpha=0.2156 | mean_|grad|=0.000009 (n=1)
  [trace step 1665] block 1: fast=177 medium=200 slow=135 | mean_alpha=0.2156 | mean_|grad|=0.000006 (n=1)
  [trace step 1665] block 2: fast=178 medium=200 slow=134 | mean_alpha=0.2155 | mean_|grad|=0.000007 (n=1)
  [trace step 1665] block 3: fast=178 medium=200 slow=134 | mean_alpha=0.2154 | mean_|grad|=0.000006 (n=1)
  [trace step 1665] block 4: fast=179 medium=199 slow=134 | mean_alpha=0.2153 | mean_|grad|=0.000020 (n=1)
  [trace step 1666] block 0: fast=177 medium=201 slow=134 | mean_alpha=0.2156 | mean_|grad|=0.000008 (n=1)
  [trace step 1666] block 1: fast=177 medium=200 slow=135 | mean_alpha=0.2156 | mean_|grad|=0.000006 (n=1)
  [trace step 1666] block 2: fast=178 medium=200 slow=134 | mean_alpha=0.2155 | mean_|grad|=0.000006 (n=1)
  [trace step 1666] block 3: fast=178 medium=200 slow=134 | mean_alpha=0.2154 | mean_|grad|=0.000007 (n=1)
  [trace step 1666] block 4: fast=179 medium=199 slow=134 | mean_alpha=0.2153 | mean_|grad|=0.000015 (n=1)
  [trace step 1667] block 0: fast=177 medium=201 slow=134 | mean_alpha=0.2156 | mean_|grad|=0.000008 (n=1)
  [trace step 1667] block 1: fast=177 medium=200 slow=135 | mean_alpha=0.2156 | mean_|grad|=0.000006 (n=1)
  [trace step 1667] block 2: fast=178 medium=200 slow=134 | mean_alpha=0.2155 | mean_|grad|=0.000006 (n=1)
  [trace step 1667] block 3: fast=178 medium=200 slow=134 | mean_alpha=0.2154 | mean_|grad|=0.000006 (n=1)
  [trace step 1667] block 4: fast=179 medium=199 slow=134 | mean_alpha=0.2153 | mean_|grad|=0.000018 (n=1)
  [trace step 1668] block 0: fast=177 medium=201 slow=134 | mean_alpha=0.2156 | mean_|grad|=0.000008 (n=1)
  [trace step 1668] block 1: fast=177 medium=200 slow=135 | mean_alpha=0.2156 | mean_|grad|=0.000006 (n=1)
  [trace step 1668] block 2: fast=178 medium=200 slow=134 | mean_alpha=0.2155 | mean_|grad|=0.000006 (n=1)
  [trace step 1668] block 3: fast=178 medium=200 slow=134 | mean_alpha=0.2154 | mean_|grad|=0.000006 (n=1)
  [trace step 1668] block 4: fast=179 medium=199 slow=134 | mean_alpha=0.2153 | mean_|grad|=0.000015 (n=1)
  [trace step 1669] block 0: fast=177 medium=201 slow=134 | mean_alpha=0.2156 | mean_|grad|=0.000010 (n=1)
  [trace step 1669] block 1: fast=177 medium=200 slow=135 | mean_alpha=0.2156 | mean_|grad|=0.000006 (n=1)
  [trace step 1669] block 2: fast=178 medium=200 slow=134 | mean_alpha=0.2155 | mean_|grad|=0.000007 (n=1)
  [trace step 1669] block 3: fast=178 medium=200 slow=134 | mean_alpha=0.2154 | mean_|grad|=0.000007 (n=1)
  [trace step 1669] block 4: fast=179 medium=199 slow=134 | mean_alpha=0.2153 | mean_|grad|=0.000018 (n=1)
  [trace step 1670] block 0: fast=177 medium=201 slow=134 | mean_alpha=0.2156 | mean_|grad|=0.000010 (n=1)
  [trace step 1670] block 1: fast=177 medium=200 slow=135 | mean_alpha=0.2156 | mean_|grad|=0.000007 (n=1)
  [trace step 1670] block 2: fast=178 medium=200 slow=134 | mean_alpha=0.2155 | mean_|grad|=0.000006 (n=1)
  [trace step 1670] block 3: fast=178 medium=200 slow=134 | mean_alpha=0.2154 | mean_|grad|=0.000007 (n=1)
  [trace step 1670] block 4: fast=179 medium=199 slow=134 | mean_alpha=0.2153 | mean_|grad|=0.000023 (n=1)
  [trace step 1671] block 0: fast=177 medium=201 slow=134 | mean_alpha=0.2156 | mean_|grad|=0.000010 (n=1)
  [trace step 1671] block 1: fast=177 medium=200 slow=135 | mean_alpha=0.2156 | mean_|grad|=0.000007 (n=1)
  [trace step 1671] block 2: fast=178 medium=200 slow=134 | mean_alpha=0.2155 | mean_|grad|=0.000007 (n=1)
  [trace step 1671] block 3: fast=178 medium=200 slow=134 | mean_alpha=0.2154 | mean_|grad|=0.000007 (n=1)
  [trace step 1671] block 4: fast=179 medium=199 slow=134 | mean_alpha=0.2153 | mean_|grad|=0.000017 (n=1)
  [trace step 1672] block 0: fast=177 medium=201 slow=134 | mean_alpha=0.2156 | mean_|grad|=0.000008 (n=1)
  [trace step 1672] block 1: fast=177 medium=200 slow=135 | mean_alpha=0.2156 | mean_|grad|=0.000006 (n=1)
  [trace step 1672] block 2: fast=178 medium=200 slow=134 | mean_alpha=0.2155 | mean_|grad|=0.000006 (n=1)
  [trace step 1672] block 3: fast=178 medium=200 slow=134 | mean_alpha=0.2154 | mean_|grad|=0.000007 (n=1)
  [trace step 1672] block 4: fast=179 medium=199 slow=134 | mean_alpha=0.2153 | mean_|grad|=0.000026 (n=1)
  [trace step 1673] block 0: fast=177 medium=201 slow=134 | mean_alpha=0.2156 | mean_|grad|=0.000009 (n=1)
  [trace step 1673] block 1: fast=177 medium=200 slow=135 | mean_alpha=0.2156 | mean_|grad|=0.000007 (n=1)
  [trace step 1673] block 2: fast=178 medium=200 slow=134 | mean_alpha=0.2155 | mean_|grad|=0.000006 (n=1)
  [trace step 1673] block 3: fast=178 medium=200 slow=134 | mean_alpha=0.2154 | mean_|grad|=0.000007 (n=1)
  [trace step 1673] block 4: fast=179 medium=199 slow=134 | mean_alpha=0.2153 | mean_|grad|=0.000016 (n=1)
  [trace step 1674] block 0: fast=177 medium=201 slow=134 | mean_alpha=0.2156 | mean_|grad|=0.000009 (n=1)
  [trace step 1674] block 1: fast=177 medium=200 slow=135 | mean_alpha=0.2156 | mean_|grad|=0.000006 (n=1)
  [trace step 1674] block 2: fast=178 medium=200 slow=134 | mean_alpha=0.2155 | mean_|grad|=0.000007 (n=1)
  [trace step 1674] block 3: fast=178 medium=200 slow=134 | mean_alpha=0.2154 | mean_|grad|=0.000006 (n=1)
  [trace step 1674] block 4: fast=179 medium=199 slow=134 | mean_alpha=0.2153 | mean_|grad|=0.000013 (n=1)
  [trace step 1675] block 0: fast=177 medium=201 slow=134 | mean_alpha=0.2156 | mean_|grad|=0.000008 (n=1)
  [trace step 1675] block 1: fast=177 medium=200 slow=135 | mean_alpha=0.2156 | mean_|grad|=0.000006 (n=1)
  [trace step 1675] block 2: fast=178 medium=200 slow=134 | mean_alpha=0.2155 | mean_|grad|=0.000006 (n=1)
  [trace step 1675] block 3: fast=178 medium=200 slow=134 | mean_alpha=0.2154 | mean_|grad|=0.000006 (n=1)
  [trace step 1675] block 4: fast=179 medium=199 slow=134 | mean_alpha=0.2153 | mean_|grad|=0.000020 (n=1)
  [trace step 1676] block 0: fast=177 medium=201 slow=134 | mean_alpha=0.2156 | mean_|grad|=0.000010 (n=1)
  [trace step 1676] block 1: fast=177 medium=200 slow=135 | mean_alpha=0.2156 | mean_|grad|=0.000006 (n=1)
  [trace step 1676] block 2: fast=178 medium=200 slow=134 | mean_alpha=0.2155 | mean_|grad|=0.000006 (n=1)
  [trace step 1676] block 3: fast=178 medium=200 slow=134 | mean_alpha=0.2154 | mean_|grad|=0.000007 (n=1)
  [trace step 1676] block 4: fast=179 medium=199 slow=134 | mean_alpha=0.2153 | mean_|grad|=0.000018 (n=1)
  [trace step 1677] block 0: fast=177 medium=201 slow=134 | mean_alpha=0.2156 | mean_|grad|=0.000009 (n=1)
  [trace step 1677] block 1: fast=177 medium=200 slow=135 | mean_alpha=0.2156 | mean_|grad|=0.000007 (n=1)
  [trace step 1677] block 2: fast=178 medium=200 slow=134 | mean_alpha=0.2155 | mean_|grad|=0.000007 (n=1)
  [trace step 1677] block 3: fast=178 medium=200 slow=134 | mean_alpha=0.2154 | mean_|grad|=0.000007 (n=1)
  [trace step 1677] block 4: fast=179 medium=199 slow=134 | mean_alpha=0.2153 | mean_|grad|=0.000014 (n=1)
  [trace step 1678] block 0: fast=177 medium=201 slow=134 | mean_alpha=0.2156 | mean_|grad|=0.000008 (n=1)
  [trace step 1678] block 1: fast=177 medium=200 slow=135 | mean_alpha=0.2156 | mean_|grad|=0.000007 (n=1)
  [trace step 1678] block 2: fast=178 medium=200 slow=134 | mean_alpha=0.2155 | mean_|grad|=0.000006 (n=1)
  [trace step 1678] block 3: fast=178 medium=200 slow=134 | mean_alpha=0.2154 | mean_|grad|=0.000006 (n=1)
  [trace step 1678] block 4: fast=179 medium=199 slow=134 | mean_alpha=0.2153 | mean_|grad|=0.000014 (n=1)
  [trace step 1679] block 0: fast=177 medium=201 slow=134 | mean_alpha=0.2156 | mean_|grad|=0.000009 (n=1)
  [trace step 1679] block 1: fast=177 medium=200 slow=135 | mean_alpha=0.2156 | mean_|grad|=0.000007 (n=1)
  [trace step 1679] block 2: fast=178 medium=200 slow=134 | mean_alpha=0.2155 | mean_|grad|=0.000006 (n=1)
  [trace step 1679] block 3: fast=178 medium=200 slow=134 | mean_alpha=0.2154 | mean_|grad|=0.000007 (n=1)
  [trace step 1679] block 4: fast=179 medium=199 slow=134 | mean_alpha=0.2153 | mean_|grad|=0.000020 (n=1)
  [trace step 1680] block 0: fast=177 medium=201 slow=134 | mean_alpha=0.2156 | mean_|grad|=0.000009 (n=1)
  [trace step 1680] block 1: fast=177 medium=200 slow=135 | mean_alpha=0.2156 | mean_|grad|=0.000007 (n=1)
  [trace step 1680] block 2: fast=178 medium=200 slow=134 | mean_alpha=0.2155 | mean_|grad|=0.000006 (n=1)
  [trace step 1680] block 3: fast=178 medium=200 slow=134 | mean_alpha=0.2154 | mean_|grad|=0.000006 (n=1)
  [trace step 1680] block 4: fast=179 medium=199 slow=134 | mean_alpha=0.2153 | mean_|grad|=0.000013 (n=1)
  [trace step 1681] block 0: fast=177 medium=201 slow=134 | mean_alpha=0.2156 | mean_|grad|=0.000010 (n=1)
  [trace step 1681] block 1: fast=177 medium=200 slow=135 | mean_alpha=0.2156 | mean_|grad|=0.000007 (n=1)
  [trace step 1681] block 2: fast=178 medium=200 slow=134 | mean_alpha=0.2155 | mean_|grad|=0.000007 (n=1)
  [trace step 1681] block 3: fast=178 medium=200 slow=134 | mean_alpha=0.2154 | mean_|grad|=0.000007 (n=1)
  [trace step 1681] block 4: fast=179 medium=199 slow=134 | mean_alpha=0.2153 | mean_|grad|=0.000015 (n=1)
  [trace step 1682] block 0: fast=177 medium=201 slow=134 | mean_alpha=0.2156 | mean_|grad|=0.000010 (n=1)
  [trace step 1682] block 1: fast=177 medium=200 slow=135 | mean_alpha=0.2156 | mean_|grad|=0.000008 (n=1)
  [trace step 1682] block 2: fast=178 medium=200 slow=134 | mean_alpha=0.2155 | mean_|grad|=0.000008 (n=1)
  [trace step 1682] block 3: fast=178 medium=200 slow=134 | mean_alpha=0.2154 | mean_|grad|=0.000008 (n=1)
  [trace step 1682] block 4: fast=179 medium=199 slow=134 | mean_alpha=0.2153 | mean_|grad|=0.000030 (n=1)
  [trace step 1683] block 0: fast=177 medium=201 slow=134 | mean_alpha=0.2156 | mean_|grad|=0.000010 (n=1)
  [trace step 1683] block 1: fast=177 medium=200 slow=135 | mean_alpha=0.2156 | mean_|grad|=0.000007 (n=1)
  [trace step 1683] block 2: fast=178 medium=200 slow=134 | mean_alpha=0.2155 | mean_|grad|=0.000007 (n=1)
  [trace step 1683] block 3: fast=178 medium=200 slow=134 | mean_alpha=0.2154 | mean_|grad|=0.000009 (n=1)
  [trace step 1683] block 4: fast=179 medium=199 slow=134 | mean_alpha=0.2153 | mean_|grad|=0.000022 (n=1)
  [trace step 1684] block 0: fast=177 medium=201 slow=134 | mean_alpha=0.2156 | mean_|grad|=0.000009 (n=1)
  [trace step 1684] block 1: fast=177 medium=200 slow=135 | mean_alpha=0.2156 | mean_|grad|=0.000007 (n=1)
  [trace step 1684] block 2: fast=178 medium=200 slow=134 | mean_alpha=0.2155 | mean_|grad|=0.000008 (n=1)
  [trace step 1684] block 3: fast=178 medium=200 slow=134 | mean_alpha=0.2154 | mean_|grad|=0.000007 (n=1)
  [trace step 1684] block 4: fast=179 medium=199 slow=134 | mean_alpha=0.2153 | mean_|grad|=0.000019 (n=1)
  [trace step 1685] block 0: fast=177 medium=201 slow=134 | mean_alpha=0.2156 | mean_|grad|=0.000009 (n=1)
  [trace step 1685] block 1: fast=177 medium=200 slow=135 | mean_alpha=0.2156 | mean_|grad|=0.000007 (n=1)
  [trace step 1685] block 2: fast=178 medium=200 slow=134 | mean_alpha=0.2155 | mean_|grad|=0.000007 (n=1)
  [trace step 1685] block 3: fast=178 medium=200 slow=134 | mean_alpha=0.2154 | mean_|grad|=0.000008 (n=1)
  [trace step 1685] block 4: fast=179 medium=199 slow=134 | mean_alpha=0.2153 | mean_|grad|=0.000011 (n=1)
  [trace step 1686] block 0: fast=177 medium=201 slow=134 | mean_alpha=0.2156 | mean_|grad|=0.000009 (n=1)
  [trace step 1686] block 1: fast=177 medium=200 slow=135 | mean_alpha=0.2156 | mean_|grad|=0.000007 (n=1)
  [trace step 1686] block 2: fast=178 medium=200 slow=134 | mean_alpha=0.2155 | mean_|grad|=0.000007 (n=1)
  [trace step 1686] block 3: fast=178 medium=200 slow=134 | mean_alpha=0.2154 | mean_|grad|=0.000008 (n=1)
  [trace step 1686] block 4: fast=179 medium=199 slow=134 | mean_alpha=0.2153 | mean_|grad|=0.000015 (n=1)
  [trace step 1687] block 0: fast=177 medium=201 slow=134 | mean_alpha=0.2156 | mean_|grad|=0.000009 (n=1)
  [trace step 1687] block 1: fast=177 medium=200 slow=135 | mean_alpha=0.2156 | mean_|grad|=0.000007 (n=1)
  [trace step 1687] block 2: fast=178 medium=200 slow=134 | mean_alpha=0.2155 | mean_|grad|=0.000007 (n=1)
  [trace step 1687] block 3: fast=178 medium=200 slow=134 | mean_alpha=0.2154 | mean_|grad|=0.000008 (n=1)
  [trace step 1687] block 4: fast=179 medium=199 slow=134 | mean_alpha=0.2153 | mean_|grad|=0.000014 (n=1)
  [trace step 1688] block 0: fast=177 medium=201 slow=134 | mean_alpha=0.2156 | mean_|grad|=0.000010 (n=1)
  [trace step 1688] block 1: fast=177 medium=200 slow=135 | mean_alpha=0.2156 | mean_|grad|=0.000008 (n=1)
  [trace step 1688] block 2: fast=178 medium=200 slow=134 | mean_alpha=0.2155 | mean_|grad|=0.000007 (n=1)
  [trace step 1688] block 3: fast=178 medium=200 slow=134 | mean_alpha=0.2154 | mean_|grad|=0.000007 (n=1)
  [trace step 1688] block 4: fast=179 medium=199 slow=134 | mean_alpha=0.2153 | mean_|grad|=0.000024 (n=1)
  [trace step 1689] block 0: fast=177 medium=201 slow=134 | mean_alpha=0.2156 | mean_|grad|=0.000010 (n=1)
  [trace step 1689] block 1: fast=177 medium=200 slow=135 | mean_alpha=0.2156 | mean_|grad|=0.000008 (n=1)
  [trace step 1689] block 2: fast=178 medium=200 slow=134 | mean_alpha=0.2155 | mean_|grad|=0.000007 (n=1)
  [trace step 1689] block 3: fast=178 medium=200 slow=134 | mean_alpha=0.2154 | mean_|grad|=0.000007 (n=1)
  [trace step 1689] block 4: fast=179 medium=199 slow=134 | mean_alpha=0.2153 | mean_|grad|=0.000022 (n=1)
  [trace step 1690] block 0: fast=177 medium=201 slow=134 | mean_alpha=0.2156 | mean_|grad|=0.000010 (n=1)
  [trace step 1690] block 1: fast=177 medium=200 slow=135 | mean_alpha=0.2156 | mean_|grad|=0.000008 (n=1)
  [trace step 1690] block 2: fast=178 medium=200 slow=134 | mean_alpha=0.2155 | mean_|grad|=0.000007 (n=1)
  [trace step 1690] block 3: fast=178 medium=200 slow=134 | mean_alpha=0.2154 | mean_|grad|=0.000007 (n=1)
  [trace step 1690] block 4: fast=179 medium=199 slow=134 | mean_alpha=0.2153 | mean_|grad|=0.000015 (n=1)
  [trace step 1691] block 0: fast=177 medium=201 slow=134 | mean_alpha=0.2156 | mean_|grad|=0.000008 (n=1)
  [trace step 1691] block 1: fast=177 medium=200 slow=135 | mean_alpha=0.2156 | mean_|grad|=0.000006 (n=1)
  [trace step 1691] block 2: fast=178 medium=200 slow=134 | mean_alpha=0.2155 | mean_|grad|=0.000006 (n=1)
  [trace step 1691] block 3: fast=178 medium=200 slow=134 | mean_alpha=0.2154 | mean_|grad|=0.000007 (n=1)
  [trace step 1691] block 4: fast=179 medium=199 slow=134 | mean_alpha=0.2153 | mean_|grad|=0.000014 (n=1)
  [trace step 1692] block 0: fast=177 medium=201 slow=134 | mean_alpha=0.2156 | mean_|grad|=0.000009 (n=1)
  [trace step 1692] block 1: fast=177 medium=200 slow=135 | mean_alpha=0.2156 | mean_|grad|=0.000007 (n=1)
  [trace step 1692] block 2: fast=178 medium=200 slow=134 | mean_alpha=0.2155 | mean_|grad|=0.000006 (n=1)
  [trace step 1692] block 3: fast=178 medium=200 slow=134 | mean_alpha=0.2154 | mean_|grad|=0.000007 (n=1)
  [trace step 1692] block 4: fast=179 medium=199 slow=134 | mean_alpha=0.2153 | mean_|grad|=0.000020 (n=1)
  [trace step 1693] block 0: fast=177 medium=201 slow=134 | mean_alpha=0.2156 | mean_|grad|=0.000010 (n=1)
  [trace step 1693] block 1: fast=177 medium=200 slow=135 | mean_alpha=0.2156 | mean_|grad|=0.000007 (n=1)
  [trace step 1693] block 2: fast=178 medium=200 slow=134 | mean_alpha=0.2155 | mean_|grad|=0.000008 (n=1)
  [trace step 1693] block 3: fast=178 medium=200 slow=134 | mean_alpha=0.2154 | mean_|grad|=0.000007 (n=1)
  [trace step 1693] block 4: fast=179 medium=199 slow=134 | mean_alpha=0.2153 | mean_|grad|=0.000013 (n=1)
  [trace step 1694] block 0: fast=177 medium=201 slow=134 | mean_alpha=0.2156 | mean_|grad|=0.000011 (n=1)
  [trace step 1694] block 1: fast=177 medium=200 slow=135 | mean_alpha=0.2156 | mean_|grad|=0.000007 (n=1)
  [trace step 1694] block 2: fast=178 medium=200 slow=134 | mean_alpha=0.2155 | mean_|grad|=0.000008 (n=1)
  [trace step 1694] block 3: fast=178 medium=200 slow=134 | mean_alpha=0.2154 | mean_|grad|=0.000008 (n=1)
  [trace step 1694] block 4: fast=179 medium=199 slow=134 | mean_alpha=0.2153 | mean_|grad|=0.000015 (n=1)
  [trace step 1695] block 0: fast=177 medium=201 slow=134 | mean_alpha=0.2156 | mean_|grad|=0.000010 (n=1)
  [trace step 1695] block 1: fast=177 medium=200 slow=135 | mean_alpha=0.2156 | mean_|grad|=0.000007 (n=1)
  [trace step 1695] block 2: fast=178 medium=200 slow=134 | mean_alpha=0.2155 | mean_|grad|=0.000009 (n=1)
  [trace step 1695] block 3: fast=178 medium=200 slow=134 | mean_alpha=0.2154 | mean_|grad|=0.000009 (n=1)
  [trace step 1695] block 4: fast=179 medium=199 slow=134 | mean_alpha=0.2153 | mean_|grad|=0.000029 (n=1)
  [trace step 1696] block 0: fast=177 medium=201 slow=134 | mean_alpha=0.2156 | mean_|grad|=0.000010 (n=1)
  [trace step 1696] block 1: fast=177 medium=200 slow=135 | mean_alpha=0.2156 | mean_|grad|=0.000007 (n=1)
  [trace step 1696] block 2: fast=178 medium=200 slow=134 | mean_alpha=0.2155 | mean_|grad|=0.000006 (n=1)
  [trace step 1696] block 3: fast=178 medium=200 slow=134 | mean_alpha=0.2154 | mean_|grad|=0.000007 (n=1)
  [trace step 1696] block 4: fast=179 medium=199 slow=134 | mean_alpha=0.2153 | mean_|grad|=0.000019 (n=1)
  [trace step 1697] block 0: fast=177 medium=201 slow=134 | mean_alpha=0.2156 | mean_|grad|=0.000012 (n=1)
  [trace step 1697] block 1: fast=177 medium=200 slow=135 | mean_alpha=0.2156 | mean_|grad|=0.000010 (n=1)
  [trace step 1697] block 2: fast=178 medium=200 slow=134 | mean_alpha=0.2155 | mean_|grad|=0.000010 (n=1)
  [trace step 1697] block 3: fast=178 medium=200 slow=134 | mean_alpha=0.2154 | mean_|grad|=0.000010 (n=1)
  [trace step 1697] block 4: fast=179 medium=199 slow=134 | mean_alpha=0.2153 | mean_|grad|=0.000021 (n=1)
  [trace step 1698] block 0: fast=177 medium=201 slow=134 | mean_alpha=0.2156 | mean_|grad|=0.000009 (n=1)
  [trace step 1698] block 1: fast=177 medium=200 slow=135 | mean_alpha=0.2156 | mean_|grad|=0.000007 (n=1)
  [trace step 1698] block 2: fast=178 medium=200 slow=134 | mean_alpha=0.2155 | mean_|grad|=0.000007 (n=1)
  [trace step 1698] block 3: fast=178 medium=200 slow=134 | mean_alpha=0.2154 | mean_|grad|=0.000008 (n=1)
  [trace step 1698] block 4: fast=179 medium=199 slow=134 | mean_alpha=0.2153 | mean_|grad|=0.000022 (n=1)
  [trace step 1699] block 0: fast=177 medium=201 slow=134 | mean_alpha=0.2156 | mean_|grad|=0.000012 (n=1)
  [trace step 1699] block 1: fast=177 medium=200 slow=135 | mean_alpha=0.2156 | mean_|grad|=0.000009 (n=1)
  [trace step 1699] block 2: fast=178 medium=200 slow=134 | mean_alpha=0.2155 | mean_|grad|=0.000008 (n=1)
  [trace step 1699] block 3: fast=178 medium=200 slow=134 | mean_alpha=0.2154 | mean_|grad|=0.000009 (n=1)
  [trace step 1699] block 4: fast=179 medium=199 slow=134 | mean_alpha=0.2153 | mean_|grad|=0.000018 (n=1)
  [trace step 1700] block 0: fast=177 medium=201 slow=134 | mean_alpha=0.2156 | mean_|grad|=0.000009 (n=1)
  [trace step 1700] block 1: fast=177 medium=200 slow=135 | mean_alpha=0.2156 | mean_|grad|=0.000007 (n=1)
  [trace step 1700] block 2: fast=178 medium=200 slow=134 | mean_alpha=0.2155 | mean_|grad|=0.000007 (n=1)
  [trace step 1700] block 3: fast=178 medium=200 slow=134 | mean_alpha=0.2154 | mean_|grad|=0.000008 (n=1)
  [trace step 1700] block 4: fast=179 medium=199 slow=134 | mean_alpha=0.2153 | mean_|grad|=0.000017 (n=1)
  [r2c trace step 1700] block 0: z mean=1.0354 s mean=0.7511 min=0.7415 max=0.7607 closed=0/512 open=0/512 | mean|s*read|=0.284300 | mean|g| ar=1.38e-5 ib=1.14e-5 z=6.91e-6 (n=50)
  [r2c trace step 1700] block 1: z mean=1.0278 s mean=0.7497 min=0.7427 max=0.7656 closed=0/512 open=0/512 | mean|s*read|=0.426173 | mean|g| ar=1.21e-5 ib=9.71e-6 z=6.45e-7 (n=50)
  [r2c trace step 1700] block 2: z mean=1.0238 s mean=0.7489 min=0.7416 max=0.7593 closed=0/512 open=0/512 | mean|s*read|=0.479826 | mean|g| ar=1.17e-5 ib=7.64e-6 z=4.91e-7 (n=50)
  [r2c trace step 1700] block 3: z mean=1.0218 s mean=0.7485 min=0.7406 max=0.7568 closed=0/512 open=0/512 | mean|s*read|=0.591467 | mean|g| ar=1.20e-5 ib=6.58e-6 z=6.30e-7 (n=50)
  [r2c trace step 1700] block 4: z mean=1.0195 s mean=0.7481 min=0.7386 max=0.7552 closed=0/512 open=0/512 | mean|s*read|=0.782790 | mean|g| ar=1.23e-5 ib=5.43e-6 z=3.58e-7 (n=50)
  [trace step 1701] block 0: fast=177 medium=201 slow=134 | mean_alpha=0.2156 | mean_|grad|=0.000011 (n=1)
  [trace step 1701] block 1: fast=177 medium=200 slow=135 | mean_alpha=0.2156 | mean_|grad|=0.000008 (n=1)
  [trace step 1701] block 2: fast=178 medium=200 slow=134 | mean_alpha=0.2155 | mean_|grad|=0.000008 (n=1)
  [trace step 1701] block 3: fast=178 medium=200 slow=134 | mean_alpha=0.2154 | mean_|grad|=0.000008 (n=1)
  [trace step 1701] block 4: fast=179 medium=199 slow=134 | mean_alpha=0.2153 | mean_|grad|=0.000015 (n=1)
  [trace step 1702] block 0: fast=177 medium=201 slow=134 | mean_alpha=0.2156 | mean_|grad|=0.000009 (n=1)
  [trace step 1702] block 1: fast=177 medium=200 slow=135 | mean_alpha=0.2156 | mean_|grad|=0.000008 (n=1)
  [trace step 1702] block 2: fast=178 medium=200 slow=134 | mean_alpha=0.2155 | mean_|grad|=0.000008 (n=1)
  [trace step 1702] block 3: fast=178 medium=200 slow=134 | mean_alpha=0.2154 | mean_|grad|=0.000007 (n=1)
  [trace step 1702] block 4: fast=179 medium=199 slow=134 | mean_alpha=0.2153 | mean_|grad|=0.000013 (n=1)
  [trace step 1703] block 0: fast=177 medium=201 slow=134 | mean_alpha=0.2156 | mean_|grad|=0.000011 (n=1)
  [trace step 1703] block 1: fast=177 medium=200 slow=135 | mean_alpha=0.2156 | mean_|grad|=0.000008 (n=1)
  [trace step 1703] block 2: fast=178 medium=200 slow=134 | mean_alpha=0.2155 | mean_|grad|=0.000008 (n=1)
  [trace step 1703] block 3: fast=178 medium=200 slow=134 | mean_alpha=0.2154 | mean_|grad|=0.000009 (n=1)
  [trace step 1703] block 4: fast=179 medium=199 slow=134 | mean_alpha=0.2153 | mean_|grad|=0.000025 (n=1)
  [trace step 1704] block 0: fast=177 medium=201 slow=134 | mean_alpha=0.2156 | mean_|grad|=0.000010 (n=1)
  [trace step 1704] block 1: fast=177 medium=200 slow=135 | mean_alpha=0.2156 | mean_|grad|=0.000009 (n=1)
  [trace step 1704] block 2: fast=178 medium=200 slow=134 | mean_alpha=0.2155 | mean_|grad|=0.000008 (n=1)
  [trace step 1704] block 3: fast=178 medium=200 slow=134 | mean_alpha=0.2154 | mean_|grad|=0.000009 (n=1)
  [trace step 1704] block 4: fast=179 medium=199 slow=134 | mean_alpha=0.2153 | mean_|grad|=0.000022 (n=1)
  [trace step 1705] block 0: fast=177 medium=201 slow=134 | mean_alpha=0.2156 | mean_|grad|=0.000011 (n=1)
  [trace step 1705] block 1: fast=177 medium=200 slow=135 | mean_alpha=0.2156 | mean_|grad|=0.000008 (n=1)
  [trace step 1705] block 2: fast=178 medium=200 slow=134 | mean_alpha=0.2155 | mean_|grad|=0.000008 (n=1)
  [trace step 1705] block 3: fast=178 medium=200 slow=134 | mean_alpha=0.2154 | mean_|grad|=0.000008 (n=1)
  [trace step 1705] block 4: fast=179 medium=199 slow=134 | mean_alpha=0.2153 | mean_|grad|=0.000017 (n=1)
  [trace step 1706] block 0: fast=177 medium=201 slow=134 | mean_alpha=0.2156 | mean_|grad|=0.000010 (n=1)
  [trace step 1706] block 1: fast=177 medium=200 slow=135 | mean_alpha=0.2156 | mean_|grad|=0.000008 (n=1)
  [trace step 1706] block 2: fast=178 medium=200 slow=134 | mean_alpha=0.2155 | mean_|grad|=0.000007 (n=1)
  [trace step 1706] block 3: fast=178 medium=200 slow=134 | mean_alpha=0.2154 | mean_|grad|=0.000009 (n=1)
  [trace step 1706] block 4: fast=179 medium=199 slow=134 | mean_alpha=0.2153 | mean_|grad|=0.000020 (n=1)
  [trace step 1707] block 0: fast=177 medium=201 slow=134 | mean_alpha=0.2156 | mean_|grad|=0.000012 (n=1)
  [trace step 1707] block 1: fast=177 medium=200 slow=135 | mean_alpha=0.2156 | mean_|grad|=0.000008 (n=1)
  [trace step 1707] block 2: fast=178 medium=200 slow=134 | mean_alpha=0.2155 | mean_|grad|=0.000009 (n=1)
  [trace step 1707] block 3: fast=178 medium=200 slow=134 | mean_alpha=0.2154 | mean_|grad|=0.000009 (n=1)
  [trace step 1707] block 4: fast=179 medium=199 slow=134 | mean_alpha=0.2153 | mean_|grad|=0.000016 (n=1)
  [trace step 1708] block 0: fast=177 medium=201 slow=134 | mean_alpha=0.2156 | mean_|grad|=0.000012 (n=1)
  [trace step 1708] block 1: fast=177 medium=200 slow=135 | mean_alpha=0.2156 | mean_|grad|=0.000009 (n=1)
  [trace step 1708] block 2: fast=178 medium=200 slow=134 | mean_alpha=0.2155 | mean_|grad|=0.000008 (n=1)
  [trace step 1708] block 3: fast=178 medium=200 slow=134 | mean_alpha=0.2154 | mean_|grad|=0.000009 (n=1)
  [trace step 1708] block 4: fast=179 medium=199 slow=134 | mean_alpha=0.2153 | mean_|grad|=0.000019 (n=1)
  [trace step 1709] block 0: fast=177 medium=201 slow=134 | mean_alpha=0.2156 | mean_|grad|=0.000012 (n=1)
  [trace step 1709] block 1: fast=177 medium=200 slow=135 | mean_alpha=0.2156 | mean_|grad|=0.000008 (n=1)
  [trace step 1709] block 2: fast=178 medium=200 slow=134 | mean_alpha=0.2155 | mean_|grad|=0.000008 (n=1)
  [trace step 1709] block 3: fast=178 medium=200 slow=134 | mean_alpha=0.2154 | mean_|grad|=0.000008 (n=1)
  [trace step 1709] block 4: fast=179 medium=199 slow=134 | mean_alpha=0.2153 | mean_|grad|=0.000018 (n=1)
  [trace step 1710] block 0: fast=177 medium=201 slow=134 | mean_alpha=0.2156 | mean_|grad|=0.000012 (n=1)
  [trace step 1710] block 1: fast=177 medium=200 slow=135 | mean_alpha=0.2156 | mean_|grad|=0.000009 (n=1)
  [trace step 1710] block 2: fast=178 medium=200 slow=134 | mean_alpha=0.2155 | mean_|grad|=0.000008 (n=1)
  [trace step 1710] block 3: fast=178 medium=200 slow=134 | mean_alpha=0.2154 | mean_|grad|=0.000010 (n=1)
  [trace step 1710] block 4: fast=179 medium=199 slow=134 | mean_alpha=0.2153 | mean_|grad|=0.000018 (n=1)
  [trace step 1711] block 0: fast=177 medium=201 slow=134 | mean_alpha=0.2156 | mean_|grad|=0.000009 (n=1)
  [trace step 1711] block 1: fast=177 medium=200 slow=135 | mean_alpha=0.2156 | mean_|grad|=0.000008 (n=1)
  [trace step 1711] block 2: fast=178 medium=200 slow=134 | mean_alpha=0.2155 | mean_|grad|=0.000008 (n=1)
  [trace step 1711] block 3: fast=178 medium=200 slow=134 | mean_alpha=0.2154 | mean_|grad|=0.000008 (n=1)
  [trace step 1711] block 4: fast=179 medium=199 slow=134 | mean_alpha=0.2153 | mean_|grad|=0.000030 (n=1)
  [trace step 1712] block 0: fast=177 medium=201 slow=134 | mean_alpha=0.2156 | mean_|grad|=0.000011 (n=1)
  [trace step 1712] block 1: fast=177 medium=200 slow=135 | mean_alpha=0.2156 | mean_|grad|=0.000008 (n=1)
  [trace step 1712] block 2: fast=178 medium=200 slow=134 | mean_alpha=0.2155 | mean_|grad|=0.000007 (n=1)
  [trace step 1712] block 3: fast=178 medium=200 slow=134 | mean_alpha=0.2154 | mean_|grad|=0.000009 (n=1)
  [trace step 1712] block 4: fast=179 medium=199 slow=134 | mean_alpha=0.2153 | mean_|grad|=0.000023 (n=1)
  [trace step 1713] block 0: fast=177 medium=201 slow=134 | mean_alpha=0.2156 | mean_|grad|=0.000010 (n=1)
  [trace step 1713] block 1: fast=177 medium=200 slow=135 | mean_alpha=0.2156 | mean_|grad|=0.000008 (n=1)
  [trace step 1713] block 2: fast=178 medium=200 slow=134 | mean_alpha=0.2155 | mean_|grad|=0.000008 (n=1)
  [trace step 1713] block 3: fast=178 medium=200 slow=134 | mean_alpha=0.2154 | mean_|grad|=0.000008 (n=1)
  [trace step 1713] block 4: fast=179 medium=199 slow=134 | mean_alpha=0.2153 | mean_|grad|=0.000022 (n=1)
  [trace step 1714] block 0: fast=177 medium=201 slow=134 | mean_alpha=0.2157 | mean_|grad|=0.000009 (n=1)
  [trace step 1714] block 1: fast=177 medium=200 slow=135 | mean_alpha=0.2156 | mean_|grad|=0.000008 (n=1)
  [trace step 1714] block 2: fast=178 medium=200 slow=134 | mean_alpha=0.2155 | mean_|grad|=0.000007 (n=1)
  [trace step 1714] block 3: fast=178 medium=200 slow=134 | mean_alpha=0.2154 | mean_|grad|=0.000009 (n=1)
  [trace step 1714] block 4: fast=179 medium=199 slow=134 | mean_alpha=0.2153 | mean_|grad|=0.000017 (n=1)
  [trace step 1715] block 0: fast=177 medium=201 slow=134 | mean_alpha=0.2157 | mean_|grad|=0.000009 (n=1)
  [trace step 1715] block 1: fast=177 medium=200 slow=135 | mean_alpha=0.2156 | mean_|grad|=0.000008 (n=1)
  [trace step 1715] block 2: fast=178 medium=200 slow=134 | mean_alpha=0.2155 | mean_|grad|=0.000007 (n=1)
  [trace step 1715] block 3: fast=178 medium=200 slow=134 | mean_alpha=0.2154 | mean_|grad|=0.000007 (n=1)
  [trace step 1715] block 4: fast=179 medium=199 slow=134 | mean_alpha=0.2153 | mean_|grad|=0.000014 (n=1)
  [trace step 1716] block 0: fast=177 medium=201 slow=134 | mean_alpha=0.2157 | mean_|grad|=0.000012 (n=1)
  [trace step 1716] block 1: fast=177 medium=200 slow=135 | mean_alpha=0.2156 | mean_|grad|=0.000008 (n=1)
  [trace step 1716] block 2: fast=178 medium=200 slow=134 | mean_alpha=0.2155 | mean_|grad|=0.000007 (n=1)
  [trace step 1716] block 3: fast=178 medium=200 slow=134 | mean_alpha=0.2154 | mean_|grad|=0.000008 (n=1)
  [trace step 1716] block 4: fast=179 medium=199 slow=134 | mean_alpha=0.2153 | mean_|grad|=0.000011 (n=1)
  [trace step 1717] block 0: fast=177 medium=201 slow=134 | mean_alpha=0.2157 | mean_|grad|=0.000010 (n=1)
  [trace step 1717] block 1: fast=177 medium=200 slow=135 | mean_alpha=0.2156 | mean_|grad|=0.000008 (n=1)
  [trace step 1717] block 2: fast=178 medium=200 slow=134 | mean_alpha=0.2155 | mean_|grad|=0.000007 (n=1)
  [trace step 1717] block 3: fast=178 medium=200 slow=134 | mean_alpha=0.2154 | mean_|grad|=0.000008 (n=1)
  [trace step 1717] block 4: fast=179 medium=199 slow=134 | mean_alpha=0.2153 | mean_|grad|=0.000019 (n=1)
  [trace step 1718] block 0: fast=177 medium=201 slow=134 | mean_alpha=0.2157 | mean_|grad|=0.000011 (n=1)
  [trace step 1718] block 1: fast=177 medium=200 slow=135 | mean_alpha=0.2156 | mean_|grad|=0.000008 (n=1)
  [trace step 1718] block 2: fast=178 medium=200 slow=134 | mean_alpha=0.2155 | mean_|grad|=0.000007 (n=1)
  [trace step 1718] block 3: fast=178 medium=200 slow=134 | mean_alpha=0.2154 | mean_|grad|=0.000008 (n=1)
  [trace step 1718] block 4: fast=179 medium=199 slow=134 | mean_alpha=0.2153 | mean_|grad|=0.000013 (n=1)
  [trace step 1719] block 0: fast=177 medium=201 slow=134 | mean_alpha=0.2157 | mean_|grad|=0.000010 (n=1)
  [trace step 1719] block 1: fast=177 medium=200 slow=135 | mean_alpha=0.2156 | mean_|grad|=0.000008 (n=1)
  [trace step 1719] block 2: fast=178 medium=200 slow=134 | mean_alpha=0.2155 | mean_|grad|=0.000007 (n=1)
  [trace step 1719] block 3: fast=178 medium=200 slow=134 | mean_alpha=0.2154 | mean_|grad|=0.000008 (n=1)
  [trace step 1719] block 4: fast=179 medium=199 slow=134 | mean_alpha=0.2153 | mean_|grad|=0.000016 (n=1)
  [trace step 1720] block 0: fast=177 medium=201 slow=134 | mean_alpha=0.2157 | mean_|grad|=0.000010 (n=1)
  [trace step 1720] block 1: fast=177 medium=200 slow=135 | mean_alpha=0.2156 | mean_|grad|=0.000008 (n=1)
  [trace step 1720] block 2: fast=178 medium=200 slow=134 | mean_alpha=0.2155 | mean_|grad|=0.000008 (n=1)
  [trace step 1720] block 3: fast=178 medium=200 slow=134 | mean_alpha=0.2154 | mean_|grad|=0.000008 (n=1)
  [trace step 1720] block 4: fast=179 medium=199 slow=134 | mean_alpha=0.2153 | mean_|grad|=0.000016 (n=1)
  [trace step 1721] block 0: fast=177 medium=201 slow=134 | mean_alpha=0.2157 | mean_|grad|=0.000010 (n=1)
  [trace step 1721] block 1: fast=177 medium=200 slow=135 | mean_alpha=0.2156 | mean_|grad|=0.000008 (n=1)
  [trace step 1721] block 2: fast=178 medium=200 slow=134 | mean_alpha=0.2155 | mean_|grad|=0.000008 (n=1)
  [trace step 1721] block 3: fast=178 medium=200 slow=134 | mean_alpha=0.2154 | mean_|grad|=0.000008 (n=1)
  [trace step 1721] block 4: fast=179 medium=199 slow=134 | mean_alpha=0.2153 | mean_|grad|=0.000017 (n=1)
  [trace step 1722] block 0: fast=177 medium=201 slow=134 | mean_alpha=0.2157 | mean_|grad|=0.000009 (n=1)
  [trace step 1722] block 1: fast=177 medium=200 slow=135 | mean_alpha=0.2156 | mean_|grad|=0.000008 (n=1)
  [trace step 1722] block 2: fast=178 medium=200 slow=134 | mean_alpha=0.2155 | mean_|grad|=0.000007 (n=1)
  [trace step 1722] block 3: fast=178 medium=200 slow=134 | mean_alpha=0.2154 | mean_|grad|=0.000008 (n=1)
  [trace step 1722] block 4: fast=179 medium=199 slow=134 | mean_alpha=0.2153 | mean_|grad|=0.000013 (n=1)
  [trace step 1723] block 0: fast=177 medium=201 slow=134 | mean_alpha=0.2157 | mean_|grad|=0.000011 (n=1)
  [trace step 1723] block 1: fast=177 medium=200 slow=135 | mean_alpha=0.2156 | mean_|grad|=0.000008 (n=1)
  [trace step 1723] block 2: fast=178 medium=200 slow=134 | mean_alpha=0.2155 | mean_|grad|=0.000007 (n=1)
  [trace step 1723] block 3: fast=178 medium=200 slow=134 | mean_alpha=0.2154 | mean_|grad|=0.000011 (n=1)
  [trace step 1723] block 4: fast=179 medium=199 slow=134 | mean_alpha=0.2153 | mean_|grad|=0.000031 (n=1)
  [trace step 1724] block 0: fast=177 medium=201 slow=134 | mean_alpha=0.2157 | mean_|grad|=0.000010 (n=1)
  [trace step 1724] block 1: fast=177 medium=200 slow=135 | mean_alpha=0.2156 | mean_|grad|=0.000008 (n=1)
  [trace step 1724] block 2: fast=178 medium=200 slow=134 | mean_alpha=0.2155 | mean_|grad|=0.000007 (n=1)
  [trace step 1724] block 3: fast=178 medium=200 slow=134 | mean_alpha=0.2154 | mean_|grad|=0.000009 (n=1)
  [trace step 1724] block 4: fast=179 medium=199 slow=134 | mean_alpha=0.2153 | mean_|grad|=0.000018 (n=1)
  [trace step 1725] block 0: fast=177 medium=201 slow=134 | mean_alpha=0.2157 | mean_|grad|=0.000010 (n=1)
  [trace step 1725] block 1: fast=177 medium=200 slow=135 | mean_alpha=0.2156 | mean_|grad|=0.000008 (n=1)
  [trace step 1725] block 2: fast=178 medium=200 slow=134 | mean_alpha=0.2155 | mean_|grad|=0.000007 (n=1)
  [trace step 1725] block 3: fast=178 medium=200 slow=134 | mean_alpha=0.2154 | mean_|grad|=0.000008 (n=1)
  [trace step 1725] block 4: fast=179 medium=199 slow=134 | mean_alpha=0.2153 | mean_|grad|=0.000011 (n=1)
  [trace step 1726] block 0: fast=177 medium=201 slow=134 | mean_alpha=0.2157 | mean_|grad|=0.000009 (n=1)
  [trace step 1726] block 1: fast=177 medium=200 slow=135 | mean_alpha=0.2156 | mean_|grad|=0.000008 (n=1)
  [trace step 1726] block 2: fast=178 medium=200 slow=134 | mean_alpha=0.2155 | mean_|grad|=0.000008 (n=1)
  [trace step 1726] block 3: fast=178 medium=200 slow=134 | mean_alpha=0.2154 | mean_|grad|=0.000009 (n=1)
  [trace step 1726] block 4: fast=179 medium=199 slow=134 | mean_alpha=0.2153 | mean_|grad|=0.000023 (n=1)
  [trace step 1727] block 0: fast=177 medium=201 slow=134 | mean_alpha=0.2157 | mean_|grad|=0.000011 (n=1)
  [trace step 1727] block 1: fast=177 medium=200 slow=135 | mean_alpha=0.2156 | mean_|grad|=0.000008 (n=1)
  [trace step 1727] block 2: fast=178 medium=200 slow=134 | mean_alpha=0.2155 | mean_|grad|=0.000008 (n=1)
  [trace step 1727] block 3: fast=178 medium=200 slow=134 | mean_alpha=0.2154 | mean_|grad|=0.000009 (n=1)
  [trace step 1727] block 4: fast=179 medium=199 slow=134 | mean_alpha=0.2153 | mean_|grad|=0.000014 (n=1)
  [trace step 1728] block 0: fast=177 medium=201 slow=134 | mean_alpha=0.2157 | mean_|grad|=0.000010 (n=1)
  [trace step 1728] block 1: fast=177 medium=200 slow=135 | mean_alpha=0.2156 | mean_|grad|=0.000009 (n=1)
  [trace step 1728] block 2: fast=178 medium=200 slow=134 | mean_alpha=0.2155 | mean_|grad|=0.000008 (n=1)
  [trace step 1728] block 3: fast=178 medium=200 slow=134 | mean_alpha=0.2154 | mean_|grad|=0.000009 (n=1)
  [trace step 1728] block 4: fast=179 medium=199 slow=134 | mean_alpha=0.2153 | mean_|grad|=0.000022 (n=1)
  [trace step 1729] block 0: fast=177 medium=201 slow=134 | mean_alpha=0.2157 | mean_|grad|=0.000011 (n=1)
  [trace step 1729] block 1: fast=177 medium=200 slow=135 | mean_alpha=0.2156 | mean_|grad|=0.000009 (n=1)
  [trace step 1729] block 2: fast=178 medium=200 slow=134 | mean_alpha=0.2155 | mean_|grad|=0.000007 (n=1)
  [trace step 1729] block 3: fast=178 medium=200 slow=134 | mean_alpha=0.2154 | mean_|grad|=0.000009 (n=1)
  [trace step 1729] block 4: fast=179 medium=199 slow=134 | mean_alpha=0.2153 | mean_|grad|=0.000020 (n=1)
  [trace step 1730] block 0: fast=177 medium=201 slow=134 | mean_alpha=0.2157 | mean_|grad|=0.000010 (n=1)
  [trace step 1730] block 1: fast=177 medium=200 slow=135 | mean_alpha=0.2156 | mean_|grad|=0.000008 (n=1)
  [trace step 1730] block 2: fast=178 medium=200 slow=134 | mean_alpha=0.2155 | mean_|grad|=0.000008 (n=1)
  [trace step 1730] block 3: fast=178 medium=200 slow=134 | mean_alpha=0.2154 | mean_|grad|=0.000008 (n=1)
  [trace step 1730] block 4: fast=179 medium=199 slow=134 | mean_alpha=0.2153 | mean_|grad|=0.000016 (n=1)
  [trace step 1731] block 0: fast=177 medium=201 slow=134 | mean_alpha=0.2157 | mean_|grad|=0.000011 (n=1)
  [trace step 1731] block 1: fast=177 medium=200 slow=135 | mean_alpha=0.2156 | mean_|grad|=0.000009 (n=1)
  [trace step 1731] block 2: fast=178 medium=200 slow=134 | mean_alpha=0.2155 | mean_|grad|=0.000008 (n=1)
  [trace step 1731] block 3: fast=178 medium=200 slow=134 | mean_alpha=0.2154 | mean_|grad|=0.000010 (n=1)
  [trace step 1731] block 4: fast=179 medium=199 slow=134 | mean_alpha=0.2153 | mean_|grad|=0.000028 (n=1)
  [trace step 1732] block 0: fast=177 medium=201 slow=134 | mean_alpha=0.2157 | mean_|grad|=0.000011 (n=1)
  [trace step 1732] block 1: fast=177 medium=200 slow=135 | mean_alpha=0.2156 | mean_|grad|=0.000009 (n=1)
  [trace step 1732] block 2: fast=178 medium=200 slow=134 | mean_alpha=0.2155 | mean_|grad|=0.000009 (n=1)
  [trace step 1732] block 3: fast=178 medium=200 slow=134 | mean_alpha=0.2154 | mean_|grad|=0.000008 (n=1)
  [trace step 1732] block 4: fast=179 medium=199 slow=134 | mean_alpha=0.2153 | mean_|grad|=0.000018 (n=1)
  [trace step 1733] block 0: fast=177 medium=201 slow=134 | mean_alpha=0.2157 | mean_|grad|=0.000014 (n=1)
  [trace step 1733] block 1: fast=177 medium=200 slow=135 | mean_alpha=0.2156 | mean_|grad|=0.000008 (n=1)
  [trace step 1733] block 2: fast=178 medium=200 slow=134 | mean_alpha=0.2155 | mean_|grad|=0.000009 (n=1)
  [trace step 1733] block 3: fast=178 medium=200 slow=134 | mean_alpha=0.2154 | mean_|grad|=0.000008 (n=1)
  [trace step 1733] block 4: fast=179 medium=199 slow=134 | mean_alpha=0.2153 | mean_|grad|=0.000015 (n=1)
  [trace step 1734] block 0: fast=177 medium=201 slow=134 | mean_alpha=0.2157 | mean_|grad|=0.000012 (n=1)
  [trace step 1734] block 1: fast=177 medium=200 slow=135 | mean_alpha=0.2156 | mean_|grad|=0.000009 (n=1)
  [trace step 1734] block 2: fast=178 medium=200 slow=134 | mean_alpha=0.2155 | mean_|grad|=0.000010 (n=1)
  [trace step 1734] block 3: fast=178 medium=200 slow=134 | mean_alpha=0.2154 | mean_|grad|=0.000012 (n=1)
  [trace step 1734] block 4: fast=179 medium=199 slow=134 | mean_alpha=0.2153 | mean_|grad|=0.000032 (n=1)
  [trace step 1735] block 0: fast=177 medium=201 slow=134 | mean_alpha=0.2157 | mean_|grad|=0.000013 (n=1)
  [trace step 1735] block 1: fast=177 medium=200 slow=135 | mean_alpha=0.2156 | mean_|grad|=0.000010 (n=1)
  [trace step 1735] block 2: fast=178 medium=200 slow=134 | mean_alpha=0.2155 | mean_|grad|=0.000009 (n=1)
  [trace step 1735] block 3: fast=178 medium=200 slow=134 | mean_alpha=0.2154 | mean_|grad|=0.000011 (n=1)
  [trace step 1735] block 4: fast=179 medium=199 slow=134 | mean_alpha=0.2153 | mean_|grad|=0.000015 (n=1)
  [trace step 1736] block 0: fast=177 medium=201 slow=134 | mean_alpha=0.2157 | mean_|grad|=0.000012 (n=1)
  [trace step 1736] block 1: fast=177 medium=200 slow=135 | mean_alpha=0.2156 | mean_|grad|=0.000011 (n=1)
  [trace step 1736] block 2: fast=178 medium=200 slow=134 | mean_alpha=0.2155 | mean_|grad|=0.000009 (n=1)
  [trace step 1736] block 3: fast=178 medium=200 slow=134 | mean_alpha=0.2154 | mean_|grad|=0.000010 (n=1)
  [trace step 1736] block 4: fast=179 medium=199 slow=134 | mean_alpha=0.2153 | mean_|grad|=0.000026 (n=1)
  [trace step 1737] block 0: fast=177 medium=201 slow=134 | mean_alpha=0.2157 | mean_|grad|=0.000016 (n=1)
  [trace step 1737] block 1: fast=177 medium=200 slow=135 | mean_alpha=0.2156 | mean_|grad|=0.000011 (n=1)
  [trace step 1737] block 2: fast=178 medium=200 slow=134 | mean_alpha=0.2155 | mean_|grad|=0.000011 (n=1)
  [trace step 1737] block 3: fast=178 medium=200 slow=134 | mean_alpha=0.2154 | mean_|grad|=0.000013 (n=1)
  [trace step 1737] block 4: fast=179 medium=199 slow=134 | mean_alpha=0.2153 | mean_|grad|=0.000035 (n=1)
  [trace step 1738] block 0: fast=177 medium=201 slow=134 | mean_alpha=0.2157 | mean_|grad|=0.000013 (n=1)
  [trace step 1738] block 1: fast=177 medium=200 slow=135 | mean_alpha=0.2156 | mean_|grad|=0.000010 (n=1)
  [trace step 1738] block 2: fast=178 medium=200 slow=134 | mean_alpha=0.2155 | mean_|grad|=0.000011 (n=1)
  [trace step 1738] block 3: fast=178 medium=200 slow=134 | mean_alpha=0.2154 | mean_|grad|=0.000012 (n=1)
  [trace step 1738] block 4: fast=179 medium=199 slow=134 | mean_alpha=0.2153 | mean_|grad|=0.000033 (n=1)
  [trace step 1739] block 0: fast=177 medium=201 slow=134 | mean_alpha=0.2157 | mean_|grad|=0.000015 (n=1)
  [trace step 1739] block 1: fast=177 medium=200 slow=135 | mean_alpha=0.2156 | mean_|grad|=0.000011 (n=1)
  [trace step 1739] block 2: fast=178 medium=200 slow=134 | mean_alpha=0.2155 | mean_|grad|=0.000010 (n=1)
  [trace step 1739] block 3: fast=178 medium=200 slow=134 | mean_alpha=0.2154 | mean_|grad|=0.000011 (n=1)
  [trace step 1739] block 4: fast=179 medium=199 slow=134 | mean_alpha=0.2153 | mean_|grad|=0.000029 (n=1)
  [trace step 1740] block 0: fast=177 medium=201 slow=134 | mean_alpha=0.2157 | mean_|grad|=0.000014 (n=1)
  [trace step 1740] block 1: fast=177 medium=200 slow=135 | mean_alpha=0.2156 | mean_|grad|=0.000011 (n=1)
  [trace step 1740] block 2: fast=178 medium=200 slow=134 | mean_alpha=0.2155 | mean_|grad|=0.000010 (n=1)
  [trace step 1740] block 3: fast=178 medium=200 slow=134 | mean_alpha=0.2154 | mean_|grad|=0.000011 (n=1)
  [trace step 1740] block 4: fast=179 medium=199 slow=134 | mean_alpha=0.2153 | mean_|grad|=0.000033 (n=1)
  [trace step 1741] block 0: fast=177 medium=201 slow=134 | mean_alpha=0.2157 | mean_|grad|=0.000016 (n=1)
  [trace step 1741] block 1: fast=177 medium=200 slow=135 | mean_alpha=0.2156 | mean_|grad|=0.000011 (n=1)
  [trace step 1741] block 2: fast=178 medium=200 slow=134 | mean_alpha=0.2155 | mean_|grad|=0.000011 (n=1)
  [trace step 1741] block 3: fast=178 medium=200 slow=134 | mean_alpha=0.2154 | mean_|grad|=0.000012 (n=1)
  [trace step 1741] block 4: fast=179 medium=199 slow=134 | mean_alpha=0.2153 | mean_|grad|=0.000023 (n=1)
  [trace step 1742] block 0: fast=177 medium=201 slow=134 | mean_alpha=0.2157 | mean_|grad|=0.000015 (n=1)
  [trace step 1742] block 1: fast=177 medium=200 slow=135 | mean_alpha=0.2156 | mean_|grad|=0.000010 (n=1)
  [trace step 1742] block 2: fast=178 medium=200 slow=134 | mean_alpha=0.2155 | mean_|grad|=0.000011 (n=1)
  [trace step 1742] block 3: fast=178 medium=200 slow=134 | mean_alpha=0.2154 | mean_|grad|=0.000012 (n=1)
  [trace step 1742] block 4: fast=179 medium=199 slow=134 | mean_alpha=0.2153 | mean_|grad|=0.000027 (n=1)
  [trace step 1743] block 0: fast=177 medium=201 slow=134 | mean_alpha=0.2157 | mean_|grad|=0.000013 (n=1)
  [trace step 1743] block 1: fast=177 medium=200 slow=135 | mean_alpha=0.2156 | mean_|grad|=0.000010 (n=1)
  [trace step 1743] block 2: fast=178 medium=200 slow=134 | mean_alpha=0.2155 | mean_|grad|=0.000009 (n=1)
  [trace step 1743] block 3: fast=178 medium=200 slow=134 | mean_alpha=0.2154 | mean_|grad|=0.000009 (n=1)
  [trace step 1743] block 4: fast=179 medium=199 slow=134 | mean_alpha=0.2153 | mean_|grad|=0.000029 (n=1)
  [trace step 1744] block 0: fast=177 medium=201 slow=134 | mean_alpha=0.2157 | mean_|grad|=0.000012 (n=1)
  [trace step 1744] block 1: fast=177 medium=200 slow=135 | mean_alpha=0.2156 | mean_|grad|=0.000011 (n=1)
  [trace step 1744] block 2: fast=178 medium=200 slow=134 | mean_alpha=0.2155 | mean_|grad|=0.000009 (n=1)
  [trace step 1744] block 3: fast=178 medium=200 slow=134 | mean_alpha=0.2154 | mean_|grad|=0.000009 (n=1)
  [trace step 1744] block 4: fast=179 medium=199 slow=134 | mean_alpha=0.2153 | mean_|grad|=0.000020 (n=1)
  [trace step 1745] block 0: fast=177 medium=201 slow=134 | mean_alpha=0.2157 | mean_|grad|=0.000013 (n=1)
  [trace step 1745] block 1: fast=177 medium=200 slow=135 | mean_alpha=0.2156 | mean_|grad|=0.000010 (n=1)
  [trace step 1745] block 2: fast=178 medium=200 slow=134 | mean_alpha=0.2155 | mean_|grad|=0.000009 (n=1)
  [trace step 1745] block 3: fast=178 medium=200 slow=134 | mean_alpha=0.2154 | mean_|grad|=0.000011 (n=1)
  [trace step 1745] block 4: fast=179 medium=199 slow=134 | mean_alpha=0.2153 | mean_|grad|=0.000017 (n=1)
  [trace step 1746] block 0: fast=177 medium=201 slow=134 | mean_alpha=0.2157 | mean_|grad|=0.000014 (n=1)
  [trace step 1746] block 1: fast=177 medium=200 slow=135 | mean_alpha=0.2156 | mean_|grad|=0.000009 (n=1)
  [trace step 1746] block 2: fast=178 medium=200 slow=134 | mean_alpha=0.2155 | mean_|grad|=0.000010 (n=1)
  [trace step 1746] block 3: fast=178 medium=200 slow=134 | mean_alpha=0.2154 | mean_|grad|=0.000009 (n=1)
  [trace step 1746] block 4: fast=179 medium=199 slow=134 | mean_alpha=0.2153 | mean_|grad|=0.000022 (n=1)
  [trace step 1747] block 0: fast=177 medium=201 slow=134 | mean_alpha=0.2157 | mean_|grad|=0.000014 (n=1)
  [trace step 1747] block 1: fast=177 medium=200 slow=135 | mean_alpha=0.2156 | mean_|grad|=0.000010 (n=1)
  [trace step 1747] block 2: fast=178 medium=200 slow=134 | mean_alpha=0.2155 | mean_|grad|=0.000009 (n=1)
  [trace step 1747] block 3: fast=178 medium=200 slow=134 | mean_alpha=0.2154 | mean_|grad|=0.000009 (n=1)
  [trace step 1747] block 4: fast=179 medium=199 slow=134 | mean_alpha=0.2153 | mean_|grad|=0.000018 (n=1)
  [trace step 1748] block 0: fast=177 medium=201 slow=134 | mean_alpha=0.2157 | mean_|grad|=0.000012 (n=1)
  [trace step 1748] block 1: fast=177 medium=200 slow=135 | mean_alpha=0.2156 | mean_|grad|=0.000010 (n=1)
  [trace step 1748] block 2: fast=178 medium=200 slow=134 | mean_alpha=0.2155 | mean_|grad|=0.000010 (n=1)
  [trace step 1748] block 3: fast=178 medium=200 slow=134 | mean_alpha=0.2154 | mean_|grad|=0.000010 (n=1)
  [trace step 1748] block 4: fast=179 medium=199 slow=134 | mean_alpha=0.2153 | mean_|grad|=0.000016 (n=1)
  [trace step 1749] block 0: fast=177 medium=201 slow=134 | mean_alpha=0.2157 | mean_|grad|=0.000014 (n=1)
  [trace step 1749] block 1: fast=177 medium=200 slow=135 | mean_alpha=0.2156 | mean_|grad|=0.000010 (n=1)
  [trace step 1749] block 2: fast=178 medium=200 slow=134 | mean_alpha=0.2155 | mean_|grad|=0.000009 (n=1)
  [trace step 1749] block 3: fast=178 medium=200 slow=134 | mean_alpha=0.2154 | mean_|grad|=0.000009 (n=1)
  [trace step 1749] block 4: fast=179 medium=199 slow=134 | mean_alpha=0.2153 | mean_|grad|=0.000016 (n=1)
  [trace step 1750] block 0: fast=177 medium=201 slow=134 | mean_alpha=0.2157 | mean_|grad|=0.000012 (n=1)
  [trace step 1750] block 1: fast=177 medium=200 slow=135 | mean_alpha=0.2156 | mean_|grad|=0.000010 (n=1)
  [trace step 1750] block 2: fast=178 medium=200 slow=134 | mean_alpha=0.2155 | mean_|grad|=0.000009 (n=1)
  [trace step 1750] block 3: fast=178 medium=200 slow=134 | mean_alpha=0.2154 | mean_|grad|=0.000009 (n=1)
  [trace step 1750] block 4: fast=179 medium=199 slow=134 | mean_alpha=0.2153 | mean_|grad|=0.000018 (n=1)
  [r2c trace step 1750] block 0: z mean=1.0356 s mean=0.7511 min=0.7414 max=0.7612 closed=0/512 open=0/512 | mean|s*read|=0.285125 | mean|g| ar=1.44e-5 ib=1.22e-5 z=4.58e-6 (n=50)
  [r2c trace step 1750] block 1: z mean=1.0280 s mean=0.7497 min=0.7427 max=0.7658 closed=0/512 open=0/512 | mean|s*read|=0.443069 | mean|g| ar=1.33e-5 ib=1.01e-5 z=4.74e-7 (n=50)
  [r2c trace step 1750] block 2: z mean=1.0238 s mean=0.7489 min=0.7416 max=0.7596 closed=0/512 open=0/512 | mean|s*read|=0.489097 | mean|g| ar=1.27e-5 ib=8.08e-6 z=4.78e-7 (n=50)
  [r2c trace step 1750] block 3: z mean=1.0217 s mean=0.7485 min=0.7406 max=0.7567 closed=0/512 open=0/512 | mean|s*read|=0.592171 | mean|g| ar=1.30e-5 ib=7.00e-6 z=7.43e-7 (n=50)
  [r2c trace step 1750] block 4: z mean=1.0194 s mean=0.7481 min=0.7387 max=0.7553 closed=0/512 open=0/512 | mean|s*read|=0.734233 | mean|g| ar=1.23e-5 ib=5.20e-6 z=2.33e-7 (n=50)
step 1750/1800 | epoch 2 | loss 2.7781 | 1.5 steps/s
  [trace step 1751] block 0: fast=177 medium=201 slow=134 | mean_alpha=0.2157 | mean_|grad|=0.000012 (n=1)
  [trace step 1751] block 1: fast=177 medium=200 slow=135 | mean_alpha=0.2156 | mean_|grad|=0.000008 (n=1)
  [trace step 1751] block 2: fast=178 medium=200 slow=134 | mean_alpha=0.2155 | mean_|grad|=0.000009 (n=1)
  [trace step 1751] block 3: fast=178 medium=200 slow=134 | mean_alpha=0.2154 | mean_|grad|=0.000009 (n=1)
  [trace step 1751] block 4: fast=179 medium=199 slow=134 | mean_alpha=0.2153 | mean_|grad|=0.000026 (n=1)
  [trace step 1752] block 0: fast=177 medium=201 slow=134 | mean_alpha=0.2157 | mean_|grad|=0.000012 (n=1)
  [trace step 1752] block 1: fast=177 medium=200 slow=135 | mean_alpha=0.2156 | mean_|grad|=0.000009 (n=1)
  [trace step 1752] block 2: fast=178 medium=200 slow=134 | mean_alpha=0.2155 | mean_|grad|=0.000009 (n=1)
  [trace step 1752] block 3: fast=178 medium=200 slow=134 | mean_alpha=0.2154 | mean_|grad|=0.000008 (n=1)
  [trace step 1752] block 4: fast=179 medium=199 slow=134 | mean_alpha=0.2153 | mean_|grad|=0.000020 (n=1)
  [trace step 1753] block 0: fast=177 medium=201 slow=134 | mean_alpha=0.2157 | mean_|grad|=0.000011 (n=1)
  [trace step 1753] block 1: fast=177 medium=200 slow=135 | mean_alpha=0.2156 | mean_|grad|=0.000009 (n=1)
  [trace step 1753] block 2: fast=178 medium=200 slow=134 | mean_alpha=0.2155 | mean_|grad|=0.000008 (n=1)
  [trace step 1753] block 3: fast=178 medium=200 slow=134 | mean_alpha=0.2154 | mean_|grad|=0.000009 (n=1)
  [trace step 1753] block 4: fast=179 medium=199 slow=134 | mean_alpha=0.2153 | mean_|grad|=0.000016 (n=1)
  [trace step 1754] block 0: fast=177 medium=201 slow=134 | mean_alpha=0.2157 | mean_|grad|=0.000011 (n=1)
  [trace step 1754] block 1: fast=177 medium=200 slow=135 | mean_alpha=0.2156 | mean_|grad|=0.000009 (n=1)
  [trace step 1754] block 2: fast=178 medium=200 slow=134 | mean_alpha=0.2155 | mean_|grad|=0.000008 (n=1)
  [trace step 1754] block 3: fast=178 medium=200 slow=134 | mean_alpha=0.2154 | mean_|grad|=0.000008 (n=1)
  [trace step 1754] block 4: fast=179 medium=199 slow=134 | mean_alpha=0.2153 | mean_|grad|=0.000025 (n=1)
  [trace step 1755] block 0: fast=177 medium=201 slow=134 | mean_alpha=0.2157 | mean_|grad|=0.000011 (n=1)
  [trace step 1755] block 1: fast=177 medium=200 slow=135 | mean_alpha=0.2156 | mean_|grad|=0.000009 (n=1)
  [trace step 1755] block 2: fast=178 medium=200 slow=134 | mean_alpha=0.2155 | mean_|grad|=0.000008 (n=1)
  [trace step 1755] block 3: fast=178 medium=200 slow=134 | mean_alpha=0.2154 | mean_|grad|=0.000008 (n=1)
  [trace step 1755] block 4: fast=179 medium=199 slow=134 | mean_alpha=0.2153 | mean_|grad|=0.000014 (n=1)
  [trace step 1756] block 0: fast=177 medium=201 slow=134 | mean_alpha=0.2157 | mean_|grad|=0.000012 (n=1)
  [trace step 1756] block 1: fast=177 medium=200 slow=135 | mean_alpha=0.2156 | mean_|grad|=0.000009 (n=1)
  [trace step 1756] block 2: fast=178 medium=200 slow=134 | mean_alpha=0.2155 | mean_|grad|=0.000009 (n=1)
  [trace step 1756] block 3: fast=178 medium=200 slow=134 | mean_alpha=0.2154 | mean_|grad|=0.000009 (n=1)
  [trace step 1756] block 4: fast=179 medium=199 slow=134 | mean_alpha=0.2153 | mean_|grad|=0.000019 (n=1)
  [trace step 1757] block 0: fast=177 medium=201 slow=134 | mean_alpha=0.2157 | mean_|grad|=0.000010 (n=1)
  [trace step 1757] block 1: fast=177 medium=200 slow=135 | mean_alpha=0.2156 | mean_|grad|=0.000008 (n=1)
  [trace step 1757] block 2: fast=178 medium=200 slow=134 | mean_alpha=0.2155 | mean_|grad|=0.000009 (n=1)
  [trace step 1757] block 3: fast=178 medium=200 slow=134 | mean_alpha=0.2154 | mean_|grad|=0.000009 (n=1)
  [trace step 1757] block 4: fast=179 medium=199 slow=134 | mean_alpha=0.2153 | mean_|grad|=0.000026 (n=1)
  [trace step 1758] block 0: fast=177 medium=201 slow=134 | mean_alpha=0.2157 | mean_|grad|=0.000011 (n=1)
  [trace step 1758] block 1: fast=177 medium=200 slow=135 | mean_alpha=0.2156 | mean_|grad|=0.000009 (n=1)
  [trace step 1758] block 2: fast=178 medium=200 slow=134 | mean_alpha=0.2155 | mean_|grad|=0.000009 (n=1)
  [trace step 1758] block 3: fast=178 medium=200 slow=134 | mean_alpha=0.2154 | mean_|grad|=0.000009 (n=1)
  [trace step 1758] block 4: fast=179 medium=199 slow=134 | mean_alpha=0.2153 | mean_|grad|=0.000014 (n=1)
  [trace step 1759] block 0: fast=177 medium=201 slow=134 | mean_alpha=0.2157 | mean_|grad|=0.000011 (n=1)
  [trace step 1759] block 1: fast=177 medium=200 slow=135 | mean_alpha=0.2156 | mean_|grad|=0.000009 (n=1)
  [trace step 1759] block 2: fast=178 medium=200 slow=134 | mean_alpha=0.2155 | mean_|grad|=0.000009 (n=1)
  [trace step 1759] block 3: fast=178 medium=200 slow=134 | mean_alpha=0.2154 | mean_|grad|=0.000010 (n=1)
  [trace step 1759] block 4: fast=179 medium=199 slow=134 | mean_alpha=0.2153 | mean_|grad|=0.000019 (n=1)
  [trace step 1760] block 0: fast=177 medium=201 slow=134 | mean_alpha=0.2157 | mean_|grad|=0.000012 (n=1)
  [trace step 1760] block 1: fast=177 medium=200 slow=135 | mean_alpha=0.2156 | mean_|grad|=0.000009 (n=1)
  [trace step 1760] block 2: fast=178 medium=200 slow=134 | mean_alpha=0.2155 | mean_|grad|=0.000009 (n=1)
  [trace step 1760] block 3: fast=178 medium=200 slow=134 | mean_alpha=0.2154 | mean_|grad|=0.000009 (n=1)
  [trace step 1760] block 4: fast=179 medium=199 slow=134 | mean_alpha=0.2153 | mean_|grad|=0.000024 (n=1)
  [trace step 1761] block 0: fast=177 medium=201 slow=134 | mean_alpha=0.2157 | mean_|grad|=0.000012 (n=1)
  [trace step 1761] block 1: fast=177 medium=200 slow=135 | mean_alpha=0.2157 | mean_|grad|=0.000010 (n=1)
  [trace step 1761] block 2: fast=178 medium=200 slow=134 | mean_alpha=0.2155 | mean_|grad|=0.000010 (n=1)
  [trace step 1761] block 3: fast=178 medium=200 slow=134 | mean_alpha=0.2154 | mean_|grad|=0.000009 (n=1)
  [trace step 1761] block 4: fast=179 medium=199 slow=134 | mean_alpha=0.2153 | mean_|grad|=0.000016 (n=1)
  [trace step 1762] block 0: fast=177 medium=201 slow=134 | mean_alpha=0.2157 | mean_|grad|=0.000012 (n=1)
  [trace step 1762] block 1: fast=177 medium=200 slow=135 | mean_alpha=0.2157 | mean_|grad|=0.000009 (n=1)
  [trace step 1762] block 2: fast=178 medium=200 slow=134 | mean_alpha=0.2155 | mean_|grad|=0.000010 (n=1)
  [trace step 1762] block 3: fast=178 medium=200 slow=134 | mean_alpha=0.2154 | mean_|grad|=0.000009 (n=1)
  [trace step 1762] block 4: fast=179 medium=199 slow=134 | mean_alpha=0.2153 | mean_|grad|=0.000019 (n=1)
  [trace step 1763] block 0: fast=177 medium=201 slow=134 | mean_alpha=0.2157 | mean_|grad|=0.000012 (n=1)
  [trace step 1763] block 1: fast=177 medium=200 slow=135 | mean_alpha=0.2157 | mean_|grad|=0.000008 (n=1)
  [trace step 1763] block 2: fast=178 medium=200 slow=134 | mean_alpha=0.2155 | mean_|grad|=0.000008 (n=1)
  [trace step 1763] block 3: fast=178 medium=200 slow=134 | mean_alpha=0.2154 | mean_|grad|=0.000009 (n=1)
  [trace step 1763] block 4: fast=179 medium=199 slow=134 | mean_alpha=0.2153 | mean_|grad|=0.000021 (n=1)
  [trace step 1764] block 0: fast=177 medium=201 slow=134 | mean_alpha=0.2157 | mean_|grad|=0.000012 (n=1)
  [trace step 1764] block 1: fast=177 medium=200 slow=135 | mean_alpha=0.2157 | mean_|grad|=0.000008 (n=1)
  [trace step 1764] block 2: fast=178 medium=200 slow=134 | mean_alpha=0.2155 | mean_|grad|=0.000009 (n=1)
  [trace step 1764] block 3: fast=178 medium=200 slow=134 | mean_alpha=0.2154 | mean_|grad|=0.000010 (n=1)
  [trace step 1764] block 4: fast=179 medium=199 slow=134 | mean_alpha=0.2153 | mean_|grad|=0.000039 (n=1)
  [trace step 1765] block 0: fast=177 medium=201 slow=134 | mean_alpha=0.2157 | mean_|grad|=0.000012 (n=1)
  [trace step 1765] block 1: fast=177 medium=200 slow=135 | mean_alpha=0.2157 | mean_|grad|=0.000009 (n=1)
  [trace step 1765] block 2: fast=178 medium=200 slow=134 | mean_alpha=0.2155 | mean_|grad|=0.000009 (n=1)
  [trace step 1765] block 3: fast=178 medium=200 slow=134 | mean_alpha=0.2154 | mean_|grad|=0.000010 (n=1)
  [trace step 1765] block 4: fast=179 medium=199 slow=134 | mean_alpha=0.2153 | mean_|grad|=0.000019 (n=1)
  [trace step 1766] block 0: fast=177 medium=201 slow=134 | mean_alpha=0.2157 | mean_|grad|=0.000012 (n=1)
  [trace step 1766] block 1: fast=177 medium=200 slow=135 | mean_alpha=0.2157 | mean_|grad|=0.000008 (n=1)
  [trace step 1766] block 2: fast=178 medium=200 slow=134 | mean_alpha=0.2155 | mean_|grad|=0.000010 (n=1)
  [trace step 1766] block 3: fast=179 medium=199 slow=134 | mean_alpha=0.2154 | mean_|grad|=0.000009 (n=1)
  [trace step 1766] block 4: fast=179 medium=199 slow=134 | mean_alpha=0.2153 | mean_|grad|=0.000024 (n=1)
  [trace step 1767] block 0: fast=177 medium=201 slow=134 | mean_alpha=0.2157 | mean_|grad|=0.000012 (n=1)
  [trace step 1767] block 1: fast=177 medium=200 slow=135 | mean_alpha=0.2157 | mean_|grad|=0.000009 (n=1)
  [trace step 1767] block 2: fast=178 medium=200 slow=134 | mean_alpha=0.2155 | mean_|grad|=0.000009 (n=1)
  [trace step 1767] block 3: fast=179 medium=199 slow=134 | mean_alpha=0.2154 | mean_|grad|=0.000010 (n=1)
  [trace step 1767] block 4: fast=179 medium=199 slow=134 | mean_alpha=0.2153 | mean_|grad|=0.000024 (n=1)
  [trace step 1768] block 0: fast=177 medium=201 slow=134 | mean_alpha=0.2157 | mean_|grad|=0.000014 (n=1)
  [trace step 1768] block 1: fast=177 medium=200 slow=135 | mean_alpha=0.2157 | mean_|grad|=0.000010 (n=1)
  [trace step 1768] block 2: fast=178 medium=200 slow=134 | mean_alpha=0.2155 | mean_|grad|=0.000010 (n=1)
  [trace step 1768] block 3: fast=179 medium=199 slow=134 | mean_alpha=0.2154 | mean_|grad|=0.000012 (n=1)
  [trace step 1768] block 4: fast=179 medium=199 slow=134 | mean_alpha=0.2153 | mean_|grad|=0.000036 (n=1)
  [trace step 1769] block 0: fast=177 medium=201 slow=134 | mean_alpha=0.2157 | mean_|grad|=0.000011 (n=1)
  [trace step 1769] block 1: fast=177 medium=200 slow=135 | mean_alpha=0.2157 | mean_|grad|=0.000009 (n=1)
  [trace step 1769] block 2: fast=178 medium=200 slow=134 | mean_alpha=0.2155 | mean_|grad|=0.000009 (n=1)
  [trace step 1769] block 3: fast=179 medium=199 slow=134 | mean_alpha=0.2154 | mean_|grad|=0.000009 (n=1)
  [trace step 1769] block 4: fast=179 medium=199 slow=134 | mean_alpha=0.2153 | mean_|grad|=0.000022 (n=1)
  [trace step 1770] block 0: fast=177 medium=201 slow=134 | mean_alpha=0.2157 | mean_|grad|=0.000011 (n=1)
  [trace step 1770] block 1: fast=177 medium=200 slow=135 | mean_alpha=0.2157 | mean_|grad|=0.000009 (n=1)
  [trace step 1770] block 2: fast=178 medium=200 slow=134 | mean_alpha=0.2155 | mean_|grad|=0.000008 (n=1)
  [trace step 1770] block 3: fast=179 medium=199 slow=134 | mean_alpha=0.2154 | mean_|grad|=0.000009 (n=1)
  [trace step 1770] block 4: fast=179 medium=199 slow=134 | mean_alpha=0.2153 | mean_|grad|=0.000020 (n=1)
  [trace step 1771] block 0: fast=177 medium=201 slow=134 | mean_alpha=0.2157 | mean_|grad|=0.000012 (n=1)
  [trace step 1771] block 1: fast=177 medium=200 slow=135 | mean_alpha=0.2157 | mean_|grad|=0.000010 (n=1)
  [trace step 1771] block 2: fast=178 medium=200 slow=134 | mean_alpha=0.2155 | mean_|grad|=0.000009 (n=1)
  [trace step 1771] block 3: fast=179 medium=199 slow=134 | mean_alpha=0.2154 | mean_|grad|=0.000010 (n=1)
  [trace step 1771] block 4: fast=179 medium=199 slow=134 | mean_alpha=0.2153 | mean_|grad|=0.000017 (n=1)
  [trace step 1772] block 0: fast=177 medium=201 slow=134 | mean_alpha=0.2157 | mean_|grad|=0.000012 (n=1)
  [trace step 1772] block 1: fast=177 medium=200 slow=135 | mean_alpha=0.2157 | mean_|grad|=0.000010 (n=1)
  [trace step 1772] block 2: fast=178 medium=200 slow=134 | mean_alpha=0.2155 | mean_|grad|=0.000008 (n=1)
  [trace step 1772] block 3: fast=179 medium=199 slow=134 | mean_alpha=0.2154 | mean_|grad|=0.000009 (n=1)
  [trace step 1772] block 4: fast=179 medium=199 slow=134 | mean_alpha=0.2153 | mean_|grad|=0.000019 (n=1)
  [trace step 1773] block 0: fast=177 medium=201 slow=134 | mean_alpha=0.2157 | mean_|grad|=0.000011 (n=1)
  [trace step 1773] block 1: fast=177 medium=200 slow=135 | mean_alpha=0.2157 | mean_|grad|=0.000009 (n=1)
  [trace step 1773] block 2: fast=178 medium=200 slow=134 | mean_alpha=0.2155 | mean_|grad|=0.000009 (n=1)
  [trace step 1773] block 3: fast=179 medium=199 slow=134 | mean_alpha=0.2154 | mean_|grad|=0.000010 (n=1)
  [trace step 1773] block 4: fast=179 medium=199 slow=134 | mean_alpha=0.2153 | mean_|grad|=0.000013 (n=1)
  [trace step 1774] block 0: fast=177 medium=201 slow=134 | mean_alpha=0.2157 | mean_|grad|=0.000012 (n=1)
  [trace step 1774] block 1: fast=177 medium=200 slow=135 | mean_alpha=0.2157 | mean_|grad|=0.000009 (n=1)
  [trace step 1774] block 2: fast=178 medium=200 slow=134 | mean_alpha=0.2155 | mean_|grad|=0.000008 (n=1)
  [trace step 1774] block 3: fast=179 medium=199 slow=134 | mean_alpha=0.2154 | mean_|grad|=0.000009 (n=1)
  [trace step 1774] block 4: fast=179 medium=199 slow=134 | mean_alpha=0.2153 | mean_|grad|=0.000018 (n=1)
  [trace step 1775] block 0: fast=177 medium=201 slow=134 | mean_alpha=0.2157 | mean_|grad|=0.000012 (n=1)
  [trace step 1775] block 1: fast=177 medium=200 slow=135 | mean_alpha=0.2157 | mean_|grad|=0.000009 (n=1)
  [trace step 1775] block 2: fast=178 medium=200 slow=134 | mean_alpha=0.2155 | mean_|grad|=0.000010 (n=1)
  [trace step 1775] block 3: fast=179 medium=199 slow=134 | mean_alpha=0.2154 | mean_|grad|=0.000011 (n=1)
  [trace step 1775] block 4: fast=179 medium=199 slow=134 | mean_alpha=0.2153 | mean_|grad|=0.000029 (n=1)
  [trace step 1776] block 0: fast=177 medium=201 slow=134 | mean_alpha=0.2157 | mean_|grad|=0.000012 (n=1)
  [trace step 1776] block 1: fast=177 medium=200 slow=135 | mean_alpha=0.2157 | mean_|grad|=0.000010 (n=1)
  [trace step 1776] block 2: fast=178 medium=200 slow=134 | mean_alpha=0.2155 | mean_|grad|=0.000007 (n=1)
  [trace step 1776] block 3: fast=179 medium=199 slow=134 | mean_alpha=0.2154 | mean_|grad|=0.000008 (n=1)
  [trace step 1776] block 4: fast=179 medium=199 slow=134 | mean_alpha=0.2153 | mean_|grad|=0.000013 (n=1)
  [trace step 1777] block 0: fast=177 medium=201 slow=134 | mean_alpha=0.2157 | mean_|grad|=0.000013 (n=1)
  [trace step 1777] block 1: fast=177 medium=200 slow=135 | mean_alpha=0.2157 | mean_|grad|=0.000010 (n=1)
  [trace step 1777] block 2: fast=178 medium=200 slow=134 | mean_alpha=0.2155 | mean_|grad|=0.000009 (n=1)
  [trace step 1777] block 3: fast=179 medium=199 slow=134 | mean_alpha=0.2154 | mean_|grad|=0.000009 (n=1)
  [trace step 1777] block 4: fast=179 medium=199 slow=134 | mean_alpha=0.2153 | mean_|grad|=0.000026 (n=1)
  [trace step 1778] block 0: fast=177 medium=201 slow=134 | mean_alpha=0.2157 | mean_|grad|=0.000010 (n=1)
  [trace step 1778] block 1: fast=177 medium=200 slow=135 | mean_alpha=0.2157 | mean_|grad|=0.000008 (n=1)
  [trace step 1778] block 2: fast=178 medium=200 slow=134 | mean_alpha=0.2155 | mean_|grad|=0.000008 (n=1)
  [trace step 1778] block 3: fast=179 medium=199 slow=134 | mean_alpha=0.2154 | mean_|grad|=0.000009 (n=1)
  [trace step 1778] block 4: fast=179 medium=199 slow=134 | mean_alpha=0.2153 | mean_|grad|=0.000017 (n=1)
  [trace step 1779] block 0: fast=177 medium=201 slow=134 | mean_alpha=0.2157 | mean_|grad|=0.000012 (n=1)
  [trace step 1779] block 1: fast=177 medium=200 slow=135 | mean_alpha=0.2157 | mean_|grad|=0.000009 (n=1)
  [trace step 1779] block 2: fast=178 medium=200 slow=134 | mean_alpha=0.2155 | mean_|grad|=0.000008 (n=1)
  [trace step 1779] block 3: fast=179 medium=199 slow=134 | mean_alpha=0.2154 | mean_|grad|=0.000008 (n=1)
  [trace step 1779] block 4: fast=179 medium=199 slow=134 | mean_alpha=0.2153 | mean_|grad|=0.000023 (n=1)
  [trace step 1780] block 0: fast=177 medium=201 slow=134 | mean_alpha=0.2157 | mean_|grad|=0.000011 (n=1)
  [trace step 1780] block 1: fast=177 medium=200 slow=135 | mean_alpha=0.2157 | mean_|grad|=0.000009 (n=1)
  [trace step 1780] block 2: fast=178 medium=200 slow=134 | mean_alpha=0.2155 | mean_|grad|=0.000008 (n=1)
  [trace step 1780] block 3: fast=179 medium=199 slow=134 | mean_alpha=0.2154 | mean_|grad|=0.000008 (n=1)
  [trace step 1780] block 4: fast=179 medium=199 slow=134 | mean_alpha=0.2153 | mean_|grad|=0.000011 (n=1)
  [trace step 1781] block 0: fast=177 medium=201 slow=134 | mean_alpha=0.2157 | mean_|grad|=0.000010 (n=1)
  [trace step 1781] block 1: fast=177 medium=200 slow=135 | mean_alpha=0.2157 | mean_|grad|=0.000009 (n=1)
  [trace step 1781] block 2: fast=178 medium=200 slow=134 | mean_alpha=0.2155 | mean_|grad|=0.000007 (n=1)
  [trace step 1781] block 3: fast=179 medium=199 slow=134 | mean_alpha=0.2154 | mean_|grad|=0.000008 (n=1)
  [trace step 1781] block 4: fast=179 medium=199 slow=134 | mean_alpha=0.2153 | mean_|grad|=0.000011 (n=1)
  [trace step 1782] block 0: fast=177 medium=201 slow=134 | mean_alpha=0.2157 | mean_|grad|=0.000010 (n=1)
  [trace step 1782] block 1: fast=177 medium=200 slow=135 | mean_alpha=0.2157 | mean_|grad|=0.000009 (n=1)
  [trace step 1782] block 2: fast=178 medium=200 slow=134 | mean_alpha=0.2155 | mean_|grad|=0.000008 (n=1)
  [trace step 1782] block 3: fast=179 medium=199 slow=134 | mean_alpha=0.2154 | mean_|grad|=0.000008 (n=1)
  [trace step 1782] block 4: fast=179 medium=199 slow=134 | mean_alpha=0.2153 | mean_|grad|=0.000012 (n=1)
  [trace step 1783] block 0: fast=177 medium=201 slow=134 | mean_alpha=0.2157 | mean_|grad|=0.000010 (n=1)
  [trace step 1783] block 1: fast=177 medium=200 slow=135 | mean_alpha=0.2157 | mean_|grad|=0.000009 (n=1)
  [trace step 1783] block 2: fast=178 medium=200 slow=134 | mean_alpha=0.2155 | mean_|grad|=0.000008 (n=1)
  [trace step 1783] block 3: fast=179 medium=199 slow=134 | mean_alpha=0.2154 | mean_|grad|=0.000009 (n=1)
  [trace step 1783] block 4: fast=179 medium=199 slow=134 | mean_alpha=0.2153 | mean_|grad|=0.000022 (n=1)
  [trace step 1784] block 0: fast=177 medium=201 slow=134 | mean_alpha=0.2157 | mean_|grad|=0.000011 (n=1)
  [trace step 1784] block 1: fast=177 medium=200 slow=135 | mean_alpha=0.2157 | mean_|grad|=0.000008 (n=1)
  [trace step 1784] block 2: fast=178 medium=200 slow=134 | mean_alpha=0.2155 | mean_|grad|=0.000008 (n=1)
  [trace step 1784] block 3: fast=179 medium=199 slow=134 | mean_alpha=0.2154 | mean_|grad|=0.000007 (n=1)
  [trace step 1784] block 4: fast=179 medium=199 slow=134 | mean_alpha=0.2153 | mean_|grad|=0.000018 (n=1)
  [trace step 1785] block 0: fast=177 medium=201 slow=134 | mean_alpha=0.2157 | mean_|grad|=0.000010 (n=1)
  [trace step 1785] block 1: fast=177 medium=200 slow=135 | mean_alpha=0.2157 | mean_|grad|=0.000007 (n=1)
  [trace step 1785] block 2: fast=178 medium=200 slow=134 | mean_alpha=0.2155 | mean_|grad|=0.000008 (n=1)
  [trace step 1785] block 3: fast=179 medium=199 slow=134 | mean_alpha=0.2154 | mean_|grad|=0.000007 (n=1)
  [trace step 1785] block 4: fast=179 medium=199 slow=134 | mean_alpha=0.2153 | mean_|grad|=0.000016 (n=1)
  [trace step 1786] block 0: fast=177 medium=201 slow=134 | mean_alpha=0.2157 | mean_|grad|=0.000011 (n=1)
  [trace step 1786] block 1: fast=177 medium=200 slow=135 | mean_alpha=0.2157 | mean_|grad|=0.000008 (n=1)
  [trace step 1786] block 2: fast=178 medium=200 slow=134 | mean_alpha=0.2155 | mean_|grad|=0.000007 (n=1)
  [trace step 1786] block 3: fast=179 medium=199 slow=134 | mean_alpha=0.2154 | mean_|grad|=0.000008 (n=1)
  [trace step 1786] block 4: fast=179 medium=199 slow=134 | mean_alpha=0.2153 | mean_|grad|=0.000018 (n=1)
  [trace step 1787] block 0: fast=177 medium=201 slow=134 | mean_alpha=0.2157 | mean_|grad|=0.000009 (n=1)
  [trace step 1787] block 1: fast=177 medium=200 slow=135 | mean_alpha=0.2157 | mean_|grad|=0.000008 (n=1)
  [trace step 1787] block 2: fast=178 medium=200 slow=134 | mean_alpha=0.2155 | mean_|grad|=0.000008 (n=1)
  [trace step 1787] block 3: fast=179 medium=199 slow=134 | mean_alpha=0.2154 | mean_|grad|=0.000008 (n=1)
  [trace step 1787] block 4: fast=179 medium=199 slow=134 | mean_alpha=0.2153 | mean_|grad|=0.000019 (n=1)
  [trace step 1788] block 0: fast=177 medium=201 slow=134 | mean_alpha=0.2157 | mean_|grad|=0.000011 (n=1)
  [trace step 1788] block 1: fast=177 medium=200 slow=135 | mean_alpha=0.2157 | mean_|grad|=0.000009 (n=1)
  [trace step 1788] block 2: fast=178 medium=200 slow=134 | mean_alpha=0.2155 | mean_|grad|=0.000007 (n=1)
  [trace step 1788] block 3: fast=179 medium=199 slow=134 | mean_alpha=0.2154 | mean_|grad|=0.000008 (n=1)
  [trace step 1788] block 4: fast=179 medium=199 slow=134 | mean_alpha=0.2153 | mean_|grad|=0.000019 (n=1)
  [trace step 1789] block 0: fast=177 medium=201 slow=134 | mean_alpha=0.2157 | mean_|grad|=0.000009 (n=1)
  [trace step 1789] block 1: fast=177 medium=200 slow=135 | mean_alpha=0.2157 | mean_|grad|=0.000009 (n=1)
  [trace step 1789] block 2: fast=178 medium=200 slow=134 | mean_alpha=0.2155 | mean_|grad|=0.000008 (n=1)
  [trace step 1789] block 3: fast=179 medium=199 slow=134 | mean_alpha=0.2154 | mean_|grad|=0.000010 (n=1)
  [trace step 1789] block 4: fast=179 medium=199 slow=134 | mean_alpha=0.2153 | mean_|grad|=0.000028 (n=1)
  [trace step 1790] block 0: fast=177 medium=201 slow=134 | mean_alpha=0.2157 | mean_|grad|=0.000010 (n=1)
  [trace step 1790] block 1: fast=177 medium=200 slow=135 | mean_alpha=0.2157 | mean_|grad|=0.000009 (n=1)
  [trace step 1790] block 2: fast=178 medium=200 slow=134 | mean_alpha=0.2155 | mean_|grad|=0.000008 (n=1)
  [trace step 1790] block 3: fast=179 medium=199 slow=134 | mean_alpha=0.2154 | mean_|grad|=0.000008 (n=1)
  [trace step 1790] block 4: fast=179 medium=199 slow=134 | mean_alpha=0.2153 | mean_|grad|=0.000013 (n=1)
  [trace step 1791] block 0: fast=177 medium=201 slow=134 | mean_alpha=0.2157 | mean_|grad|=0.000011 (n=1)
  [trace step 1791] block 1: fast=177 medium=200 slow=135 | mean_alpha=0.2157 | mean_|grad|=0.000008 (n=1)
  [trace step 1791] block 2: fast=178 medium=200 slow=134 | mean_alpha=0.2155 | mean_|grad|=0.000008 (n=1)
  [trace step 1791] block 3: fast=179 medium=199 slow=134 | mean_alpha=0.2154 | mean_|grad|=0.000009 (n=1)
  [trace step 1791] block 4: fast=179 medium=199 slow=134 | mean_alpha=0.2153 | mean_|grad|=0.000022 (n=1)
  [trace step 1792] block 0: fast=177 medium=201 slow=134 | mean_alpha=0.2157 | mean_|grad|=0.000011 (n=1)
  [trace step 1792] block 1: fast=177 medium=200 slow=135 | mean_alpha=0.2157 | mean_|grad|=0.000008 (n=1)
  [trace step 1792] block 2: fast=178 medium=200 slow=134 | mean_alpha=0.2155 | mean_|grad|=0.000008 (n=1)
  [trace step 1792] block 3: fast=179 medium=199 slow=134 | mean_alpha=0.2154 | mean_|grad|=0.000008 (n=1)
  [trace step 1792] block 4: fast=179 medium=199 slow=134 | mean_alpha=0.2153 | mean_|grad|=0.000011 (n=1)
  [trace step 1793] block 0: fast=177 medium=201 slow=134 | mean_alpha=0.2157 | mean_|grad|=0.000011 (n=1)
  [trace step 1793] block 1: fast=177 medium=200 slow=135 | mean_alpha=0.2157 | mean_|grad|=0.000008 (n=1)
  [trace step 1793] block 2: fast=178 medium=200 slow=134 | mean_alpha=0.2155 | mean_|grad|=0.000007 (n=1)
  [trace step 1793] block 3: fast=179 medium=199 slow=134 | mean_alpha=0.2154 | mean_|grad|=0.000008 (n=1)
  [trace step 1793] block 4: fast=179 medium=199 slow=134 | mean_alpha=0.2153 | mean_|grad|=0.000015 (n=1)
  [trace step 1794] block 0: fast=177 medium=201 slow=134 | mean_alpha=0.2157 | mean_|grad|=0.000011 (n=1)
  [trace step 1794] block 1: fast=177 medium=200 slow=135 | mean_alpha=0.2157 | mean_|grad|=0.000010 (n=1)
  [trace step 1794] block 2: fast=178 medium=200 slow=134 | mean_alpha=0.2155 | mean_|grad|=0.000008 (n=1)
  [trace step 1794] block 3: fast=179 medium=199 slow=134 | mean_alpha=0.2154 | mean_|grad|=0.000010 (n=1)
  [trace step 1794] block 4: fast=179 medium=199 slow=134 | mean_alpha=0.2153 | mean_|grad|=0.000013 (n=1)
  [trace step 1795] block 0: fast=177 medium=201 slow=134 | mean_alpha=0.2157 | mean_|grad|=0.000011 (n=1)
  [trace step 1795] block 1: fast=177 medium=200 slow=135 | mean_alpha=0.2157 | mean_|grad|=0.000008 (n=1)
  [trace step 1795] block 2: fast=178 medium=200 slow=134 | mean_alpha=0.2155 | mean_|grad|=0.000008 (n=1)
  [trace step 1795] block 3: fast=179 medium=199 slow=134 | mean_alpha=0.2154 | mean_|grad|=0.000008 (n=1)
  [trace step 1795] block 4: fast=179 medium=199 slow=134 | mean_alpha=0.2153 | mean_|grad|=0.000020 (n=1)
  [trace step 1796] block 0: fast=177 medium=201 slow=134 | mean_alpha=0.2157 | mean_|grad|=0.000012 (n=1)
  [trace step 1796] block 1: fast=177 medium=200 slow=135 | mean_alpha=0.2157 | mean_|grad|=0.000009 (n=1)
  [trace step 1796] block 2: fast=178 medium=200 slow=134 | mean_alpha=0.2155 | mean_|grad|=0.000009 (n=1)
  [trace step 1796] block 3: fast=179 medium=199 slow=134 | mean_alpha=0.2154 | mean_|grad|=0.000008 (n=1)
  [trace step 1796] block 4: fast=179 medium=199 slow=134 | mean_alpha=0.2153 | mean_|grad|=0.000022 (n=1)
  [trace step 1797] block 0: fast=177 medium=201 slow=134 | mean_alpha=0.2157 | mean_|grad|=0.000011 (n=1)
  [trace step 1797] block 1: fast=177 medium=200 slow=135 | mean_alpha=0.2157 | mean_|grad|=0.000009 (n=1)
  [trace step 1797] block 2: fast=178 medium=200 slow=134 | mean_alpha=0.2155 | mean_|grad|=0.000008 (n=1)
  [trace step 1797] block 3: fast=179 medium=199 slow=134 | mean_alpha=0.2154 | mean_|grad|=0.000008 (n=1)
  [trace step 1797] block 4: fast=179 medium=199 slow=134 | mean_alpha=0.2153 | mean_|grad|=0.000019 (n=1)
  [trace step 1798] block 0: fast=177 medium=201 slow=134 | mean_alpha=0.2157 | mean_|grad|=0.000011 (n=1)
  [trace step 1798] block 1: fast=177 medium=200 slow=135 | mean_alpha=0.2157 | mean_|grad|=0.000009 (n=1)
  [trace step 1798] block 2: fast=178 medium=200 slow=134 | mean_alpha=0.2155 | mean_|grad|=0.000009 (n=1)
  [trace step 1798] block 3: fast=179 medium=199 slow=134 | mean_alpha=0.2154 | mean_|grad|=0.000008 (n=1)
  [trace step 1798] block 4: fast=179 medium=199 slow=134 | mean_alpha=0.2153 | mean_|grad|=0.000022 (n=1)
  [trace step 1799] block 0: fast=177 medium=201 slow=134 | mean_alpha=0.2157 | mean_|grad|=0.000012 (n=1)
  [trace step 1799] block 1: fast=177 medium=200 slow=135 | mean_alpha=0.2157 | mean_|grad|=0.000009 (n=1)
  [trace step 1799] block 2: fast=178 medium=200 slow=134 | mean_alpha=0.2155 | mean_|grad|=0.000008 (n=1)
  [trace step 1799] block 3: fast=179 medium=199 slow=134 | mean_alpha=0.2154 | mean_|grad|=0.000008 (n=1)
  [trace step 1799] block 4: fast=179 medium=199 slow=134 | mean_alpha=0.2153 | mean_|grad|=0.000014 (n=1)
  [trace step 1800] block 0: fast=177 medium=201 slow=134 | mean_alpha=0.2157 | mean_|grad|=0.000012 (n=1)
  [trace step 1800] block 1: fast=177 medium=200 slow=135 | mean_alpha=0.2157 | mean_|grad|=0.000008 (n=1)
  [trace step 1800] block 2: fast=178 medium=200 slow=134 | mean_alpha=0.2155 | mean_|grad|=0.000007 (n=1)
  [trace step 1800] block 3: fast=179 medium=199 slow=134 | mean_alpha=0.2154 | mean_|grad|=0.000008 (n=1)
  [trace step 1800] block 4: fast=179 medium=199 slow=134 | mean_alpha=0.2153 | mean_|grad|=0.000021 (n=1)
  [r2c trace step 1800] block 0: z mean=1.0357 s mean=0.7511 min=0.7414 max=0.7616 closed=0/512 open=0/512 | mean|s*read|=0.285361 | mean|g| ar=1.47e-5 ib=1.22e-5 z=4.52e-6 (n=50)
  [r2c trace step 1800] block 1: z mean=1.0282 s mean=0.7497 min=0.7426 max=0.7662 closed=0/512 open=0/512 | mean|s*read|=0.442174 | mean|g| ar=1.29e-5 ib=1.02e-5 z=5.07e-7 (n=50)
  [r2c trace step 1800] block 2: z mean=1.0239 s mean=0.7489 min=0.7415 max=0.7601 closed=0/512 open=0/512 | mean|s*read|=0.489828 | mean|g| ar=1.22e-5 ib=7.84e-6 z=4.73e-7 (n=50)
  [r2c trace step 1800] block 3: z mean=1.0217 s mean=0.7485 min=0.7406 max=0.7569 closed=0/512 open=0/512 | mean|s*read|=0.585502 | mean|g| ar=1.24e-5 ib=6.73e-6 z=4.35e-7 (n=50)
  [r2c trace step 1800] block 4: z mean=1.0193 s mean=0.7481 min=0.7386 max=0.7554 closed=0/512 open=0/512 | mean|s*read|=0.747208 | mean|g| ar=1.19e-5 ib=5.02e-6 z=3.64e-7 (n=50)
eva: process memory peak 459.7 MB

-- what holds the training memory --
  parameters                51.2 MB   (unavoidable)
  AdamW state              102.3 MB   (unavoidable today)
  GRAPH, own peak           15.0 MB
  live nodes, peak           119
  graph alive now            0.0 MB   (0 if everything was freed)
  GRADIENT MAP              51.2 MB   <- a new Vec per tensor, every step

-- who holds, accumulated over the whole training run --
  clockmem_inject_learn_gc   19056.0 MB in    9500 nodes     67%
  sigmoid             9518.6 MB in   19000 nodes     33%
  gather                 7.5 MB in    1900 nodes      0%
  ce                     7.4 MB in    1900 nodes      0%
  add                    2.8 MB in   66500 nodes      0%
  matmul                 1.6 MB in   68400 nodes      0%
  rms_norm               0.6 MB in   30400 nodes      0%
  mul                    0.4 MB in    9500 nodes      0%
  parameter copies from a shared Arc: 0  (has to be 0)
eva: FINAL VALIDATION loss 2.7935 | 4.030 bits/byte (100 windows, arch clock)
eva: rule 'all' | 1800 forward, 1800 backward (100% learned)
eva: training finished in 1254.0s, weights in 16m5b_N256_T1_win257_r2c_z0p1.weights
